level	file	id	title	reading_goal	code	question	answer	explanation	project_context	question_type	concepts
3	cards_seed_v1.json	L03_dict_001	dict에서 key로 값 꺼내기	"node[""kind""]가 kind 값을 꺼낸다는 것을 읽는다."	"node = {""label"": ""LiDAR"", ""kind"": ""Sensor""}\nprint(node[____])"	Sensor를 출력하려면 빈칸에 어떤 key를 넣어야 할까?	"""kind"""	"빈칸에는 value인 ""Sensor""가 아니라 그 값을 찾는 key인 ""kind""를 넣어야 한다. 그러면 node[""kind""]가 ""Sensor""를 꺼내고 print가 Sensor를 출력한다. dict 문제에서는 대괄호 안에 넣는 key와 그 key로 꺼낸 value를 구분해야 한다. 대괄호 접근은 key가 없으면 KeyError가 나므로, key가 없을 수도 있을 때는 get()을 고려한다."	KG 노드 하나는 dict 형태로 표현되는 경우가 많다.	blank	"[""print"",""dict"",""key"",""value""]"
3	cards_seed_v1.json	L03_get_001	dict.get() 읽기	"row.get(""doc_id"")가 doc_id 값을 안전하게 꺼내려는 코드임을 읽는다."	"row = {""label"": ""Radar""}\nvalue = row.get(""doc_id"", ""NO_DOC"")\nprint(value)"	row.get('doc_id', 'NO_DOC')의 출력은?	NO_DOC	row 안에 doc_id key가 없기 때문에 get()은 두 번째 인자로 준 기본값 'NO_DOC'을 반환한다. dict.get은 key가 없을 때 오류를 내지 않고 기본값을 돌려준다. 설정값이나 선택 필드를 읽을 때 안전한 fallback을 만들기 좋다.	실제 데이터에는 빠진 필드가 있을 수 있어서 get()이 자주 쓰인다.	output_prediction	"[""print"",""dict"",""get"",""missing_key""]"
3	python_beginner_mixed_review_v96_a1.json	PYV96_A1_REVIEW_025_FUNCTION_RETURN	함수 return 복습	함수 호출 argument가 parameter에 들어가고 return 값이 변수에 저장되는 흐름을 읽는다.	def add(a, b):\n    return a + b\n\nresult = add(2, 5)\nprint(result)	출력 결과는?	7	a는 2, b는 5이고 return 값 7이 result에 저장된다. 함수 코드는 정의와 호출을 구분한 뒤 argument가 parameter에 들어가는 순간, 함수 안의 계산, return으로 돌아오는 값을 차례로 연결하면 바깥 코드의 결과까지 추적할 수 있다.	함수는 초급에서 중급으로 넘어가는 핵심 연결 개념이다.	output_prediction	"[""print"",""def"",""function"",""return""]"
3	python_beginner_mixed_review_v96_a1.json	PYV96_A1_REVIEW_026_FUNCTION_NOT_CALLED	함수 정의만 있고 호출 없음	함수는 정의만으로 본문이 실행되지 않고 호출될 때 실행된다는 점을 읽는다.	"def hello():\n    print(""hi"")"	화면 출력으로 맞는 것은?	아무것도 출력되지 않음	hello() 호출이 없으므로 print가 실행되지 않는다. 따라서 화면에는 아무것도 출력되지 않는다. 보기 표현으로는 ‘아무것도 출력되지 않음’이 맞다.	def와 call의 차이는 함수 독해의 기본이다.	output_prediction	"[""print"",""def"",""function"",""call""]"
3	python_beginner_mixed_review_v96_a1.json	PYV96_A1_REVIEW_027_FUNCTION_IF	함수 안 조건문	함수 안 조건문에서 어떤 return이 실행되는지 따라간다.	"def label(score):\n    if score >= 60:\n        return ""pass""\n    return ""retry""\n\nprint(label(50))"	출력 결과는?	retry	50은 60 이상이 아니므로 아래 return retry가 실행된다. 함수 코드는 정의와 호출을 구분한 뒤 argument가 parameter에 들어가는 순간, 함수 안의 계산, return으로 돌아오는 값을 차례로 연결하면 바깥 코드의 결과까지 추적할 수 있다.	조건이 있는 함수는 입력값에 따라 다른 결과를 돌려준다.	output_prediction	"[""def"",""print"",""function"",""if"",""return""]"
3	python_beginner_mixed_review_v96_a1.json	PYV96_A1_REVIEW_028_FUNCTION_LIST_SUM	함수 안 반복 합계	함수 안 반복문이 리스트 합계를 만들고 return하는 흐름을 읽는다.	def total(nums):\n    result = 0\n    for n in nums:\n        result = result + n\n    return result\n\nprint(total([1, 2, 3]))	total([1, 2, 3])이 return하는 값은?	6	total 함수는 result를 0에서 시작한 뒤 nums의 값을 하나씩 더한다. 1, 2, 3을 차례대로 더하면 result는 6이 되고, return result가 그 값을 함수 밖으로 돌려준다. print(total([1, 2, 3]))은 반환된 6을 화면에 출력한다. 이 카드는 반복 합계 과정과 return 값을 분리해서 읽는 연습이다.	함수, 반복, 리스트가 섞인 기본 패턴이다.	output_prediction	"[""def"",""print"",""function"",""for"",""return"",""list""]"
3	python_beginner_mixed_review_v96_a1.json	PYV96_A1_REVIEW_029_DICT_COUNT_PATTERN	딕셔너리 개수 세기 패턴	반복하면서 딕셔너리 get 기본값과 +1 누적을 함께 읽는다.	"counts = {}\nfor ch in ""aba"":\n    counts[ch] = counts.get(ch, 0) + 1\nprint(counts[""a""])"	출력 결과는?	2	a는 두 번 나오므로 counts['a']는 2다. for에서는 반복 대상에서 값이 어떤 순서로 변수에 들어오는지 보고, 각 반복에서 실행되는 계산이나 출력까지 한 번씩 적용하면 최종 결과를 안정적으로 판단할 수 있다.	빈도 세기 패턴은 중급 데이터 처리의 입구다.	output_prediction	"[""print"",""dict"",""get"",""for"",""count""]"
3	python_beginner_mixed_review_v96_a1.json	PYV96_A1_REVIEW_030_SORTED_REVIEW	sorted 복습	sorted 결과 리스트에서 첫 번째 값을 꺼내는 흐름을 읽는다.	nums = [3, 1, 2]\nordered = sorted(nums)\nprint(ordered[0])	출력 결과는?	1	정렬 결과는 [1, 2, 3]이고 index 0은 1이다. 정렬 코드는 원본 값과 sorted가 만든 새 순서를 구분하고, 정렬된 결과가 다음 반복이나 index 접근에 어떻게 전달되는지 차례로 보면 최종 순서를 판단할 수 있다.	정렬 후 인덱스로 값을 고르는 코드는 자주 등장한다.	output_prediction	"[""print"",""sorted"",""list"",""index""]"
3	python_beginner_mixed_review_v96_a1.json	PYV96_A1_REVIEW_031_ENUMERATE_REVIEW	enumerate 복습	enumerate가 번호와 값을 함께 주고 start=1이면 첫 번호가 1이 되는 흐름을 읽는다.	"names = [""A"", ""B""]\nfor i, name in enumerate(names, start=1):\n    print(i, name)"	enumerate(names, start=1)에서 첫 번째 번호는 무엇인가?	1	enumerate(names, start=1)은 번호를 0이 아니라 1부터 붙인다. names의 첫 번째 값은 A이고, 그때 i는 1이다. 그래서 실제 첫 줄 출력은 1 A가 되지만, 이 카드는 그중 start=1이 번호를 어떻게 바꾸는지에 초점을 둔다. 값 A와 번호 1을 따로 읽으면 enumerate 흐름을 더 쉽게 확인할 수 있다.	번호 붙은 목록을 만들 때 자주 쓰이는 패턴이다.	output_prediction	"[""print"",""enumerate"",""for"",""index""]"
3	python_beginner_mixed_review_v96_a1.json	PYV96_A1_REVIEW_032_TRY_EXCEPT_REVIEW	try/except 복습	int 변환 실패가 except로 이동하고 기본값이 저장되는 흐름을 읽는다.	"try:\n    number = int(""x"")\nexcept ValueError:\n    number = 0\nprint(number)"	출력 결과는?	0	int('x')가 정수 변환에 실패해 ValueError를 발생시키므로 except 블록이 number를 0으로 설정한다. 그 뒤 try/except 바깥의 print(number)가 0을 출력한다. 기본값 0이 실제 입력 0과 실패를 구분하지 못할 수 있다는 점은 실전 함수 계약에서 따로 고려한다.	입력값을 안전하게 처리하는 코드에서 예외 처리는 기본이다.	output_prediction	"[""try_except"",""print"",""try"",""except"",""int""]"
3	python_broad_expansion_v3.json	PY3_L03_join_001	join()으로 문자열 합치기	리스트의 문자열들을 하나의 문자열로 합치는 코드를 읽는다.	"items = [""UAM"", ""ADAS"", ""Robotics""]\ntext = "" | "".join(items)\nprint(text)"	출력은?	구분자로 이어진 UAM | ADAS | Robotics	join은 리스트 안의 문자열들을 하나의 문자열로 합칠 때 쓴다. 이때 join 앞에 있는 문자열이 각 항목 사이에 들어가는 구분자 역할을 한다. 예를 들어 ','.join(items)는 쉼표로 이어 붙이고, ''.join(items)는 구분자 없이 바로 붙인다. join은 숫자 리스트가 아니라 문자열 목록을 합치는 도구이므로, 항목이 모두 문자열인지도 함께 확인해야 한다. 따라서 출력은 ‘구분자로 이어진 UAM | ADAS | Robotics’이다.	태그, 로그 메시지, 요약 문장을 만들 때 자주 쓰인다.	output_prediction	"[""print"",""str"",""join"",""list""]"
3	python_broad_expansion_v3.json	PY3_L03_split_001	split()으로 문자열 나누기	문자열을 구분자로 나누어 리스트로 만드는 코드를 읽는다.	"text = ""LiDAR,Radar,UAM""\nitems = text.split("","")\nprint(items[1])"	출력은?	Radar	split(',')은 문자열을 쉼표 기준으로 나누어 리스트를 만든다. 그래서 'LiDAR,Radar,UAM'은 0번 LiDAR, 1번 Radar, 2번 UAM 순서의 리스트가 된다. split 결과는 문자열 하나가 아니라 리스트이므로 이후 인덱스로 꺼내거나 반복문으로 하나씩 처리할 수 있다. 기준 문자를 무엇으로 주었는지에 따라 나뉘는 위치가 달라진다.	단순 구분 문자열이나 로그 한 줄에는 쓸 수 있지만, 따옴표·이스케이프 규칙이 있는 실제 CSV는 csv 모듈로 읽어야 한다.	output_prediction	"[""print"",""str"",""split"",""list""]"
3	python_broad_expansion_v3.json	PY3_L03_strip_001	strip()으로 공백 제거	strip()으로 공백 제거 코드에서 strip 관련 값이 어떤 순서로 바뀌고 최종 결과로 이어지는지 확인한다.	"raw = ""  LiDAR  ""\nlabel = raw.strip()\nprint(label)"	출력 의미는?	양쪽 공백이 제거된 LiDAR	strip()은 문자열 앞뒤의 공백과 줄바꿈을 제거한 새 문자열을 만든다. 사용자가 입력한 값이나 파일에서 읽은 텍스트를 정리할 때 자주 쓴다. 중요한 점은 중간 공백은 그대로 두고 양끝만 정리한다는 것이다. 원본 문자열을 직접 바꾸는 것이 아니라 정리된 결과를 반환하므로, 그 값을 변수에 저장하거나 다음 비교에 사용하는지 확인해야 한다. 따라서 출력은 ‘양쪽 공백이 제거된 LiDAR’이다.	라벨 정규화와 중복 제거에서 매우 자주 쓰인다.	output_prediction	"[""print"",""str"",""strip"",""normalization""]"
3	python_core_expansion_v1.json	PY_L03_in_001	in으로 포함 여부 확인	"""LiDAR"" in text가 문자열 포함 여부를 확인하는 코드임을 읽는다."	"text = ""LiDAR sensor data""\n\nif ""LiDAR"" in text:\n    print(""found"")"	이 코드가 출력하는 것은?	found	"in 연산자는 어떤 값이 문자열, 리스트, set 같은 자료 안에 포함되어 있는지 확인한다. text 안에 'LiDAR'가 있으므로 조건은 True가 되고 print(""found"")가 실행되어 found가 출력된다. 문자열 검색은 대소문자를 구분하므로 실제 코드에서는 lower() 같은 정규화가 적용됐는지도 확인해야 한다."	문서 안에 특정 키워드가 있는지 확인할 때 쓰인다.	output_prediction	"[""print"",""in"",""list"",""str"",""if""]"
3	python_core_expansion_v1.json	PY_L03_items_001	dict.items() 읽기	dict.items()가 key와 value를 함께 꺼내는 구조임을 읽는다.	"node = {""label"": ""LiDAR"", ""kind"": ""Sensor""}\n\nfor key, value in node.items():\n    print(key, value)"	dict.items()는 반복할 때 무엇을 제공하는가?	(key, value) 쌍	items()는 딕셔너리의 각 항목을 (key, value) 쌍으로 제공한다. for key, value in node.items()는 그 두 값을 key와 value 변수에 나누어 담고, print가 label LiDAR와 kind Sensor를 차례로 출력한다. items()가 직접 출력하는 것이 아니라 반복문 본문의 print가 출력한다는 점을 구분해야 한다.	JSON 필드 전체를 점검할 때 유용하다.	meaning_choice	"[""print"",""dict"",""items"",""for""]"
3	python_core_expansion_v1.json	PY_L03_slice_001	리스트 슬라이싱 읽기	items[1:3]이 1번부터 3번 전까지 자르는 코드임을 읽는다.	"items = [""A"", ""B"", ""C"", ""D""]\nprint(items[1:3])"	리스트 슬라이싱 [1:3]은 어느 범위를 가져오는가?	"[""B"", ""C""]"	"리스트 슬라이싱 [1:3]은 1번 인덱스부터 시작해서 3번 인덱스 바로 전까지 가져온다. 끝 인덱스 값 자체는 포함하지 않는다. 그래서 시작은 포함, 끝은 제외라는 규칙을 먼저 기억해야 한다. 슬라이싱은 원본 리스트 전체가 아니라 일부 구간을 새로 가져오는 문법이다. 시작, 끝, 간격을 차례로 확인하면 어떤 항목이 선택되는지 안정적으로 예측할 수 있다. 따라서 출력은 ‘[""B"", ""C""]’이다."	샘플 일부만 확인하거나 리스트 일부를 잘라볼 때 쓰인다.	output_prediction	"[""print"",""list"",""slicing"",""index""]"
3	python_core_gaps_v99_a1.json	PYV99_A1_GAP_001_MIN_SMALLEST	min으로 가장 작은 값 찾기	min이 리스트 안의 값 중 가장 작은 값을 돌려주는 흐름을 읽는다.	scores = [7, 3, 9]\nprint(min(scores))	출력 결과는?	3	min(scores)는 iterable의 원소를 비교해 가장 작은 값 3을 반환하며 원본 리스트의 순서를 바꾸지 않는다. 비교 가능한 원소가 하나 이상 있어야 하며, 빈 iterable에 default 없이 min을 호출하면 ValueError가 난다.	점수, 길이, 비용 같은 숫자 목록에서 가장 작은 값을 찾을 때 쓰인다.	output_prediction	"[""print"",""min"",""list"",""builtin""]"
3	python_core_gaps_v99_a1.json	PYV99_A1_GAP_002_ABS_DISTANCE	abs로 차이의 크기 읽기	abs가 음수 방향을 지우고 크기만 남기는 흐름을 읽는다.	diff = 2 - 7\nprint(abs(diff))	출력 결과는?	5	diff는 -5이고 abs(-5)는 방향을 제외한 크기 5를 돌려준다. 두 값의 거리나 차이를 양수로 볼 때 자주 쓴다. abs는 음수와 양수의 부호를 제거해 차이의 크기만 남긴다. 거리, 오차, 변화량처럼 방향보다 크기가 중요한 값을 비교할 때 쓴다. ‘abs로 차이의 크기 읽기’에서는 abs이 적용되는 줄과 그 전후의 변수 값을 위에서 아래로 연결해 보면 질문에서 요구한 최종 결과가 어떻게 만들어지는지 확인할 수 있다.	예측값과 실제값의 차이를 크기로 비교할 때 abs를 쓸 수 있다.	output_prediction	"[""print"",""abs"",""number"",""builtin""]"
3	python_core_gaps_v99_a1.json	PYV99_A1_GAP_003_ROUND_FLOAT	round로 소수 반올림 읽기	round가 소수 값을 가까운 정수로 둥글게 만드는 흐름을 읽는다.	value = 3.6\nprint(round(value))	출력 결과는?	4	3.6은 4에 더 가까워 round(3.6)이 정수 4를 반환한다. 원본 value는 바뀌지 않는다. Python의 round는 정확히 중간인 값에서 무조건 위로 올리는 규칙이 아니라 가장 가까운 짝수 쪽을 고르는 규칙을 쓰며, 이진 부동소수점 표현 때문에 소수 반올림이 예상과 다를 수도 있다.	평균 점수나 진행률을 보기 좋게 표시할 때 round를 사용할 수 있다.	output_prediction	"[""print"",""round"",""float"",""builtin""]"
3	python_core_gaps_v99_a1.json	PYV99_A1_GAP_004_ANY_TRUE	any로 하나라도 참인지 확인하기	any가 조건 목록 중 하나라도 True이면 True를 돌려주는 흐름을 읽는다.	flags = [False, True, False]\nprint(any(flags))	출력 결과는?	True	any(flags)는 원소를 왼쪽부터 truth value로 검사해 하나라도 참이면 즉시 True를 반환한다. 둘째 원소가 True이므로 결과는 True다. 모든 원소가 거짓이거나 iterable이 비어 있으면 any는 False이며, 모든 원소가 참이어야 하는 all과 기준이 다르다.	검증 항목 중 하나라도 통과했는지 확인하는 코드에서 자주 쓰인다.	output_prediction	"[""print"",""any"",""bool"",""condition""]"
3	python_core_gaps_v99_a1.json	PYV99_A1_GAP_005_ISINSTANCE_STR	isinstance로 타입 확인하기	문자열 숫자와 실제 숫자를 isinstance로 구분하는 흐름을 읽는다.	"value = ""7""\nprint(isinstance(value, int))"	출력 결과는?	False	value는 따옴표가 있는 문자열 '7'이다. 겉보기에는 숫자처럼 보여도 파이썬이 보는 자료형은 str이므로 isinstance(value, int)는 False를 반환한다. isinstance는 값이 특정 자료형인지 확인하는 함수다. 숫자 계산이나 조건 분기 전에 실제 자료형을 확인할 때 유용하다. 문자열 숫자와 진짜 숫자는 출력 모양이 비슷해도 연산 방식이 달라질 수 있다.	입력값이 문자열인지 숫자인지 확인해야 하는 검증 코드에서 중요하다.	output_prediction	"[""print"",""isinstance"",""type"",""str"",""int""]"
3	python_core_gaps_v99_a1.json	PYV99_A1_GAP_006_STARTSWITH_PREFIX	startswith로 시작 글자 확인하기	startswith가 문자열이 특정 접두어로 시작하는지 True/False로 알려주는 흐름을 읽는다.	"name = ""python.py""\nprint(name.startswith(""py""))"	출력 결과는?	True	문자열 python.py의 시작 부분이 정확히 py와 일치하므로 True다. startswith는 기본적으로 대소문자를 구분하고 문자열 전체를 파싱하지 않는다. 여러 접두사를 허용하려면 startswith(('py', 'test_'))처럼 tuple을 전달할 수 있다. ‘startswith로 시작 글자 확인하기’에서는 startswith이 적용되는 줄과 그 전후의 변수 값을 위에서 아래로 연결해 보면 질문에서 요구한 최종 결과가 어떻게 만들어지는지 확인할 수 있다.	파일명이나 태그가 특정 접두어로 시작하는지 검사할 때 쓰인다.	output_prediction	"[""print"",""startswith"",""string"",""prefix""]"
3	python_core_gaps_v99_a1.json	PYV99_A1_GAP_007_ENDSWITH_SUFFIX	endswith로 파일 확장자 확인하기	endswith가 문자열이 특정 접미어로 끝나는지 확인하는 흐름을 읽는다.	"filename = ""cards.json""\nprint(filename.endswith("".json""))"	출력 결과는?	True	문자열 cards.json이 정확히 .json으로 끝나므로 True다. endswith는 대소문자를 구분하는 문자열 끝 비교일 뿐, 파일이 실제로 존재하거나 내용이 유효한 JSON인지 확인하지 않는다. 파일 경로의 확장자 부품이 필요할 때는 Path.suffix도 고려한다.	JSON 파일만 골라 읽는 스크립트에서 확장자 검사에 자주 쓰인다.	output_prediction	"[""print"",""endswith"",""string"",""suffix""]"
3	python_core_gaps_v99_a1.json	PYV99_A1_GAP_008_FIND_INDEX	find로 처음 나오는 위치 찾기	find가 찾는 글자의 시작 위치를 숫자로 돌려주는 흐름을 읽는다.	"word = ""robotics""\nprint(word.find(""bot""))"	출력 결과는?	2	robotics에서 bot은 r, o 다음 위치인 index 2에서 시작한다. find는 위치 숫자를 돌려준다. find는 문자열에서 특정 글자나 단어가 처음 나오는 위치를 돌려준다. 못 찾으면 -1이므로 바로 인덱스로 쓰기 전에 결과를 확인해야 한다.	문자열 안에서 특정 조각이 어디에 있는지 확인할 때 쓰인다.	output_prediction	"[""print"",""find"",""string"",""index""]"
3	python_core_gaps_v99_a1.json	PYV99_A1_GAP_009_FIND_MISSING	find가 못 찾으면 -1	find가 문자열을 찾지 못할 때 -1을 돌려주는 흐름을 읽는다.	"word = ""python""\nprint(word.find(""z""))"	출력 결과는?	-1	python 안에는 z가 없으므로 find('z')는 -1을 돌려준다. False가 아니라 숫자 -1이라는 점을 구분한다. find가 값을 찾지 못하면 -1을 돌려준다. 이 값을 실제 위치처럼 사용하면 마지막 글자 접근 같은 버그가 생길 수 있어 분기 처리가 필요하다.	검색 결과가 없을 때의 처리 흐름을 읽는 데 필요하다.	output_prediction	"[""print"",""find"",""string"",""missing""]"
3	python_core_gaps_v99_a1.json	PYV99_A1_GAP_010_FSTRING_VALUE	f-string으로 값 넣어 출력하기	f-string의 중괄호 안 변수값이 문자열 안으로 들어가는 흐름을 읽는다.	"name = ""Mina""\nscore = 3\nprint(f""{name}:{score}"")"	출력 결과는?	Mina:3	f-string에서는 중괄호 안의 name과 score가 현재 변수 값으로 바뀐다. 그래서 문자열 안에 Mina와 3이 들어가 Mina:3 형태가 출력된다. 중괄호 안은 단순 글자가 아니라 먼저 계산되는 표현식이다. f-string은 로그, 상태 메시지, 디버깅 출력에서 자주 쓰인다. 따옴표 안에 있어도 f가 붙어 있으면 변수 값이 문자열에 삽입된다는 점을 구분해야 한다.	로그나 상태 메시지를 만들 때 f-string을 자주 사용한다.	output_prediction	"[""print"",""f-string"",""string"",""format""]"
3	python_core_gaps_v99_a1.json	PYV99_A1_GAP_011_LIST_POP_LAST	pop으로 마지막 값 꺼내기	pop이 마지막 값을 돌려주고 리스트에서도 제거하는 흐름을 읽는다.	"items = [""A"", ""B"", ""C""]\nvalue = items.pop()\nprint(value)\nprint(items)"	출력 결과로 맞는 것은?	C\n['A', 'B']	pop()은 마지막 원소 C를 리스트에서 제거하면서 그 값을 반환한다. 그래서 첫 print는 C, 둘째 print는 변경된 ['A', 'B']를 출력한다. 빈 리스트에서 pop()을 호출하면 IndexError가 나므로 원소 존재를 전제로 하는 코드인지 확인해야 한다.	작업 큐나 임시 목록에서 하나씩 꺼내 처리하는 코드와 연결된다.	output_prediction	"[""print"",""list"",""pop"",""mutation""]"
3	python_core_gaps_v99_a1.json	PYV99_A1_GAP_012_LIST_POP_INDEX	pop(0)으로 첫 값 꺼내기	pop에 위치를 넣으면 해당 위치의 값을 꺼내는 흐름을 읽는다.	"items = [""A"", ""B"", ""C""]\nvalue = items.pop(0)\nprint(value)\nprint(items)"	출력 결과로 맞는 것은?	A\n['B', 'C']	pop(0)은 인덱스 0의 A를 제거하고 반환한다. 남은 B와 C가 앞으로 이동해 리스트는 ['B', 'C']가 되므로 두 출력은 A와 그 리스트다. 범위를 벗어난 인덱스는 IndexError를 내며, 큰 리스트의 앞 원소를 반복 제거하는 작업은 비용이 클 수 있다.	목록 앞에서부터 하나씩 처리하는 코드에서 만날 수 있다.	output_prediction	"[""print"",""list"",""pop"",""index""]"
3	python_core_gaps_v99_a1.json	PYV99_A1_GAP_013_DICT_SETDEFAULT_EXISTING	setdefault는 기존 key를 덮어쓰지 않는다	setdefault가 key가 이미 있을 때 기존 값을 유지하는 흐름을 읽는다.	"counts = {""a"": 2}\nvalue = counts.setdefault(""a"", 0)\nprint(value)\nprint(counts[""a""])"	출력 결과로 맞는 것은?	2\n2	setdefault는 key가 없을 때만 기본값을 넣고, 이미 있으면 기존 값을 유지한다. 이 예제에서는 a key가 이미 있으므로 새 기본값을 덮어쓰지 않고 기존 값 2를 반환한다. counts['a']도 2로 유지된다. 이 메서드는 딕셔너리 누적이나 그룹 만들기에서 자주 쓰인다. 대괄호 대입처럼 무조건 바꾸는 것이 아니라 없을 때만 채운다는 점이 핵심이다. 따라서 출력은 차례대로 ‘2’, ‘2’이다. 보기 표현으로는 ‘2\n2’이 맞다.	그룹별 누적 계산에서 기본값을 안전하게 준비할 때 쓰인다.	output_prediction	"[""print"",""dict"",""setdefault"",""default""]"
3	python_core_gaps_v99_a1.json	PYV99_A1_GAP_014_DICT_SETDEFAULT_MISSING	setdefault는 없는 key에 기본값을 넣는다	setdefault가 없는 key에 기본값을 넣고 이후 값을 바꾸는 흐름을 읽는다.	"counts = {}\ncounts.setdefault(""a"", 0)\ncounts[""a""] += 1\nprint(counts[""a""])"	출력 결과는?	1	처음에는 a key가 없어서 기본값 0이 들어간다. 그 다음 1을 더하므로 counts['a']는 1이 된다. setdefault는 dict에 key가 없을 때 기본값을 넣고 그 값을 돌려준다. 중첩 목록을 만들 때 초기화 코드를 줄이는 데 유용하다. dict는 먼저 사용한 key를 확인하고 그 key에 연결된 value가 읽히는지, 새 값으로 바뀌는지, 반복 대상으로 쓰이는지를 순서대로 보면 결과를 정확히 추적할 수 있다.	처음 보는 key를 자동으로 준비한 뒤 개수를 세는 코드와 연결된다.	output_prediction	"[""print"",""dict"",""setdefault"",""default""]"
3	python_core_gaps_v99_a1.json	PYV99_A1_GAP_015_DICT_POP_REMOVE	dict.pop으로 key 제거하기	dict.pop이 값을 꺼내고 dict에서 key를 제거하는 흐름을 읽는다.	"row = {""id"": 1, ""temp"": 99}\nremoved = row.pop(""temp"")\nprint(removed)\nprint(""temp"" in row)"	출력 결과로 맞는 것은?	99\nFalse	row.pop('temp')는 value 99를 반환하면서 temp key를 dict에서 제거한다. 따라서 두 출력은 99와 False다. key가 없으면 기본값을 주지 않은 pop은 KeyError를 내므로 선택 key에는 row.pop('temp', default) 같은 계약을 정할 수 있다.	불필요한 임시 필드를 제거하며 값을 따로 저장할 때 쓴다.	output_prediction	"[""print"",""dict"",""pop"",""key""]"
3	python_core_gaps_v99_a1.json	PYV99_A1_GAP_016_SET_DISCARD_SAFE	discard는 없어도 오류 없이 제거를 시도한다	discard가 set에 없는 값을 제거하려 해도 오류를 내지 않는 흐름을 읽는다.	"seen = {""a"", ""b""}\nseen.discard(""c"")\nprint(sorted(seen))"	출력 결과는?	['a', 'b']	discard는 set에서 값을 제거하려고 시도하지만, 대상 값이 없어도 오류를 내지 않는다. 이 예제에서 c는 seen에 없으므로 set 내용은 그대로 유지된다. remove는 없는 값을 지우려 하면 오류가 날 수 있지만 discard는 조용히 넘어간다. 그래서 이미 있을 수도 있고 없을 수도 있는 값을 안전하게 정리할 때 discard를 쓰면 흐름이 끊기지 않는다. 따라서 출력은 ‘['a', 'b']’이다.	이미 처리한 항목 목록에서 안전하게 제외할 때 discard를 쓸 수 있다.	output_prediction	"[""print"",""set"",""discard"",""remove""]"
3	python_core_gaps_v99_a1.json	PYV99_A1_GAP_017_SET_INTERSECTION	intersection으로 공통값 찾기	intersection이 두 set에 모두 있는 값을 찾는 흐름을 읽는다.	"a = {""a"", ""b""}\nb = {""b"", ""c""}\nprint(sorted(a.intersection(b)))"	출력 결과는?	['b']	a와 b 두 set에 모두 들어 있는 값은 b뿐이다. sorted를 사용해 출력 순서를 안정적으로 만든다. intersection은 두 set에 공통으로 들어 있는 값만 골라낸다. 태그 겹침, 공통 사용자, 공통 파일 확장자처럼 교집합을 볼 때 쓴다.	두 태그 목록의 공통 항목을 찾을 때 쓴다.	output_prediction	"[""print"",""set"",""intersection"",""sorted""]"
3	python_core_gaps_v99_a1.json	PYV99_A1_GAP_018_SET_DIFFERENCE	difference로 왼쪽에만 있는 값 찾기	difference가 왼쪽 set에만 있는 값을 찾는 흐름을 읽는다.	"a = {""a"", ""b""}\nb = {""b"", ""c""}\nprint(sorted(a.difference(b)))"	출력 결과는?	['a']	a.difference(b)는 a에는 있지만 b에는 없는 값만 모은다. 이 예제에서 왼쪽 집합 a에만 있는 값은 a뿐이다. difference는 방향이 중요하므로 a.difference(b)와 b.difference(a)의 결과가 서로 다를 수 있다. 집합 차이는 누락 항목, 새 항목, 남은 작업 목록을 비교할 때 유용하다. 어떤 집합을 기준으로 빼는지 먼저 확인해야 한다.	이미 가진 항목과 새 항목의 차이를 찾을 때 쓰인다.	output_prediction	"[""print"",""set"",""difference"",""sorted""]"
3	python_core_gaps_v99_a1.json	PYV99_A1_GAP_019_SET_COMPREHENSION	set comprehension으로 중복 없는 새 set 만들기	set comprehension이 반복 결과를 중복 없는 set으로 만드는 흐름을 읽는다.	nums = [1, 2, 2, 3]\nsquares = {n * n for n in nums}\nprint(sorted(squares))	출력 결과는?	[1, 4, 9]	각 숫자를 제곱하면 1, 4, 4, 9가 되지만 set은 중복을 제거하므로 1, 4, 9만 남는다. set comprehension은 반복 결과를 set으로 모아 중복을 제거한다. 리스트 컴프리헨션과 비슷하지만 결과가 순서보다 유일한 값 중심이라는 점을 기억해야 한다.	중복 없는 변환 결과를 만들 때 set comprehension을 사용할 수 있다.	output_prediction	"[""print"",""set comprehension"",""set"",""for""]"
3	python_core_gaps_v99_a1.json	PYV99_A1_GAP_020_READLINE_READLINES	readline 다음 readlines 읽기	readline으로 첫 줄을 읽은 뒤 readlines가 남은 줄들을 리스트로 읽는 흐름을 확인한다.	"# memo.txt 내용:\n# A\n# B\nwith open(""memo.txt"", ""r"", encoding=""utf-8"") as f:\n    first = f.readline().strip()\n    rest = f.readlines()\nprint(first)\nprint(len(rest))"	출력 결과로 맞는 것은?	A\n1	readline()이 첫 줄 'A\n'을 읽으면서 파일 위치를 다음 줄로 옮긴다. 이어지는 readlines()는 처음부터 다시 시작하지 않고 남은 B 한 줄만 읽으므로 first는 A, len(rest)는 1이다. strip()은 개행뿐 아니라 양끝 공백도 제거한다는 점도 함께 구분한다. 파일 코드는 경로를 만드는 단계, 파일을 여는 단계, 내용을 읽거나 쓰는 단계를 따로 나누어 보면 각 변수에 무엇이 들어가는지와 마지막 결과를 놓치지 않는다.	헤더 한 줄을 먼저 읽고 나머지 데이터를 처리하는 파일 파이프라인과 연결된다.	output_prediction	"[""comment"",""print"",""open"",""readline"",""readlines"",""strip""]"
3	python_core_gaps_v99_a1.json	PYV99_A1_GAP_021_GLOBAL_ASSIGN	global로 바깥 변수 바꾸기	global이 함수 안에서 바깥 변수를 직접 바꾸게 만드는 흐름을 읽는다.	count = 0\n\ndef add():\n    global count\n    count = count + 1\n\nadd()\nprint(count)	출력 결과는?	1	global count는 add 안의 count 대입을 local이 아니라 module 범위의 binding에 적용한다. add()가 이를 1로 바꾸어 print가 1을 출력한다. 전역 상태 변경은 호출 순서에 따라 결과가 달라져 추적과 테스트가 어려울 수 있으므로, 가능하면 값을 반환해 호출자가 저장하는 설계를 우선 고려한다.	상태를 전역 변수로 바꾸는 기존 코드를 읽을 때 global 표시를 놓치면 실행 결과를 잘못 판단할 수 있다.	output_prediction	"[""def"",""print"",""global"",""scope"",""function""]"
3	python_core_gaps_v99_a1.json	PYV99_A1_GAP_022_ABS_COMPARE	abs로 두 값의 차이 비교하기	abs가 계산 결과의 부호를 없애고 차이의 크기만 남기는 흐름을 한 번 더 확인한다.	target = 10\nactual = 6\nerror = abs(target - actual)\nprint(error)	출력 결과는?	4	target - actual은 두 값의 차이를 계산한다. 그 결과가 양수든 음수든 abs는 부호를 없애 차이의 크기만 반환한다. 이 예제에서는 차이가 4라서 abs 결과도 4다. abs는 예측값과 실제값의 거리, 좌표 차이, 오차처럼 방향보다 크기가 중요한 상황에서 자주 쓰인다. 원본 값이 바뀌는 것이 아니라 절댓값 결과를 새로 만들어 쓴다고 읽으면 된다.	예측값과 실제값의 오차를 비교하는 코드에서 abs를 자주 사용한다.	output_prediction	"[""print"",""abs"",""difference"",""number""]"
3	python_core_gaps_v99_a1.json	PYV99_A1_GAP_023_ISINSTANCE_INT_BRANCH	isinstance 결과로 if 분기 읽기	isinstance 결과가 if 조건에서 True/False로 사용되는 흐름을 읽는다.	"value = 7\nif isinstance(value, int):\n    print(""number"")\nelse:\n    print(""text"")"	출력 결과는?	number	value는 실제 int 값 7이다. isinstance(value, int)가 True이므로 if 블록이 실행되고 number가 출력된다. isinstance는 값의 자료형을 확인해 분기할 때 쓴다. 문자열 '7'이었다면 같은 숫자처럼 보여도 int가 아니므로 결과가 달라질 수 있다. 조건문을 읽을 때는 값의 겉모양보다 실제 자료형이 무엇인지 먼저 확인해야 한다.	입력값 검증이나 API 응답 검증에서 타입에 따라 다른 처리를 할 때 쓰인다.	output_prediction	"[""else"",""print"",""isinstance"",""if"",""int""]"
3	python_core_gaps_v99_a1.json	PYV99_A1_GAP_024_ENDSWITH_FILTER	endswith로 확장자 필터링하기	endswith 조건을 이용해 특정 확장자 파일만 고르는 흐름을 읽는다.	"files = [""a.json"", ""b.txt"", ""c.json""]\nselected = []\nfor name in files:\n    if name.endswith("".json""):\n        selected.append(name)\nprint(selected)"	출력 결과는?	['a.json', 'c.json']	반복문은 각 이름에 대소문자를 구분하는 endswith('.json')을 적용한다. a.json과 c.json만 참이라 같은 순서로 selected에 추가되어 ['a.json', 'c.json']이 출력된다. 이는 이름 문자열 필터이며 파일 존재나 JSON 유효성을 검사하지 않는다.	여러 데이터 파일 중 JSON 파일만 골라 로딩하는 스크립트와 연결된다.	output_prediction	"[""if"",""for"",""print"",""endswith"",""filter"",""list""]"
3	python_core_gaps_v99_a1.json	PYV99_A1_GAP_025_SET_DISCARD_EXISTING	discard로 있는 값 제거하기	discard가 set 안에 있는 값을 제거하고 set 상태가 바뀌는 흐름을 읽는다.	"tags = {""python"", ""ai"", ""web""}\ntags.discard(""web"")\nprint(sorted(tags))"	출력 결과는?	['ai', 'python']	discard는 set 안에 값이 있으면 그 값을 제거하고, 값이 없어도 오류 없이 넘어간다. 이 예제에서는 web이 tags 안에 있으므로 제거되고, sorted는 출력 순서를 안정적으로 보여 주기 위해 사용된다. remove와 달리 discard는 없는 값을 지울 때도 예외를 만들지 않는다. 따라서 중복 태그나 선택 항목을 안전하게 정리할 때 자주 쓴다. 따라서 출력은 ‘['ai', 'python']’이다.	필요 없는 태그나 이미 제외한 항목을 set에서 안전하게 지울 때 쓴다.	output_prediction	"[""print"",""set"",""discard"",""mutation""]"
3	python_core_gaps_v99_a1.json	PYV99_A1_GAP_026_SET_COMPREHENSION_FILTER	조건이 있는 set comprehension 읽기	set comprehension 안의 for와 if 조건이 어떤 값만 남기는지 읽는다.	nums = [1, 2, 2, 3, 4]\neven = {n for n in nums if n % 2 == 0}\nprint(sorted(even))	출력 결과는?	[2, 4]	if n % 2 == 0 조건을 통과하는 값은 2와 4다. set은 중복을 제거하므로 2는 한 번만 남는다. set comprehension은 반복문과 조건식을 써서 중복 없는 결과 집합을 만든다. 조건을 만족하는 값만 모으고 싶을 때 간결하게 쓸 수 있다.	중복 없는 후보 목록을 조건으로 걸러 만들 때 set comprehension을 쓸 수 있다.	output_prediction	"[""print"",""set comprehension"",""if"",""set""]"
3	python_deep_expansion_v4.json	PY4_L03_append_extend_001	append와 extend 차이 읽기	append는 하나의 항목을 넣고, extend는 여러 항목을 펼쳐 넣는다는 차이를 읽는다.	"items = [""A""]\nitems.append([""B"", ""C""])\nprint(items)"	출력은?	"[""A"", [""B"", ""C""]]"	"append는 전달한 값을 리스트의 항목 하나로 추가한다. 리스트를 append하면 그 리스트 전체가 하나의 원소로 들어간다. extend는 리스트 안의 값들을 하나씩 펼쳐 넣는다는 점과 비교해서 읽으면 차이가 분명해진다. 따라서 출력은 ‘[""A"", [""B"", ""C""]]’이다."	배치 결과를 합칠 때 append/extend를 헷갈리면 중첩 리스트 버그가 난다.	output_prediction	"[""print"",""list"",""append"",""extend""]"
3	python_deep_expansion_v4.json	PY4_L03_dict_update_001	dict.update() 읽기	기존 dict에 새 key-value를 덮어쓰거나 추가하는 코드를 읽는다.	"meta = {""source"": ""arXiv"", ""score"": 0.5}\nmeta.update({""score"": 0.9, ""domain"": ""UAM""})\nprint(meta[""score""])"	출력은?	0.9	dict.update는 기존 dict에 새 key-value를 추가하거나 같은 key의 값을 덮어쓴다. 그래서 score 값이 0.9로 갱신된다. 같은 key가 이미 있으면 새 값으로 바뀌므로 업데이트 전후에 덮어쓰기 의도를 확인해야 한다.	메타데이터 보강, 설정값 병합, 기본값 덮어쓰기에 자주 보인다.	output_prediction	"[""print"",""dict"",""update""]"
3	python_deep_expansion_v4.json	PY4_L03_extend_001	extend로 리스트 펼쳐 넣기	extend가 다른 리스트의 원소를 현재 리스트에 이어 붙이는 코드임을 읽는다.	"items = [""A""]\nitems.extend([""B"", ""C""])\nprint(items)"	출력은?	"[""A"", ""B"", ""C""]"	"extend는 전달한 반복 가능한 값의 원소를 하나씩 펼쳐 기존 리스트에 추가한다. 리스트를 이어 붙일 때 append와 다르게 동작한다. append는 리스트 자체를 한 항목으로 넣을 수 있지만 extend는 안의 원소들을 풀어서 넣는 차이가 있다. 따라서 출력은 ‘[""A"", ""B"", ""C""]’이다."	여러 shard 결과를 하나의 리스트로 합칠 때 자주 쓰인다.	output_prediction	"[""print"",""list"",""extend""]"
3	python_deep_expansion_v4.json	PY4_L03_is_equal_001	is와 == 차이 맛보기	is와 == 차이 맛보기 코드에서 if 관련 값이 어떤 순서로 바뀌고 최종 결과로 이어지는지 확인한다.	"value = None\nif value is None:\n    print(""empty"")"	value is None은 무엇을 확인하는가?	값이 None 객체인지 확인한다	None은 값이 없음을 나타내는 특별한 객체다. 그래서 None인지 확인할 때는 값 비교 ==보다 같은 객체인지 보는 is를 보통 사용한다. is는 객체 정체성을 보는 비교라서 None 같은 싱글턴 값을 확인할 때 특히 명확하다.	누락값 처리와 API 응답 처리에서 매우 자주 나온다.	meaning_choice	"[""if"",""print"",""is"",""equals"",""None""]"
3	python_dev_environment_foundation_v103_a1.json	PY107_A1_ENV_001_VENV_BOX	가상환경을 도구상자로 이해하기	가상환경을 도구상자로 이해하기 코드에서 comment 관련 값이 어떤 순서로 바뀌고 최종 결과로 이어지는지 확인한다.	python -m venv .venv\n# 프로젝트별 패키지 공간을 만든다	가상환경을 쓰는 가장 알맞은 이유는 무엇인가?	프로젝트마다 필요한 패키지를 따로 관리하기 위해	가상환경은 프로젝트별 Python 실행 경로와 패키지 설치 위치를 분리한다. 컴퓨터 전체 환경에 모든 패키지를 섞지 않아 프로젝트 사이 버전 충돌을 줄이는 데 도움이 된다. 다만 운영체제 도구와 Python 자체 버전까지 모두 복제하는 상자는 아니므로, 초보자는 ‘프로젝트별 Python 패키지 도구상자’로 이해하면 정확하다.	프로젝트마다 패키지 버전을 분리하는 가상환경을 이해하면 재현 가능한 Python 실행 환경을 구성하고 의존성 충돌을 줄일 수 있다.	concept	"[""comment"",""venv"",""virtual_environment"",""dependency""]"
3	python_dev_environment_foundation_v103_a1.json	PY107_A1_ENV_002_WHY_VENV	왜 가상환경을 쓰는가	왜 가상환경을 쓰는가 코드에서 venv 관련 값이 어떤 순서로 바뀌고 최종 결과로 이어지는지 확인한다.	project_a/.venv  # A 프로젝트 패키지\nproject_b/.venv  # B 프로젝트 패키지	A 프로젝트와 B 프로젝트가 서로 다른 패키지 버전을 필요로 할 때 가장 안전한 방법은?	각 프로젝트에 가상환경을 따로 만든다	프로젝트마다 필요한 패키지 버전이 다를 수 있다. 가상환경을 따로 만들면 A 프로젝트의 설치 상태가 B 프로젝트에 섞이지 않아 버전 충돌을 줄일 수 있다. 또한 나중에 requirements.txt로 설치 목록을 남기면 다른 컴퓨터에서도 비슷한 환경을 다시 만들기 쉽다. ‘왜 가상환경을 쓰는가’에서는 venv이 적용되는 줄과 그 전후의 변수 값을 위에서 아래로 연결해 보면 질문에서 요구한 최종 결과가 어떻게 만들어지는지 확인할 수 있다.	프로젝트마다 패키지 버전을 분리하는 가상환경을 이해하면 재현 가능한 Python 실행 환경을 구성하고 의존성 충돌을 줄일 수 있다.	concept	"[""venv"",""dependency_conflict"",""project_isolation""]"
3	python_dev_environment_practical_v113_a1.json	PY113_L03_SET_LOCATION_001	Set-Location 의미 읽기	Set-Location으로 프로젝트 폴더로 이동한 뒤 Git 명령을 실행해야 한다는 점을 읽는다.	"Set-Location ""D:\projects\python-reading-trainer""\ngit status --short"	Set-Location 다음에 git status를 실행하는 이유는?	프로젝트 폴더에서 Git 상태 확인	git status는 현재 폴더의 저장소 상태를 본다. 그래서 먼저 Set-Location으로 프로젝트 폴더로 이동한 뒤 Git 상태를 확인해야 한다.	패치 전에 git status --short로 변경 파일을 확인하는 습관과 연결된다.	multiple_choice	"[""powershell"",""current directory"",""git status""]"
3	python_dev_environment_practical_v113_a1.json	PY113_L03_TERMINAL_PROMPT_001	터미널 프롬프트 읽기	명령어 앞의 경로가 현재 작업 폴더를 보여 주며 상대경로의 기준이 된다는 점을 읽는다.	PS D:\projects\python-reading-trainer>\npython tools/validate_lessons.py	이 명령은 어느 폴더를 기준으로 실행될까?	D:\projects\python-reading-trainer	프롬프트에 보이는 경로가 현재 작업 폴더다. 이 상태에서 상대경로 명령을 실행하면 해당 폴더를 기준으로 파일을 찾고 실행한다. 따라서 정답은 ‘D:\projects\python-reading-trainer’이다.	검증 명령을 실행할 때 먼저 Set-Location으로 프로젝트 폴더에 들어가는 이유다.	multiple_choice	"[""terminal"",""current directory"",""path""]"
3	python_foundation_expansion_v10.json	PY10_L03_def_return_001	def와 return 읽기	함수 정의, 인자 전달, return 값을 함께 읽는다.	def add(a, b):\n    return a + b\n\nprint(add(2, 3))	출력은?	5	def는 함수를 정의하고 return은 계산 결과를 호출한 곳으로 돌려준다. add(2, 3)은 2+3을 계산해 5를 반환한다. 함수 호출식은 return 값을 하나의 값처럼 바꾸어 생각하면 print나 다른 계산에 이어 붙여 읽기 쉽다.	프로젝트 코드는 함수 단위로 쪼개져 있으므로 핵심 기초다.	output_prediction	"[""print"",""function"",""def"",""return""]"
3	python_foundation_expansion_v10.json	PY10_L03_for_list_001	리스트 순회 읽기	리스트의 각 값을 하나씩 꺼내 처리하는 코드를 읽는다.	values = [10, 20, 30]\nfor value in values:\n    print(value + 1)	처음 출력되는 값은?	11	for 반복문은 리스트의 값을 앞에서부터 하나씩 꺼내 실행한다. 첫 번째 value는 10이고 여기에 1을 더해 11을 출력한다. 반복문 문제는 리스트의 첫 값, 현재 변수 이름, 반복마다 실행되는 계산을 차례대로 보면 된다.	파일 목록, 카드 목록, 검색 결과를 처리하는 기본 구조다.	output_prediction	"[""print"",""for"",""list"",""loop""]"
3	python_foundation_expansion_v10.json	PY10_L03_range_loop_001	range 반복 읽기	range 반복 읽기 코드에서 for 관련 값이 어떤 순서로 바뀌고 최종 결과로 이어지는지 확인한다.	for i in range(3):\n    print(i)	출력 흐름은?	0 1 2	range(3)은 0, 1, 2를 차례대로 만든다. for 반복문은 이 값을 하나씩 꺼내며 같은 코드 블록을 세 번 실행한다. range의 끝값 3은 포함되지 않으므로 출력 개수를 먼저 세어 보면 반복 흐름을 놓치지 않는다.	샤드 번호, 반복 처리, 목록 순회 이해에 필요하다.	output_prediction	"[""print"",""for"",""range"",""loop""]"
3	python_foundation_level3_v95_a1_functions.json	PYF95_A1_FUNC_001_DEF_CALL_PRINT	함수 정의 후 호출 출력	def로 만든 함수가 호출될 때 함수 안의 print가 실행되는 흐름을 읽는다.	"def hello():\n    print(""hi"")\n\nhello()"	출력 결과로 맞는 것은?	hi	"def hello():는 함수 본문을 정의할 뿐 그 자리에서 출력하지 않는다. 마지막 줄 hello()가 함수를 호출하면 본문으로 들어가 print(""hi"")가 실행되어 화면에 hi가 보인다. 문자열을 감싼 따옴표는 코드 문법이므로 출력에는 포함되지 않는다."	함수 호출은 반복되는 처리 규칙을 이름으로 묶어 프로젝트 코드의 흐름을 읽기 쉽게 만든다.	output_prediction	"[""function"",""def"",""function call"",""print""]"
3	python_foundation_level3_v95_a1_functions.json	PYF95_A1_FUNC_002_DEF_NOT_CALLED	정의만 있고 호출이 없는 함수	정의만 있고 호출이 없는 함수 코드에서 function 관련 값이 어떤 순서로 바뀌고 최종 결과로 이어지는지 확인한다.	"def hello():\n    print(""hi"")"	이 코드를 실행했을 때 맞는 설명은?	아무것도 출력되지 않는다	hello() 호출이 없으므로 함수 본문은 실행되지 않는다. 따라서 출력은 ‘아무것도 출력되지 않는다’이다. 함수 코드는 정의와 호출을 구분한 뒤 argument가 parameter에 들어가는 순간, 함수 안의 계산, return으로 돌아오는 값을 차례로 연결하면 바깥 코드의 결과까지 추적할 수 있다.	큰 코드 파일에서 함수 정의가 많이 보여도 실제 실행 지점은 호출 흐름에서 따로 찾아야 한다.	output_prediction	"[""function"",""print"",""def"",""function call""]"
3	python_foundation_level3_v95_a1_functions.json	PYF95_A1_FUNC_003_RETURN_ASSIGN	return 값을 변수에 저장하기	함수 호출에 넣은 argument가 parameter에 들어가고 return 값이 변수에 저장되는 흐름을 읽는다.	def double(n):\n    return n * 2\n\nresult = double(4)\nprint(result)	출력 결과는?	8	double(4)를 호출하면 argument 4가 parameter n에 들어간다. 함수 안에서 4 * 2를 계산해 8을 return하고, 그 반환값 8이 result에 저장된다. 마지막 print(result)가 8을 출력한다.	계산 함수를 읽을 때는 입력값, 계산식, 반환값, 반환값을 사용하는 위치를 연결해서 추적해야 한다.	output_prediction	"[""function"",""print"",""def"",""return"",""parameter"",""argument""]"
3	python_foundation_level3_v95_a1_functions.json	PYF95_A1_FUNC_004_PARAM_STRING	문자열 parameter 사용하기	문자열 argument가 parameter 이름으로 함수 안에 들어가고 return 되는 과정을 읽는다.	"def greet(name):\n    return ""Hi "" + name\n\nprint(greet(""Mina""))"	출력 결과는?	Hi Mina	"greet(""Mina"")를 호출하면 문자열 Mina가 parameter name에 들어간다. 함수 안에서 ""Hi ""와 name의 현재 값 Mina를 이어 붙여 ""Hi Mina""를 return한다. 바깥 print가 그 반환값을 받아 Hi Mina를 출력한다."	사용자 이름, 파일명, 카드 제목처럼 문자열을 함수로 가공하는 코드는 실전 프로젝트에서 자주 등장한다.	output_prediction	"[""def"",""function"",""print"",""parameter"",""argument"",""return"",""str""]"
3	python_foundation_level3_v95_a1_functions.json	PYF95_A1_FUNC_005_TWO_ARGUMENTS	두 argument 더하기	두 argument가 parameter a와 b에 순서대로 연결되고 return 결과가 출력되는 흐름을 읽는다.	def add(a, b):\n    return a + b\n\nprint(add(2, 5))	출력 결과는?	7	add(2, 5)를 호출하면 첫 argument 2는 a에, 둘째 argument 5는 b에 들어간다. 함수는 a + b, 즉 2 + 5를 계산해 7을 return한다. 바깥 print가 반환값 7을 출력한다.	여러 입력값을 받아 하나의 결과를 만드는 함수는 점수 계산과 비용 계산 코드에서 기본 부품이 된다.	output_prediction	"[""def"",""function"",""print"",""parameter"",""argument"",""return"",""int""]"
3	python_foundation_level3_v95_a1_functions.json	PYF95_A1_FUNC_006_CALL_TWICE	같은 함수 두 번 호출하기	같은 함수가 서로 다른 argument로 여러 번 호출될 때 각 호출을 독립적으로 따라간다.	def double(n):\n    return n * 2\n\nprint(double(3))\nprint(double(5))	출력 순서로 맞는 것은?	6 다음 10	첫 호출 double(3)은 n에 3을 넣어 6을 반환하고 첫 print가 6을 출력한다. 다음 호출 double(5)는 10을 반환해 둘째 print가 10을 출력한다. 두 호출의 지역 parameter 값은 서로 독립적이다.	재사용 가능한 함수는 같은 규칙을 여러 데이터에 적용하는 프로젝트 코드의 핵심 구조다.	output_prediction	"[""def"",""function"",""print"",""function call"",""return"",""argument""]"
3	python_foundation_level3_v95_a1_functions.json	PYF95_A1_FUNC_007_PRINT_VS_RETURN_NONE	print만 있는 함수의 반환값	함수 안 print와 return 없는 함수 호출 결과 None을 구분해 출력 흐름을 읽는다.	"def show():\n    print(""A"")\n\nresult = show()\nprint(result)"	출력 흐름으로 맞는 것은?	A 다음 None	show()가 A를 출력하고 return이 없어서 result에는 None이 들어간다. 따라서 출력 순서는 ‘A 다음 None’이다.	실전 디버깅에서는 화면에 보인 값과 변수에 저장된 값을 구분해야 함수 결과를 제대로 추적할 수 있다.	output_prediction	"[""def"",""function"",""print"",""return"",""None"",""function call""]"
3	python_foundation_level3_v95_a1_functions.json	PYF95_A1_FUNC_008_RETURN_NO_PRINT	return만 있는 함수	return 값이 있어도 그 값을 print하거나 사용하지 않으면 화면 출력이 생기지 않는다는 점을 읽는다.	"def make_word():\n    return ""python""\n\nmake_word()"	이 코드를 실행했을 때 화면 출력은?	아무것도 출력되지 않음	make_word()는 값을 return하지만 화면에 출력하지 않는다. 따라서 화면에는 아무것도 출력되지 않는다. 보기 표현으로는 ‘아무것도 출력되지 않음’이 맞다.	함수 결과를 실제로 사용하는 줄이 있는지 확인하는 습관은 긴 프로그램의 데이터 흐름 추적에 중요하다.	output_prediction	"[""def"",""function"",""return"",""print"",""function call""]"
3	python_foundation_level3_v95_a1_functions.json	PYF95_A1_FUNC_009_LOCAL_TOTAL	함수 안 지역 변수 계산	함수 안에서 만든 지역 변수 total이 parameter price를 이용해 계산되고 return 되는 흐름을 읽는다.	def add_fee(price):\n    total = price + 100\n    return total\n\nprint(add_fee(900))	출력 결과는?	1000	add_fee(900)을 호출하면 price에 900이 들어간다. 함수 안에서 total = 900 + 100을 계산해 지역 변수 total에 1000을 저장하고, return total이 1000을 호출한 곳으로 돌려준다. 바깥 print가 1000을 출력한다.	가격, 점수, 개수처럼 입력값에 규칙을 적용해 새 값을 만드는 함수는 데이터 처리 코드에서 자주 쓰인다.	output_prediction	"[""def"",""function"",""print"",""local variable"",""return"",""parameter""]"
3	python_foundation_level3_v95_a1_functions.json	PYF95_A1_FUNC_010_ARGUMENT_EXPRESSION	argument 자리에 계산식 넣기	함수 호출 괄호 안의 계산식이 먼저 계산된 뒤 parameter에 전달되는 흐름을 읽는다.	def triple(n):\n    return n * 3\n\nprint(triple(2 + 1))	출력 결과는?	9	triple에 값을 넘기기 전에 호출 괄호 안의 2 + 1이 먼저 계산되어 3이 된다. 따라서 n에는 3이 들어가고 함수는 3 * 3인 9를 return한다. 바깥 print가 9를 출력한다.	프로젝트 코드에서는 함수 argument 자리에 변수뿐 아니라 계산식이나 다른 함수 호출이 들어갈 수 있다.	output_prediction	"[""def"",""function"",""print"",""argument"",""return"",""expression""]"
3	python_foundation_level3_v95_a1_functions.json	PYF95_A1_FUNC_011_FUNCTION_IN_FUNCTION	함수 결과를 다른 함수 입력으로 쓰기	안쪽 함수 호출의 return 값이 바깥 함수의 argument로 들어가는 중첩 호출 흐름을 읽는다.	def double(n):\n    return n * 2\n\ndef add_one(x):\n    return x + 1\n\nprint(add_one(double(4)))	출력 결과는?	9	가장 안쪽의 double(4)를 먼저 계산한다. n에 4가 들어가 8을 return하고, 그 8이 add_one의 argument가 되어 x에 들어간다. add_one은 8 + 1인 9를 return하고 가장 바깥 print가 9를 출력한다.	데이터 처리 파이프라인에서는 한 함수의 결과가 다음 함수의 입력으로 이어지는 구조가 자주 나타난다.	output_prediction	"[""def"",""function"",""print"",""return"",""function call"",""argument""]"
3	python_foundation_level3_v95_a1_functions.json	PYF95_A1_FUNC_012_RETURN_STOPS_AFTER	return 뒤 줄은 실행되지 않음	return을 만난 순간 함수 실행이 끝나고 그 아래 줄이 실행되지 않는 흐름을 읽는다.	"def pick():\n    return ""A""\n    print(""B"")\n\nprint(pick())"	출력 결과로 맞는 것은?	A	"pick() 안에서 return ""A""가 실행되는 순간 함수 호출이 끝나므로 그 아래 print(""B"")에는 도달하지 않는다. 반환된 문자열 A를 바깥 print가 출력하며 따옴표는 화면에 나오지 않는다."	조건에 따라 함수가 일찍 끝나는 코드를 읽으려면 return 이후 실행 여부를 정확히 판단해야 한다.	output_prediction	"[""def"",""function"",""return"",""control flow"",""print""]"
3	python_foundation_level3_v95_a1_functions.json	PYF95_A1_FUNC_013_IF_RETURN_TRUE	조건에 따라 True 반환하기	함수 안 조건문에서 어떤 return이 실행되는지 판단하고 bool 값이 반환되는 흐름을 읽는다.	def is_big(n):\n    if n > 10:\n        return True\n    return False\n\nprint(is_big(12))	출력 결과는?	True	is_big(12)를 호출하면 n은 12다. 조건 n > 10은 12 > 10이므로 True라서 if 안의 return True가 실행되고 함수가 바로 끝난다. 바깥 print가 반환된 Boolean 값 True를 출력한다.	검증 함수나 필터링 함수는 조건을 판단해 True 또는 False를 돌려주는 구조를 자주 가진다.	output_prediction	"[""def"",""function"",""print"",""if"",""return"",""bool"",""parameter""]"
3	python_foundation_level3_v95_a1_functions.json	PYF95_A1_FUNC_014_IF_RETURN_FALSE	조건이 거짓일 때 아래 return	조건이 False일 때 if 안 return을 건너뛰고 다음 return이 실행되는 흐름을 읽는다.	def is_big(n):\n    if n > 10:\n        return True\n    return False\n\nprint(is_big(7))	출력 결과는?	False	is_big(7)를 호출하면 n은 7이다. 조건 7 > 10은 False라서 if 안의 return True를 건너뛴다. 다음 return False가 실행되어 함수가 False를 돌려주고 바깥 print가 False를 출력한다.	함수 안 조건 분기는 데이터 검증, 권한 확인, 필터링 규칙을 읽을 때 기본이 된다.	output_prediction	"[""def"",""function"",""print"",""if"",""return"",""bool"",""parameter""]"
3	python_foundation_level3_v95_a1_functions.json	PYF95_A1_FUNC_015_STRING_METHOD_RETURN	함수 안에서 문자열 정리하기	문자열 argument가 함수 안에서 strip과 lower를 거쳐 새 문자열로 return 되는 흐름을 읽는다.	"def clean(text):\n    return text.strip().lower()\n\nprint(clean("" Hi ""))"	출력 결과는?	hi	"clean("" Hi "")를 호출하면 text에 앞뒤 공백이 있는 문자열이 들어간다. text.strip()이 공백을 없애 ""Hi""를 만들고, 이어지는 lower()가 ""hi""로 바꾼다. 함수가 ""hi""를 return하고 바깥 print가 hi를 출력한다."	사용자 입력이나 파일 텍스트를 정리하는 함수는 실제 서비스 코드에서 매우 자주 등장한다.	output_prediction	"[""def"",""function"",""print"",""return"",""strip"",""lower"",""parameter""]"
3	python_foundation_level3_v95_a1_functions.json	PYF95_A1_FUNC_016_LIST_LEN_FUNCTION	리스트 길이를 반환하는 함수	리스트 argument가 parameter에 들어가고 len 결과가 return 되어 출력되는 흐름을 읽는다.	"def count_items(items):\n    return len(items)\n\nprint(count_items([""a"", ""b"", ""c""]))"	출력 결과는?	3	count_items에 ['a', 'b', 'c']가 전달되어 items가 세 항목의 리스트를 가리킨다. len(items)는 항목 수 3을 계산하고 함수가 3을 return한다. 바깥 print가 반환값 3을 출력한다.	카드 수, 파일 수, 검색 결과 수를 세는 함수는 프로젝트 검증 코드에서 자주 사용된다.	output_prediction	"[""def"",""function"",""print"",""list"",""len"",""return"",""parameter""]"
3	python_foundation_level3_v95_a1_functions.json	PYF95_A1_FUNC_017_APPEND_INSIDE_FUNCTION	함수 안에서 리스트에 값 추가하기	함수 안에서 리스트 parameter에 append가 실행되고 변경된 리스트가 return 되는 흐름을 읽는다.	"def add_done(items):\n    items.append(""done"")\n    return items\n\nresult = add_done([""start""])\nprint(result)"	출력 결과는?	['start', 'done']	호출할 때 만든 리스트가 items parameter에 전달되고 append가 그 리스트 자체에 done을 추가한다. 함수가 같은 리스트를 return하므로 result도 변경된 ['start', 'done']을 가리키고 print가 그 내용을 출력한다. append는 새 리스트를 반환하는 함수가 아니라 기존 리스트를 바꾸는 메서드다.	데이터 처리 함수는 입력 리스트에 결과를 추가하거나 새 리스트를 만들어 반환하는 방식으로 자주 작성된다.	output_prediction	"[""def"",""print"",""list"",""append"",""return"",""function""]"
3	python_foundation_level3_v95_a1_functions.json	PYF95_A1_FUNC_018_MAKE_LIST_RETURN	함수에서 새 리스트 만들기	두 argument가 parameter에 들어간 뒤 함수 안에서 새 리스트로 묶이고 return 되는 과정을 읽는다.	"def make_pair(a, b):\n    pair = [a, b]\n    return pair\n\nprint(make_pair(""x"", ""y""))"	출력 결과는?	['x', 'y']	"make_pair(""x"", ""y"")를 호출하면 a에는 x, b에는 y가 들어간다. 함수 안에서 pair = [a, b]가 ['x', 'y']라는 새 리스트를 만들고, return pair가 그 리스트를 돌려준다. 바깥 print가 ['x', 'y']를 출력한다."	여러 값을 하나의 묶음으로 만들어 반환하는 함수는 결과 카드, 로그 행, 설정 객체를 만들 때 자주 쓰인다.	output_prediction	"[""def"",""function"",""print"",""list"",""local variable"",""return"",""argument""]"
3	python_foundation_level3_v95_a1_functions.json	PYF95_A1_FUNC_019_COUNT_WITH_FOR	함수 안 for문으로 합계 만들기	함수 안 반복문에서 지역 변수 result가 누적되고 반복이 끝난 뒤 return 되는 흐름을 읽는다.	def total(nums):\n    result = 0\n    for n in nums:\n        result = result + n\n    return result\n\nprint(total([1, 2, 3]))	출력 결과는?	6	total([1, 2, 3])을 호출하면 result는 0에서 시작한다. 반복하면서 1을 더해 1, 다시 2를 더해 3, 다시 3을 더해 6으로 바뀐다. 반복이 끝난 뒤 return result가 6을 돌려주고 바깥 print가 6을 출력한다.	점수 합계, 비용 합계, 처리 개수 계산처럼 누적 함수는 데이터 분석과 검증 코드에서 매우 자주 쓰인다.	output_prediction	"[""def"",""function"",""print"",""for"",""return"",""list"",""local variable""]"
3	python_foundation_level3_v95_a1_functions.json	PYF95_A1_FUNC_020_COUNT_PREFIX	조건에 맞는 항목 개수 세기	함수 안 for문과 if문을 함께 읽고 조건에 맞는 항목만 count에 누적되는 흐름을 판단한다.	"def count_a(words):\n    count = 0\n    for word in words:\n        if word.startswith(""a""):\n            count = count + 1\n    return count\n\nprint(count_a([""apple"", ""book"", ""ant""]))"	출력 결과는?	2	count는 0에서 시작한다. apple은 a로 시작해 count가 1이 되고, book은 조건이 False라 그대로 1이다. ant는 a로 시작해 count가 2가 된다. 반복 뒤 함수가 2를 return하고 바깥 print가 2를 출력한다.	검색 결과 필터링이나 데이터 품질 검사에서는 조건에 맞는 항목 수를 세는 함수가 자주 등장한다.	output_prediction	"[""def"",""function"",""print"",""for"",""if"",""return"",""str""]"
3	python_foundation_level3_v95_a1_functions.json	PYF95_A1_FUNC_021_DEFAULT_LIKE_SIMPLE	기본값처럼 함수 안에서 대체하기	빈 문자열 argument가 들어왔을 때 조건문 안 return이 실행되어 함수가 일찍 끝나는 흐름을 읽는다.	"def label(text):\n    if text == """":\n        return ""empty""\n    return text\n\nprint(label(""""))"	출력 결과는?	empty	"label("""")을 호출하면 text에는 빈 문자열이 들어간다. text == """"가 True이므로 첫 return ""empty""가 실행되고 함수는 그 자리에서 끝난다. 아래 return text에는 도달하지 않으며 바깥 print가 empty를 출력한다."	입력값 검증 함수는 비어 있는 값, 누락된 값, 잘못된 값을 먼저 처리하고 일찍 반환하는 구조를 자주 가진다.	output_prediction	"[""def"",""function"",""print"",""if"",""return"",""str""]"
3	python_foundation_level3_v95_a1_functions.json	PYF95_A1_FUNC_022_PARAMETER_NAME_LOCAL	parameter 이름은 함수 안 이름표	함수 밖 변수와 함수 parameter 이름이 같을 때 어느 이름표가 어느 값을 가리키는지 구분한다.	"name = ""outer""\n\ndef show(name):\n    return name.upper()\n\nprint(show(""inner""))\nprint(name)"	출력 순서로 맞는 것은?	INNER 다음 outer	"함수 밖 name에는 outer가 저장되어 있다. show(""inner"")를 호출하는 동안 함수 안의 parameter name은 별도의 지역 이름으로 inner를 가리키고, upper() 결과 INNER를 return한다. 첫 print가 INNER를 출력한 뒤에도 바깥 name은 outer 그대로이므로 둘째 print는 outer를 출력한다."	큰 코드에서 같은 이름이 여러 범위에 등장할 수 있으므로 어느 블록의 이름표인지 구분하는 습관이 필요하다.	output_prediction	"[""def"",""function"",""print"",""parameter"",""local variable"",""return"",""upper""]"
3	python_foundation_level3_v95_a1_functions.json	PYF95_A1_FUNC_023_RETURN_USED_IN_IF	return 값을 조건문에서 사용하기	함수의 bool return 값이 if 조건식으로 사용되는 흐름을 읽는다.	"def is_even(n):\n    return n % 2 == 0\n\nif is_even(4):\n    print(""even"")\nelse:\n    print(""odd"")"	출력 결과는?	even	"is_even(4)를 호출하면 4 % 2는 0이고 0 == 0은 True이므로 함수가 True를 return한다. 이 반환값이 그대로 if의 조건이 되어 if 블록이 선택된다. 따라서 print(""even"")이 실행되어 even이 출력된다."	검증 함수는 True 또는 False를 돌려주고 그 결과로 다음 행동을 결정하는 코드에 자주 연결된다.	output_prediction	"[""else"",""def"",""function"",""print"",""return"",""if"",""bool"",""function call""]"
3	python_foundation_level3_v95_a1_functions.json	PYF95_A1_FUNC_024_NO_ARGUMENT_ERROR_READING	필요한 argument를 빠뜨린 호출	함수 정의에 필요한 parameter가 있는데 호출할 때 argument를 넣지 않은 경우 오류가 난다는 점을 읽는다.	"def greet(name):\n    return ""Hi "" + name\n\ngreet()"	이 코드에 대한 설명으로 맞는 것은?	필요한 argument가 없어 오류가 난다	greet는 필수 parameter name 하나를 선언했지만 greet() 호출은 argument를 전달하지 않았다. Python은 함수 본문을 실행하기 전에 호출 규칙을 확인하고, 필수 positional argument가 없다는 TypeError를 발생시킨다.	함수 사용 오류를 찾을 때는 정의 줄의 parameter 개수와 호출 줄의 argument 개수를 먼저 비교해야 한다.	concept_reading	"[""def"",""function"",""return"",""parameter"",""argument"",""error""]"
3	python_foundation_level3_v95_a1_functions.json	PYF95_A1_FUNC_025_TOO_MANY_ARGUMENTS	argument를 너무 많이 넣은 호출	함수 정의의 parameter 개수보다 호출할 때 넣은 argument가 많으면 오류가 날 수 있음을 판단한다.	def square(n):\n    return n * n\n\nsquare(2, 3)	이 코드에 대한 설명으로 맞는 것은?	argument가 너무 많아 오류가 난다	square는 positional parameter n 하나만 받는데 square(2, 3)은 argument 두 개를 전달한다. Python은 함수 본문을 실행하기 전에 개수가 맞지 않는다는 TypeError를 발생시킨다.	API나 라이브러리 함수를 사용할 때 괄호 안에 넣는 값의 개수와 순서를 맞추는 것은 기본적인 디버깅 포인트다.	concept_reading	"[""def"",""function"",""return"",""parameter"",""argument"",""error""]"
3	python_foundation_level3_v95_a1_functions.json	PYF95_A1_FUNC_026_RETURN_STRING_NUMBER	함수가 문자열 숫자를 반환할 때	함수 return 값이 숫자처럼 보여도 문자열이면 문자열 이어 붙이기가 일어난다는 점을 읽는다.	"def get_count():\n    return ""3""\n\nvalue = get_count()\nprint(value + ""1"")"	출력 결과는?	31	"get_count()는 숫자 3이 아니라 문자열 ""3""을 return하므로 value에도 문자열 ""3""이 저장된다. value + ""1""은 숫자 덧셈이 아니라 문자열 이어 붙이기라서 ""31""이 된다. 마지막 print가 31을 출력한다."	입력값과 반환값의 자료형을 확인하는 습관은 계산 오류를 줄이는 데 중요하다.	output_prediction	"[""def"",""function"",""print"",""return"",""str"",""type""]"
3	python_foundation_level3_v95_a1_functions.json	PYF95_A1_FUNC_027_RETURN_INT_CONVERT	함수 안에서 int로 바꾸기	문자열 argument가 함수 안에서 int로 변환되고 계산 결과가 return 되는 흐름을 읽는다.	"def plus_one(text):\n    number = int(text)\n    return number + 1\n\nprint(plus_one(""7""))"	출력 결과는?	8	"plus_one(""7"")을 호출하면 text에는 문자열 ""7""이 들어간다. int(text)가 이를 정수 7로 바꾸어 number에 저장하고, number + 1은 숫자 계산 7 + 1이므로 8이다. 함수가 8을 return하고 바깥 print가 8을 출력한다."	사용자 입력이나 파일에서 읽은 숫자 문자열을 계산 가능한 숫자로 바꾸는 코드는 실전에서 자주 등장한다.	output_prediction	"[""def"",""function"",""print"",""int"",""return"",""local variable"",""parameter""]"
3	python_foundation_level3_v95_a1_functions.json	PYF95_A1_FUNC_028_FUNCTION_NAME_MEANING	함수 이름으로 역할 추정하기	함수 이름과 본문을 함께 보고 입력, 처리, 출력 약속을 추정하는 연습을 한다.	"def normalize(text):\n    return text.strip().lower()\n\nprint(normalize("" YES ""))"	함수 normalize의 역할로 가장 알맞은 것은?	문자열을 정리해 비교하기 쉽게 만든다	"normalize는 문자열을 비교하거나 저장하기 전에 모양을 일정하게 정리하는 함수다. 입력 text에 strip()을 적용해 앞뒤 공백을 없애고 lower()로 소문자로 바꾼 뒤 새 문자열을 return한다. 예시 호출 normalize("" YES "")의 반환값은 ""yes""이므로 ‘문자열을 정리해 비교하기 쉽게 만든다’가 가장 알맞다."	프로젝트 코드에서는 함수 이름이 전체 처리 흐름을 이해하는 중요한 단서가 된다.	concept_reading	"[""def"",""function"",""print"",""function contract"",""strip"",""lower"",""return""]"
3	python_foundation_level3_v95_a1_functions.json	PYF95_A1_FUNC_029_CALL_ORDER	호출 순서대로 출력 읽기	함수 안 print가 먼저 실행되고 return 값이 바깥 print에 의해 다시 출력되는 순서를 읽는다.	"def mark(text):\n    print(""start"")\n    return text\n\nprint(mark(""A""))"	출력 순서로 맞는 것은?	start 다음 A	"바깥 print가 결과를 출력하려면 먼저 argument인 mark(""A"")를 계산해야 한다. mark 본문의 print가 start를 먼저 출력하고 A를 반환한 뒤, 바깥 print가 그 반환값 A를 출력한다."	함수 호출이 print의 괄호 안에 들어가면 안쪽 함수 실행과 바깥 출력 순서를 구분해야 한다.	output_prediction	"[""def"",""function"",""print"",""return"",""function call""]"
3	python_foundation_level3_v95_a1_functions.json	PYF95_A1_FUNC_030_RETURN_LIST_LENGTH_AFTER_CALL	함수 결과를 len에 넣기	함수가 반환한 리스트가 len의 입력으로 다시 사용되는 흐름을 읽는다.	"def words():\n    return [""a"", ""b"", ""c""]\n\nprint(len(words()))"	출력 결과는?	3	print의 안쪽부터 계산하면 words()가 먼저 실행되어 ['a', 'b', 'c']를 return한다. 그 반환 리스트가 len의 입력이 되고 항목이 세 개이므로 len(...)은 3이다. 가장 바깥 print가 최종 값 3을 출력한다.	함수 결과를 다른 내장 함수에 바로 넣는 코드는 데이터 처리와 검증 코드에서 자주 등장한다.	output_prediction	"[""def"",""function"",""print"",""return"",""list"",""len"",""function call""]"
3	python_foundation_level3_v95_a1_functions.json	PYF95_A1_FUNC_031_FUNCTION_WITH_RANGE	함수 안 range 반복	함수 안에서 range(n)이 n번 반복되고 count가 반복 횟수만큼 증가하는 흐름을 읽는다.	def repeat_count(n):\n    count = 0\n    for i in range(n):\n        count = count + 1\n    return count\n\nprint(repeat_count(4))	출력 결과는?	4	repeat_count(4)를 호출하면 count는 0에서 시작한다. range(4)는 0, 1, 2, 3 네 값을 만들어 반복문이 네 번 실행되고, 실행할 때마다 count가 1씩 늘어 0 → 1 → 2 → 3 → 4가 된다. 함수가 4를 return하고 바깥 print가 4를 출력한다.	반복 횟수를 parameter로 받아 처리하는 함수는 테스트, 샘플 생성, 배치 처리 코드에서 자주 쓰인다.	output_prediction	"[""def"",""function"",""print"",""range"",""for"",""return"",""local variable""]"
3	python_foundation_level3_v95_a1_functions.json	PYF95_A1_FUNC_032_FUNCTION_CONTRACT_READING	함수 입력과 출력 고르기	함수 본문 전체를 입력, 처리, 출력 약속으로 요약하는 연습을 한다.	"def make_title(name):\n    clean = name.strip().title()\n    return ""Title: "" + clean"	이 함수의 입력과 출력 설명으로 가장 알맞은 것은?	문자열 name을 받아 정리한 제목 문자열을 반환한다	make_title은 name 문자열을 입력으로 받는다. strip()으로 양쪽 공백을 제거하고 title()로 각 단어의 첫 글자를 대문자 형태로 바꾼 뒤, 앞에 Title: 을 붙인 새 문자열을 반환한다. 화면 출력은 하지 않으며 호출한 쪽이 반환값을 사용할 수 있다.	긴 프로젝트 코드에서는 함수 하나하나를 계약처럼 요약해야 전체 데이터 흐름을 빠르게 파악할 수 있다.	concept_reading	"[""def"",""function"",""function contract"",""parameter"",""return"",""str""]"
3	python_foundation_level3_v95_a2_dict_tuple_set.json	PYF95_A2_DTS_001_DICT_READ_KEY	dict에서 key로 값 읽기	dict에서 문자열 key를 사용해 연결된 value를 꺼내는 흐름을 읽는다.	"user = {""name"": ""Mina"", ""age"": 13}\nprint(user[""name""])"	출력 결과는?	Mina	user['name']은 name key에 연결된 value인 Mina를 꺼낸다. dict는 먼저 사용한 key를 확인하고 그 key에 연결된 value가 읽히는지, 새 값으로 바뀌는지, 반복 대상으로 쓰이는지를 순서대로 보면 결과를 정확히 추적할 수 있다.	사용자 정보, 설정값, 카드 메타데이터는 dict 형태로 자주 표현된다.	output_prediction	"[""print"",""dict"",""key"",""value""]"
3	python_foundation_level3_v95_a2_dict_tuple_set.json	PYF95_A2_DTS_002_DICT_READ_NUMBER	숫자 value 읽기	dict의 key와 숫자 value를 구분하고, 선택한 key에 맞는 값을 출력하는 흐름을 읽는다.	"score = {""math"": 90, ""eng"": 80}\nprint(score[""eng""])"	출력 결과는?	80	eng key에 연결된 값은 80이다. dict는 먼저 사용한 key를 확인하고 그 key에 연결된 value가 읽히는지, 새 값으로 바뀌는지, 반복 대상으로 쓰이는지를 순서대로 보면 결과를 정확히 추적할 수 있다.	점수표나 통계 데이터는 이름 key와 숫자 value의 dict로 자주 저장된다.	output_prediction	"[""print"",""dict"",""key"",""value"",""int""]"
3	python_foundation_level3_v95_a2_dict_tuple_set.json	PYF95_A2_DTS_003_DICT_UPDATE_EXISTING	기존 key 값 바꾸기	이미 있는 key에 새 값을 대입하면 value가 바뀌는 흐름을 읽는다.	"user = {""level"": 2}\nuser[""level""] = 3\nprint(user[""level""])"	출력 결과는?	3	level key의 값이 2에서 3으로 바뀐다. dict는 먼저 사용한 key를 확인하고 그 key에 연결된 value가 읽히는지, 새 값으로 바뀌는지, 반복 대상으로 쓰이는지를 순서대로 보면 결과를 정확히 추적할 수 있다.	학습 단계, 진행 상태, 설정값은 dict에서 갱신되는 경우가 많다.	output_prediction	"[""print"",""dict"",""assignment"",""update""]"
3	python_foundation_level3_v95_a2_dict_tuple_set.json	PYF95_A2_DTS_004_DICT_ADD_NEW_KEY	새 key 추가하기	없는 key에 대입하면 새 항목이 추가되고, 그 key로 다시 값을 꺼낼 수 있음을 읽는다.	"user = {""name"": ""Mina""}\nuser[""city""] = ""Seoul""\nprint(user[""city""])"	출력 결과는?	Seoul	city key가 새로 추가되고 value는 Seoul이다. dict는 먼저 사용한 key를 확인하고 그 key에 연결된 value가 읽히는지, 새 값으로 바뀌는지, 반복 대상으로 쓰이는지를 순서대로 보면 결과를 정확히 추적할 수 있다.	데이터 처리 중 새 메타데이터 필드를 붙이는 코드는 dict 추가 흐름과 연결된다.	output_prediction	"[""print"",""dict"",""assignment"",""key""]"
3	python_foundation_level3_v95_a2_dict_tuple_set.json	PYF95_A2_DTS_005_DICT_GET_EXISTING	get으로 있는 key 읽기	get이 key가 있을 때는 실제 value를 돌려주는 흐름을 읽는다.	"user = {""name"": ""Mina""}\nprint(user.get(""name"", ""unknown""))"	출력 결과는?	Mina	name key가 있으므로 기본값 unknown 대신 Mina가 나온다. set을 읽을 때는 중복 제거와 포함 여부를 중심으로 판단하고, 순서가 필요한 결과라면 sorted 같은 별도 연산이 있는지 확인해야 출력 순서를 임의로 가정하지 않게 된다.	안전한 설정 읽기나 누락 가능성이 있는 필드 접근에서 get이 자주 사용된다.	output_prediction	"[""print"",""dict"",""get"",""default""]"
3	python_foundation_level3_v95_a2_dict_tuple_set.json	PYF95_A2_DTS_006_DICT_GET_MISSING	get으로 없는 key 기본값 읽기	get이 key가 없을 때 오류 대신 기본값을 돌려주는 흐름을 읽는다.	"user = {""name"": ""Mina""}\nprint(user.get(""grade"", ""unknown""))"	출력 결과는?	unknown	grade key가 없으므로 get은 기본값 unknown을 돌려준다. set을 읽을 때는 중복 제거와 포함 여부를 중심으로 판단하고, 순서가 필요한 결과라면 sorted 같은 별도 연산이 있는지 확인해야 출력 순서를 임의로 가정하지 않게 된다.	불완전한 JSON이나 사용자 입력 dict를 읽을 때 기본값 처리는 매우 중요하다.	output_prediction	"[""print"",""dict"",""get"",""default""]"
3	python_foundation_level3_v95_a2_dict_tuple_set.json	PYF95_A2_DTS_007_DICT_KEYS_LIST	keys를 리스트로 보기	dict.keys()가 key 모음을 만들고 list로 바꾸면 key 목록을 볼 수 있음을 읽는다.	"data = {""a"": 1, ""b"": 2}\nprint(list(data.keys()))"	출력 결과로 맞는 것은?	['a', 'b']	data.keys()는 value가 아니라 key만 보여 주는 view를 만들고 list()가 이를 리스트로 바꾼다. Python dict는 삽입 순서를 보존하므로 이 코드에서는 a 다음 b가 되어 ['a', 'b']가 출력된다. key를 정렬한 결과는 아니며 삽입 순서가 달라지면 출력 순서도 달라진다.	데이터 필드 목록을 확인하는 검증 코드에서 keys는 자주 등장한다.	output_prediction	"[""print"",""dict"",""keys"",""list""]"
3	python_foundation_level3_v95_a2_dict_tuple_set.json	PYF95_A2_DTS_008_DICT_VALUES_LIST	values를 리스트로 보기	dict.values()가 value 모음을 만들고 list로 바뀌는 흐름을 읽는다.	"data = {""a"": 1, ""b"": 2}\nprint(list(data.values()))"	출력 결과로 맞는 것은?	[1, 2]	values는 1과 2 같은 value만 보여준다. set을 읽을 때는 중복 제거와 포함 여부를 중심으로 판단하고, 순서가 필요한 결과라면 sorted 같은 별도 연산이 있는지 확인해야 출력 순서를 임의로 가정하지 않게 된다.	점수나 개수만 모아 계산하는 코드에서 values는 유용하게 쓰인다.	output_prediction	"[""print"",""dict"",""values"",""list""]"
3	python_foundation_level3_v95_a2_dict_tuple_set.json	PYF95_A2_DTS_009_DICT_ITEMS_LIST	items를 리스트로 보기	dict.items()가 key와 value 쌍을 tuple처럼 묶어 보여주는 흐름을 읽는다.	"data = {""a"": 1, ""b"": 2}\nprint(list(data.items()))"	출력 결과로 맞는 것은?	[('a', 1), ('b', 2)]	data.items()는 각 key와 value를 2원 tuple로 짝지은 view를 만들고 list()가 이를 리스트로 바꾼다. dict의 삽입 순서가 보존되므로 이 코드의 출력은 [('a', 1), ('b', 2)]다. keys()와 values()와 달리 두 값을 함께 unpack할 때도 items()를 쓴다.	dict를 표 형태로 출력하거나 변환할 때 items 반복은 매우 자주 사용된다.	output_prediction	"[""print"",""dict"",""items"",""tuple""]"
3	python_foundation_level3_v95_a2_dict_tuple_set.json	PYF95_A2_DTS_010_DICT_FOR_KEYS	dict를 for로 반복하면 key가 들어온다	dict를 직접 for로 반복할 때 반복 변수에 key가 들어오는 흐름을 읽는다.	"scores = {""A"": 10, ""B"": 20}\nfor name in scores:\n    print(name)"	출력 순서로 맞는 것은?	A 다음 B	dict를 직접 반복하면 value가 아니라 key를 순회한다. Python dict는 삽입 순서를 보존하므로 이 literal에서 먼저 넣은 A가 출력되고 다음에 B가 출력된다. 알파벳순으로 자동 정렬되는 것은 아니며 정렬이 필요하면 sorted(scores)를 명시해야 한다.	설정 dict나 점수 dict를 반복하는 코드에서 현재 반복 값이 key인지 value인지 구분해야 한다.	output_prediction	"[""print"",""dict"",""for"",""keys""]"
3	python_foundation_level3_v95_a2_dict_tuple_set.json	PYF95_A2_DTS_011_DICT_FOR_ITEMS	items로 key와 value 함께 반복하기	items 반복에서 key와 value가 두 변수에 나누어 들어가는 흐름을 읽는다.	"scores = {""A"": 10, ""B"": 20}\nfor name, score in scores.items():\n    print(name, score)"	첫 번째 출력으로 맞는 것은?	A 10	첫 쌍은 A와 10이므로 첫 출력은 A 10이다. for에서는 반복 대상에서 값이 어떤 순서로 변수에 들어오는지 보고, 각 반복에서 실행되는 계산이나 출력까지 한 번씩 적용하면 최종 결과를 안정적으로 판단할 수 있다.	리포트 생성이나 로그 출력에서는 key와 value를 함께 반복하는 코드가 자주 나온다.	output_prediction	"[""for"",""print"",""dict"",""items"",""unpacking""]"
3	python_foundation_level3_v95_a2_dict_tuple_set.json	PYF95_A2_DTS_012_DICT_IN_KEY_TRUE	in은 dict에서 key를 검사한다	dict에서 in 연산이 value가 아니라 key 존재 여부를 확인하는 흐름을 읽는다.	"user = {""name"": ""Mina""}\nprint(""name"" in user)"	출력 결과는?	True	name은 dict의 key이므로 True다. set을 읽을 때는 중복 제거와 포함 여부를 중심으로 판단하고, 순서가 필요한 결과라면 sorted 같은 별도 연산이 있는지 확인해야 출력 순서를 임의로 가정하지 않게 된다.	필수 필드가 있는지 검사하는 코드는 dict membership과 연결된다.	output_prediction	"[""print"",""dict"",""in"",""key"",""bool""]"
3	python_foundation_level3_v95_a2_dict_tuple_set.json	PYF95_A2_DTS_013_DICT_IN_VALUE_FALSE	value는 dict in 검사 대상이 아니다	dict에서 in이 기본적으로 key를 검사하므로 value 문자열은 False가 될 수 있음을 읽는다.	"user = {""name"": ""Mina""}\nprint(""Mina"" in user)"	출력 결과는?	False	Mina는 value이고 key가 아니므로 False다. set을 읽을 때는 중복 제거와 포함 여부를 중심으로 판단하고, 순서가 필요한 결과라면 sorted 같은 별도 연산이 있는지 확인해야 출력 순서를 임의로 가정하지 않게 된다.	검색 조건이 key인지 value인지 혼동하면 필터링 결과를 잘못 판단할 수 있다.	output_prediction	"[""print"",""dict"",""in"",""key""]"
3	python_foundation_level3_v95_a2_dict_tuple_set.json	PYF95_A2_DTS_014_NESTED_DICT_READ	중첩 dict 값 읽기	dict 안 dict에서 바깥 key와 안쪽 key를 차례대로 따라가 값을 꺼내는 흐름을 읽는다.	"user = {""profile"": {""city"": ""Seoul""}}\nprint(user[""profile""][""city""])"	출력 결과는?	Seoul	먼저 profile dict를 꺼내고 그 안에서 city 값을 꺼낸다. 따라서 출력은 ‘Seoul’이다. dict는 먼저 사용한 key를 확인하고 그 key에 연결된 value가 읽히는지, 새 값으로 바뀌는지, 반복 대상으로 쓰이는지를 순서대로 보면 결과를 정확히 추적할 수 있다.	JSON API 응답은 중첩 dict 구조가 많기 때문에 단계별 접근이 중요하다.	output_prediction	"[""print"",""dict"",""nested dict"",""key""]"
3	python_foundation_level3_v95_a2_dict_tuple_set.json	PYF95_A2_DTS_015_LIST_OF_DICTS	리스트 안 dict 읽기	리스트 인덱스로 dict 하나를 고른 뒤 key로 value를 꺼내는 두 단계 접근을 읽는다.	"users = [{""name"": ""A""}, {""name"": ""B""}]\nprint(users[1][""name""])"	출력 결과는?	B	users[1]은 두 번째 dict이고 그 name 값은 B다. dict는 먼저 사용한 key를 확인하고 그 key에 연결된 value가 읽히는지, 새 값으로 바뀌는지, 반복 대상으로 쓰이는지를 순서대로 보면 결과를 정확히 추적할 수 있다.	여러 카드나 사용자 목록은 list of dict 구조로 저장되는 경우가 많다.	output_prediction	"[""print"",""list"",""dict"",""index"",""key""]"
3	python_foundation_level3_v95_a2_dict_tuple_set.json	PYF95_A2_DTS_016_DICT_COUNT_PATTERN	dict로 개수 세기	get 기본값을 이용해 없는 key의 기존 개수를 0으로 보고 1을 더하는 흐름을 읽는다.	"counts = {}\nword = ""apple""\ncounts[word] = counts.get(word, 0) + 1\nprint(counts[""apple""])"	출력 결과는?	1	apple key가 없어서 get은 0을 돌려주고 1을 더해 저장한다. dict는 먼저 사용한 key를 확인하고 그 key에 연결된 value가 읽히는지, 새 값으로 바뀌는지, 반복 대상으로 쓰이는지를 순서대로 보면 결과를 정확히 추적할 수 있다.	단어 빈도, 개념 등장 횟수, 오류 개수 집계는 dict count 패턴으로 자주 작성된다.	output_prediction	"[""print"",""dict"",""get"",""count""]"
3	python_foundation_level3_v95_a2_dict_tuple_set.json	PYF95_A2_DTS_017_TUPLE_INDEX	tuple 인덱스로 값 읽기	tuple이 순서를 가진 값 묶음이고 인덱스로 값을 꺼낼 수 있음을 읽는다.	point = (3, 4)\nprint(point[0])	출력 결과는?	결과는 3이다	point[0]은 첫 번째 값 3이다. 따라서 결과는 3이다. tuple은 위치가 의미를 가지므로 0부터 시작하는 index와 unpacking되는 변수의 순서를 맞춰 보고, 각 위치의 값이 이후 어느 식에서 사용되는지 이어서 확인한다.	좌표, 범위, 쌍 데이터처럼 위치가 의미를 가지는 값은 tuple로 표현될 수 있다.	output_prediction	"[""print"",""tuple"",""index""]"
3	python_foundation_level3_v95_a2_dict_tuple_set.json	PYF95_A2_DTS_018_TUPLE_SECOND	tuple 두 번째 값 읽기	tuple에서 두 번째 위치의 값을 인덱스 1로 꺼내는 흐름을 읽는다.	"pair = (""id"", 7)\nprint(pair[1])"	출력 결과는?	7	pair[1]은 두 번째 값인 7이다. tuple은 위치가 의미를 가지므로 0부터 시작하는 index와 unpacking되는 변수의 순서를 맞춰 보고, 각 위치의 값이 이후 어느 식에서 사용되는지 이어서 확인한다.	items 결과나 좌표 데이터는 tuple의 위치별 의미를 확인해야 한다.	output_prediction	"[""print"",""tuple"",""index""]"
3	python_foundation_level3_v95_a2_dict_tuple_set.json	PYF95_A2_DTS_019_TUPLE_UNPACK	tuple unpacking	tuple의 두 값이 x와 y에 나누어 저장되고 계산에 쓰이는 흐름을 읽는다.	point = (3, 4)\nx, y = point\nprint(x + y)	출력 결과는?	7	x는 3, y는 4가 되어 합은 7이다. tuple은 위치가 의미를 가지므로 0부터 시작하는 index와 unpacking되는 변수의 순서를 맞춰 보고, 각 위치의 값이 이후 어느 식에서 사용되는지 이어서 확인한다.	함수 결과나 items 쌍을 여러 변수로 나누어 받을 때 unpacking을 이해해야 한다.	output_prediction	"[""print"",""tuple"",""unpacking"",""assignment""]"
3	python_foundation_level3_v95_a2_dict_tuple_set.json	PYF95_A2_DTS_020_RETURN_TUPLE	함수가 tuple처럼 여러 값 반환하기	함수가 여러 값을 return하면 tuple처럼 묶이고, unpacking으로 변수에 나누어 들어가는 흐름을 읽는다.	def make_point():\n    return 2, 5\n\nx, y = make_point()\nprint(y)	출력 결과는?	5	return 2, 5는 괄호를 생략한 2원 tuple (2, 5)를 반환한다. x, y = make_point()가 두 원소를 순서대로 unpack해 x에는 2, y에는 5를 저장하므로 print(y)는 5를 출력한다. 원소 수와 변수 수가 다르면 unpacking 오류가 난다.	여러 결과를 함께 돌려주는 함수는 좌표, 범위, 상태값 반환에서 자주 등장한다.	output_prediction	"[""def"",""function"",""print"",""tuple"",""return"",""unpacking""]"
3	python_foundation_level3_v95_a2_dict_tuple_set.json	PYF95_A2_DTS_021_ITEMS_UNPACK_TUPLE	items 결과를 unpacking하기	items가 만든 key-value 쌍이 반복문에서 두 변수로 나누어 들어가는 흐름을 읽는다.	"data = {""x"": 1}\nfor key, value in data.items():\n    print(key)\n    print(value)"	출력 순서로 맞는 것은?	x 다음 1	data.items()의 한 항목은 ('x', 1) 형태의 2원 tuple이다. for문의 key, value가 이를 unpack해 첫 print는 x, 둘째 print는 1을 각각 새 줄에 출력한다.	dict 변환이나 출력 코드는 items와 unpacking을 함께 쓰는 경우가 많다.	output_prediction	"[""for"",""print"",""dict"",""items"",""tuple"",""unpacking""]"
3	python_foundation_level3_v95_a2_dict_tuple_set.json	PYF95_A2_DTS_022_SET_DEDUP	set으로 중복 제거하기	list를 set으로 바꾸면 중복이 제거되고 len이 고유 값 개수를 세는 흐름을 읽는다.	"items = [""a"", ""a"", ""b""]\nunique = set(items)\nprint(len(unique))"	출력 결과는?	2	a와 b 두 종류만 남으므로 길이는 2다. set을 읽을 때는 중복 제거와 포함 여부를 중심으로 판단하고, 순서가 필요한 결과라면 sorted 같은 별도 연산이 있는지 확인해야 출력 순서를 임의로 가정하지 않게 된다.	중복 카드, 중복 사용자, 중복 태그를 줄이는 검증 코드에서 set은 자주 쓰인다.	output_prediction	"[""print"",""set"",""dedup"",""len""]"
3	python_foundation_level3_v95_a2_dict_tuple_set.json	PYF95_A2_DTS_023_SET_IN_TRUE	set에서 포함 여부 확인하기	set에서 in이 값의 포함 여부를 확인하는 흐름을 읽는다.	"tags = {""python"", ""ai""}\nprint(""python"" in tags)"	출력 결과는?	True	python은 tags set에 들어 있으므로 True다. set을 읽을 때는 중복 제거와 포함 여부를 중심으로 판단하고, 순서가 필요한 결과라면 sorted 같은 별도 연산이 있는지 확인해야 출력 순서를 임의로 가정하지 않게 된다.	허용 태그, 이미 처리한 id, 방문한 노드를 검사할 때 set membership이 자주 쓰인다.	output_prediction	"[""print"",""set"",""in"",""membership""]"
3	python_foundation_level3_v95_a2_dict_tuple_set.json	PYF95_A2_DTS_024_SET_ADD	set에 값 추가하기	set.add로 새 값을 추가한 뒤 포함 여부를 확인하는 흐름을 읽는다.	"tags = {""python""}\ntags.add(""ai"")\nprint(""ai"" in tags)"	출력 결과는?	True	ai를 추가했으므로 포함 검사는 True다. set을 읽을 때는 중복 제거와 포함 여부를 중심으로 판단하고, 순서가 필요한 결과라면 sorted 같은 별도 연산이 있는지 확인해야 출력 순서를 임의로 가정하지 않게 된다.	처리 완료 id나 발견한 개념을 set에 추가하는 패턴은 파이프라인 코드에서 자주 쓰인다.	output_prediction	"[""print"",""set"",""add"",""in""]"
3	python_foundation_level3_v95_a2_dict_tuple_set.json	PYF95_A2_DTS_025_SET_ADD_DUPLICATE	set에 중복 추가하기	set에 이미 있는 값을 다시 추가해도 중복으로 늘어나지 않는 흐름을 읽는다.	"tags = {""python""}\ntags.add(""python"")\nprint(len(tags))"	출력 결과는?	1	python은 이미 있으므로 다시 추가해도 길이는 1이다. set을 읽을 때는 중복 제거와 포함 여부를 중심으로 판단하고, 순서가 필요한 결과라면 sorted 같은 별도 연산이 있는지 확인해야 출력 순서를 임의로 가정하지 않게 된다.	중복 제거가 필요한 코드에서 set은 같은 값을 여러 번 넣어도 한 번만 남기는 성질을 이용한다.	output_prediction	"[""print"",""set"",""add"",""dedup""]"
3	python_foundation_level3_v95_a2_dict_tuple_set.json	PYF95_A2_DTS_026_SET_UNION	set 합집합	두 set의 합집합이 양쪽 값을 모두 모으되 중복은 한 번만 남기는 흐름을 읽는다.	"a = {""python"", ""ai""}\nb = {""ai"", ""web""}\nprint(a | b)"	결과에 들어 있는 값 조합으로 맞는 것은?	python, ai, web 모두 포함	a | b는 두 set의 합집합을 만들어 python, ai, web을 각각 한 번씩 포함한다. set에는 정해진 표시 순서가 없으므로 print 결과의 원소 순서를 예측해서는 안 된다. 이 문제의 정답은 순서가 아니라 세 값이 모두 포함된다는 뜻이다.	여러 출처의 태그나 개념 목록을 합칠 때 set union이 유용하다.	concept_reading	"[""print"",""set"",""union""]"
3	python_foundation_level3_v95_a2_dict_tuple_set.json	PYF95_A2_DTS_027_SET_INTERSECTION	set 교집합	두 set의 교집합이 양쪽에 모두 있는 값만 남기는 흐름을 읽는다.	"a = {""python"", ""ai""}\nb = {""ai"", ""web""}\nprint(a & b)"	공통으로 남는 값은?	ai	a & b는 두 set에 공통으로 있는 원소만 남긴 새 set을 만든다. 공통 원소는 문자열 ai 하나이므로 실제 print 표현은 {'ai'}와 같은 set 형태이고, 질문이 묻는 남은 값은 ai다. set을 읽을 때는 중복 제거와 포함 여부를 중심으로 판단하고, 순서가 필요한 결과라면 sorted 같은 별도 연산이 있는지 확인해야 출력 순서를 임의로 가정하지 않게 된다.	학생이 배운 개념과 문제 요구 개념의 공통부분을 찾는 데 set intersection을 쓸 수 있다.	concept_reading	"[""print"",""set"",""intersection""]"
3	python_foundation_level3_v95_a2_dict_tuple_set.json	PYF95_A2_DTS_028_SET_DIFFERENCE	set 차집합	차집합이 왼쪽에는 있지만 오른쪽에는 없는 값을 남기는 흐름을 읽는다.	"learned = {""print"", ""if"", ""for""}\nneeded = {""if"", ""for""}\nprint(learned - needed)"	남는 값은?	print	learned - needed는 learned에는 있고 needed에는 없는 원소만 남긴 set을 만든다. 남은 문자열은 print 하나이므로 실제 print 표현은 {'print'}와 같은 set 형태이고, 질문이 묻는 값은 print다. 빼기 방향을 바꾸면 결과가 달라진다.	이미 배운 것과 아직 필요한 것의 차이를 계산할 때 set difference가 쓰일 수 있다.	concept_reading	"[""print"",""set"",""difference""]"
3	python_foundation_level3_v95_a2_dict_tuple_set.json	PYF95_A2_DTS_029_DICT_SET_COMBO	dict key를 set으로 바꾸기	dict의 keys를 set으로 바꾼 뒤 포함 여부를 검사하는 흐름을 읽는다.	"data = {""a"": 1, ""b"": 2}\nkeys = set(data.keys())\nprint(""a"" in keys)"	출력 결과는?	True	keys set에는 a와 b가 있으므로 a in keys는 True다. set을 읽을 때는 중복 제거와 포함 여부를 중심으로 판단하고, 순서가 필요한 결과라면 sorted 같은 별도 연산이 있는지 확인해야 출력 순서를 임의로 가정하지 않게 된다.	필드 존재 검사나 빠른 membership 검사는 dict keys와 set을 함께 사용할 수 있다.	output_prediction	"[""print"",""dict"",""keys"",""set"",""in""]"
3	python_foundation_level3_v95_a2_dict_tuple_set.json	PYF95_A2_DTS_030_CHOOSE_DICT_STRUCTURE	이름으로 점수를 찾는 구조 고르기	dict가 순서 번호가 아니라 key 이름으로 value를 찾는 구조임을 설명 수준에서 판단한다.	"scores = {""Mina"": 90, ""Jin"": 80}"	Mina의 점수를 바로 찾기 위해 쓰는 기준은?	key 이름	dict는 key인 Mina로 value 90을 찾는다. 따라서 정답은 ‘key 이름’이다. set을 읽을 때는 중복 제거와 포함 여부를 중심으로 판단하고, 순서가 필요한 결과라면 sorted 같은 별도 연산이 있는지 확인해야 출력 순서를 임의로 가정하지 않게 된다.	학생별 점수, 사용자별 설정, 파일별 메타데이터는 key-value 구조로 읽을 때 자연스럽다.	concept_reading	"[""dict"",""key"",""value""]"
3	python_foundation_level3_v95_a2_dict_tuple_set.json	PYF95_A2_DTS_031_CHOOSE_TUPLE_STRUCTURE	좌표를 읽는 구조 고르기	tuple은 key가 아니라 순서와 위치로 값을 읽는다는 점을 판단한다.	point = (10, 20)	point[0]과 point[1]을 읽을 때 중요한 것은?	값의 순서	tuple은 순서가 있는 묶음이므로 인덱스 위치가 중요하다. 따라서 정답은 ‘값의 순서’이다. tuple은 위치가 의미를 가지므로 0부터 시작하는 index와 unpacking되는 변수의 순서를 맞춰 보고, 각 위치의 값이 이후 어느 식에서 사용되는지 이어서 확인한다.	좌표나 범위처럼 위치가 의미를 가지는 값은 tuple로 표현될 수 있다.	concept_reading	"[""tuple"",""index""]"
3	python_foundation_level3_v95_a2_dict_tuple_set.json	PYF95_A2_DTS_032_CHOOSE_SET_STRUCTURE	중복 없는 태그 구조 고르기	set이 중복 없는 값 모음이라는 성질을 설명 수준에서 판단한다.	"tags = {""python"", ""ai""}"	set을 쓰는 이유로 가장 알맞은 것은?	중복 없는 값 모음을 다루기 위해	set은 중복 없는 값 모음을 표현하기 좋다. set을 읽을 때는 중복 제거와 포함 여부를 중심으로 판단하고, 순서가 필요한 결과라면 sorted 같은 별도 연산이 있는지 확인해야 출력 순서를 임의로 가정하지 않게 된다.	태그, id, 방문한 노드처럼 중복을 피해야 하는 값 모음에 set이 자주 사용된다.	concept_reading	"[""set"",""dedup""]"
3	python_foundation_level3_v95_a2_dict_tuple_set.json	PYF95_A2_DTS_033_DICT_GET_DECISION	대괄호와 get 중 안전한 쪽 고르기	없는 key를 get으로 읽으면 오류 대신 기본값이 들어가는 흐름을 읽는다.	"user = {""name"": ""Mina""}\nvalue = user.get(""grade"", 0)"	grade가 없을 때 value는?	0	grade key가 없으므로 기본값 0이 value에 들어간다. set을 읽을 때는 중복 제거와 포함 여부를 중심으로 판단하고, 순서가 필요한 결과라면 sorted 같은 별도 연산이 있는지 확인해야 출력 순서를 임의로 가정하지 않게 된다.	외부 데이터의 일부 필드가 없을 수 있을 때 get 기본값은 안전한 읽기 방식이 된다.	output_prediction	"[""dict"",""get"",""default""]"
3	python_foundation_level3_v95_a3_loop_tools.json	PYF95_A3_LOOP_001_WHILE_COUNT	while로 0부터 2까지 출력	while 조건과 i 업데이트를 따라가며 반복 횟수와 출력 순서를 판단한다.	i = 0\nwhile i < 3:\n    print(i)\n    i = i + 1	출력 순서로 맞는 것은?	0, 1, 2 순서로 출력	i가 0, 1, 2일 때 조건 i < 3이 참이어서 각 값이 출력된다. 매 반복 마지막에 i를 1씩 늘리므로 i가 3이 되어 반복이 끝난다. 이 갱신 줄이 없으면 조건이 계속 참이어서 무한 반복될 수 있으므로 while을 읽을 때는 초기값, 종료 조건, 상태 갱신을 함께 찾는다.	while은 조건 기반 반복을 읽는 기본 구조다.	output_prediction	"[""print"",""while"",""condition"",""counter""]"
3	python_foundation_level3_v95_a3_loop_tools.json	PYF95_A3_LOOP_002_WHILE_FALSE_START	처음부터 False인 while	while 조건이 처음부터 False이면 반복문 안이 실행되지 않는다는 점을 읽는다.	i = 5\nwhile i < 3:\n    print(i)\n    i = i + 1	출력 결과는?	아무것도 출력되지 않음	처음 i는 5이고 5 < 3은 False이므로 본문이 실행되지 않는다. 따라서 화면에는 아무것도 출력되지 않는다. 보기 표현으로는 ‘아무것도 출력되지 않음’이 맞다.	조건 검사 위치를 이해하면 실행되지 않는 코드 블록을 찾을 수 있다.	output_prediction	"[""print"",""while"",""condition""]"
3	python_foundation_level3_v95_a3_loop_tools.json	PYF95_A3_LOOP_003_WHILE_SUM	while로 합계 누적	while 반복에서 total과 i가 함께 바뀌는 흐름을 따라 최종 합계를 계산한다.	i = 1\ntotal = 0\nwhile i <= 3:\n    total = total + i\n    i = i + 1\nprint(total)	출력 결과는?	6	1, 2, 3이 total에 누적되어 6이 출력된다. while은 반복 전 초기값을 확인하고 조건 검사 → 본문 실행 → 변수 갱신 순서를 한 번씩 따라가면 반복이 언제 끝나고 마지막 값이 무엇인지 판단할 수 있다.	누적 계산은 점수 합계, 비용 합계, 처리 개수 계산에 자주 등장한다.	output_prediction	"[""print"",""while"",""accumulate"",""counter""]"
3	python_foundation_level3_v95_a3_loop_tools.json	PYF95_A3_LOOP_004_WHILE_LIST_INDEX	while로 리스트 인덱스 읽기	while과 인덱스를 함께 사용해 리스트 값을 차례대로 꺼내는 흐름을 읽는다.	"items = [""a"", ""b""]\ni = 0\nwhile i < len(items):\n    print(items[i])\n    i = i + 1"	출력 순서로 맞는 것은?	a 다음 b	i가 0일 때 a, 1일 때 b가 출력된다. 따라서 출력 순서는 ‘a 다음 b’이다. while은 반복 전 초기값을 확인하고 조건 검사 → 본문 실행 → 변수 갱신 순서를 한 번씩 따라가면 반복이 언제 끝나고 마지막 값이 무엇인지 판단할 수 있다.	파일 목록이나 카드 목록을 인덱스로 순회하는 코드를 이해하는 데 도움이 된다.	output_prediction	"[""print"",""while"",""list"",""index"",""len""]"
3	python_foundation_level3_v95_a3_loop_tools.json	PYF95_A3_LOOP_005_WHILE_COUNTDOWN	while로 거꾸로 세기	while 조건이 감소하는 변수와 연결될 때 반복이 언제 멈추는지 읽는다.	i = 3\nwhile i > 0:\n    print(i)\n    i = i - 1	출력 순서로 맞는 것은?	3, 2, 1 순서로 출력	i는 3, 2, 1일 때 출력되고 0이 되면 i > 0이 False가 된다. while은 반복 전 초기값을 확인하고 조건 검사 → 본문 실행 → 변수 갱신 순서를 한 번씩 따라가면 반복이 언제 끝나고 마지막 값이 무엇인지 판단할 수 있다.	카운트다운, 재시도 횟수, 남은 기회 계산은 감소하는 while 패턴으로 나타날 수 있다.	output_prediction	"[""print"",""while"",""counter"",""update""]"
3	python_foundation_level3_v95_a3_loop_tools.json	PYF95_A3_LOOP_006_BREAK_AT_THREE	break로 반복 중단	break 조건이 참이 되는 순간 반복문이 끝나고 이후 출력이 사라지는 흐름을 읽는다.	for n in [1, 2, 3, 4]:\n    if n == 3:\n        break\n    print(n)	출력 순서로 맞는 것은?	1 다음 2	n이 3이 되면 break가 실행되어 3과 4는 출력되지 않는다. 따라서 출력 순서는 ‘1 다음 2’이다. for가 값을 하나씩 꺼내는 순서를 따라가다가 break가 실행되는 조건을 만나면 그 즉시 가장 가까운 반복문이 끝난다는 점까지 포함해 출력과 최종 값을 판단한다.	검색 중 첫 결과를 찾고 멈추는 코드는 break 패턴과 연결된다.	output_prediction	"[""print"",""for"",""break"",""if""]"
3	python_foundation_level3_v95_a3_loop_tools.json	PYF95_A3_LOOP_007_BREAK_FIND_FIRST	첫 번째 일치 항목 찾기	조건에 맞는 첫 번째 값을 찾은 뒤 break로 반복을 멈추는 흐름을 읽는다.	"words = [""cat"", ""apple"", ""ant""]\nfound = """"\nfor word in words:\n    if word.startswith(""a""):\n        found = word\n        break\nprint(found)"	출력 결과는?	apple	a로 시작하는 첫 단어는 apple이고 그 뒤 break로 반복이 끝난다. for가 값을 하나씩 꺼내는 순서를 따라가다가 break가 실행되는 조건을 만나면 그 즉시 가장 가까운 반복문이 끝난다는 점까지 포함해 출력과 최종 값을 판단한다.	데이터 목록에서 첫 조건 만족 항목을 찾는 코드는 실전에서 자주 쓰인다.	output_prediction	"[""if"",""print"",""for"",""break"",""str""]"
3	python_foundation_level3_v95_a3_loop_tools.json	PYF95_A3_LOOP_008_CONTINUE_SKIP_EVEN	continue로 짝수 건너뛰기	continue가 실행된 반복에서는 아래 print를 건너뛰고 다음 반복으로 넘어가는 흐름을 읽는다.	for n in [1, 2, 3, 4]:\n    if n % 2 == 0:\n        continue\n    print(n)	출력 순서로 맞는 것은?	1 다음 3	짝수 2와 4에서는 continue 때문에 print가 실행되지 않는다. 따라서 출력 순서는 ‘1 다음 3’이다. for가 현재 값을 변수에 넣는 순서를 따라가고 continue 조건을 만나면 그 반복의 남은 줄을 건너뛴 뒤 다음 값으로 넘어간다는 점을 함께 확인한다.	필터링 반복문은 조건에 맞지 않는 항목을 continue로 건너뛸 수 있다.	output_prediction	"[""print"",""for"",""continue"",""if""]"
3	python_foundation_level3_v95_a3_loop_tools.json	PYF95_A3_LOOP_009_CONTINUE_SKIP_EMPTY	빈 문자열 건너뛰기	빈 문자열일 때 continue가 실행되어 출력 줄을 건너뛰는 흐름을 읽는다.	"items = [""a"", """", ""b""]\nfor item in items:\n    if item == """":\n        continue\n    print(item)"	출력 순서로 맞는 것은?	a 다음 b	빈 문자열 반복에서는 print가 실행되지 않으므로 a와 b만 출력된다. 따라서 출력 순서는 ‘a 다음 b’이다. for가 현재 값을 변수에 넣는 순서를 따라가고 continue 조건을 만나면 그 반복의 남은 줄을 건너뛴 뒤 다음 값으로 넘어간다는 점을 함께 확인한다.	입력값 정리나 로그 처리에서 비어 있는 값을 건너뛰는 패턴은 자주 사용된다.	output_prediction	"[""if"",""print"",""for"",""continue"",""str""]"
3	python_foundation_level3_v95_a3_loop_tools.json	PYF95_A3_LOOP_010_WHILE_BREAK	while 안 break	while True 반복이 break 조건에서 멈추는 흐름을 읽는다.	i = 0\nwhile True:\n    if i == 2:\n        break\n    print(i)\n    i = i + 1	출력 순서로 맞는 것은?	0 다음 1	i가 2가 되면 break가 먼저 실행되어 2는 출력되지 않는다. 따라서 출력 순서는 ‘0 다음 1’이다. while은 반복 전 초기값을 확인하고 조건 검사 → 본문 실행 → 변수 갱신 순서를 한 번씩 따라가면 반복이 언제 끝나고 마지막 값이 무엇인지 판단할 수 있다.	계속 실행되는 루프는 내부 종료 조건을 찾아야 안전하게 이해할 수 있다.	output_prediction	"[""if"",""print"",""while"",""break"",""condition""]"
3	python_foundation_level3_v95_a3_loop_tools.json	PYF95_A3_LOOP_011_WHILE_CONTINUE_UPDATE	while에서 continue 전 update 확인	while 안에서 update가 continue보다 먼저 실행될 때 출력이 어떻게 달라지는지 읽는다.	i = 0\nwhile i < 3:\n    i = i + 1\n    if i == 2:\n        continue\n    print(i)	출력 순서로 맞는 것은?	1 다음 3	각 반복의 시작에서 i를 먼저 1 늘린다. i가 2일 때 continue가 아래 print만 건너뛰고 다음 조건 검사로 가므로 1과 3이 출력된다. 갱신 줄이 continue 아래에 있었다면 특정 값에서 갱신이 건너뛰어 무한 반복될 수 있다는 차이가 중요하다.	continue가 있는 while문에서는 update 위치를 놓치면 반복 흐름을 잘못 판단하기 쉽다.	output_prediction	"[""if"",""print"",""while"",""continue"",""update""]"
3	python_foundation_level3_v95_a3_loop_tools.json	PYF95_A3_LOOP_012_SORTED_NUMBERS	sorted로 숫자 정렬	sorted가 리스트 값을 오름차순으로 정렬한 새 결과를 만드는 흐름을 읽는다.	nums = [3, 1, 2]\nprint(sorted(nums))	출력 결과는?	[1, 2, 3]	sorted(nums)는 [1, 2, 3]을 만든다. 정렬 코드는 원본 값과 sorted가 만든 새 순서를 구분하고, 정렬된 결과가 다음 반복이나 index 접근에 어떻게 전달되는지 차례로 보면 최종 순서를 판단할 수 있다.	랭킹, 점수, 파일명 정렬은 데이터 처리 코드에서 자주 등장한다.	output_prediction	"[""print"",""sorted"",""list""]"
3	python_foundation_level3_v95_a3_loop_tools.json	PYF95_A3_LOOP_013_SORTED_ORIGINAL_UNCHANGED	sorted 후 원본 확인	sorted가 새 결과를 만들지만 원본 리스트는 그대로 남는다는 점을 읽는다.	nums = [3, 1, 2]\nordered = sorted(nums)\nprint(nums)	출력 결과는?	[3, 1, 2]	sorted(nums)는 정렬된 새 리스트를 반환해 ordered에 저장하고 원래 nums는 바꾸지 않는다. 따라서 print(nums)는 [3, 1, 2]를 출력한다. 정렬 결과를 쓰려면 ordered를 사용하거나 nums에 다시 대입해야 한다.	원본 데이터 보존 여부는 정렬 코드의 중요한 판단 기준이다.	output_prediction	"[""print"",""sorted"",""list"",""mutation""]"
3	python_foundation_level3_v95_a3_loop_tools.json	PYF95_A3_LOOP_014_SORT_METHOD_MUTATES	sort는 원본 리스트를 바꾼다	list.sort()가 원본 리스트 자체를 정렬한다는 점을 sorted와 비교해 읽는다.	nums = [3, 1, 2]\nnums.sort()\nprint(nums)	출력 결과는?	[1, 2, 3]	nums.sort()는 기존 리스트 nums의 원소 순서를 직접 바꾸므로 print(nums)는 [1, 2, 3]을 출력한다. sort()의 반환값은 None이므로 result = nums.sort()처럼 저장하면 result가 정렬 리스트가 되지 않는다는 점을 sorted()와 구분해야 한다.	정렬 코드에서 원본이 바뀌는지 새 결과를 받는지 구분해야 버그를 줄일 수 있다.	output_prediction	"[""print"",""sort"",""list"",""mutation""]"
3	python_foundation_level3_v95_a3_loop_tools.json	PYF95_A3_LOOP_015_SORTED_STRINGS	문자열 리스트 정렬	문자열 리스트가 sorted로 사전식 순서처럼 정렬되는 흐름을 읽는다.	"names = [""b"", ""a"", ""c""]\nprint(sorted(names))"	출력 결과는?	['a', 'b', 'c']	a, b, c 순서로 정렬된다. 정렬 코드는 원본 값과 sorted가 만든 새 순서를 구분하고, 정렬된 결과가 다음 반복이나 index 접근에 어떻게 전달되는지 차례로 보면 최종 순서를 판단할 수 있다.	태그, 이름, 파일명 목록을 정렬하는 코드는 자주 등장한다.	output_prediction	"[""print"",""sorted"",""str"",""list""]"
3	python_foundation_level3_v95_a3_loop_tools.json	PYF95_A3_LOOP_016_SORTED_REVERSE_OPTION	sorted reverse 옵션	sorted의 reverse=True 옵션이 내림차순 정렬 결과를 만드는 흐름을 읽는다.	nums = [1, 3, 2]\nprint(sorted(nums, reverse=True))	출력 결과는?	[3, 2, 1]	reverse=True이므로 큰 값부터 [3, 2, 1]이 된다. 정렬 코드는 원본 값과 sorted가 만든 새 순서를 구분하고, 정렬된 결과가 다음 반복이나 index 접근에 어떻게 전달되는지 차례로 보면 최종 순서를 판단할 수 있다.	점수 높은 순 정렬이나 최신순 정렬은 reverse 옵션과 연결된다.	output_prediction	"[""print"",""sorted"",""reverse"",""list""]"
3	python_foundation_level3_v95_a3_loop_tools.json	PYF95_A3_LOOP_017_REVERSED_LIST	reversed로 리스트 거꾸로	reversed 결과를 list로 바꾸어 거꾸로 된 순서를 확인하는 흐름을 읽는다.	nums = [1, 2, 3]\nprint(list(reversed(nums)))	출력 결과는?	[3, 2, 1]	reversed(nums)는 원소를 뒤에서부터 꺼내는 iterator를 반환하며 바로 리스트를 만들지는 않는다. list(...)가 그 순서를 소비해 [3, 2, 1]을 만든다. 원래 nums의 순서는 바뀌지 않는다. ‘reversed로 리스트 거꾸로’에서는 reversed이 적용되는 줄과 그 전후의 변수 값을 위에서 아래로 연결해 보면 질문에서 요구한 최종 결과가 어떻게 만들어지는지 확인할 수 있다.	최근 항목부터 보기처럼 순서를 뒤집어 읽는 코드는 자주 사용된다.	output_prediction	"[""print"",""reversed"",""list""]"
3	python_foundation_level3_v95_a3_loop_tools.json	PYF95_A3_LOOP_018_REVERSED_ORIGINAL	reversed 후 원본 유지	reversed가 원본 리스트를 직접 바꾸지 않는다는 점을 읽는다.	nums = [1, 2, 3]\nback = list(reversed(nums))\nprint(nums)	출력 결과는?	[1, 2, 3]	back은 역순이지만 nums는 그대로 [1, 2, 3]이다. ‘reversed 후 원본 유지’에서는 reversed이 적용되는 줄과 그 전후의 변수 값을 위에서 아래로 연결해 보면 질문에서 요구한 최종 결과가 어떻게 만들어지는지 확인할 수 있다.	원본 순서를 유지하면서 역순 결과만 따로 쓰는 코드를 구분할 수 있어야 한다.	output_prediction	"[""print"",""reversed"",""list"",""mutation""]"
3	python_foundation_level3_v95_a3_loop_tools.json	PYF95_A3_LOOP_019_REVERSED_STRING_JOIN	문자열 reversed와 join	문자열도 reversed로 거꾸로 읽고 join으로 다시 문자열을 만들 수 있음을 읽는다.	"text = ""abc""\nprint("""".join(reversed(text)))"	출력 결과는?	cba	abc를 거꾸로 읽으면 cba가 된다. ‘문자열 reversed와 join’에서는 reversed이 적용되는 줄과 그 전후의 변수 값을 위에서 아래로 연결해 보면 질문에서 요구한 최종 결과가 어떻게 만들어지는지 확인할 수 있다.	텍스트 처리에서 글자 순서를 뒤집거나 검사하는 코드와 연결된다.	output_prediction	"[""print"",""reversed"",""str"",""join""]"
3	python_foundation_level3_v95_a3_loop_tools.json	PYF95_A3_LOOP_020_ENUMERATE_BASIC	enumerate 기본 번호	enumerate가 0부터 시작하는 번호와 값을 함께 주는 흐름을 읽는다.	"names = [""A"", ""B""]\nfor i, name in enumerate(names):\n    print(i, name)"	첫 번째 출력으로 맞는 것은?	0 A	첫 반복에서 i는 0, name은 A다. for에서는 반복 대상에서 값이 어떤 순서로 변수에 들어오는지 보고, 각 반복에서 실행되는 계산이나 출력까지 한 번씩 적용하면 최종 결과를 안정적으로 판단할 수 있다.	목록을 출력할 때 번호와 값을 함께 보여 주는 코드는 enumerate로 작성할 수 있다.	output_prediction	"[""for"",""print"",""enumerate"",""index"",""value""]"
3	python_foundation_level3_v95_a3_loop_tools.json	PYF95_A3_LOOP_021_ENUMERATE_START_ONE	enumerate 시작 번호 바꾸기	enumerate의 start 옵션이 번호 시작값을 바꾸는 흐름을 읽는다.	"names = [""A"", ""B""]\nfor i, name in enumerate(names, start=1):\n    print(i, name)"	첫 번째 출력으로 맞는 것은?	1 A	start=1이므로 첫 번호는 1이다. for에서는 반복 대상에서 값이 어떤 순서로 변수에 들어오는지 보고, 각 반복에서 실행되는 계산이나 출력까지 한 번씩 적용하면 최종 결과를 안정적으로 판단할 수 있다.	사용자에게 1번부터 번호를 보여 줄 때 start=1이 자주 쓰인다.	output_prediction	"[""for"",""print"",""enumerate"",""start"",""index""]"
3	python_foundation_level3_v95_a3_loop_tools.json	PYF95_A3_LOOP_022_ENUMERATE_SUM_INDEX	enumerate 번호 더하기	enumerate에서 나온 index 값이 누적 계산에 쓰이는 흐름을 읽는다.	"items = [""x"", ""y"", ""z""]\ntotal = 0\nfor i, item in enumerate(items):\n    total = total + i\nprint(total)"	출력 결과는?	3	i는 0, 1, 2가 되어 합은 3이다. for에서는 반복 대상에서 값이 어떤 순서로 변수에 들어오는지 보고, 각 반복에서 실행되는 계산이나 출력까지 한 번씩 적용하면 최종 결과를 안정적으로 판단할 수 있다.	순서 번호를 점수나 위치 계산에 쓰는 코드는 enumerate와 연결된다.	output_prediction	"[""for"",""print"",""enumerate"",""index"",""accumulate""]"
3	python_foundation_level3_v95_a3_loop_tools.json	PYF95_A3_LOOP_023_ENUMERATE_VALUE	enumerate에서 값 사용	enumerate가 번호와 값을 함께 주지만 코드가 실제로 출력하는 것은 item이라는 점을 읽는다.	"items = [""x"", ""y""]\nfor i, item in enumerate(items):\n    print(item)"	출력 순서로 맞는 것은?	x 다음 y	print는 i가 아니라 item을 출력하므로 x 다음 y다. for에서는 반복 대상에서 값이 어떤 순서로 변수에 들어오는지 보고, 각 반복에서 실행되는 계산이나 출력까지 한 번씩 적용하면 최종 결과를 안정적으로 판단할 수 있다.	반복 변수 여러 개가 있을 때 어떤 변수가 사용되는지 확인해야 한다.	output_prediction	"[""for"",""print"",""enumerate"",""value""]"
3	python_foundation_level3_v95_a3_loop_tools.json	PYF95_A3_LOOP_024_ZIP_BASIC	zip으로 같은 위치끼리 묶기	zip이 두 리스트의 같은 위치 값을 묶어 반복 변수에 나누어 주는 흐름을 읽는다.	"names = [""A"", ""B""]\nscores = [10, 20]\nfor name, score in zip(names, scores):\n    print(name, score)"	첫 번째 출력으로 맞는 것은?	A 10	첫 번째 위치끼리 묶여 A와 10이 나온다. for에서는 반복 대상에서 값이 어떤 순서로 변수에 들어오는지 보고, 각 반복에서 실행되는 계산이나 출력까지 한 번씩 적용하면 최종 결과를 안정적으로 판단할 수 있다.	이름과 점수처럼 나란히 있는 두 목록을 함께 처리할 때 zip이 쓰인다.	output_prediction	"[""print"",""zip"",""tuple"",""for""]"
3	python_foundation_level3_v95_a3_loop_tools.json	PYF95_A3_LOOP_025_ZIP_STOPS_SHORT	zip은 짧은 쪽에서 멈춘다	zip이 두 목록 길이가 다를 때 짧은 목록 길이에 맞춰 반복을 멈추는 흐름을 읽는다.	"a = [""x"", ""y"", ""z""]\nb = [1]\ncount = 0\nfor left, right in zip(a, b):\n    count = count + 1\nprint(count)"	출력 결과는?	1	기본 zip은 입력 중 가장 짧은 iterable이 끝나면 조용히 멈춘다. b에 원소가 하나뿐이라 한 쌍만 만들어지고 count는 1이다. 길이가 반드시 같아야 하는 데이터라면 미리 길이를 검사하거나 지원되는 Python에서는 zip(..., strict=True)로 불일치를 오류로 잡는다. for에서는 반복 대상에서 값이 어떤 순서로 변수에 들어오는지 보고, 각 반복에서 실행되는 계산이나 출력까지 한 번씩 적용하면 최종 결과를 안정적으로 판단할 수 있다.	두 데이터 목록을 나란히 묶을 때 누락된 값이 있는지 확인해야 한다.	output_prediction	"[""print"",""zip"",""length"",""for""]"
3	python_foundation_level3_v95_a3_loop_tools.json	PYF95_A3_LOOP_026_ZIP_TO_LIST	zip 결과를 리스트로 보기	zip 결과가 같은 위치끼리 묶인 tuple들의 목록처럼 보이는 흐름을 읽는다.	"names = [""A"", ""B""]\nscores = [10, 20]\nprint(list(zip(names, scores)))"	출력 결과로 맞는 것은?	[('A', 10), ('B', 20)]	A와 10, B와 20이 각각 쌍으로 묶인다. tuple은 위치가 의미를 가지므로 0부터 시작하는 index와 unpacking되는 변수의 순서를 맞춰 보고, 각 위치의 값이 이후 어느 식에서 사용되는지 이어서 확인한다.	두 컬럼을 행 단위로 묶는 데이터 처리와 연결된다.	output_prediction	"[""print"",""zip"",""tuple"",""list""]"
3	python_foundation_level3_v95_a3_loop_tools.json	PYF95_A3_LOOP_027_ENUMERATE_ZIP_COMBO	enumerate와 zip 함께 읽기	zip이 만든 쌍에 enumerate가 번호를 붙이는 중첩 반복 도구 흐름을 읽는다.	"names = [""A"", ""B""]\nscores = [10, 20]\nfor i, pair in enumerate(zip(names, scores), start=1):\n    print(i, pair)"	첫 번째 출력으로 맞는 것은?	1 ('A', 10)	start=1이므로 번호는 1이고 첫 pair는 ('A', 10)이다. for에서는 반복 대상에서 값이 어떤 순서로 변수에 들어오는지 보고, 각 반복에서 실행되는 계산이나 출력까지 한 번씩 적용하면 최종 결과를 안정적으로 판단할 수 있다.	번호가 붙은 표 형태 출력을 만들 때 enumerate와 zip이 함께 쓰일 수 있다.	output_prediction	"[""for"",""print"",""enumerate"",""zip"",""tuple""]"
3	python_foundation_level3_v95_a3_loop_tools.json	PYF95_A3_LOOP_028_SORTED_ENUMERATE	정렬 후 enumerate	sorted로 순서를 바꾼 결과를 enumerate가 번호와 함께 반복하는 흐름을 읽는다.	"names = [""b"", ""a""]\nfor i, name in enumerate(sorted(names), start=1):\n    print(i, name)"	sorted(names)로 정렬한 뒤 첫 번째 출력으로 맞는 것은?	1 a	names는 처음에 ['b', 'a']이지만 sorted(names)를 거치면 ['a', 'b'] 순서가 된다. enumerate(..., start=1)은 정렬된 첫 번째 값 a에 번호 1을 붙인다. 그래서 첫 번째 출력은 1 a이며, 이 카드는 정렬 후 enumerate 흐름을 함께 읽는 연습이다. 원래 순서가 아니라 정렬된 순서를 기준으로 번호가 붙는다는 점이 핵심이다.	정렬된 순위 목록을 만들 때 정렬과 번호 붙이기가 함께 사용된다.	output_prediction	"[""for"",""print"",""sorted"",""enumerate"",""str""]"
3	python_foundation_level3_v95_a3_loop_tools.json	PYF95_A3_LOOP_029_REVERSED_FOR	reversed로 for 반복	reversed 결과를 for문이 거꾸로 순회하는 흐름을 읽는다.	nums = [1, 2, 3]\nfor n in reversed(nums):\n    print(n)	출력 순서로 맞는 것은?	3 다음 2 다음 1	reversed(nums)는 3, 2, 1 순서로 반복된다. for에서는 반복 대상에서 값이 어떤 순서로 변수에 들어오는지 보고, 각 반복에서 실행되는 계산이나 출력까지 한 번씩 적용하면 최종 결과를 안정적으로 판단할 수 있다.	최근 데이터부터 처리하거나 뒤에서부터 검사할 때 reversed 반복이 사용될 수 있다.	output_prediction	"[""print"",""reversed"",""for""]"
3	python_foundation_level3_v95_a3_loop_tools.json	PYF95_A3_LOOP_030_SORTED_SET	set을 sorted로 정렬해 보기	순서 없는 set을 sorted로 정렬하면 정렬된 list 결과를 얻는 흐름을 읽는다.	"tags = {""b"", ""a""}\nprint(sorted(tags))"	출력 결과로 맞는 것은?	['a', 'b']	set 자체의 반복·표시 순서는 보장되지 않지만 sorted(tags)는 원소를 정렬한 새 리스트를 만든다. 두 문자열은 a, b 순서가 되어 ['a', 'b']가 출력되며 원래 set은 바뀌지 않는다.	중복 제거 후 보기 좋게 정렬하는 코드는 태그나 id 목록 처리에 자주 등장한다.	output_prediction	"[""print"",""set"",""sorted"",""list""]"
3	python_foundation_level3_v95_a3_loop_tools.json	PYF95_A3_LOOP_031_CHOOSE_BREAK	반복을 즉시 끝내는 키워드 고르기	break의 의미를 설명 수준에서 판단하고 continue와 구분한다.	for n in [1, 2, 3]:\n    if n == 2:\n        break	이 코드에서 break의 역할은?	현재 가장 가까운 반복문을 끝낸다	n이 2가 되면 break는 자신을 감싼 가장 가까운 for 반복문을 즉시 끝낸다. 중첩 반복문에서는 바깥 반복까지 자동으로 끝내지 않으며, 함수 전체를 끝내는 return과도 다르다.	반복 중단 조건은 검색, 필터링, 안전장치 코드에서 중요하다.	concept_reading	"[""if"",""for"",""break"",""loop""]"
3	python_foundation_level3_v95_a3_loop_tools.json	PYF95_A3_LOOP_032_CHOOSE_CONTINUE	현재 반복만 건너뛰는 키워드 고르기	continue의 의미를 설명 수준에서 판단하고 break와 구분한다.	for n in [1, 2, 3]:\n    if n == 2:\n        continue\n    print(n)	이 코드에서 continue의 역할은?	현재 반복의 남은 줄을 건너뛰고 다음 반복으로 간다	n이 2이면 continue는 현재 iteration의 아래 print를 건너뛰고 가장 가까운 for문의 다음 값으로 간다. 반복문 자체를 끝내는 break와 다르며, while에서 쓰면 상태 갱신을 실수로 건너뛰지 않는지 확인해야 한다.	필터링 반복문에서 특정 항목만 건너뛰는 흐름을 읽는 데 필요하다.	concept_reading	"[""if"",""for"",""print"",""continue"",""loop""]"
3	python_foundation_level3_v95_a4_file_exception_path.json	PYF95_A4_FILE_001_OPEN_READ_ALL	파일 전체 읽기	with open으로 파일을 열고 read로 전체 내용을 문자열 변수에 저장한 뒤 출력하는 흐름을 읽는다.	"# memo.txt 내용: hello\nwith open(""memo.txt"", ""r"", encoding=""utf-8"") as f:\n    text = f.read()\nprint(text)"	출력 결과는?	hello	read는 파일 내용 hello를 문자열로 읽어 text에 저장한다. 파일 코드는 경로를 만드는 단계, 파일을 여는 단계, 내용을 읽거나 쓰는 단계를 따로 나누어 보면 각 변수에 무엇이 들어가는지와 마지막 결과를 놓치지 않는다.	학습 카드, 로그, 설정 파일을 읽는 코드는 파일 전체 읽기 흐름과 연결된다.	output_prediction	"[""comment"",""print"",""open"",""with"",""read""]"
3	python_foundation_level3_v95_a4_file_exception_path.json	PYF95_A4_FILE_002_READLINE_FIRST	첫 줄 읽기	readline이 파일의 첫 줄을 읽고 strip이 줄바꿈을 제거하는 흐름을 읽는다.	"# memo.txt 내용:\n# A\n# B\nwith open(""memo.txt"", ""r"", encoding=""utf-8"") as f:\n    line = f.readline().strip()\nprint(line)"	출력 결과는?	A	readline()은 현재 위치에서 첫 줄 'A\n'을 읽고 strip()은 양끝의 줄바꿈과 다른 공백 문자를 제거해 A를 만든다. 따라서 print는 따옴표 없이 A를 출력한다. 줄 끝 개행만 제거하고 앞뒤 공백은 보존해야 한다면 rstrip('\n')처럼 제거 대상을 좁혀야 한다.	여러 줄 파일에서 첫 줄만 확인하는 코드는 헤더나 제목 처리에 자주 쓰인다.	output_prediction	"[""comment"",""print"",""open"",""readline"",""strip""]"
3	python_foundation_level3_v95_a4_file_exception_path.json	PYF95_A4_FILE_003_READLINES_LEN	여러 줄 개수 세기	readlines가 파일 줄들을 리스트로 만들고 len이 줄 개수를 세는 흐름을 읽는다.	"# memo.txt 내용:\n# A\n# B\nwith open(""memo.txt"", ""r"", encoding=""utf-8"") as f:\n    lines = f.readlines()\nprint(len(lines))"	출력 결과는?	2	파일에는 두 줄이 있으므로 lines 길이는 2다. 파일 코드는 경로를 만드는 단계, 파일을 여는 단계, 내용을 읽거나 쓰는 단계를 따로 나누어 보면 각 변수에 무엇이 들어가는지와 마지막 결과를 놓치지 않는다.	데이터 파일의 행 수를 점검하는 검증 코드와 연결된다.	output_prediction	"[""comment"",""print"",""open"",""readlines"",""len""]"
3	python_foundation_level3_v95_a4_file_exception_path.json	PYF95_A4_FILE_004_STRIP_LINES	줄 끝 공백 제거하기	파일에서 읽은 줄 끝의 줄바꿈을 strip으로 제거해 새 리스트에 넣는 흐름을 읽는다.	"# lines 값 예시\nlines = [""A\n"", ""B\n""]\nclean = []\nfor line in lines:\n    clean.append(line.strip())\nprint(clean)"	출력 결과는?	['A', 'B']	반복문이 각 문자열에 strip()을 적용해 양끝 공백과 줄바꿈을 제거한 새 문자열을 clean에 추가한다. 두 입력에서는 A와 B가 남아 ['A', 'B']가 출력된다. 원본 lines의 문자열은 바뀌지 않으며, 개행만 제거하려면 rstrip('\n')처럼 범위를 좁힌다.	텍스트 파일 정제와 데이터 전처리에서 줄 단위 정리는 자주 사용된다.	output_prediction	"[""comment"",""for"",""print"",""strip"",""list"",""append""]"
3	python_foundation_level3_v95_a4_file_exception_path.json	PYF95_A4_FILE_005_WRITE_TEXT	파일에 문자열 쓰기	write는 파일에 쓰는 동작이고 화면 출력은 별도 print가 만든다는 점을 구분한다.	"with open(""out.txt"", ""w"", encoding=""utf-8"") as f:\n    f.write(""hi"")\nprint(""done"")"	out.txt 파일 안에 저장되는 내용은?	hi	open(..., 'w')는 out.txt가 없으면 만들고, 이미 있으면 여는 순간 기존 내용을 비운다. f.write('hi')는 화면이 아니라 파일에 hi를 쓰고, with를 벗어나며 파일이 닫힌 뒤 print('done')이 콘솔에 done을 출력한다. 따라서 질문의 파일 내용은 hi다.	결과 파일 저장 코드는 화면 출력과 파일 기록을 구분해서 읽어야 한다.	output_prediction	"[""print"",""open"",""write"",""with""]"
3	python_foundation_level3_v95_a4_file_exception_path.json	PYF95_A4_FILE_006_WRITE_RETURN_COUNT	write 반환값	write가 쓴 글자 수를 반환할 수 있음을 읽고, 파일 내용과 화면 출력 값을 구분한다.	"with open(""out.txt"", ""w"", encoding=""utf-8"") as f:\n    n = f.write(""hi"")\nprint(n)"	출력 결과는?	결과는 2이다	문자열 hi의 길이는 2이므로 write 반환값 n은 2다. 따라서 결과는 2이다. 파일 코드는 경로를 만드는 단계, 파일을 여는 단계, 내용을 읽거나 쓰는 단계를 따로 나누어 보면 각 변수에 무엇이 들어가는지와 마지막 결과를 놓치지 않는다.	파일 쓰기 결과를 확인하는 코드에서 반환값을 볼 수 있다.	output_prediction	"[""print"",""write"",""return"",""file""]"
3	python_foundation_level3_v95_a4_file_exception_path.json	PYF95_A4_FILE_007_APPEND_MODE	append 모드로 뒤에 붙이기	append 모드는 파일 뒤에 붙이지만 화면 출력은 print 줄에서 결정된다는 점을 읽는다.	"# out.txt 기존 내용: A\nwith open(""out.txt"", ""a"", encoding=""utf-8"") as f:\n    f.write(""B"")\nprint(""saved"")"	화면 출력은?	saved	파일에는 B가 추가되지만 화면에는 saved가 출력된다. 파일 코드는 경로를 만드는 단계, 파일을 여는 단계, 내용을 읽거나 쓰는 단계를 따로 나누어 보면 각 변수에 무엇이 들어가는지와 마지막 결과를 놓치지 않는다.	로그 파일처럼 기존 내용 뒤에 기록을 추가하는 코드와 연결된다.	output_prediction	"[""comment"",""print"",""open"",""append"",""write""]"
3	python_foundation_level3_v95_a4_file_exception_path.json	PYF95_A4_FILE_008_MODE_W_CONCEPT	w 모드 의미 고르기	파일 모드 문자열이 파일 작업의 성격을 정한다는 점을 설명 수준에서 판단한다.	"mode = ""w"""	open에서 mode가 'w'일 때 의미로 가장 알맞은 것은?	쓰기 모드로 열며, 기존 파일이면 내용을 비운다	'w'는 text 쓰기 모드다. 파일이 없으면 새로 만들고, 이미 있으면 open이 성공하는 순간 기존 길이를 0으로 줄여 내용을 비운다. 기존 자료를 보존해야 한다면 'a'나 안전한 임시 파일 교체 같은 다른 방식을 검토해야 한다. ‘w 모드 의미 고르기’에서는 open이 적용되는 줄과 그 전후의 변수 값을 위에서 아래로 연결해 보면 질문에서 요구한 최종 결과가 어떻게 만들어지는지 확인할 수 있다.	파일 모드를 잘못 읽으면 저장 코드의 위험성을 놓칠 수 있다.	concept_reading	"[""open"",""write"",""file mode""]"
3	python_foundation_level3_v95_a4_file_exception_path.json	PYF95_A4_FILE_009_MODE_A_CONCEPT	a 모드 의미 고르기	append 모드가 기존 내용 뒤에 덧붙이는 의미임을 판단한다.	"mode = ""a"""	open에서 mode가 'a'일 때 의미로 가장 알맞은 것은?	파일 끝에 추가하며, 없으면 새로 만든다	'a'는 append 모드로 쓰기를 파일 끝에 추가하고 파일이 없으면 만든다. 기존 끝에 줄바꿈이 없다면 새 문자열이 바로 이어질 수 있으므로 필요한 구분자나 개행은 코드가 직접 써야 한다. ‘a 모드 의미 고르기’에서는 open이 적용되는 줄과 그 전후의 변수 값을 위에서 아래로 연결해 보면 질문에서 요구한 최종 결과가 어떻게 만들어지는지 확인할 수 있다.	로그나 누적 기록 파일을 다룰 때 append 모드를 이해해야 한다.	concept_reading	"[""open"",""append"",""file mode""]"
3	python_foundation_level3_v95_a4_file_exception_path.json	PYF95_A4_FILE_010_WITH_SCOPE	with 블록 범위 읽기	들여쓰기를 기준으로 with 블록 안의 파일 작업과 블록 밖의 출력을 구분한다.	"with open(""out.txt"", ""w"", encoding=""utf-8"") as f:\n    f.write(""A"")\nprint(""end"")"	with 블록 안에서 실행되는 줄은?	"f.write(""A"")"	들여쓰기된 f.write('A')만 with 블록 안에서 열린 파일 객체를 사용한다. 블록을 정상적으로 나가거나 중간에 예외가 발생해도 context manager가 파일 닫기를 시도한다. 바깥 print('end')는 파일이 닫힌 뒤 실행된다.	파일을 안전하게 닫는 범위는 들여쓰기와 함께 읽어야 한다.	concept_reading	"[""print"",""with"",""indentation"",""file""]"
3	python_foundation_level3_v95_a4_file_exception_path.json	PYF95_A4_FILE_011_PATH_JOIN	Path로 경로 이어 붙이기	Path 객체에서 / 연산으로 경로를 이어 붙이고 name이 마지막 파일명을 가리키는 흐름을 읽는다.	"from pathlib import Path\npath = Path(""data"") / ""memo.txt""\nprint(path.name)"	출력 결과는?	memo.txt	path.name은 마지막 부품인 memo.txt다. 파일 코드는 경로를 만드는 단계, 파일을 여는 단계, 내용을 읽거나 쓰는 단계를 따로 나누어 보면 각 변수에 무엇이 들어가는지와 마지막 결과를 놓치지 않는다.	프로젝트 파일 경로를 만들 때 pathlib을 쓰면 경로 조합이 명확해진다.	output_prediction	"[""import"",""print"",""pathlib"",""Path"",""name""]"
3	python_foundation_level3_v95_a4_file_exception_path.json	PYF95_A4_FILE_012_PATH_SUFFIX	Path 확장자 읽기	Path.suffix가 파일 확장자를 점과 함께 돌려주는 흐름을 읽는다.	"from pathlib import Path\npath = Path(""data/cards.json"")\nprint(path.suffix)"	출력 결과는?	.json	cards.json의 suffix는 .json이다. 파일 코드는 경로를 만드는 단계, 파일을 여는 단계, 내용을 읽거나 쓰는 단계를 따로 나누어 보면 각 변수에 무엇이 들어가는지와 마지막 결과를 놓치지 않는다.	파일 종류를 구분하는 코드에서 suffix는 자주 사용된다.	output_prediction	"[""import"",""print"",""pathlib"",""suffix"",""path""]"
3	python_foundation_level3_v95_a4_file_exception_path.json	PYF95_A4_FILE_013_PATH_STEM	Path stem 읽기	Path.stem이 확장자를 뺀 파일 이름을 돌려주는 흐름을 읽는다.	"from pathlib import Path\npath = Path(""data/cards.json"")\nprint(path.stem)"	출력 결과는?	cards	cards.json에서 확장자를 뺀 이름은 cards다. 파일 코드는 경로를 만드는 단계, 파일을 여는 단계, 내용을 읽거나 쓰는 단계를 따로 나누어 보면 각 변수에 무엇이 들어가는지와 마지막 결과를 놓치지 않는다.	파일명에서 버전명이나 식별자를 뽑는 코드와 연결된다.	output_prediction	"[""import"",""print"",""pathlib"",""stem"",""path""]"
3	python_foundation_level3_v95_a4_file_exception_path.json	PYF95_A4_FILE_014_PATH_PARENT	Path parent 읽기	Path.parent가 파일이 들어 있는 부모 경로를 가리키는 흐름을 읽는다.	"from pathlib import Path\npath = Path(""data/cards.json"")\nprint(path.parent)"	출력 결과는?	data	data/cards.json의 부모 경로는 data다. 파일 코드는 경로를 만드는 단계, 파일을 여는 단계, 내용을 읽거나 쓰는 단계를 따로 나누어 보면 각 변수에 무엇이 들어가는지와 마지막 결과를 놓치지 않는다.	출력 폴더와 입력 파일 위치를 분리해 읽는 데 필요하다.	output_prediction	"[""import"",""print"",""pathlib"",""parent"",""path""]"
3	python_foundation_level3_v95_a4_file_exception_path.json	PYF95_A4_FILE_015_PATH_READ_TEXT	Path.read_text 흐름	Path.read_text가 파일 내용을 문자열로 읽어 변수에 저장하는 흐름을 읽는다.	"# memo.txt 내용: hello\nfrom pathlib import Path\ntext = Path(""memo.txt"").read_text(encoding=""utf-8"")\nprint(text)"	출력 결과는?	hello	read_text는 memo.txt의 내용 hello를 읽는다. 파일 코드는 경로를 만드는 단계, 파일을 여는 단계, 내용을 읽거나 쓰는 단계를 따로 나누어 보면 각 변수에 무엇이 들어가는지와 마지막 결과를 놓치지 않는다.	작은 텍스트 파일을 간단히 읽는 코드에서 read_text가 자주 쓰인다.	output_prediction	"[""comment"",""import"",""print"",""pathlib"",""read_text"",""encoding""]"
3	python_foundation_level3_v95_a4_file_exception_path.json	PYF95_A4_FILE_016_PATH_WRITE_TEXT	Path.write_text 흐름	Path.write_text가 파일에 문자열을 쓰고 화면 출력과는 별개라는 점을 읽는다.	"from pathlib import Path\nPath(""out.txt"").write_text(""hi"", encoding=""utf-8"")\nprint(""done"")"	Path.write_text 실행 뒤 화면에 출력되는 값은?	done	Path('out.txt').write_text('hi', encoding='utf-8')는 문자열 hi를 파일에 저장한다. 이 호출 자체가 화면에 hi를 출력하는 것은 아니고, 이어지는 print('done')만 화면에 보인다. 따라서 파일 내용과 콘솔 출력의 역할을 나누어 읽어야 한다. write_text는 파일을 바꾸는 동작이고, 화면 출력은 print가 담당한다.	짧은 결과 파일을 저장하는 코드에서 write_text가 쓰일 수 있다.	output_prediction	"[""import"",""print"",""pathlib"",""write_text"",""file""]"
3	python_foundation_level3_v95_a4_file_exception_path.json	PYF95_A4_FILE_017_TRY_EXCEPT_VALUE_ERROR	int 변환 오류 잡기	try 안에서 ValueError가 발생하면 except ValueError 블록으로 이동하는 흐름을 읽는다.	"try:\n    number = int(""x"")\n    print(number)\nexcept ValueError:\n    print(""bad"")"	출력 결과는?	bad	int('x')는 정수로 바꿀 수 없어 ValueError를 발생시킨다. 그 순간 try의 다음 print(number)는 실행되지 않고 일치하는 except ValueError 블록으로 이동해 bad를 출력한다. 따옴표는 화면에 나오지 않는다.	사용자 입력을 숫자로 바꾸는 코드는 실패 가능성을 다뤄야 한다.	output_prediction	"[""try_except"",""print"",""try"",""except"",""ValueError""]"
3	python_foundation_level3_v95_a4_file_exception_path.json	PYF95_A4_FILE_018_TRY_EXCEPT_NO_ERROR	오류가 없을 때 except 건너뛰기	try 블록이 정상 실행되면 except 블록이 실행되지 않는 흐름을 읽는다.	"try:\n    number = int(""3"")\n    print(number)\nexcept ValueError:\n    print(""bad"")"	출력 결과는?	결과는 3이다	int('3')은 성공하므로 3이 출력되고 except는 실행되지 않는다. 따라서 결과는 3이다. 먼저 try 블록에서 실제로 예외가 생기는 줄을 찾고, 그 예외 종류가 except와 맞는지 확인하면 정상 흐름과 예외 흐름 중 어느 쪽이 이어지는지 판단할 수 있다.	정상 흐름과 오류 흐름을 분리해서 보는 습관이 중요하다.	output_prediction	"[""try_except"",""print"",""try"",""except"",""int""]"
3	python_foundation_level3_v95_a4_file_exception_path.json	PYF95_A4_FILE_019_ZERO_DIVISION	ZeroDivisionError 잡기	0으로 나누기 오류가 발생하면 해당 except 블록이 실행되는 흐름을 읽는다.	"try:\n    print(10 / 0)\nexcept ZeroDivisionError:\n    print(""zero"")"	출력 결과는?	zero	10 / 0은 ZeroDivisionError를 일으켜 zero가 출력된다. 먼저 try 블록에서 실제로 예외가 생기는 줄을 찾고, 그 예외 종류가 except와 맞는지 확인하면 정상 흐름과 예외 흐름 중 어느 쪽이 이어지는지 판단할 수 있다.	계산 코드에서는 나눗셈의 실패 가능성을 확인해야 한다.	output_prediction	"[""try_except"",""print"",""try"",""except"",""ZeroDivisionError""]"
3	python_foundation_level3_v95_a4_file_exception_path.json	PYF95_A4_FILE_020_EXCEPTION_AS_E	오류 객체 이름 붙이기	except ValueError as e에서 e는 오류 객체 이름이고, 블록 안 코드가 실행되는 흐름을 읽는다.	"try:\n    int(""x"")\nexcept ValueError as e:\n    print(""error"")"	출력 결과는?	error	int('x')가 발생시킨 ValueError를 except ValueError as e가 잡고 예외 객체를 e에 연결한다. 이 예시는 e를 사용하지 않고 error만 출력하지만, 실제 코드에서는 안전한 진단 정보를 기록할 때 e를 참고할 수 있다.	오류 메시지를 로그로 남기는 코드에서 exception 변수 이름이 자주 등장한다.	output_prediction	"[""try_except"",""print"",""except"",""exception"",""as""]"
3	python_foundation_level3_v95_a4_file_exception_path.json	PYF95_A4_FILE_021_FINALLY_RUNS	finally는 마지막에 실행된다	오류가 없어도 finally 블록은 마지막에 실행되는 흐름을 읽는다.	"try:\n    print(""try"")\nexcept ValueError:\n    print(""except"")\nfinally:\n    print(""finally"")"	출력 순서로 맞는 것은?	try 다음 finally	try가 정상 실행되고 except는 건너뛰지만 finally는 실행된다. 먼저 try 블록에서 실제로 예외가 생기는 줄을 찾고, 그 예외 종류가 except와 맞는지 확인하면 정상 흐름과 예외 흐름 중 어느 쪽이 이어지는지 판단할 수 있다.	정리 작업이나 종료 로그는 finally에 들어갈 수 있다.	output_prediction	"[""try_except"",""print"",""try"",""except"",""finally""]"
3	python_foundation_level3_v95_a4_file_exception_path.json	PYF95_A4_FILE_022_SAFE_INT_FUNCTION	safe_int 함수 읽기	함수 안 try/except에서 오류가 나면 except의 return 값이 함수 밖으로 나오는 흐름을 읽는다.	"def safe_int(text):\n    try:\n        return int(text)\n    except ValueError:\n        return 0\n\nprint(safe_int(""x""))"	출력 결과는?	0	int('x')가 ValueError를 내므로 except의 return 0이 실행되고 바깥 print가 0을 출력한다. 다만 0은 실제 입력 '0'의 정상 결과와 실패 기본값을 구분하지 못한다. 호출자가 실패를 알아야 한다면 None, 명시적 결과 객체, 또는 예외 유지처럼 계약을 분명히 해야 한다.	입력값 변환 함수는 실패 시 기본값을 반환하도록 만들 수 있다.	output_prediction	"[""def"",""function"",""try_except"",""print"",""try"",""except"",""return"",""ValueError""]"
3	python_foundation_level3_v95_a4_file_exception_path.json	PYF95_A4_FILE_023_SAFE_INT_SUCCESS	safe_int 정상 변환	try가 성공하면 except가 실행되지 않고 try 안 return 값이 사용되는 흐름을 읽는다.	"def safe_int(text):\n    try:\n        return int(text)\n    except ValueError:\n        return 0\n\nprint(safe_int(""7""))"	출력 결과는?	7	int('7')이 정수 7을 만들므로 try의 return 7에서 함수가 끝나고 except는 실행되지 않는다. 바깥 print가 반환값 7을 출력한다.	성공과 실패가 모두 가능한 함수는 두 흐름을 따로 추적해야 한다.	output_prediction	"[""def"",""function"",""try_except"",""print"",""try"",""except"",""return"",""int""]"
3	python_foundation_level3_v95_a4_file_exception_path.json	PYF95_A4_FILE_024_FILE_NOT_FOUND_CONCEPT	없는 파일 오류 종류	파일이 없을 때 발생할 수 있는 오류 종류를 설명 수준에서 판단한다.	"filename = ""missing.txt"""	없는 파일을 읽으려고 할 때 자주 만나는 오류 이름은?	FileNotFoundError	없는 파일을 열려고 하면 FileNotFoundError가 자주 발생한다. ‘없는 파일 오류 종류’에서는 FileNotFoundError이 적용되는 줄과 그 전후의 변수 값을 위에서 아래로 연결해 보면 질문에서 요구한 최종 결과가 어떻게 만들어지는지 확인할 수 있다.	파일 입력 코드에서는 경로가 맞는지와 파일 존재 여부가 중요하다.	concept_reading	"[""FileNotFoundError"",""open"",""exception""]"
3	python_foundation_level3_v95_a4_file_exception_path.json	PYF95_A4_FILE_025_TRY_FILE_NOT_FOUND	파일 없음 예외 처리	파일 열기 실패가 FileNotFoundError except로 이동하는 흐름을 읽는다.	"try:\n    with open(""missing.txt"", ""r"", encoding=""utf-8"") as f:\n        f.read()\nexcept FileNotFoundError:\n    print(""missing"")"	출력 결과는?	missing	missing.txt가 현재 작업 폴더에 없다는 전제에서 open이 FileNotFoundError를 내고 except가 missing을 출력한다. 다른 권한 오류나 디렉터리를 파일로 연 오류까지 이 except가 잡는 것은 아니다. 파일이 존재한다면 with가 읽기 뒤 닫아 준다.	외부 파일을 읽는 앱은 파일이 없을 때의 흐름도 준비해야 한다.	output_prediction	"[""try_except"",""print"",""try"",""except"",""FileNotFoundError""]"
3	python_foundation_level3_v95_a4_file_exception_path.json	PYF95_A4_FILE_026_JSON_LOADS_STRING	JSON 문자열 파싱	JSON 문자열이 json.loads를 거쳐 dict가 되고 key로 값을 꺼내는 흐름을 읽는다.	"import json\ntext = ""{\""name\"": \""Mina\""}""\ndata = json.loads(text)\nprint(data[""name""])"	출력 결과는?	Mina	loads 뒤 data는 dict이고 name 값은 Mina다. JSON을 읽을 때는 문자열이나 파일 내용이 json 함수에서 파이썬 값으로 바뀌는 지점을 먼저 찾고, 변환 뒤 자료형에서 key나 index로 어떤 값을 꺼내는지 순서대로 확인한다.	설정 파일이나 API 응답은 JSON 문자열에서 dict로 바뀌어 사용된다.	output_prediction	"[""import"",""print"",""json"",""json.loads"",""dict""]"
3	python_foundation_level3_v95_a4_file_exception_path.json	PYF95_A4_FILE_027_JSON_DUMPS_STRING	dict를 JSON 문자열로 바꾸기	json.dumps가 파이썬 dict를 JSON 형식 문자열로 바꾸는 흐름을 읽는다.	"import json\ndata = {""name"": ""Mina""}\ntext = json.dumps(data, ensure_ascii=False)\nprint(type(text).__name__)"	출력 결과는?	str	json.dumps의 결과 text는 문자열이다. 따라서 출력은 ‘str’이다. JSON을 읽을 때는 문자열이나 파일 내용이 json 함수에서 파이썬 값으로 바뀌는 지점을 먼저 찾고, 변환 뒤 자료형에서 key나 index로 어떤 값을 꺼내는지 순서대로 확인한다.	데이터를 파일에 저장하거나 전송하기 전에 문자열로 바꾸는 단계가 필요할 수 있다.	output_prediction	"[""import"",""print"",""json"",""json.dumps"",""str""]"
3	python_foundation_level3_v95_a4_file_exception_path.json	PYF95_A4_FILE_028_JSON_FILE_FLOW	파일에서 JSON 읽기 흐름	파일에서 문자열을 읽고 JSON 파싱 후 dict key로 값을 꺼내는 여러 단계 흐름을 읽는다.	"# config.json 내용: {""level"": 3}\nimport json\nwith open(""config.json"", ""r"", encoding=""utf-8"") as f:\n    text = f.read()\ndata = json.loads(text)\nprint(data[""level""])"	출력 결과는?	level key에 연결된 값 3	f.read()가 JSON 문서를 문자열로 읽고 json.loads(text)가 {'level': 3} dict로 파싱한다. data['level']은 항목 개수가 아니라 level key에 연결된 정수 값 3을 꺼내므로 print는 3을 출력한다.	설정 파일 로딩 코드는 파일 읽기와 JSON 파싱이 이어지는 대표 사례다.	output_prediction	"[""comment"",""import"",""print"",""open"",""read"",""json.loads"",""dict""]"
3	python_foundation_level3_v95_a4_file_exception_path.json	PYF95_A4_FILE_029_PATH_JSON_FLOW	Path와 JSON 함께 읽기	Path.read_text로 읽은 JSON 문자열이 dict로 바뀌고 bool 값으로 사용되는 흐름을 읽는다.	"# config.json 내용: {""ok"": true}\nimport json\nfrom pathlib import Path\ntext = Path(""config.json"").read_text(encoding=""utf-8"")\ndata = json.loads(text)\nprint(data[""ok""])"	출력 결과는?	True	JSON의 true는 파이썬 dict에서 True로 파싱된다. JSON을 읽을 때는 문자열이나 파일 내용이 json 함수에서 파이썬 값으로 바뀌는 지점을 먼저 찾고, 변환 뒤 자료형에서 key나 index로 어떤 값을 꺼내는지 순서대로 확인한다.	짧은 설정 파일 로딩은 pathlib과 json을 함께 쓸 수 있다.	output_prediction	"[""comment"",""import"",""print"",""pathlib"",""read_text"",""json.loads"",""bool""]"
3	python_foundation_level3_v95_a4_file_exception_path.json	PYF95_A4_FILE_030_CHOOSE_WITH_REASON	with를 쓰는 이유 고르기	with open 구조의 목적을 설명 수준에서 판단한다.	"with open(""memo.txt"", ""r"", encoding=""utf-8"") as f:\n    text = f.read()"	with를 쓰는 이유로 가장 알맞은 것은?	파일을 안전하게 열고 닫기 위해	with는 open이 반환한 파일 객체의 context manager를 사용한다. 블록을 벗어날 때 정상 흐름인지 예외 흐름인지와 관계없이 파일을 닫도록 해 수동 close 누락을 줄인다. with가 읽기 오류 자체를 처리해 주는 것은 아니므로 필요한 예외 처리는 별도로 한다. 파일 코드는 경로를 만드는 단계, 파일을 여는 단계, 내용을 읽거나 쓰는 단계를 따로 나누어 보면 각 변수에 무엇이 들어가는지와 마지막 결과를 놓치지 않는다.	파일 처리 코드에서 자원 정리 흐름을 읽는 데 필요하다.	concept_reading	"[""with"",""open"",""file""]"
3	python_foundation_level3_v95_a4_file_exception_path.json	PYF95_A4_FILE_031_CHOOSE_TRY_REASON	try/except를 쓰는 이유 고르기	try/except가 실패할 수 있는 코드를 다루기 위한 구조임을 설명 수준에서 판단한다.	try:\n    number = int(text)\nexcept ValueError:\n    number = 0	try/except를 쓰는 이유로 가장 알맞은 것은?	예상한 ValueError의 대체 흐름을 정의하기 위해	try/except는 예상 가능한 예외가 발생했을 때 정상 흐름과 구분된 대체 동작을 정의한다. 이 코드는 int(text)의 ValueError만 잡아 number를 0으로 둔다. 모든 Exception을 넓게 잡으면 프로그래밍 오류까지 숨길 수 있으므로 처리할 수 있는 구체적인 예외만 잡는다. 먼저 try 블록에서 실제로 예외가 생기는 줄을 찾고, 그 예외 종류가 except와 맞는지 확인하면 정상 흐름과 예외 흐름 중 어느 쪽이 이어지는지 판단할 수 있다.	입력 변환, 파일 읽기, JSON 파싱처럼 실패 가능성이 있는 곳에서 예외 처리가 필요하다.	concept_reading	"[""try_except"",""try"",""except"",""error""]"
3	python_foundation_level3_v95_a4_file_exception_path.json	PYF95_A4_FILE_032_CHOOSE_PATHLIB_REASON	pathlib을 쓰는 이유 고르기	Path가 파일 경로를 구조적으로 다루기 위한 도구임을 설명 수준에서 판단한다.	"from pathlib import Path\npath = Path(""data"") / ""memo.txt"""	pathlib Path를 쓰는 이유로 가장 알맞은 것은?	운영체제에 맞게 경로 부품을 명확히 조합하기 위해	Path('data') / 'memo.txt'는 문자열 구분자를 직접 이어 붙이지 않고 경로 부품을 운영체제 규칙에 맞게 조합한다. 이는 가독성과 이식성을 돕지만 파일 존재, 접근 권한, 사용자 입력 경로의 보안까지 자동으로 보장하지는 않는다. 파일 코드는 경로를 만드는 단계, 파일을 여는 단계, 내용을 읽거나 쓰는 단계를 따로 나누어 보면 각 변수에 무엇이 들어가는지와 마지막 결과를 놓치지 않는다.	프로젝트가 커질수록 경로 조합과 파일명 분석을 안전하게 읽는 능력이 필요하다.	concept_reading	"[""import"",""pathlib"",""Path"",""path""]"
3	python_foundation_micro_gaps_v104_a1.json	PY104_L03_BUILTIN_ALL_001	all()로 모두 True인지 확인하기	all(조건들)이 모든 값이 True일 때만 True가 된다는 의미를 읽는다.	checks = [True, True, False]\nready = all(checks)\nprint(ready)	ready에는 어떤 값이 저장될까?	False	all(checks)는 원소를 truth value로 검사해 하나라도 거짓이면 즉시 False를 반환한다. 마지막 False 때문에 ready는 False다. 반대로 빈 iterable에는 반례가 없으므로 all([])은 True이며, 하나라도 참인지 보는 any와 기준이 다르다.	검증 스크립트에서 여러 조건을 한 번에 묶어 통과 여부를 판단할 때 all()을 읽을 수 있어야 한다.	meaning_choice	"[""print"",""all"",""boolean"",""condition""]"
3	python_foundation_micro_gaps_v104_a1.json	PY104_L03_BUILTIN_MAX_001	max()로 가장 큰 값 읽기	max(values)가 리스트 안에서 가장 큰 값을 골라 반환한다는 흐름을 읽는다.	scores = [72, 91, 84]\nbest = max(scores)\nprint(best)	이 코드에서 print(best)는 무엇을 출력할까?	91	max(scores)는 원소를 비교해 가장 큰 값 91을 반환하고 원본 리스트의 순서를 바꾸지 않는다. 원소가 비교 가능해야 하며 빈 iterable에 default 없이 호출하면 ValueError가 난다. 리스트 전체가 아니라 반환된 하나의 값이 best에 저장된다.	실제 프로젝트에서는 평가 점수, 모델 성능, 파일 크기 후보 중 가장 큰 값을 고르는 로직에서 max()가 자주 보인다.	meaning_choice	"[""print"",""max"",""built-in function"",""comparison""]"
3	python_foundation_micro_gaps_v104_a1.json	PY104_L03_LIST_EXTEND_001	extend()로 여러 값을 한 번에 붙이기	list.extend는 리스트 끝에 여러 원소를 펼쳐서 추가한다는 점을 읽는다.	items = [1, 2]\nitems.extend([3, 4])\nprint(items)	print(items)의 출력으로 맞는 것은?	[1, 2, 3, 4]	items.extend([3, 4])는 전달받은 iterable의 원소 3과 4를 target 리스트 items 끝에 하나씩 추가한다. 따라서 items는 [1, 2, 3, 4]가 된다. append([3, 4])라면 중첩 리스트 하나가 추가된다. extend는 items를 직접 바꾸고 None을 반환하지만, 전달한 iterable 자체를 바꾸지는 않는다. ‘extend()로 여러 값을 한 번에 붙이기’에서는 extend이 적용되는 줄과 그 전후의 변수 값을 위에서 아래로 연결해 보면 질문에서 요구한 최종 결과가 어떻게 만들어지는지 확인할 수 있다.	여러 JSON 결과나 카드 묶음을 하나의 리스트로 합칠 때 append와 extend의 차이를 모르면 중첩 리스트 버그가 생길 수 있다.	meaning_choice	"[""print"",""list"",""extend"",""mutation""]"
3	python_foundation_micro_gaps_v104_a1.json	PY104_L03_LIST_INSERT_001	insert()로 원하는 위치에 값 넣기	list.insert(index, value)가 특정 위치 앞에 값을 끼워 넣는다는 의미를 읽는다.	steps = ['audit', 'commit']\nsteps.insert(1, 'validate')\nprint(steps)	insert 실행 뒤 steps는 어떤 순서가 될까?	['audit', 'validate', 'commit']	insert(1, 'validate')는 현재 인덱스 1 원소 앞에 값을 넣어 ['audit', 'validate', 'commit']을 만든다. 기존 원소는 뒤로 이동하고 리스트 자체가 바뀐다. insert의 반환값은 None이므로 반환값보다 변경된 steps를 확인해야 하며, 큰 리스트 앞쪽 삽입은 원소 이동 비용이 든다.	검증 단계 사이에 새 점검 단계를 끼워 넣거나 UI 메뉴 순서를 조정할 때 insert()의 위치 의미가 중요하다.	meaning_choice	"[""print"",""list"",""insert"",""index""]"
3	python_function_scope_reading_notes_v96_a3.json	PYV96_A3_SCOPE_001_DEF_NOT_CALL	정의만 있고 호출 없음	정의만 있고 호출 없음 코드에서 def 관련 값이 어떤 순서로 바뀌고 최종 결과로 이어지는지 확인한다.	def hello():\n    print('hi')	화면 출력은?	아무것도 출력되지 않음	hello() 호출이 없으므로 함수 안 print는 실행되지 않는다. 따라서 화면에는 아무것도 출력되지 않는다. 보기 표현으로는 ‘아무것도 출력되지 않음’이 맞다.	함수 본문은 호출될 때 실행된다는 기본 규칙을 복습한다.	output_prediction	"[""print"",""def"",""function"",""call""]"
3	python_function_scope_reading_notes_v96_a3.json	PYV96_A3_SCOPE_002_PARAM_ARG	argument가 parameter에 들어가기	호출값 4가 parameter x에 들어가고 return되는 흐름을 읽는다.	def double(x):\n    return x * 2\n\nprint(double(4))	출력 결과는?	8	x는 4이고 x * 2는 8이다. 함수 코드는 정의와 호출을 구분한 뒤 argument가 parameter에 들어가는 순간, 함수 안의 계산, return으로 돌아오는 값을 차례로 연결하면 바깥 코드의 결과까지 추적할 수 있다.	함수 입력과 결과를 연결하는 기본 문제다.	output_prediction	"[""def"",""function"",""print"",""parameter"",""argument"",""return""]"
3	python_function_scope_reading_notes_v96_a3.json	PYV96_A3_SCOPE_003_RETURN_ASSIGN	return 값을 변수에 저장	함수 호출 결과가 바깥 변수에 저장되는 흐름을 읽는다.	def add(a, b):\n    return a + b\n\nresult = add(2, 3)\nprint(result)	출력 결과는?	5	add(2, 3)의 return 값 5가 result에 저장된다. 함수 코드는 정의와 호출을 구분한 뒤 argument가 parameter에 들어가는 순간, 함수 안의 계산, return으로 돌아오는 값을 차례로 연결하면 바깥 코드의 결과까지 추적할 수 있다.	함수 결과를 다음 코드에서 쓰는 패턴이다.	output_prediction	"[""def"",""print"",""return"",""assignment"",""function""]"
3	python_function_scope_reading_notes_v96_a3.json	PYV96_A3_SCOPE_004_PRINT_NO_RETURN	print는 있지만 return 없음	함수 안 print와 함수 호출 결과 None을 구분한다.	def show():\n    print('hi')\n\nresult = show()\nprint(result)	출력 순서로 맞는 것은?	hi 다음 None	result = show()에서 먼저 show가 호출되어 hi를 출력한다. 함수에 return문이 없으면 호출 결과는 None이므로 result에 None이 저장되고, 다음 print(result)가 None을 출력한다. 화면 출력과 반환값은 서로 다른 동작이다.	print와 return 혼동을 줄이는 핵심 복습이다.	output_prediction	"[""def"",""function"",""print"",""return"",""None""]"
3	python_function_scope_reading_notes_v96_a3.json	PYV96_A3_SCOPE_005_LOCAL_DOES_NOT_CHANGE_OUTER	함수 안 대입과 바깥 변수	함수 안 x 대입이 바깥 x를 자동으로 바꾸지 않는 흐름을 읽는다.	x = 10\ndef change():\n    x = 3\n\nchange()\nprint(x)	출력 결과는?	10	change() 안의 x = 3은 대입 때문에 함수의 새 local 변수 x를 만든다. module 범위의 x = 10과 이름은 같지만 다른 binding이므로 호출이 끝난 뒤 바깥 print(x)는 10을 출력한다.	같은 이름 변수의 범위를 구분하는 초급 스코프 문제다.	output_prediction	"[""def"",""function"",""print"",""scope"",""local variable"",""assignment""]"
3	python_function_scope_reading_notes_v96_a3.json	PYV96_A3_SCOPE_006_RETURN_TO_CHANGE	return으로 바깥 값 갱신	함수 return 값을 바깥 변수에 다시 저장해 값이 바뀌는 흐름을 읽는다.	x = 10\ndef change(value):\n    return value + 1\n\nx = change(x)\nprint(x)	출력 결과는?	11	change(10)은 11을 return하고 그 값이 x에 저장된다. 함수 코드는 정의와 호출을 구분한 뒤 argument가 parameter에 들어가는 순간, 함수 안의 계산, return으로 돌아오는 값을 차례로 연결하면 바깥 코드의 결과까지 추적할 수 있다.	함수로 값을 바꾸려면 return과 재대입 흐름을 확인해야 한다.	output_prediction	"[""def"",""function"",""print"",""return"",""scope"",""assignment""]"
3	python_function_scope_reading_notes_v96_a3.json	PYV96_A3_SCOPE_007_EARLY_RETURN	조건 안 return으로 일찍 끝나기	조건 안 return이 실행되면 아래 return이 실행되지 않는 흐름을 읽는다.	def label(n):\n    if n > 0:\n        return 'plus'\n    return 'zero'\n\nprint(label(5))	출력 결과는?	plus	5 > 0이 True라서 plus가 return되고 함수는 끝난다. 함수 코드는 정의와 호출을 구분한 뒤 argument가 parameter에 들어가는 순간, 함수 안의 계산, return으로 돌아오는 값을 차례로 연결하면 바깥 코드의 결과까지 추적할 수 있다.	여러 return 중 실제 실행되는 하나를 찾는 연습이다.	output_prediction	"[""def"",""function"",""print"",""if"",""return"",""early return""]"
3	python_function_scope_reading_notes_v96_a3.json	PYV96_A3_SCOPE_008_NO_EARLY_RETURN	조건이 False일 때 아래 return	조건이 False이면 if 안 return을 건너뛰고 다음 return으로 가는 흐름을 읽는다.	def label(n):\n    if n > 0:\n        return 'plus'\n    return 'zero'\n\nprint(label(0))	출력 결과는?	zero	0 > 0은 False라서 아래 return zero가 실행된다. 함수 코드는 정의와 호출을 구분한 뒤 argument가 parameter에 들어가는 순간, 함수 안의 계산, return으로 돌아오는 값을 차례로 연결하면 바깥 코드의 결과까지 추적할 수 있다.	조건과 return 순서를 함께 보는 복습이다.	output_prediction	"[""def"",""print"",""if"",""return"",""function""]"
3	python_function_scope_reading_notes_v96_a3.json	PYV96_A3_SCOPE_009_LIST_MUTATION	리스트 append는 바깥에서도 보임	함수 안 append가 전달된 리스트 내용을 바꾸는 흐름을 읽는다.	items = []\ndef add_item(box):\n    box.append('a')\n\nadd_item(items)\nprint(items)	출력 결과는?	['a']	add_item(items)를 호출하면 parameter box와 바깥 변수 items가 같은 리스트 객체를 가리킨다. box라는 local 이름을 만든 것뿐 리스트를 복사하지 않았으므로 append가 그 객체를 변경하고 바깥에서 ['a']가 보인다.	리스트 object 변경과 숫자 재대입의 차이를 가볍게 복습한다.	output_prediction	"[""def"",""print"",""list"",""function"",""mutation""]"
3	python_function_scope_reading_notes_v96_a3.json	PYV96_A3_SCOPE_010_INT_LOCAL_CHANGE	숫자 parameter 재대입은 바깥을 안 바꿈	함수 안 parameter 재대입이 바깥 숫자 변수 값을 자동으로 바꾸지 않는 흐름을 읽는다.	x = 1\ndef add_one(n):\n    n = n + 1\n\nadd_one(x)\nprint(x)	출력 결과는?	1	호출할 때 n은 x가 가리키던 정수 1을 받는다. n = n + 1은 새 정수 2를 만든 뒤 local 이름 n만 다시 연결하며 바깥 이름 x를 대입하지 않는다. 그래서 반환값도 사용하지 않은 이 코드의 x는 계속 1이다.	return 없이 함수 안에서만 바뀐 값은 바깥에서 보이지 않을 수 있다.	output_prediction	"[""def"",""function"",""print"",""int"",""scope"",""parameter""]"
3	python_function_scope_reading_notes_v96_a3.json	PYV96_A3_SCOPE_011_NESTED_NOT_CALLED	안쪽 함수도 호출 필요	inner 함수가 정의만 되고 호출되지 않으면 실행되지 않는 흐름을 읽는다.	def outer():\n    def inner():\n        print('in')\n    print('out')\n\nouter()	출력 결과는?	out	outer()가 호출되면 def inner 문은 local 함수 객체를 만들지만 inner 본문은 실행하지 않는다. inner() 호출이 없으므로 in은 출력되지 않고, 이어지는 print('out')만 out을 출력한다.	중첩 함수에서도 호출 여부를 따로 확인해야 한다.	output_prediction	"[""function"",""print"",""nested function"",""def"",""call""]"
3	python_function_scope_reading_notes_v96_a3.json	PYV96_A3_SCOPE_012_NESTED_CALLED	안쪽 함수 호출	outer 안에서 inner가 호출될 때 안쪽 본문도 실행되는 흐름을 읽는다.	def outer():\n    def inner():\n        print('in')\n    inner()\n    print('out')\n\nouter()	출력 순서로 맞는 것은?	in 다음 out	outer() 안에서 inner가 정의된 뒤 inner()가 호출되어 먼저 in을 출력한다. 그 호출이 끝나면 다음 줄로 돌아와 out을 출력하므로 순서는 in 다음 out이다.	중첩 호출 순서를 한 줄씩 따라가는 연습이다.	output_prediction	"[""def"",""function"",""nested function"",""call"",""print""]"
3	python_function_scope_reading_notes_v96_a3.json	PYV96_A3_SCOPE_013_GLOBAL_LIGHT	global로 바깥 변수 바꾸기	global이 있을 때 함수 안 대입이 바깥 변수에 영향을 주는 흐름을 읽는다.	x = 1\ndef change():\n    global x\n    x = 5\n\nchange()\nprint(x)	출력 결과는?	5	global x 선언은 change 안의 x 대입이 local 이름을 만들지 않고 module 범위의 x를 가리키게 한다. 따라서 x = 5가 바깥 값을 바꾸고 print는 5를 출력한다. 전역 상태 변경은 흐름을 추적하기 어려울 수 있어 가능하면 값을 return해 호출자가 대입하는 방식을 우선 고려한다.	global은 예외적인 신호로 보고 일반 함수 흐름과 구분한다.	output_prediction	"[""def"",""function"",""print"",""global"",""scope"",""assignment""]"
3	python_function_scope_reading_notes_v96_a3.json	PYV96_A3_SCOPE_014_DEFAULT_ARGUMENT	기본 인자 사용	argument가 없을 때 parameter 기본값이 사용되는 흐름을 읽는다.	def greet(name='Guest'):\n    return 'Hi ' + name\n\nprint(greet())	출력 결과는?	Hi Guest	name argument가 없으므로 기본값 Guest가 쓰인다. 따라서 출력은 ‘Hi Guest’이다. 함수 코드는 정의와 호출을 구분한 뒤 argument가 parameter에 들어가는 순간, 함수 안의 계산, return으로 돌아오는 값을 차례로 연결하면 바깥 코드의 결과까지 추적할 수 있다.	기본 인자는 함수 호출문을 읽을 때 자주 만난다.	output_prediction	"[""def"",""function"",""print"",""default argument"",""parameter"",""return""]"
3	python_function_scope_reading_notes_v96_a3.json	PYV96_A3_SCOPE_015_KEYWORD_ARGUMENT	키워드 인자 읽기	키워드 인자가 parameter 이름에 맞게 들어가는 흐름을 읽는다.	def profile(name, age):\n    return name + ':' + str(age)\n\nprint(profile(age=10, name='Mina'))	출력 결과는?	Mina:10	name은 Mina, age는 10으로 전달되어 Mina:10이 된다. 함수 코드는 정의와 호출을 구분한 뒤 argument가 parameter에 들어가는 순간, 함수 안의 계산, return으로 돌아오는 값을 차례로 연결하면 바깥 코드의 결과까지 추적할 수 있다.	순서가 바뀌어도 이름으로 연결되는 호출문을 이해한다.	output_prediction	"[""def"",""function"",""print"",""keyword argument"",""parameter"",""return""]"
3	python_function_scope_reading_notes_v96_a3.json	PYV96_A3_SCOPE_016_SCOPE_CHECKLIST	스코프 체크리스트 적용	같은 이름 value를 함수 안팎에서 나누어 보고 return 결과를 따로 추적한다.	value = 2\ndef calc(value):\n    value = value * 3\n    return value\n\nresult = calc(4)\nprint(value)\nprint(result)	출력 순서로 맞는 것은?	2 다음 12	calc(4)의 parameter value는 함수 안의 local 이름이며 12로 바뀌어 반환된다. module 범위의 value는 별도 이름이라 2로 남는다. 따라서 첫 print는 2, 둘째 print는 result에 저장된 12를 출력한다.	스코프 문제의 종합 복습이다.	output_prediction	"[""def"",""function"",""print"",""scope"",""parameter"",""return""]"
3	python_import_debug_beginner_v114_a1.json	PY114_L03_IMPORT_NAME_001	import는 이름을 찾아온다	import가 모듈 이름을 기준으로 Python 파일이나 설치 패키지를 찾는다는 점을 읽는다.	import math\nprint(math.sqrt(9))	이 코드에서 import math의 역할은?	math라는 모듈을 찾아 사용할 준비를 한다	import는 지정한 이름의 모듈을 찾아 코드에서 사용할 수 있게 한다. math.sqrt처럼 모듈 안 기능을 점으로 꺼내 쓴다. ‘import는 이름을 찾아온다’에서는 import이 적용되는 줄과 그 전후의 변수 값을 위에서 아래로 연결해 보면 질문에서 요구한 최종 결과가 어떻게 만들어지는지 확인할 수 있다.	라이브러리 예제 코드를 읽을 때 import 줄이 무엇을 준비하는지 알아야 한다.	multiple_choice	"[""print"",""import"",""module"",""math""]"
3	python_import_debug_beginner_v114_a1.json	PY114_L03_MODULE_PACKAGE_001	module과 package 구분	module은 파일, package는 모듈을 묶는 폴더라는 감각을 잡는다.	app/\n  __init__.py\n  helpers.py\n\nfrom app.helpers import clean_text	위 구조에서 helpers.py는 무엇에 가깝나?	Python 모듈 파일	helpers.py처럼 기능을 담은 .py 파일은 module로 볼 수 있다. app 폴더는 여러 module을 묶는 package 역할을 한다. 따라서 정답은 ‘Python 모듈 파일’이다. ‘module과 package 구분’에서는 module이 적용되는 줄과 그 전후의 변수 값을 위에서 아래로 연결해 보면 질문에서 요구한 최종 결과가 어떻게 만들어지는지 확인할 수 있다.	프로젝트가 커지면 파일 하나가 아니라 여러 모듈/패키지로 나누어 읽게 된다.	multiple_choice	"[""module"",""package"",""__init__.py"",""import""]"
3	python_libraries_missing_topics_v11.json	PY11_L03_if_else_001	if else 분기 읽기	if else 분기 읽기 코드에서 if 관련 값이 어떤 순서로 바뀌고 최종 결과로 이어지는지 확인한다.	"score = 60\nif score >= 70:\n    result = ""pass""\nelse:\n    result = ""retry""\nprint(result)"	출력은?	retry	if/else는 조건이 참일 때와 거짓일 때 실행할 흐름을 나눈다. 이 예제에서 60은 70 이상이 아니므로 if 블록이 아니라 else 블록이 실행된다. 분기 문제는 조건식을 먼저 True 또는 False로 계산한 뒤, 실제로 실행되는 블록만 따라가면 된다. 실행되지 않은 블록의 print나 대입은 결과에 영향을 주지 않는다는 점도 함께 확인해야 한다. 따라서 출력은 ‘retry’이다.	검증 통과/실패, 기준점 분기 코드를 읽는 기초다.	output_prediction	"[""print"",""if"",""else"",""branch""]"
3	python_libraries_missing_topics_v11.json	PY11_L03_tuple_001	tuple 기본 읽기	tuple 기본 읽기 코드에서 index 관련 값이 어떤 순서로 바뀌고 최종 결과로 이어지는지 확인한다.	point = (10, 20)\nprint(point[1])	출력은?	20	tuple도 list처럼 0부터 시작하는 인덱스로 값을 읽을 수 있다. point[1]은 두 번째 값 20을 가리키므로 출력은 20이다. list와 달리 tuple 자체의 원소는 생성 뒤 대입으로 바꿀 수 없는 불변 자료형이다. 다만 tuple 안에 list 같은 변경 가능한 객체가 들어 있다면 그 내부까지 자동으로 불변이 되는 것은 아니다.	좌표, 상태값, 함수 반환값 묶음에 자주 쓰인다.	output_prediction	"[""print"",""tuple"",""index"",""immutable""]"
4	cards_seed_v1.json	L04_for_if_001	for와 if로 원하는 항목 고르기	반복문과 조건문으로 Sensor 노드만 고르는 흐름을 읽는다.	"nodes = [\n    {""label"": ""LiDAR"", ""kind"": ""Sensor""},\n    {""label"": ""UAM"", ""kind"": ""System""},\n    {""label"": ""Radar"", ""kind"": ""Sensor""}\n]\n\nselected = []\n\nfor node in nodes:\n    if node[""kind""] == ""Sensor"":\n        selected.append(node[""label""])\n\nprint(selected)"	selected에는 최종적으로 무엇이 들어갈까?	['LiDAR', 'Radar']가 남는다	for는 여러 항목을 하나씩 꺼내고, if는 그중 조건에 맞는 항목만 골라 처리한다. 이 예제에서는 kind가 Sensor인 LiDAR와 Radar의 label만 selected에 추가된다. 반복문 안에서 dict의 어떤 key를 확인하는지, 조건을 통과한 뒤 어떤 값을 append하는지 순서대로 봐야 한다. 최종 리스트는 모든 항목이 아니라 조건을 통과한 항목만 모은 결과다.	노드 후보 중 특정 종류만 골라낼 때 자주 나오는 흐름이다.	output_prediction	"[""print"",""for"",""if"",""append"",""dict"",""list""]"
4	python_argparse_cli_beginner_v125_a1.json	PY125_L04_ARGPARSE_WHY_001	argparse를 쓰는 이유	argparse를 쓰는 이유를 sys.argv 직접 처리와 비교해 설명할 수 있다.	import argparse\n\nparser = argparse.ArgumentParser(description='작은 CLI 도구')\nparser.add_argument('--input', help='입력 파일 경로')	sys.argv를 직접 다루는 대신 argparse를 쓰는 가장 큰 이유로 알맞은 것은?	옵션 이름과 도움말이 있는 실행 인자를 읽기 위해	argparse는 옵션 이름, 도움말, 타입, 기본값과 오류 메시지를 함께 정의하고 -h/--help도 만들어 준다. 다만 parser.add_argument('--input')만 쓰면 선택 옵션이라 생략 시 None이므로, 필수 입력이면 required=True 또는 위치 인자로 선언한다.		multiple_choice	"[""import"",""argparse"",""sys.argv"",""CLI options"",""help message""]"
4	python_argparse_cli_beginner_v125_a1.json	PY125_L04_SYS_ARGV_BASIC_001	sys.argv로 실행 인자 읽기	sys.argv가 터미널 실행 인자를 어떤 리스트로 보여 주는지 읽을 수 있다.	import sys\n\nprint(sys.argv)\n# 예: python tool.py data.csv\n# 결과 예: ['tool.py', 'data.csv']	다음 코드에서 sys.argv가 의미하는 것은 무엇인가?\n\nimport sys\nprint(sys.argv)	실행할 때 함께 넘긴 인자 목록을 담은 리스트	sys.argv는 프로그램을 실행할 때 함께 들어온 인자를 리스트로 보여 준다. 첫 번째 값은 보통 실행한 파일 이름이고, 그 뒤에 사용자가 넘긴 값들이 들어온다.		multiple_choice	"[""comment"",""import"",""print"",""sys.argv"",""CLI"",""command line arguments"",""script execution""]"
4	python_broad_expansion_v3.json	PY3_L04_set_dedup_001	set으로 중복 제거하기	이미 본 값을 set에 저장해 중복을 건너뛰는 코드를 읽는다.	"labels = [""LiDAR"", ""Radar"", ""LiDAR""]\nseen = set()\nunique = []\n\nfor label in labels:\n    if label in seen:\n        continue\n    seen.add(label)\n    unique.append(label)\n\nprint(unique)"	출력은?	['LiDAR', 'Radar']만 남는다	seen set은 이미 본 값을 빠르게 확인하는 용도이고, unique 리스트는 처음 등장한 순서대로 결과를 보관한다. 첫 LiDAR와 Radar는 둘 다 추가되지만 두 번째 LiDAR는 seen에 있어 continue로 건너뛴다. 따라서 ['LiDAR', 'Radar']만 남는다. set 자체의 반복 순서가 원본 순서를 보장하는 것은 아니며, 이 예제의 순서는 labels를 앞에서부터 읽어 unique에 append하기 때문에 유지된다.	노드 후보, URL, 문서 중복 제거의 기본 패턴이다.	output_prediction	"[""if"",""print"",""continue"",""set"",""dedup"",""for""]"
4	python_broad_expansion_v3.json	PY3_L04_sort_key_001	sorted key 함수 읽기	dict 리스트를 특정 필드 기준으로 정렬하는 코드를 읽는다.	"rows = [\n    {""label"": ""A"", ""score"": 0.7},\n    {""label"": ""B"", ""score"": 0.9}\n]\nranked = sorted(rows, key=lambda row: row[""score""], reverse=True)\nprint(ranked[0][""label""])"	출력은?	B	sorted의 key는 각 항목에서 정렬 기준값을 꺼내는 함수다. lambda가 score를 반환하고 reverse=True가 큰 값을 앞으로 보내므로 0.9인 B가 먼저 온다. sorted는 새 리스트 ranked를 만들며 원본 rows의 순서를 직접 바꾸지 않는다. 따라서 ranked[0]['label']은 B다.	검색 결과, 큐레이션 후보, 모델 점수 정렬에 자주 나온다.	output_prediction	"[""print"",""sorted"",""lambda"",""dict""]"
4	python_core_expansion_v1.json	PY_L04_continue_001	continue로 이번 반복 건너뛰기	continue가 현재 항목 처리를 건너뛰고 다음 반복으로 넘어가는 코드임을 읽는다.	"items = ["""", ""LiDAR"", ""Radar""]\n\nfor item in items:\n    if not item:\n        continue\n    print(item)"	이 코드가 출력하는 것은?	LiDAR, Radar	첫 항목은 빈 문자열이므로 not item이 True가 되고 continue가 실행된다. continue는 현재 반복의 남은 코드인 print를 건너뛰고 다음 항목으로 이동한다. LiDAR와 Radar에서는 조건이 False여서 각각 출력되므로 결과는 LiDAR, Radar이다.	비어 있는 줄이나 잘못된 데이터를 건너뛸 때 자주 쓴다.	output_prediction	"[""print"",""continue"",""for"",""if""]"
4	python_core_expansion_v1.json	PY_L04_enumerate_001	enumerate로 번호와 값 함께 읽기	enumerate(items)가 순번과 값을 함께 꺼내는 구조임을 읽는다.	"items = [""UAM"", ""ADAS""]\n\nfor i, item in enumerate(items):\n    print(i, item)"	enumerate()는 반복문에서 무엇을 함께 제공하는가?	순번과 값	enumerate()는 각 항목의 인덱스와 값을 (인덱스, 값) 순서로 제공한다. 기본 시작 번호는 0이므로 i, item에는 차례로 (0, 'UAM')과 (1, 'ADAS')가 들어간다. 이 코드의 실제 출력은 0 UAM과 1 ADAS이고, 질문의 정답은 ‘순번과 값’이다.	카드 번호, 파일 순번, shard 번호를 붙일 때 유용하다.	meaning_choice	"[""print"",""enumerate"",""for"",""list""]"
4	python_core_expansion_v1.json	PY_L04_zip_001	zip으로 두 리스트 묶기	zip(a, b)가 두 리스트를 짝지어 반복하는 구조임을 읽는다.	"labels = [""LiDAR"", ""Radar""]\nkinds = [""Sensor"", ""Sensor""]\n\nfor label, kind in zip(labels, kinds):\n    print(label, kind)"	zip()은 여러 리스트를 어떻게 묶는가?	두 리스트를 짝지어 반복한다	zip()은 여러 반복 가능한 값에서 같은 위치의 항목끼리 묶는다. 이 코드에서는 ('LiDAR', 'Sensor')와 ('Radar', 'Sensor')가 차례로 만들어져 두 변수가 한 쌍씩 받는다. 입력 목록의 길이가 다르면 기본 zip은 가장 짧은 목록이 끝날 때 멈춘다. 따라서 질문의 정답은 ‘두 리스트를 짝지어 반복한다’이다.	두 컬럼이나 두 목록을 함께 비교할 때 쓰인다.	meaning_choice	"[""print"",""zip"",""for"",""list""]"
4	python_csv_writer_dictreader_beginner_v120_a1.json	PY120_L04_CSV_NEWLINE_WRITE_001	CSV 저장에서 newline 읽기	CSV 파일을 쓸 때 newline=''를 함께 쓰는 패턴을 읽는다.	with open('scores.csv', 'w', newline='', encoding='utf-8') as f:\n    writer = csv.writer(f)	CSV 파일을 쓸 때 newline=''를 자주 함께 쓰는 이유는?	빈 줄이 끼는 문제를 줄이기 위해	텍스트 파일을 newline=''로 열면 csv 모듈이 CSV 레코드의 줄바꿈을 직접 처리한다. 특히 Windows에서 텍스트 계층의 줄바꿈 변환과 csv.writer의 줄바꿈이 겹쳐 빈 줄이 생기는 문제를 피하는 표준 패턴이다.	윈도우에서 CSV 저장 시 빈 줄이 끼는 문제를 줄이는 기초 카드다.	multiple_choice	"[""CSV"",""newline"",""open""]"
4	python_csv_writer_dictreader_beginner_v120_a1.json	PY120_L04_CSV_WRITER_WRITEROW_001	csv.writer와 writerow 읽기	csv.writer가 한 행을 CSV 파일에 쓰고 writerow가 행 하나를 기록한다는 점을 읽는다.	import csv\n\nwith open('scores.csv', 'w', newline='', encoding='utf-8') as f:\n    writer = csv.writer(f)\n    writer.writerow(['name', 'score'])	writer.writerow(['name', 'score'])의 역할로 알맞은 것은?	한 행씩 CSV 파일에 쓰기 위해	writerow()는 CSV에 행 하나를 기록한다. 리스트의 각 값은 CSV의 한 칸에 들어가는 값으로 다뤄진다. 그래서 헤더 행과 데이터 행을 같은 방식으로 쓸 수 있다. 따라서 정답은 ‘한 행씩 CSV 파일에 쓰기 위해’이다.	CSV 결과 파일을 직접 저장하는 초보 실전 카드다.	multiple_choice	"[""import"",""csv.writer"",""writerow"",""CSV""]"
4	python_datetime_beginner_v123_a1.json	PY123_L04_STRFTIME_FILENAME_001	strftime으로 날짜 파일명 만들기	strftime('%Y%m%d')가 날짜를 파일명에 넣기 좋은 문자열로 바꾸는 패턴임을 읽는다.	from datetime import date\n\nstamp = date.today().strftime('%Y%m%d')\nfilename = f'backup_{stamp}.json'	strftime('%Y%m%d')의 역할로 알맞은 것은?	날짜를 원하는 문자열 형식으로 바꾸기 위해	strftime('%Y%m%d')는 날짜를 20260603 같은 문자열로 바꾼다. 날짜가 들어간 백업 파일명이나 실행 로그 이름에 자주 쓴다.	날짜가 들어간 백업 파일명을 만드는 실전 패턴이다.	multiple_choice	"[""import"",""strftime"",""filename"",""date""]"
4	python_datetime_beginner_v123_a1.json	PY123_L04_TODAY_NOW_BASIC_001	오늘 날짜와 현재 시각 읽기	date.today()와 datetime.now()가 오늘 날짜와 현재 시각을 만드는 기본 함수임을 읽는다.	from datetime import date, datetime\n\ntoday = date.today()\nnow = datetime.now()	date.today()와 datetime.now()를 쓰는 이유로 알맞은 것은?	오늘 날짜나 현재 시각을 만들기 위해	date.today()는 시스템의 로컬 날짜를, 인자 없는 datetime.now()는 시간대 정보가 없는 로컬 날짜·시각을 만든다. 한 컴퓨터 안의 파일명에는 편리하지만 여러 시간대를 오가는 기록에는 datetime.now(timezone.utc) 같은 aware datetime을 쓴다.	날짜 기반 파일명, 백업, 로그를 만들기 위한 첫 datetime 카드다.	multiple_choice	"[""import"",""date.today"",""datetime.now"",""datetime""]"
4	python_deep_expansion_v4.json	PY4_L04_all_001	all() 조건 읽기	여러 조건이 모두 참인지 확인하는 all() 코드를 읽는다.	"required = [""id"", ""title""]\nrow = {""id"": ""1"", ""title"": ""News""}\nprint(all(key in row for key in required))"	출력은?	True	all()은 생성된 조건이 모두 참일 때 True를 반환한다. id와 title이 둘 다 row의 key이므로 결과는 True다. 이 검사는 key의 존재만 확인하며 값이 빈 문자열인지까지 검증하지 않는다. 또한 required가 빈 목록이면 검사할 거짓 조건이 없어 all은 True를 반환하므로, 필수 필드 목록 자체가 올바른지도 따로 확인해야 한다.	필수 필드 검증, 스키마 점검 코드에서 자주 나온다.	output_prediction	"[""print"",""all"",""condition"",""validation""]"
4	python_deep_expansion_v4.json	PY4_L04_any_001	any() 조건 읽기	여러 조건 중 하나라도 참이면 참이 되는 코드를 읽는다.	"tags = [""robotics"", ""sensor""]\nif any(tag == ""sensor"" for tag in tags):\n    print(""has sensor"")"	출력은?	has sensor	any()는 여러 조건 중 하나라도 참이면 True를 반환한다. tags 안에 sensor가 하나라도 있으므로 전체 조건은 참이 된다. 반대로 모든 조건이 참이어야 하는 상황은 all()을 쓰므로 문제에서 하나라도인지 전부인지 확인해야 한다. 따라서 출력은 ‘has sensor’이다.	태그, 키워드, 위험 신호 중 하나라도 있는지 확인할 때 자주 쓴다.	output_prediction	"[""if"",""print"",""any"",""condition"",""list""]"
4	python_deep_expansion_v4.json	PY4_L04_list_copy_001	list 복사로 원본 보호	list(items)가 새 리스트를 만들어 원본 변경을 피하는 구조임을 읽는다.	"original = [""LiDAR""]\ncopy = list(original)\ncopy.append(""Radar"")\nprint(original)"	출력은?	"[""LiDAR""]"	list(original)은 원본과 다른 새 리스트를 만든다. 그래서 복사본의 바깥 리스트에 Radar를 append해도 original은 ['LiDAR'] 그대로다. 다만 이것은 얕은 복사라서 원소 안에 또 리스트나 dict가 있다면 그 중첩 객체는 공유될 수 있다. 이 코드가 호출한 것은 copy() 메서드가 아니라 list() 생성자라는 점도 구분해야 한다.	후보 목록을 임시 수정할 때 원본을 보존하는 데 필요하다.	output_prediction	"[""print"",""copy"",""list"",""mutable""]"
4	python_deep_expansion_v4.json	PY4_L04_mutable_alias_001	mutable alias 버그 읽기	두 변수가 같은 리스트 객체를 가리킬 때 생기는 변화를 읽는다.	"a = [""LiDAR""]\nb = a\nb.append(""Radar"")\nprint(a)"	출력은?	"[""LiDAR"", ""Radar""]"	"리스트 같은 mutable 객체는 여러 변수가 같은 객체를 가리킬 수 있다. b와 a가 같은 리스트를 보므로 b를 바꾸면 a도 바뀐 것처럼 보인다. 원본을 독립적으로 유지하려면 copy나 list()로 새 리스트를 만든 뒤 수정해야 한다. 따라서 출력은 ‘[""LiDAR"", ""Radar""]’이다."	리스트/딕트 공유 버그를 읽고 잡는 데 중요하다.	output_prediction	"[""print"",""mutable"",""list"",""alias""]"
4	python_dev_environment_foundation_v103_a1.json	PY107_A1_ENV_003_ACTIVATE_PIP	activate와 pip 위치 이해하기	activate 후 pip를 써야 현재 가상환경에 설치된다는 흐름을 읽는다.	.\.venv\Scripts\Activate.ps1\npython -m pip install requests	가상환경을 만든 뒤 패키지를 그 환경에 설치하려면 보통 먼저 해야 할 일은?	가상환경을 activate한다	가상환경을 만들기만 하면 현재 터미널이 자동으로 그 환경을 쓰는 것은 아니다. activate를 해야 그 터미널에서 실행하는 python과 pip가 해당 가상환경을 바라보게 된다. 그래서 설치 전에 현재 터미널이 어떤 Python을 쓰는지 확인하는 습관이 중요하다. 따라서 정답은 ‘가상환경을 activate한다’이다.		flow	"[""activate"",""pip"",""venv""]"
4	python_dev_environment_foundation_v103_a1.json	PY107_A1_ENV_004_REQUIREMENTS	requirements.txt 역할 읽기	requirements.txt가 패키지 설치 목록을 재현하는 파일임을 이해한다.	python -m pip freeze > requirements.txt\npython -m pip install -r requirements.txt	requirements.txt의 역할로 가장 알맞은 것은?	필요한 패키지 목록을 저장해 환경을 다시 만들기 쉽게 한다	requirements.txt는 설치할 Python 패키지와 선택적으로 버전 조건을 기록한다. 다른 환경에서 python -m pip install -r requirements.txt를 실행하면 비슷한 패키지 구성을 만들 수 있다. 같은 결과를 더 안정적으로 재현하려면 버전 고정뿐 아니라 Python 버전, 운영체제 의존 도구와 설치·검증 절차도 함께 기록해야 한다.		concept	"[""requirements.txt"",""pip"",""reproducibility""]"
4	python_dev_environment_foundation_v103_a1.json	PY107_A1_ENV_005_UBUNTU_WSL	Ubuntu, WSL, 셸 구분하기	PowerShell, Bash, Ubuntu, WSL의 실행 환경 차이를 구분한다.	PowerShell: Set-Location D:\projects\nBash/Ubuntu: cd ~/projects	명령어를 따라 하기 전에 먼저 확인해야 할 것으로 가장 알맞은 것은?	PowerShell인지 Bash인지 현재 셸을 확인한다	PowerShell과 Bash는 명령 문법이 다를 수 있다. 같은 가상환경 활성화도 Windows PowerShell과 Ubuntu/WSL Bash에서 명령이 다르므로, 먼저 현재 셸을 확인하는 습관이 중요하다. 명령어가 틀린 것이 아니라 실행하는 환경이 다른 경우도 많다.		concept	"[""ubuntu"",""wsl"",""shell""]"
4	python_dev_environment_foundation_v103_a1.json	PY107_A1_ENV_006_SUDO	sudo를 조심해서 읽기	sudo가 관리자 권한 실행이며 무조건 붙이면 안 된다는 점을 이해한다.	sudo apt install git\npython -m pip install requests	sudo에 대한 설명으로 가장 알맞은 것은?	관리자 권한으로 실행하겠다는 뜻이므로 필요할 때만 쓴다	sudo는 관리자 권한으로 명령을 실행한다는 뜻이다. 시스템 패키지 설치에는 필요할 수 있지만, pip install에 습관적으로 붙이면 시스템 Python 환경을 더 복잡하게 만들 수 있다. 오류가 났을 때는 sudo부터 붙이기보다 권한, 경로, 가상환경을 나누어 확인해야 한다.		safety	"[""sudo"",""permission"",""admin""]"
4	python_dev_environment_foundation_v103_a1.json	PY107_A1_ENV_007_CUDA_GPU	CUDA와 nvidia-smi 감각 잡기	GPU 문제를 nvidia-smi와 torch.cuda.is_available()로 나누어 확인한다.	"nvidia-smi\npython -c ""import torch; print(torch.cuda.is_available())"""	GPU가 Python에서 안 잡힐 때 확인 흐름으로 가장 알맞은 것은?	nvidia-smi로 GPU/드라이버를 보고, torch.cuda.is_available()도 확인한다	GPU 문제는 하드웨어, 드라이버, CUDA, PyTorch 빌드가 나뉘어 있다. nvidia-smi는 GPU와 드라이버 상태를 보는 시작점이고, torch.cuda.is_available()은 PyTorch가 GPU를 실제로 쓸 수 있는지 확인한다. pip나 git 상태만으로는 GPU 사용 가능 여부를 판단할 수 없다.		debug	"[""print"",""cuda"",""gpu"",""nvidia-smi"",""torch.cuda""]"
4	python_dev_environment_foundation_v103_a1.json	PY107_A1_ENV_008_GIT_FLOW	Git 기본 흐름 잡기	Git의 status, add, commit, push 기본 흐름을 순서대로 읽는다.	"git status\ngit add path/to/changed_file.py\ngit commit -m ""message""\ngit push origin main"	Git에서 변경을 기록하고 원격 저장소에 올리는 기본 흐름으로 가장 알맞은 것은?	status로 확인하고 add, commit, push 순서로 진행한다	git status로 변경을 확인하고, git add로 이번 commit에 넣을 파일을 명시해 staging한다. git commit은 로컬 기록을 만들고 git push는 그 기록을 원격 브랜치에 전송한다. git add .은 의도하지 않은 파일까지 포함할 수 있으므로 초보 단계에서는 status와 diff를 읽고 대상 경로를 좁혀 추가하는 편이 안전하다.		flow	"[""git"",""git_status"",""git_add"",""git_commit"",""git_push""]"
4	python_dev_environment_practical_v113_a1.json	PY113_L04_APT_VS_PIP_001	apt와 pip 구분	apt와 pip가 설치하는 대상이 다르며 시스템 도구와 Python 패키지를 구분한다.	sudo apt install git\npython -m pip install requests	두 명령의 차이는?	apt는 시스템 도구, pip는 Python 패키지	git 같은 시스템 도구는 apt로, requests 같은 Python 라이브러리는 pip로 설치하는 경우가 많다. 두 명령은 설치 대상이 다르다.	AI 서버 세팅에서 apt와 pip를 섞어 쓰므로 둘을 구분하는 것이 중요하다.	multiple_choice	"[""apt"",""pip"",""package"",""dependency""]"
4	python_dev_environment_practical_v113_a1.json	PY113_L04_SUDO_001	sudo 의미 읽기	sudo가 관리자 권한 실행이며 필요한 작업에만 조심해서 써야 한다는 점을 읽는다.	sudo apt update\nsudo apt install git	sudo를 붙이는 가장 알맞은 이유는?	관리자 권한이 필요한 설치 작업이라서	sudo는 Linux에서 관리자 권한으로 실행한다는 뜻이다. 시스템 설치처럼 권한이 필요한 작업에만 쓰고, 아무 오류에나 붙이는 해결책은 아니다.	서버 세팅 중 sudo를 볼 때 무작정 복붙하지 말고 권한 작업인지 확인해야 한다.	multiple_choice	"[""sudo"",""apt"",""permission"",""linux""]"
4	python_dev_environment_practical_v113_a1.json	PY113_L04_UBUNTU_WSL_001	Ubuntu와 WSL 구분	Ubuntu, Linux, WSL이 Python 코드와 어떤 관계인지 구분한다.	Windows PowerShell: .\.venv\Scripts\Activate.ps1\nUbuntu Bash: source .venv/bin/activate	위 코드가 보여주는 핵심 차이는?	쉘에 따라 활성화 명령이 달라진다	Python 개념은 같아도 PowerShell과 Bash는 명령 모양이 다를 수 있다. 그래서 운영체제와 쉘을 구분해서 읽어야 한다. 따라서 정답은 ‘쉘에 따라 활성화 명령이 달라진다’이다.	Windows 노트북과 Ubuntu 서버를 오가며 작업할 때 헷갈리기 쉬운 부분이다.	multiple_choice	"[""ubuntu"",""wsl"",""powershell"",""bash"",""venv""]"
4	python_dev_environment_practical_v113_a1.json	PY113_L04_VENV_ACTIVATE_001	가상환경 활성화 읽기	프롬프트에 .venv가 보이면 현재 가상환경이 활성화된 상태임을 읽는다.	PS D:\project> .\.venv\Scripts\Activate.ps1\n(.venv) PS D:\project>	두 번째 줄의 (.venv)는 무엇을 뜻할까?	현재 가상환경이 활성화된 상태	"프롬프트의 (.venv)는 활성화 스크립트가 PATH 등을 바꾸어 이 가상환경의 Python을 우선 사용하게 했다는 표시다. 다만 프롬프트 표시는 이름일 뿐이므로, 헷갈리면 python -c ""import sys; print(sys.executable)""로 실제 실행 파일을 확인한다."	pip install 전에 어떤 가상환경이 켜져 있는지 확인하는 습관이 중요하다.	multiple_choice	"[""venv"",""activate"",""powershell""]"
4	python_dev_environment_practical_v113_a1.json	PY113_L04_VENV_WHY_001	가상환경을 쓰는 이유	가상환경이 프로젝트별 패키지를 분리해 충돌을 줄이는 장치임을 읽는다.	project_a/.venv  -> numpy 1.x\nproject_b/.venv  -> numpy 2.x	가상환경을 쓰는 가장 큰 이유는?	프로젝트별 패키지를 따로 관리하려고	프로젝트마다 필요한 라이브러리 버전이 다를 수 있다. 가상환경은 프로젝트별로 패키지를 분리해 충돌과 설치 혼란을 줄이고 재현성을 높인다.	여러 대회/서비스 프로젝트를 동시에 할 때 패키지가 서로 꼬이지 않게 해준다.	multiple_choice	"[""venv"",""virtual environment"",""dependency""]"
4	python_exception_traceback_beginner_v117_a1.json	PY117_L04_EXCEPTION_TYPE_001	에러 종류 읽기	ValueError, TypeError 같은 예외 종류가 문제의 성격을 알려 준다는 점을 읽는다.	int('abc')\n# ValueError	ValueError라는 이름이 주는 힌트로 알맞은 것은?	값의 형태나 내용이 맞지 않을 수 있다는 뜻	ValueError는 값 자체가 기대한 형태와 맞지 않을 때 자주 나온다. 여기서는 'abc'를 int로 바꿀 수 없어서 생긴다.	에러 이름을 단순 암기하지 않고 원인 범주를 추측하는 데 도움이 된다.	multiple_choice	"[""comment"",""ValueError"",""exception type"",""debugging""]"
4	python_exception_traceback_beginner_v117_a1.json	PY117_L04_TRACEBACK_FILE_LINE_001	traceback 파일과 줄 번호	traceback의 File과 line 정보를 이용해 고칠 후보 위치를 찾는다.	"File ""main.py"", line 7, in load_data\n    data = open(path).read()"	line 7 정보가 알려 주는 것은?	main.py의 7번째 줄이 확인 후보라는 뜻	File과 line은 에러가 난 코드 위치를 찾는 힌트다. 해당 줄의 변수와 입력값을 확인하면 원인을 좁힐 수 있다. 여러 파일이 나와도 먼저 내 코드 줄을 확인한다. 따라서 정답은 ‘main.py의 7번째 줄이 확인 후보라는 뜻’이다.	긴 프로젝트에서 에러 위치를 찾는 기본 독해 훈련이다.	multiple_choice	"[""traceback"",""line number"",""file path""]"
4	python_exception_traceback_beginner_v117_a1.json	PY117_L04_TRACEBACK_LAST_LINE_001	traceback 마지막 줄 읽기	traceback의 마지막 줄에서 에러 종류와 메시지를 먼저 확인하는 습관을 익힌다.	"Traceback (most recent call last):\n  File ""main.py"", line 3, in <module>\n    age = int('abc')\nValueError: invalid literal for int()"	이 traceback에서 가장 먼저 확인하기 좋은 부분은?	마지막 줄의 ValueError와 메시지	traceback은 마지막 줄에 에러 종류와 메시지를 보여 주는 경우가 많다. 먼저 원인 범주를 보고, 그다음 파일과 줄 번호를 확인하면 된다.	터미널에 긴 에러가 나왔을 때 어디부터 읽어야 하는지 정하는 기초 카드다.	multiple_choice	"[""traceback"",""ValueError"",""error message""]"
4	python_file_exists_mkdir_beginner_v118_a1.json	PY118_L04_EXISTS_BEFORE_READ_001	파일 읽기 전 exists 확인	파일을 읽기 전에 Path.exists()로 경로가 실제 존재하는지 확인하는 이유를 읽는다.	from pathlib import Path\n\npath = Path('data/input.txt')\nif path.exists():\n    text = path.read_text(encoding='utf-8')	이 코드에서 path.exists()를 먼저 확인하는 이유로 알맞은 것은?	파일이 있는지 먼저 확인하기 위해	exists()는 검사한 순간 그 경로가 존재하는지 알려 준다. 초보자에게 빠른 사전 확인은 되지만 검사 직후 파일이 사라질 수 있으므로, 실제 읽기 코드는 read_text()에서 나는 FileNotFoundError도 처리해야 한다. 파일만 허용한다면 is_file()도 확인한다.	데이터 파일을 읽기 전에 경로 문제를 먼저 확인하는 초보 실전 카드다.	multiple_choice	"[""if"",""import"",""Path.exists"",""read_text"",""FileNotFoundError""]"
4	python_file_exists_mkdir_beginner_v118_a1.json	PY118_L04_EXISTS_FALSE_MEANING_001	exists()가 False인 경우	Path.exists()가 False일 때 경로 오타, 작업 폴더, 파일 누락을 점검해야 함을 이해한다.	path = Path('data/input.txt')\nprint(path.exists())  # False	exists()가 False라면 먼저 의심할 만한 것은?	경로가 틀렸거나 파일이 없을 수 있다	False는 그 경로를 찾지 못했다는 뜻이다. 파일명 오타, 현재 작업 폴더, 실제 파일 존재 여부를 먼저 확인하는 게 좋다. 따라서 출력은 ‘경로가 틀렸거나 파일이 없을 수 있다’이다.	FileNotFoundError가 나기 전에 어디를 확인해야 하는지 알려 주는 카드다.	multiple_choice	"[""print"",""Path.exists"",""path"",""current working directory""]"
4	python_foundation_expansion_v10.json	PY10_L04_default_param_001	기본 파라미터 읽기	인자를 생략하면 기본값이 쓰이는 코드를 읽는다.	"def greet(name=""user""):\n    return ""hello "" + name\n\nprint(greet())"	출력은?	hello user	기본 매개변수는 인자를 주지 않았을 때 사용할 값을 미리 정한다. name 기본값이 user라서 greet()는 hello user를 반환한다. 기본값은 함수 정의 시 정해지며, 호출자가 값을 넘기면 그 값이 기본값을 대신한다.	CLI 옵션, API 기본값, 함수 옵션을 읽는 데 필요하다.	output_prediction	"[""def"",""return"",""print"",""function"",""parameter"",""default""]"
4	python_foundation_expansion_v10.json	PY10_L04_function_chain_001	함수 안 메서드 체인 읽기	함수 안에서 문자열을 정규화하는 흐름을 읽는다.	"def normalize(text):\n    return text.strip().lower()\n\nprint(normalize("" LiDAR ""))"	출력은?	lidar	함수 체인은 한 결과를 다음 함수나 메서드로 이어 처리하는 방식이다. strip으로 공백을 제거한 뒤 lower로 소문자로 바꾼다. 중간 결과를 머릿속에 적어 두면 여러 메서드가 이어져도 최종 출력이 어떻게 바뀌는지 놓치지 않는다. 따라서 출력은 ‘lidar’이다.	노드 label, 검색어, 태그 정규화에 자주 쓰인다.	output_prediction	"[""def"",""return"",""print"",""function"",""strip"",""lower"",""normalization""]"
4	python_foundation_expansion_v10.json	PY10_L04_path_join_001	Path / 연산자 읽기	pathlib에서 / 로 경로를 이어 붙이는 코드를 읽는다.	"from pathlib import Path\n\npath = Path(""data"") / ""items.json""\nprint(path)"	Path('data') / 'items.json'의 의미는?	data 폴더 아래 items.json 경로	"Path 객체 사이의 /는 나눗셈이 아니라 경로 조각을 잇는 연산이다. 따라서 Path(""data"") / ""items.json""은 data 폴더 아래의 items.json을 나타내는 경로 객체를 만든다. Path는 현재 운영체제에 맞는 구분자를 사용하지만, 이 줄만으로 폴더나 파일을 실제로 만들지는 않는다."	Windows 경로 꼬임을 줄이는 데 도움이 된다.	meaning_choice	"[""import"",""print"",""pathlib"",""path"",""file""]"
4	python_foundation_expansion_v10.json	PY10_L04_scope_local_001	local scope 읽기	함수 안 지역 변수와 바깥 변수를 구분해 읽는다.	"def outer():\n    value = ""inside""\n    return value\n\nvalue = ""outside""\nprint(outer())"	출력은?	inside	함수 안에서 만든 변수는 보통 그 함수 안의 지역 변수로 동작한다. outer 함수 안의 local value가 return되어 바깥 값과 구분된다. 지역 변수는 함수 호출이 끝나면 보통 사라지므로 다른 함수나 전역 코드와 이름 충돌을 줄인다. 따라서 출력은 ‘inside’이다.	긴 코드에서 같은 이름의 변수가 어디의 값인지 구분하는 훈련이다.	output_prediction	"[""def"",""return"",""print"",""scope"",""function"",""variable""]"
4	python_foundation_level4_v95_a5_oop_basics.json	PYF95_A5_OOP_001_CLASS_ONLY	class 정의만 있는 코드	class 정의와 실제 object 생성을 구분한다.	class Dog:\n    pass	이 코드를 실행했을 때 맞는 설명은?	class 본문이 실행되어 Dog class만 만들어지고 instance는 없다	class 문을 실행하면 들여쓰기된 class 본문이 한 번 실행되고 그 결과로 Dog class 객체가 만들어진다. 이 예시의 본문은 pass라서 눈에 보이는 동작이 없다. Dog() 호출은 없으므로 Dog의 instance는 아직 만들어지지 않는다. ‘class 정의는 전혀 실행되지 않는다’고 이해하면 안 된다.	객체지향 코드를 읽을 때 class 블록과 실행 흐름을 분리해서 봐야 한다.	concept_reading	"[""class"",""object""]"
4	python_foundation_level4_v95_a5_oop_basics.json	PYF95_A5_OOP_002_CREATE_OBJECT	class로 object 만들기	Dog() 호출로 object가 만들어지고 type 이름을 확인하는 흐름을 읽는다.	class Dog:\n    pass\n\npet = Dog()\nprint(type(pet).__name__)	출력 결과는?	Dog	pet은 Dog class로 만든 object이므로 타입 이름은 Dog다.	데이터를 같은 모양으로 묶어 다루는 프로젝트 코드에서 object 생성이 등장할 수 있다.	output_prediction	"[""print"",""class"",""object"",""type""]"
4	python_foundation_level4_v95_a5_oop_basics.json	PYF95_A5_OOP_003_SET_ATTRIBUTE_OUTSIDE	object attribute 밖에서 넣기	object에 점 표기법으로 attribute를 추가하고 다시 읽는 흐름을 따라간다.	"class User:\n    pass\n\nu = User()\nu.name = ""Mina""\nprint(u.name)"	출력 결과는?	Mina	u.name에 Mina가 저장되었으므로 u.name 출력은 Mina다.	간단한 object는 필요한 값을 attribute로 붙여 사용할 수 있다.	output_prediction	"[""print"",""class"",""object"",""attribute""]"
4	python_foundation_level4_v95_a5_oop_basics.json	PYF95_A5_OOP_004_CHANGE_ATTRIBUTE	attribute 값 바꾸기	같은 attribute에 다시 대입하면 마지막 값이 남는 흐름을 읽는다.	class User:\n    pass\n\nu = User()\nu.score = 80\nu.score = 90\nprint(u.score)	출력 결과는?	90	u.score가 80에서 90으로 바뀌었으므로 90이 출력된다.	진행도나 점수 상태가 object attribute로 갱신되는 코드를 이해하는 데 필요하다.	output_prediction	"[""class"",""print"",""attribute"",""assignment"",""object""]"
4	python_foundation_level4_v95_a5_oop_basics.json	PYF95_A5_OOP_005_INIT_NAME	__init__으로 name 저장	__init__ parameter가 self.name attribute로 저장되고 object에서 읽히는 흐름을 읽는다.	"class User:\n    def __init__(self, name):\n        self.name = name\n\nu = User(""Mina"")\nprint(u.name)"	출력 결과는?	Mina	User('Mina')가 먼저 새 instance를 만들고 그 instance가 self로, 문자열 Mina가 name으로 __init__에 전달된다. self.name = name이 instance attribute를 저장하므로 u.name은 Mina다. __init__은 instance를 새로 반환하는 함수가 아니라 생성된 instance를 초기화하며 보통 None을 반환해야 한다.	사용자, 카드, 문제 같은 데이터를 object로 만들 때 초기 attribute 저장이 핵심이다.	output_prediction	"[""def"",""function"",""print"",""class"",""__init__"",""self"",""attribute""]"
4	python_foundation_level4_v95_a5_oop_basics.json	PYF95_A5_OOP_006_INIT_TWO_OBJECTS	두 object의 attribute 구분	같은 class에서 만든 두 object가 각자 다른 name attribute를 가지는 흐름을 읽는다.	"class User:\n    def __init__(self, name):\n        self.name = name\n\na = User(""A"")\nb = User(""B"")\nprint(a.name)\nprint(b.name)"	출력 순서로 맞는 것은?	A 다음 B	User('A')와 User('B')는 서로 다른 instance를 만든다. 각 __init__ 호출의 self가 다르므로 a.name은 A, b.name은 B로 독립적으로 저장되어 A 다음 B가 출력된다. 한 instance의 name을 바꿔도 다른 instance의 name은 자동으로 바뀌지 않는다.	여러 사용자나 여러 학습 카드 object를 구분하는 데 필요한 기본 개념이다.	output_prediction	"[""def"",""function"",""print"",""class"",""__init__"",""object"",""attribute""]"
4	python_foundation_level4_v95_a5_oop_basics.json	PYF95_A5_OOP_007_METHOD_PRINT	method 안 print 실행	object가 method를 호출할 때 method 본문이 실행되는 흐름을 읽는다.	"class Dog:\n    def speak(self):\n        print(""woof"")\n\npet = Dog()\npet.speak()"	출력 결과는?	woof	pet.speak()가 speak method의 print를 실행한다. 따라서 출력은 ‘woof’이다.	object에 동작을 붙여 사용하는 코드는 method 호출로 읽는다.	output_prediction	"[""def"",""function"",""class"",""print"",""method"",""self"",""object""]"
4	python_foundation_level4_v95_a5_oop_basics.json	PYF95_A5_OOP_008_METHOD_NOT_CALLED	method 정의만 있고 호출 없음	method를 정의해도 호출하지 않으면 본문이 실행되지 않는다는 점을 읽는다.	"class Dog:\n    def speak(self):\n        print(""woof"")\n\npet = Dog()"	화면 출력으로 맞는 것은?	아무것도 출력되지 않음	pet.speak() 호출이 없으므로 print가 실행되지 않는다. 따라서 화면에는 아무것도 출력되지 않는다. 보기 표현으로는 ‘아무것도 출력되지 않음’이 맞다.	class 안 method 정의와 실제 method 호출을 구분해야 한다.	output_prediction	"[""def"",""function"",""print"",""method"",""call"",""class""]"
4	python_foundation_level4_v95_a5_oop_basics.json	PYF95_A5_OOP_009_METHOD_RETURN	method return 값 출력	method가 return한 값이 바깥 print로 출력되는 흐름을 읽는다.	class Box:\n    def get_value(self):\n        return 3\n\nbox = Box()\nprint(box.get_value())	출력 결과는?	3	get_value method가 3을 return하고 print가 그 값을 출력한다.	object method가 계산 결과를 돌려주는 구조는 서비스 코드에서 자주 등장한다.	output_prediction	"[""def"",""function"",""class"",""print"",""method"",""return"",""object""]"
4	python_foundation_level4_v95_a5_oop_basics.json	PYF95_A5_OOP_010_METHOD_USES_ATTRIBUTE	method에서 attribute 읽기	method 안 self.name이 현재 object의 attribute를 읽는 흐름을 따라간다.	"class User:\n    def __init__(self, name):\n        self.name = name\n    def greet(self):\n        return ""Hi "" + self.name\n\nu = User(""Mina"")\nprint(u.greet())"	출력 결과는?	Hi Mina	self.name은 Mina이므로 greet는 Hi Mina를 return한다.	사용자 이름이나 상태를 이용해 메시지를 만드는 method를 이해하는 데 필요하다.	output_prediction	"[""def"",""function"",""return"",""class"",""print"",""method"",""self"",""attribute"",""__init__""]"
4	python_foundation_level4_v95_a5_oop_basics.json	PYF95_A5_OOP_011_METHOD_CHANGES_ATTRIBUTE	method에서 attribute 바꾸기	method가 self.count attribute를 읽고 새 값으로 바꾸는 흐름을 읽는다.	class Counter:\n    def __init__(self):\n        self.count = 0\n    def add(self):\n        self.count = self.count + 1\n\nc = Counter()\nc.add()\nprint(c.count)	출력 결과는?	1	Counter()가 count를 0으로 초기화하고 c.add() 호출에서 self가 c에 바인딩된다. method가 c.count를 1로 바꾸므로 print(c.count)는 1을 출력한다. add에는 return이 없어 호출 결과 자체는 None이지만 이 코드는 그 반환값을 출력하지 않는다.	상태를 가진 object는 method 호출로 내부 값이 바뀔 수 있다.	output_prediction	"[""def"",""function"",""class"",""print"",""method"",""attribute"",""self"",""__init__""]"
4	python_foundation_level4_v95_a5_oop_basics.json	PYF95_A5_OOP_012_METHOD_CHANGES_TWICE	method 두 번 호출	같은 object의 method를 여러 번 호출하면 attribute 상태가 누적될 수 있음을 읽는다.	class Counter:\n    def __init__(self):\n        self.count = 0\n    def add(self):\n        self.count = self.count + 1\n\nc = Counter()\nc.add()\nc.add()\nprint(c.count)	출력 결과는?	2	add가 두 번 실행되어 count는 2가 된다.	버튼 클릭 수나 정답 수처럼 누적 상태를 object에 저장할 수 있다.	output_prediction	"[""def"",""function"",""class"",""print"",""method"",""attribute"",""state""]"
4	python_foundation_level4_v95_a5_oop_basics.json	PYF95_A5_OOP_013_INIT_TWO_PARAMS	__init__ parameter 두 개	__init__의 여러 parameter가 각각 attribute로 저장되고 계산에 쓰이는 흐름을 읽는다.	class Point:\n    def __init__(self, x, y):\n        self.x = x\n        self.y = y\n\np = Point(2, 5)\nprint(p.x + p.y)	출력 결과는?	7	x는 2, y는 5이므로 합은 7이다.	좌표나 범위처럼 여러 값을 가진 object를 이해하는 기본 패턴이다.	output_prediction	"[""def"",""function"",""class"",""print"",""__init__"",""parameter"",""attribute""]"
4	python_foundation_level4_v95_a5_oop_basics.json	PYF95_A5_OOP_014_OBJECTS_IN_LIST	object를 리스트에 담기	리스트 인덱스로 object를 고른 뒤 attribute를 읽는 두 단계 흐름을 읽는다.	"class User:\n    def __init__(self, name):\n        self.name = name\n\nusers = [User(""A""), User(""B"")]\nprint(users[1].name)"	출력 결과는?	B	users[1]은 두 번째 User object이고 name은 B다.	여러 사용자나 카드 object를 리스트로 관리하는 코드에 필요하다.	output_prediction	"[""def"",""function"",""class"",""print"",""object"",""list"",""attribute""]"
4	python_foundation_level4_v95_a5_oop_basics.json	PYF95_A5_OOP_015_LOOP_OBJECTS	object 리스트 반복	object 리스트를 반복하며 각 object의 attribute를 출력하는 흐름을 읽는다.	"class User:\n    def __init__(self, name):\n        self.name = name\n\nusers = [User(""A""), User(""B"")]\nfor user in users:\n    print(user.name)"	출력 순서로 맞는 것은?	A 다음 B	첫 object의 name은 A, 두 번째 object의 name은 B다. 따라서 출력 순서는 ‘A 다음 B’이다.	데이터 목록의 각 object를 순회하는 코드는 앱에서 자주 사용된다.	output_prediction	"[""def"",""function"",""class"",""print"",""object"",""for"",""attribute""]"
4	python_foundation_level4_v95_a5_oop_basics.json	PYF95_A5_OOP_016_CLASS_VARIABLE_READ	class variable 읽기	class에 직접 붙은 variable을 class 이름으로 읽는 흐름을 이해한다.	"class Config:\n    version = ""v1""\n\nprint(Config.version)"	출력 결과는?	v1	Config.version은 class variable version의 값 v1이다.	앱 버전이나 공통 설정값은 class variable처럼 표현될 수 있다.	output_prediction	"[""print"",""class variable"",""class"",""attribute""]"
4	python_foundation_level4_v95_a5_oop_basics.json	PYF95_A5_OOP_017_INSTANCE_READ_CLASS_VARIABLE	object에서 class variable 읽기	object를 통해 class variable을 읽을 수 있는 간단한 흐름을 읽는다.	"class Config:\n    version = ""v1""\n\nc = Config()\nprint(c.version)"	출력 결과는?	v1	c.version을 읽을 때 Python은 먼저 c instance에서 version을 찾는다. 해당 instance attribute가 없으므로 class Config로 올라가 class attribute 'v1'을 찾아 출력한다. 이것은 값이 c 안으로 복사됐다는 뜻이 아니라 attribute lookup의 결과다.	공통 설정값과 object별 값을 구분하는 첫 단계다.	output_prediction	"[""class"",""print"",""class variable"",""object"",""attribute""]"
4	python_foundation_level4_v95_a5_oop_basics.json	PYF95_A5_OOP_018_INSTANCE_ATTRIBUTE_OVERRIDES	object attribute가 class variable과 같은 이름일 때	object에 같은 이름의 attribute를 대입하면 그 object에서는 새 값이 읽히는 흐름을 본다.	"class Config:\n    version = ""v1""\n\nc = Config()\nc.version = ""v2""\nprint(c.version)"	출력 결과는?	v2	c.version = 'v2'는 c에 새 instance attribute를 만들어 같은 이름의 class attribute를 가린다. 따라서 c.version은 v2지만 Config.version은 여전히 v1이고 다른 instance는 별도 attribute가 없다면 v1을 읽는다. class attribute 자체를 바꾼 것은 아니다.	공통 기본값과 개별 override를 구분하는 코드 독해에 도움이 된다.	output_prediction	"[""class"",""print"",""class variable"",""instance attribute"",""assignment""]"
4	python_foundation_level4_v95_a5_oop_basics.json	PYF95_A5_OOP_019_SELF_PARAMETER_NOT_ARGUMENT	method 호출에서 self는 자동 연결	method 호출에서 self가 호출한 object와 자동으로 연결된다는 점을 설명 수준에서 판단한다.	"class Dog:\n    def speak(self):\n        return ""woof""\n\npet = Dog()\nprint(pet.speak())"	pet.speak() 호출에서 self에 해당하는 것은?	Dog instance인 pet	pet.speak()는 bound method 호출이라 Python이 pet을 첫 parameter self로 자동 전달한다. 그래서 호출문에는 별도 argument가 없어 보여도 method 본문의 self는 pet을 가리킨다. self라는 이름은 강한 관례이며 instance method의 첫 parameter 역할이 핵심이다.	self를 argument로 직접 넣지 않는 이유를 이해하면 method 호출 형태가 자연스럽게 보인다.	concept_reading	"[""def"",""function"",""return"",""class"",""print"",""self"",""method"",""object""]"
4	python_foundation_level4_v95_a5_oop_basics.json	PYF95_A5_OOP_020_INIT_ARGUMENT_CONNECTION	__init__ argument 연결	__init__ 호출에서 class 생성 argument가 self 뒤의 parameter로 들어가는 흐름을 이해한다.	"class User:\n    def __init__(self, name):\n        self.name = name\n\nu = User(""Mina"")"	"User(""Mina"")에서 ""Mina""는 어디로 들어가는가?"	name parameter	User('Mina')에서 새 instance는 self로 자동 전달되고, 코드에 적은 argument 'Mina'는 다음 parameter name에 들어간다. self.name = name이 이 문자열을 instance attribute로 보관한다. 호출할 때 self 값을 별도로 적지 않는다.	object 생성 줄과 __init__ 정의 줄을 연결하는 능력이 중요하다.	concept_reading	"[""def"",""function"",""class"",""__init__"",""argument"",""parameter""]"
4	python_foundation_level4_v95_a5_oop_basics.json	PYF95_A5_OOP_021_METHOD_WITH_ARGUMENT	method에 argument 전달	method 호출에서 self 외의 argument가 parameter에 들어가 return 값에 쓰이는 흐름을 읽는다.	"class Greeter:\n    def say(self, word):\n        return ""Hi "" + word\n\ng = Greeter()\nprint(g.say(""Python""))"	출력 결과는?	Hi Python	word에 Python이 들어가므로 Hi Python을 return한다.	object method도 일반 함수처럼 추가 입력값을 받을 수 있다.	output_prediction	"[""def"",""function"",""return"",""class"",""print"",""method"",""argument"",""self""]"
4	python_foundation_level4_v95_a5_oop_basics.json	PYF95_A5_OOP_022_METHOD_TWO_ARGUMENTS	method parameter 두 개	object method에 두 argument를 전달하고 return 결과를 출력하는 흐름을 읽는다.	class Calculator:\n    def add(self, a, b):\n        return a + b\n\ncalc = Calculator()\nprint(calc.add(2, 3))	출력 결과는?	5	calc.add(2, 3)에서 calc는 self로 자동 전달되고 코드에 적은 2와 3은 각각 a와 b에 들어간다. method가 5를 반환하고 바깥 print가 그 값을 출력한다.	계산이나 변환을 method로 묶은 코드에서 자주 보이는 구조다.	output_prediction	"[""def"",""function"",""class"",""print"",""method"",""parameter"",""return""]"
4	python_foundation_level4_v95_a5_oop_basics.json	PYF95_A5_OOP_023_METHOD_CALLS_METHOD	method가 다른 method를 호출	method 안에서 self.word()로 같은 object의 다른 method를 호출하는 흐름을 읽는다.	"class Text:\n    def word(self):\n        return ""hi""\n    def shout(self):\n        return self.word().upper()\n\nt = Text()\nprint(t.shout())"	출력 결과는?	HI	"t.shout()를 호출하면 shout의 self는 t를 가리킨다. shout 안의 self.word()가 같은 object의 word method를 호출해 문자열 ""hi""를 돌려준다. 이어서 ""hi"".upper()가 ""HI""를 만들고 shout가 그 값을 return한다. 마지막으로 바깥 print가 ""HI""를 출력한다."	class 내부 method들이 서로 연결되는 코드를 읽는 기초다.	output_prediction	"[""def"",""function"",""class"",""print"",""method"",""self"",""return""]"
4	python_foundation_level4_v95_a5_oop_basics.json	PYF95_A5_OOP_024_ATTRIBUTE_USED_IN_IF	attribute를 조건문에서 사용	object attribute의 bool 값이 if 조건으로 쓰이는 흐름을 읽는다.	"class User:\n    def __init__(self, active):\n        self.active = active\n\nu = User(True)\nif u.active:\n    print(""on"")\nelse:\n    print(""off"")"	출력 결과는?	on	"User(True)를 호출하면 True가 active parameter로 들어가고 self.active = active가 u의 active attribute에 True를 저장한다. 다음 if u.active:에서 이 값이 True이므로 if 블록의 print(""on"")이 실행되고 else 블록은 건너뛴다. 따라서 on이 출력된다."	사용자 상태나 설정 여부를 object attribute로 판단하는 코드와 연결된다.	output_prediction	"[""else"",""def"",""function"",""class"",""print"",""attribute"",""bool"",""if"",""__init__""]"
4	python_foundation_level4_v95_a5_oop_basics.json	PYF95_A5_OOP_025_ATTRIBUTE_DEFAULT_FALSE	초기값 False인 attribute	__init__에서 bool attribute를 기본값으로 준비하는 흐름을 읽는다.	class User:\n    def __init__(self):\n        self.active = False\n\nu = User()\nprint(u.active)	출력 결과는?	False	User()를 호출하면 새 User instance가 만들어지고 __init__의 self가 그 instance를 가리킨다. self.active = False가 active attribute의 초기값을 False로 저장하고, 생성이 끝난 뒤 그 object가 u에 연결된다. 마지막 print(u.active)가 저장된 False를 읽어 출력한다.	초기 상태를 object에 저장하는 방식은 앱 상태 관리의 기본이다.	output_prediction	"[""def"",""function"",""class"",""print"",""attribute"",""bool"",""__init__""]"
4	python_foundation_level4_v95_a5_oop_basics.json	PYF95_A5_OOP_026_ATTRIBUTE_LIST	attribute가 리스트일 때	list attribute가 method 안에서 append로 바뀌는 흐름을 읽는다.	"class Basket:\n    def __init__(self):\n        self.items = []\n    def add(self, item):\n        self.items.append(item)\n\nb = Basket()\nb.add(""apple"")\nprint(b.items)"	출력 결과는?	['apple']	Basket()을 만들 때마다 __init__이 새 빈 리스트를 self.items에 저장한다. b.add('apple')은 그 instance의 리스트에 apple을 추가하므로 ['apple']이 출력된다. 리스트를 class attribute로 한 번만 만들었다면 여러 instance가 같은 mutable 리스트를 공유할 수 있지만 이 코드는 그렇지 않다.	장바구니, 학습 기록, 로그 목록처럼 object가 리스트 상태를 가질 수 있다.	output_prediction	"[""def"",""function"",""class"",""print"",""attribute"",""list"",""method"",""append""]"
4	python_foundation_level4_v95_a5_oop_basics.json	PYF95_A5_OOP_027_ATTRIBUTE_DICT	attribute가 dict일 때	dict attribute를 만든 뒤 key로 값을 꺼내는 흐름을 읽는다.	"class Profile:\n    def __init__(self):\n        self.data = {""level"": 3}\n\np = Profile()\nprint(p.data[""level""])"	출력 결과는?	3	"Profile()을 만들 때 __init__이 {""level"": 3} 딕셔너리를 self.data에 저장하고 생성된 object가 p에 연결된다. p.data는 그 딕셔너리를 가리키고, 이어지는 [""level""]이 level key에 연결된 값 3을 꺼낸다. 그래서 print(p.data[""level""])은 3을 출력한다."	object 안에 메타데이터 dict를 넣어 관리하는 코드를 이해하는 데 필요하다.	output_prediction	"[""def"",""function"",""class"",""print"",""attribute"",""dict"",""__init__""]"
4	python_foundation_level4_v95_a5_oop_basics.json	PYF95_A5_OOP_028_OBJECT_REPR_TYPE	object 자체를 출력할 때의 핵심	object 자체 출력은 사람이 원하는 설명과 다를 수 있음을 개념적으로 판단한다.	class Dog:\n    pass\n\npet = Dog()\nprint(pet)	__str__이나 __repr__을 정의하지 않은 pet의 기본 출력에 대한 설명으로 맞는 것은?	보통 class 단서와 식별 정보 형태는 보이지만 의미 있는 상태 설명은 보장되지 않는다	기본 object 표현은 보통 class 이름과 실행 중 식별 정보가 섞인 <... object at ...> 형태다. 정확한 주소 문자열은 실행마다 달라질 수 있고 attribute 의미를 자동으로 설명하지 않는다. 사람이 읽을 표현이 필요하면 __repr__ 또는 __str__을 목적에 맞게 정의하되 비밀값은 포함하지 않는다.	실전에서는 __repr__ 같은 표현 method를 따로 만들기도 한다.	concept_reading	"[""print"",""object"",""repr"",""class""]"
4	python_foundation_level4_v95_a5_oop_basics.json	PYF95_A5_OOP_029_CHOOSE_ATTRIBUTE	attribute 설명 고르기	점 표기법에서 object와 attribute를 구분한다.	student.score = 90	이 코드에서 score는 무엇으로 보는 것이 가장 알맞은가?	student object의 attribute	student.score에서 score는 student object에 붙은 attribute다.	object의 상태 값을 읽거나 바꾸는 코드를 이해하는 기본이다.	concept_reading	"[""attribute"",""object"",""dot""]"
4	python_foundation_level4_v95_a5_oop_basics.json	PYF95_A5_OOP_030_CHOOSE_METHOD	method 설명 고르기	점 표기법으로 호출되는 method를 설명 수준에서 구분한다.	student.study()	이 코드에서 study는 무엇으로 보는 것이 가장 알맞은가?	student object가 호출하는 method	student.study()는 student object의 study method를 호출하는 형태다.	object가 가진 동작을 읽는 데 필요한 기본 개념이다.	concept_reading	"[""method"",""object"",""dot""]"
4	python_foundation_level4_v95_a5_oop_basics.json	PYF95_A5_OOP_031_CHOOSE_INIT	__init__ 역할 고르기	__init__이 object 초기 상태를 준비하는 특별한 method임을 판단한다.	def __init__(self, name):\n    self.name = name	__init__의 역할로 가장 알맞은 것은?	instance가 만들어진 뒤 초기 attribute를 설정한다	__init__은 __new__가 instance를 만든 뒤 호출되어 전달받은 값으로 초기 상태를 설정한다. 보통 self에 attribute를 저장하며 None을 반환해야 한다. instance 자체를 만드는 단계와 초기화 단계를 완전히 같은 것으로 보면 안 된다.	class 기반 코드를 읽을 때 생성 시점의 흐름을 파악하는 데 중요하다.	concept_reading	"[""def"",""function"",""__init__"",""attribute"",""self""]"
4	python_foundation_level4_v95_a5_oop_basics.json	PYF95_A5_OOP_032_CHOOSE_CLASS_FLOW	객체 코드 읽는 순서 고르기	class 기반 코드의 큰 실행 흐름을 생성과 사용 순서로 정리한다.	"class User:\n    def __init__(self, name):\n        self.name = name\n\nu = User(""Mina"")\nprint(u.name)"	이 코드를 읽는 순서로 가장 알맞은 것은?	class 정의 확인 → object 생성 → attribute 출력	먼저 class 문이 실행되어 User가 정의된다. User('Mina') 호출은 instance를 만들고 __init__에서 self.name을 설정한 뒤 u에 연결한다. 마지막 print가 u.name을 읽어 Mina를 출력한다. 정의, instance 생성·초기화, attribute 읽기를 순서대로 구분한다.	긴 객체지향 코드를 읽을 때 전체 흐름을 잡는 기준이 된다.	concept_reading	"[""def"",""function"",""print"",""class"",""object flow"",""attribute""]"
4	python_foundation_micro_gaps_v104_a1.json	PY104_L04_ASSERT_BASIC_001	assert로 기대값 확인하기	assert는 조건이 True인지 확인하고 False이면 실패시키는 간단한 검증 문장임을 읽는다.	total = 2 + 3\nassert total == 5\nprint('ok')	이 코드에서 assert 조건이 True이면 어떤 흐름이 될까?	그 다음 줄로 넘어가 ok가 출력된다	total == 5가 True라 assert는 조용히 통과하고 다음 줄이 ok를 출력한다. assert는 개발 중 내부 가정과 테스트를 확인하는 데 적합하지만 Python 최적화 옵션에서 제거될 수 있다. 사용자 입력 검증이나 반드시 실행되어야 하는 보안·업무 규칙에는 if와 명시적 예외를 사용해야 한다.	카드 데이터나 검증 스크립트를 수정한 뒤 expected count가 맞는지 확인할 때 assert와 비슷한 사고방식이 필요하다.	meaning_choice	"[""print"",""assert"",""test"",""validation""]"
4	python_foundation_micro_gaps_v104_a1.json	PY104_L04_EXCEPTION_KEYERROR_001	KeyError는 dict에 없는 key를 바로 읽을 때 난다	KeyError가 딕셔너리에 없는 key를 대괄호로 읽을 때 발생할 수 있음을 이해한다.	user = {'name': 'Mina'}\nprint(user['age'])	이 코드가 실패하는 이유로 맞는 것은?	age key가 user 딕셔너리에 없기 때문이다	user에는 name key만 있어 user['age'] 조회가 KeyError를 발생시킨다. age가 반드시 있어야 한다면 대괄호 접근으로 데이터 결함을 드러내는 것이 맞을 수 있다. 선택 필드라면 get으로 명시적 기본값을 쓰되, key 누락과 실제 None 값을 구분해야 하는지도 계약에 포함한다.	JSON, 설정 파일, API 응답을 다루는 프로젝트에서는 없는 key를 바로 읽는 코드가 자주 실패 원인이 된다.	meaning_choice	"[""print"",""KeyError"",""dict"",""get""]"
4	python_foundation_micro_gaps_v104_a1.json	PY104_L04_EXCEPTION_RAISE_001	raise로 직접 오류 발생시키기	raise는 문제가 발견됐을 때 일부러 예외를 발생시켜 흐름을 멈추는 명령이라는 점을 읽는다.	score = -1\nif score < 0:\n    raise ValueError('score must be non-negative')	이 코드에서 score가 -1이면 어떤 일이 일어날까?	ValueError가 발생한다	score < 0이 참이므로 raise가 ValueError를 명시적으로 발생시키고 정상 흐름을 중단한다. 메시지의 non-negative는 조건과 일치해 0은 허용하고 음수만 거부한다. 호출자가 이 예외를 잡지 않으면 traceback과 함께 프로그램 밖으로 전파된다.	검증 스크립트에서 조건이 맞지 않으면 raise SystemExit 또는 raise ValueError로 작업을 멈추는 패턴을 자주 보게 된다.	meaning_choice	"[""if"",""raise"",""exception"",""validation""]"
4	python_foundation_micro_gaps_v104_a1.json	PY104_L04_EXCEPTION_TYPEERROR_001	TypeError는 값의 종류가 맞지 않을 때 난다	TypeError가 자료형이나 연산 방식이 맞지 않을 때 발생한다는 뜻을 읽는다.	age = 10\nmessage = 'age: ' + age\nprint(message)	이 코드가 실패한다면 가장 가까운 이유는 무엇일까?	문자열과 숫자를 그대로 더하려 했기 때문이다	TypeError는 값의 종류나 사용 방식이 맞지 않을 때 자주 발생한다. 이 예제에서는 문자열과 정수를 +로 바로 붙이려 해서 문제가 된다. 해결하려면 str(age)처럼 숫자를 문자열로 바꾸거나 f-string을 사용할 수 있다. 오류 이름만 외우기보다 ‘이 연산이 이 자료형에 가능한가’를 확인하는 것이 중요하다. TypeError를 보면 변수의 실제 자료형, 함수에 넘긴 인자 종류, 연산자 양쪽 값을 먼저 확인한다.	실제 코드에서 API 응답, 사용자 입력, JSON 값은 예상과 다른 자료형일 수 있어서 TypeError 독해가 중요하다.	meaning_choice	"[""print"",""TypeError"",""type"",""exception""]"
4	python_foundation_micro_gaps_v104_a1.json	PY104_L04_PYTEST_EXPECTED_ACTUAL_001	expected와 actual 나누어 읽기	테스트에서 기대값 expected와 실제 결과 actual을 분리해 비교하는 방식을 읽는다.	def double(x):\n    return x * 2\n\nactual = double(4)\nexpected = 8\nassert actual == expected	이 코드에서 actual의 의미로 가장 알맞은 것은?	함수를 실행해서 실제로 나온 값	테스트 코드는 보통 실제 결과 actual과 기대값 expected를 비교한다. actual은 함수를 실행해서 나온 값이고 expected는 우리가 맞다고 생각하는 값이다. assert actual == expected는 두 값이 같아야 통과한다는 뜻이다. 이렇게 나누어 쓰면 테스트가 실패했을 때 실제 결과가 틀린 것인지, 기대값을 잘못 적은 것인지 더 쉽게 확인할 수 있다. 초급자에게는 테스트를 읽는 가장 중요한 기준점이다.	학습 앱의 카드 수, 정답 위치, 파일 참조 개수도 expected와 actual을 나누어 비교하면 안정적으로 검증할 수 있다.	meaning_choice	"[""def"",""function"",""return"",""pytest"",""expected"",""actual"",""assert""]"
4	python_foundation_micro_gaps_v104_a1.json	PY104_L04_PYTEST_TEST_FUNCTION_001	pytest는 test_ 함수 안의 assert를 실행한다	pytest가 test_로 시작하는 함수를 찾아 assert 검증을 실행한다는 흐름을 읽는다.	def add(a, b):\n    return a + b\n\ndef test_add():\n    assert add(2, 3) == 5	pytest가 이 파일을 검사할 때 핵심으로 실행할 함수는 무엇일까?	test_add	pytest의 기본 발견 규칙에서는 test_로 시작하는 함수가 테스트 후보이므로 test_add가 실행되고 add는 그 테스트가 호출하는 기능 함수다. assert가 거짓이면 테스트가 실패한다. 파일 이름과 class 이름 등 다른 발견 규칙도 있으며 pytest 설정으로 바뀔 수 있으므로 'test_면 언제나 어디서든 실행된다'는 뜻은 아니다.	프로젝트에서 검증 스크립트를 자동화할 때 pytest는 작은 함수 단위로 회귀를 막는 기본 도구가 될 수 있다.	meaning_choice	"[""def"",""function"",""return"",""pytest"",""assert"",""test function""]"
4	python_foundation_micro_gaps_v104_a1.json	PY104_L04_REGRESSION_CHECK_001	회귀 테스트는 고친 뒤 다시 깨지지 않았는지 본다	회귀 테스트가 이전에 되던 기능이 수정 뒤에도 유지되는지 확인하는 검증이라는 점을 이해한다.	before = 1592\nafter = 1604\nassert after >= before	이 검증이 확인하려는 생각과 가장 가까운 것은?	수정 뒤 카드 수가 줄어드는 실수를 막는다	이 assert는 after가 before보다 작아지는 경우만 막아 카드 수 감소를 감지한다. 회귀 테스트는 이전에 보장하던 동작이 변경 뒤에도 유지되는지 확인하는 안전망이지만, 개수가 유지된다고 내용·ID·정답이 올바른 것은 아니다. 실제 검증에는 schema, 고유 ID, 참조와 대표 동작 테스트도 함께 필요하다.	이 프로젝트에서 매번 validate_lessons와 browser smoke를 돌리는 것도 일종의 회귀 확인 루틴이다.	meaning_choice	"[""regression test"",""validation"",""pytest""]"
4	python_foundation_micro_gaps_v104_a1.json	PY104_L04_TRACEBACK_LAST_LINE_001	traceback 마지막 줄에서 오류 종류 읽기	traceback을 볼 때 마지막 줄의 오류 종류와 메시지를 먼저 확인하는 습관을 익힌다.	"Traceback (most recent call last):\n  File ""app.py"", line 2, in <module>\n    print(user['age'])\nKeyError: 'age'"	이 traceback에서 가장 먼저 확인할 핵심은 무엇일까?	KeyError: 'age'	마지막 줄 KeyError: 'age'는 예외 종류와 메시지를 알려 주므로 좋은 출발점이다. 그다음 바로 위 frame의 app.py 2줄에서 어떤 표현이 age를 조회했는지 확인한다. 호출이 여러 단계라면 마지막 줄만 보고 끝내지 말고 traceback의 frame을 아래에서 위로 따라 실제 입력 경로와 원인을 찾는다.	실제 개발에서는 긴 로그가 나와도 마지막 오류 줄과 그 바로 위 코드 줄을 먼저 보는 습관이 문제 해결 시간을 줄인다.	meaning_choice	"[""print"",""traceback"",""error message"",""debugging""]"
4	python_import_debug_beginner_v114_a1.json	PY114_L04_MODULE_NOT_FOUND_MEANING_001	ModuleNotFoundError 뜻 읽기	ModuleNotFoundError가 Python이 모듈 이름을 찾지 못했다는 뜻임을 읽는다.	ModuleNotFoundError: No module named 'requests'	이 오류가 가장 직접적으로 말하는 것은?	requests 모듈을 찾지 못했다	ModuleNotFoundError는 import하려는 이름을 Python이 찾지 못했다는 뜻이다. 설치 여부와 실행 환경을 먼저 확인해야 한다.	처음 라이브러리 설치 후 import가 안 될 때 가장 자주 만나는 오류다.	multiple_choice	"[""ModuleNotFoundError"",""import"",""requests""]"
4	python_import_debug_beginner_v114_a1.json	PY114_L04_PIP_ENV_MISMATCH_001	pip 설치와 실행 환경 불일치	설치한 pip와 실행한 Python 환경이 다르면 import가 실패할 수 있음을 읽는다.	pip install requests\npython app.py\n# ModuleNotFoundError: No module named 'requests'	다음에 가장 먼저 의심할 만한 것은?	설치한 환경과 실행한 환경 불일치	pip로 설치했어도 다른 Python이나 다른 가상환경으로 실행하면 import가 실패한다. python -m pip로 현재 Python 기준 설치를 확인하는 게 안전하다. 따라서 정답은 ‘설치한 환경과 실행한 환경 불일치’이다.	여러 프로젝트와 가상환경을 오갈 때 가장 흔한 import 오류 원인이다.	multiple_choice	"[""comment"",""pip"",""venv"",""python -m pip"",""ModuleNotFoundError""]"
4	python_import_debug_beginner_v114_a1.json	PY114_L04_PYTHON_M_PIP_SHOW_001	python -m pip show 읽기	python -m pip show가 현재 Python 환경 기준 설치 여부를 확인한다는 점을 읽는다.	python -m pip show requests	이 명령으로 확인하려는 것은?	현재 Python 환경에 requests가 설치됐는지	python -m pip show는 현재 선택된 Python 환경에서 해당 패키지를 알고 있는지 확인한다. import 오류를 좁힐 때 유용하다.	설치했는데도 import가 안 될 때 환경 불일치를 확인하는 첫 명령으로 쓸 수 있다.	multiple_choice	"[""python -m pip"",""pip show"",""venv"",""requests""]"
4	python_json_error_encoding_beginner_v119_a1.json	PY119_L04_JSON_DECODE_ERROR_BASIC_001	JSONDecodeError 기본 읽기	JSONDecodeError가 JSON 문법을 해석하지 못했다는 신호임을 읽는다.	"import json\n\ntext = '{""name"": ""Mina"",}'\ndata = json.loads(text)"	이 코드에서 JSONDecodeError가 날 수 있는 이유로 알맞은 것은?	JSON 문법에 맞지 않는 부분이 있기 때문에	JSONDecodeError는 문자열이 JSON 문법에 맞지 않아 파싱할 수 없을 때 난다. 이 예시는 마지막 원소 뒤의 쉼표가 원인이다. 표준 JSON은 trailing comma를 허용하지 않는다.	API 응답이나 설정 파일을 읽을 때 파싱 실패 원인을 찾는 기초 카드다.	multiple_choice	"[""import"",""JSONDecodeError"",""json.loads"",""JSON syntax""]"
4	python_json_error_encoding_beginner_v119_a1.json	PY119_L04_JSON_ERROR_LOCATION_001	JSON 오류 위치 힌트 읽기	JSONDecodeError 메시지의 line, column 정보가 확인 위치를 좁히는 힌트임을 이해한다.	JSONDecodeError: Expecting ',' delimiter: line 3 column 5	line 3 column 5 정보가 알려 주는 것은?	문제를 확인할 후보 위치라는 뜻	line과 column은 JSON 파서가 문제를 발견한 위치를 알려 준다. 그 주변의 쉼표, 따옴표, 괄호를 확인하면 된다. 오류 위치는 실제 원인 바로 뒤를 가리킬 수도 있다. 따라서 정답은 ‘문제를 확인할 후보 위치라는 뜻’이다.	긴 JSON 파일에서 오류 위치를 좁히는 읽기 습관을 만든다.	multiple_choice	"[""JSONDecodeError"",""line"",""column""]"
4	python_libraries_missing_topics_v11.json	PY11_L04_if_elif_001	elif 여러 조건 읽기	여러 조건 중 처음 맞는 경로만 실행되는 코드를 읽는다.	"level = 8\nif level <= 3:\n    group = ""basic""\nelif level <= 7:\n    group = ""middle""\nelse:\n    group = ""advanced""\nprint(group)"	출력은?	advanced	if/elif/else는 여러 조건을 위에서부터 순서대로 확인한다. level 8은 앞의 두 조건에 맞지 않으므로 마지막 else 경로로 들어간다. 중요한 점은 앞 조건이 True가 되면 뒤 조건은 더 이상 보지 않는다는 것이다. 따라서 조건의 순서가 출력 결과를 바꿀 수 있다. 여러 분기 문제는 각 조건을 차례로 True/False로 적어 보며 실행되는 첫 블록을 찾으면 된다. 따라서 출력은 ‘advanced’이다.	레벨별 카드 분류, 모드 분기, 위험도 분류에 자주 쓰인다.	output_prediction	"[""print"",""if"",""elif"",""else"",""branch""]"
4	python_libraries_missing_topics_v11.json	PY11_L04_while_001	while 반복 읽기	while 조건이 거짓이 될 때 반복이 끝나는 코드를 읽는다.	count = 0\nwhile count < 3:\n    count += 1\nprint(count)	출력은?	3	count는 0에서 시작한다. 조건 count < 3이 참일 때마다 1씩 증가해 1, 2, 3이 되고, 다시 조건을 검사하면 3 < 3은 False라서 반복이 끝난다. print는 반복문 밖에서 한 번만 실행되므로 최종값 3을 출력한다. while을 읽을 때는 조건에 쓰인 값이 반복 안에서 실제로 변하는지 확인해야 무한 반복 여부를 판단할 수 있다.	재시도, polling, queue 처리 코드에서 자주 나온다.	output_prediction	"[""print"",""while"",""loop"",""counter""]"
4	python_mutable_default_beginner_v115_a1.json	PY115_L04_APPEND_SIDE_EFFECT_001	append는 기존 리스트를 바꾼다	append가 새 리스트를 만드는 것이 아니라 기존 리스트 내용을 바꾸는 동작임을 읽는다.	items = []\nitems.append('a')\nprint(items)	items.append('a')의 의미로 알맞은 것은?	기존 리스트에 값을 추가한다	append는 기존 list 객체의 내용을 바꾼다. 그래서 같은 list를 여러 곳에서 쓰고 있으면 변경 결과가 이어져 보일 수 있다. 따라서 출력은 ‘기존 리스트에 값을 추가한다’이다.	mutable default 문제를 이해하려면 append가 기존 값을 바꾼다는 점을 먼저 알아야 한다.	multiple_choice	"[""print"",""append"",""list"",""mutable"",""side effect""]"
4	python_mutable_default_beginner_v115_a1.json	PY115_L04_DEFAULT_ARG_ONCE_001	기본 인자가 준비되는 시점	기본 인자가 함수 호출마다 새로 만들어지는 것이 아니라 함수 정의 시점에 준비될 수 있음을 읽는다.	def greet(name='user'):\n    return 'hi ' + name	기본 인자 name='user'에 대한 설명으로 알맞은 것은?	인자를 안 주면 사용할 기본값이다	기본 인자 객체는 함수를 정의할 때 한 번 평가되고, 호출에서 값을 생략하면 재사용된다. 여기의 문자열은 바꿀 수 없는 객체라 안전하지만, list나 dict처럼 내용이 바뀌는 객체를 기본값으로 두면 호출 사이 상태가 남을 수 있다.	함수 예제에서 괄호 안에 =가 보일 때 기본값을 읽는 기초가 된다.	multiple_choice	"[""def"",""return"",""default argument"",""function"",""parameter""]"
4	python_mutable_default_beginner_v115_a1.json	PY115_L04_MUTABLE_LIST_RISK_001	list 기본 인자의 위험	list 같은 바뀌는 객체를 기본 인자로 두면 호출 사이에 값이 남을 수 있음을 읽는다.	def add_item(x, items=[]):\n    items.append(x)\n    return items\n\nprint(add_item('a'))\nprint(add_item('b'))	이 코드에서 조심해야 할 점은?	items 리스트가 호출 사이에 공유될 수 있다	items=[]는 함수 정의 때 한 번 만들어져 두 호출이 같은 리스트를 쓴다. 첫 호출은 ['a'], 두 번째 호출은 이미 있는 리스트에 'b'를 붙여 ['a', 'b']를 출력한다.	초보자가 함수 결과가 왜 누적되는지 이해할 때 중요한 함정이다.	multiple_choice	"[""def"",""function"",""return"",""print"",""mutable default"",""list"",""append"",""function call""]"
4	python_oop_gap_beginner_v116_a1.json	PY116_L04_CLASS_NOT_ALWAYS_001	class가 항상 필요한 것은 아니다	단순한 계산은 class보다 함수로 충분할 수 있음을 읽는다.	def add(a, b):\n    return a + b	이 코드에 대한 판단으로 가장 알맞은 것은?	단순 계산이라 함수만으로 충분할 수 있다	class는 관련 상태와 행동을 묶을 때 유용하다. 단순히 두 값을 더하는 정도라면 함수 하나가 더 읽기 쉬울 수 있다. 데이터가 거의 없으면 과한 구조가 될 수 있다.	코드를 과하게 복잡하게 만들지 않는 판단 기준을 연습한다.	multiple_choice	"[""def"",""return"",""function"",""class"",""design choice""]"
4	python_oop_gap_beginner_v116_a1.json	PY116_L04_INSTANCE_VARIABLE_001	instance variable 읽기	self.name처럼 객체마다 따로 저장되는 값을 instance variable로 읽는다.	class User:\n    def __init__(self, name):\n        self.name = name	self.name에 대한 설명으로 알맞은 것은?	각 User 객체가 따로 가질 수 있는 값이다	self.name은 만들어진 객체 안에 저장되는 값이다. 서로 다른 User 객체는 서로 다른 name 값을 가질 수 있다. 그래서 객체별 상태를 따로 기억할 수 있다.	사용자, 카드, 진행상태 같은 객체가 각자 다른 값을 가질 때 필요한 개념이다.	multiple_choice	"[""def"",""function"",""class"",""instance variable"",""self"",""object"",""attribute""]"
4	python_oop_gap_beginner_v116_a1.json	PY116_L04_WHEN_CLASS_HELPS_001	class가 도움이 되는 경우	class는 관련 데이터와 행동을 함께 묶을 때 유용하다는 기준을 읽는다.	class Card:\n    def __init__(self, title, answer):\n        self.title = title\n        self.answer = answer\n\n    def is_correct(self, choice):\n        return choice == self.answer	이 코드에서 class Card가 하는 역할로 알맞은 것은?	관련 데이터와 행동을 하나로 묶는다	Card는 title과 answer라는 데이터와 is_correct라는 행동을 함께 가진다. 이런 식으로 관련된 것들을 묶을 때 class가 도움이 된다.	학습 카드 앱에서 카드 데이터를 객체로 묶는 이유를 읽는 데 도움이 된다.	multiple_choice	"[""def"",""function"",""return"",""class"",""object"",""method"",""state""]"
4	python_pandas_beginner_v122_a1.json	PY122_L04_HEAD_PREVIEW_001	df.head()로 앞부분 확인	df.head()가 DataFrame의 앞부분을 보여 주어 데이터가 제대로 읽혔는지 확인하는 데 쓰임을 읽는다.	df = pd.read_csv('scores.csv')\nprint(df.head())	df.head()를 쓰는 이유로 알맞은 것은?	데이터 앞부분을 빠르게 확인하기 위해	df.head()는 DataFrame의 앞부분을 보여 준다. CSV를 읽은 직후 사용하면 실제 열 이름과 몇 개의 행이 예상한 형태로 들어왔는지 빠르게 확인할 수 있다. 따라서 이 코드에서 df.head()를 사용하는 이유는 데이터를 본격적으로 처리하기 전에 앞부분을 점검하기 위해서다.	pandas로 읽은 데이터를 바로 처리하지 않고 먼저 확인하는 습관을 만든다.	multiple_choice	"[""print"",""DataFrame"",""head"",""preview""]"
4	python_pandas_beginner_v122_a1.json	PY122_L04_READ_CSV_BASIC_001	pd.read_csv 기본 읽기	pd.read_csv()가 CSV 파일을 pandas DataFrame으로 읽는 함수임을 이해한다.	import pandas as pd\n\ndf = pd.read_csv('scores.csv')	df = pd.read_csv('scores.csv')의 역할로 알맞은 것은?	CSV 파일을 DataFrame으로 읽기 위해	pd.read_csv()는 CSV 파일을 pandas DataFrame으로 읽는다. 이후 열 선택, 필터링, 저장 같은 표 데이터 처리를 할 수 있다.	CSV 파일을 pandas로 읽어 표 데이터로 다루는 첫 카드다.	multiple_choice	"[""import"",""pandas"",""pd.read_csv"",""DataFrame""]"
4	python_practical_expansion_v2.json	PY2_L04_dict_comp_001	dict comprehension 읽기	리스트를 key-value dict로 바꾸는 짧은 표현을 읽는다.	"nodes = [\n    {""id"": ""n001"", ""label"": ""LiDAR""},\n    {""id"": ""n002"", ""label"": ""Radar""}\n]\n\nby_id = {node[""id""]: node for node in nodes}\nprint(by_id[""n001""][""label""])"	출력은?	LiDAR	딕셔너리 컴프리헨션은 반복하면서 key-value 쌍을 만든다. 이 코드는 node의 id를 key로 하고 node 전체를 value로 저장한다. 반복문으로 dict를 만드는 패턴을 한 줄로 줄인 형태라 key와 value가 무엇인지 먼저 읽어야 한다. 따라서 출력은 ‘LiDAR’이다.	id로 노드를 빠르게 찾기 위한 인덱스 dict를 만들 때 자주 쓴다.	output_prediction	"[""print"",""dict_comprehension"",""dict"",""for""]"
4	python_practical_expansion_v2.json	PY2_L04_list_comp_001	list comprehension 읽기	짧게 쓴 필터링 표현을 긴 for-if-append 구조로 풀어 읽는다.	"nodes = [\n    {""label"": ""LiDAR"", ""kind"": ""Sensor""},\n    {""label"": ""UAM"", ""kind"": ""System""}\n]\n\nlabels = [node[""label""] for node in nodes if node[""kind""] == ""Sensor""]\nprint(labels)"	출력은?	"[""LiDAR""]"	"리스트 컴프리헨션은 반복과 조건을 한 줄로 써서 새 리스트를 만드는 표현식이다. 이 코드는 nodes에서 kind가 Sensor인 항목만 고르고, 그 항목의 label 값을 새 리스트에 넣는다. 앞부분은 결과에 들어갈 값이고, 뒤쪽 for와 if는 어떤 원소를 고를지 정한다. 복잡해 보이면 일반 for문으로 풀어 써서 결과에 append되는 값을 확인하면 된다. 따라서 출력은 ‘[""LiDAR""]’이다."	파이썬 데이터 처리 코드에서 매우 자주 보이는 압축 문법이다.	output_prediction	"[""print"",""list_comprehension"",""for"",""if"",""list""]"
4	python_regex_beginner_v124_a1.json	PY124_L04_MATCH_NONE_CHECK_001	match None 확인 후 group 읽기	re.search() 결과가 None일 수 있으므로 group() 전에 if m으로 확인하는 흐름을 읽는다.	m = re.search(r'\d+', text)\nif m:\n    print(m.group(0))	if m: 확인을 먼저 하는 이유로 알맞은 것은?	매치가 없을 때 group() 오류를 줄이기 위해	re.search()가 패턴을 찾으면 match object를 돌려주지만 찾지 못하면 None을 돌려준다. 따라서 먼저 if m:으로 실제 match object가 있는지 확인해야 한다. 이 확인 없이 m.group(0)을 호출하면 m이 None일 때 오류가 난다. 즉 if m:은 매치가 있을 때만 group을 읽도록 하는 안전 확인이다.	정규식 추출에서 NoneType 오류를 피하는 안전 흐름이다.	multiple_choice	"[""if"",""print"",""None"",""group"",""safe check""]"
4	python_regex_beginner_v124_a1.json	PY124_L04_RE_SEARCH_BASIC_001	re.search 기본 읽기	re.search()가 문자열 안에서 정규식 패턴을 처음 찾는 함수임을 읽는다.	import re\n\ntext = 'order 12345 done'\nm = re.search(r'\d+', text)	re.search(r'\d+', text)의 역할로 알맞은 것은?	문자열 안에서 숫자 패턴을 처음 찾기 위해	re.search()는 문자열 전체에서 패턴과 처음 맞는 부분을 찾는다. r'\d+'는 하나 이상의 숫자를 찾는 정규식 패턴이므로 주문번호나 로그 숫자 추출에 쓸 수 있다.	로그나 파일명에서 필요한 숫자 조각을 찾는 첫 regex 카드다.	multiple_choice	"[""import"",""regex"",""re.search"",""\\d""]"
4	python_requests_api_beginner_v121_a1.json	PY121_L04_RESPONSE_TEXT_DEBUG_001	response.text로 응답 확인	API 응답이 예상과 다를 때 response.text 일부를 출력해 실제 응답 내용을 확인하는 흐름을 읽는다.	response = requests.get(url, timeout=10)\nprint(response.status_code)\nprint(response.text[:200])	response.text[:200]를 출력하는 이유로 알맞은 것은?	실제 응답 내용을 일부 확인하기 위해	response.status_code로 HTTP 상태를 먼저 확인한 뒤 response.text[:200]은 서버가 돌려준 원문 응답의 앞 200자만 보여 준다. API가 예상한 JSON 대신 오류 HTML이나 안내 문구를 돌려줬는지 빠르게 확인할 수 있어 디버깅에 유용하다. 따라서 이 줄의 목적은 실제 응답 내용을 일부 직접 확인하는 것이다.	API가 실패했을 때 화면에 온 실제 응답을 확인하는 습관을 만든다.	multiple_choice	"[""print"",""response.text"",""status_code"",""debugging""]"
4	python_requests_api_beginner_v121_a1.json	PY121_L04_STATUS_CODE_BASIC_001	status_code 기본 읽기	requests 응답에서 response.status_code가 HTTP 성공과 실패를 확인하는 첫 신호임을 읽는다.	import requests\n\nresponse = requests.get(url, timeout=10)\nprint(response.status_code)	response.status_code를 먼저 확인하는 이유로 알맞은 것은?	API 요청이 성공했는지 먼저 보기 위해	status_code는 HTTP 응답 상태를 알려 준다. 2xx는 HTTP 수준의 성공, 4xx는 요청 쪽 문제, 5xx는 서버 쪽 문제를 나타내지만, 2xx라도 응답 데이터가 업무 규칙에 맞는지는 별도로 검증해야 한다.	API 호출 결과를 response.json()보다 먼저 상태 코드로 확인하는 초보 카드다.	multiple_choice	"[""import"",""print"",""requests"",""status_code"",""HTTP""]"
5	cards_seed_v1.json	L05_function_chain_001	함수 호출 결과 따라가기	함수에 값이 들어가고 return으로 나온 값이 출력되는 흐름을 읽는다.	"def normalize_label(label):\n    return label.strip().lower()\n\nresult = normalize_label(""  LiDAR  "")\nprint(result)"	strip().lower()를 차례로 적용한 최종 출력은?	lidar	strip()이 문자열 양쪽 공백을 먼저 제거하고, lower()가 남은 문자열을 소문자로 바꾸므로 정리된 소문자 값이 출력된다. 체인 형태에서는 왼쪽 메서드의 결과가 오른쪽 메서드의 입력이 된다고 순서대로 따라가면 된다. 따라서 출력은 ‘lidar’이다.	label 정규화는 KG 중복 제거와 canonical 처리에서 중요하다.	output_prediction	"[""function"",""print"",""def"",""return"",""strip"",""lower""]"
5	python_argparse_cli_beginner_v125_a1.json	PY125_L05_ARGPARSE_TYPE_INT_001	type=int로 숫자 인자 받기	argparse의 type=int가 문자열 인자를 정수로 바꾸는 역할임을 이해한다.	import argparse\n\nparser = argparse.ArgumentParser()\nparser.add_argument('--count', type=int)\nargs = parser.parse_args()\nprint(args.count + 1)	argparse에서 다음처럼 type=int를 붙이는 이유로 알맞은 것은?\n\nparser.add_argument('--count', type=int)	입력 문자열을 정수로 변환해서 받게 한다	터미널에서 들어오는 값은 기본적으로 문자열이다. type=int를 지정하면 argparse가 입력 문자열을 정수로 바꿔 주고, 변환 실패도 오류로 알려 준다.		multiple_choice	"[""import"",""print"",""argparse"",""type=int"",""type conversion"",""command line input""]"
5	python_argparse_cli_beginner_v125_a1.json	PY125_L05_ARGUMENT_NAME_FLAG_001	--input 옵션 읽기	--input 같은 옵션 이름과 뒤에 오는 값의 관계를 읽을 수 있다.	import argparse\n\nparser = argparse.ArgumentParser()\nparser.add_argument('--input')\nargs = parser.parse_args()\nprint(args.input)	터미널에서 다음처럼 실행했다.\n\npython tool.py --input data.csv\n\n여기서 --input data.csv의 의미로 가장 알맞은 것은?	input이라는 이름의 옵션에 data.csv 값을 넘긴다	--input data.csv처럼 쓰면 input이라는 옵션 이름에 data.csv 값을 넘긴다는 뜻이다. argparse를 쓰면 나중에 args.input처럼 이름으로 꺼낼 수 있다.		multiple_choice	"[""import"",""print"",""flag"",""option"",""argparse"",""args.input""]"
5	python_argparse_cli_beginner_v125_a1.json	PY125_L05_DEFAULT_VALUE_001	default 기본값 설정하기	default가 옵션 생략 시 쓰는 기본값이라는 점을 CLI 흐름에서 읽을 수 있다.	import argparse\n\nparser = argparse.ArgumentParser()\nparser.add_argument('--output', default='result.json')\nargs = parser.parse_args()\nprint(args.output)	argparse에서 default 값의 역할로 알맞은 것은?	사용자가 옵션을 안 줬을 때 쓸 기본값	default는 사용자가 옵션을 생략했을 때 대신 쓸 값이다. 기본값을 정해 두면 매번 모든 옵션을 입력하지 않아도 프로그램이 예측 가능하게 동작한다.		multiple_choice	"[""import"",""print"",""argparse"",""default"",""optional argument"",""CLI UX""]"
5	python_argparse_cli_beginner_v125_a1.json	PY125_L05_PARSE_ARGS_RESULT_001	parse_args 결과 읽기	parse_args() 이후 args.input처럼 옵션 값을 꺼내는 흐름을 읽을 수 있다.	import argparse\n\nparser = argparse.ArgumentParser()\nparser.add_argument('--input')\nargs = parser.parse_args()\nprint(args.input)	다음 코드에서 args.input은 무엇을 뜻하는가?\n\nargs = parser.parse_args()\nprint(args.input)	input 옵션으로 받은 값을 꺼내 읽는다	parse_args()가 끝나면 옵션 값은 args 객체에 담긴다. --input으로 받은 값은 args.input처럼 이름으로 읽을 수 있어 코드가 훨씬 명확해진다.		multiple_choice	"[""import"",""print"",""parse_args"",""args object"",""args.input"",""argparse""]"
5	python_broad_expansion_v3.json	PY3_L05_nested_dict_001	중첩 dict 값 읽기	여러 단계로 들어간 JSON/dict 값을 따라 읽는다.	"item = {\n    ""source"": {""name"": ""arXiv""},\n    ""meta"": {""score"": 0.92}\n}\nprint(item[""source""][""name""])"	출력은?	arXiv	중첩 dict는 dict 안에 또 다른 dict가 들어 있는 구조다. source key로 안쪽 dict에 들어간 뒤 name 값을 꺼낸다. 중첩 구조는 바깥 key를 먼저 찾고 그 결과 dict에서 다시 안쪽 key를 찾는 순서로 따라가면 된다. 따라서 출력은 ‘arXiv’이다.	API 응답과 메타데이터 JSON을 읽을 때 자주 나오는 구조다.	output_prediction	"[""print"",""dict"",""nested"",""json""]"
5	python_broad_expansion_v3.json	PY3_L05_safe_nested_get_001	중첩 get() 안전 접근	없는 필드가 있어도 에러 없이 기본값을 쓰는 구조를 읽는다.	"row = {""meta"": {}}\nscore = row.get(""meta"", {}).get(""score"", 0)\nprint(score)"	출력은?	0	row.get('meta', {})는 meta key가 없으면 빈 dict를 반환한다. 이 예제에서는 meta가 빈 dict이므로 이어지는 .get('score', 0)이 기본값 0을 반환한다. 다만 meta key가 있으면서 값이 None이나 다른 자료형이면 첫 get의 기본값은 쓰이지 않아 두 번째 .get에서 오류가 날 수 있다. 그래서 이 패턴은 중간 값이 dict라는 전제까지 보장될 때만 안전하다.	불완전한 수집 데이터와 API 응답을 다룰 때 안전한 패턴이다.	output_prediction	"[""print"",""dict"",""get"",""missing_key""]"
5	python_core_expansion_v1.json	PY_L05_default_arg_001	기본 인자 읽기	함수 인자에 기본값이 있으면 생략 가능하다는 것을 읽는다.	"def greet(name=""user""):\n    print(f""hello {name}"")\n\ngreet()"	greet()를 실행하면 무엇이 출력되는가?	hello user	greet()는 name 인자를 생략했으므로 함수 정의에 적힌 기본값 'user'를 사용한다. f-string의 {name}이 user로 바뀌어 hello user가 출력된다. greet('Mina')처럼 값을 직접 넘기면 기본값 대신 전달한 값이 사용된다.	CLI 옵션이나 함수 설정값에 기본값을 줄 때 자주 쓴다.	output_prediction	"[""function"",""print"",""def"",""default_argument"",""parameter""]"
5	python_core_expansion_v1.json	PY_L05_kwargs_001	**kwargs 읽기	**kwargs가 이름 붙은 여러 인자를 dict처럼 받는 구조임을 읽는다.	"def show_config(**kwargs):\n    print(kwargs[""mode""])\n\nshow_config(mode=""fast"", limit=10)"	이 코드가 출력하는 것은?	fast	**kwargs는 이름을 붙여 전달한 추가 인자들을 하나의 딕셔너리로 모은다. 이 호출에서 kwargs는 {'mode': 'fast', 'limit': 10}이 되고, kwargs['mode']는 그중 mode의 값인 'fast'를 꺼낸다. 따라서 fast가 출력된다.	설정값을 유연하게 넘기는 코드에서 자주 보인다.	output_prediction	"[""def"",""print"",""kwargs"",""dict"",""function""]"
5	python_core_expansion_v1.json	PY_L05_lambda_001	lambda 읽기	"lambda x: x[""score""]가 작은 익명 함수라는 것을 읽는다."	"rows = [{""score"": 3}, {""score"": 1}]\nrows = sorted(rows, key=lambda x: x[""score""])\nprint(rows[0][""score""])"	출력은?	1	lambda는 이름 없는 짧은 함수를 만들 때 쓴다. 이 코드에서는 score 값을 기준으로 정렬하므로 가장 작은 score인 1이 먼저 온다. 짧은 기준 함수를 한 줄로 넘길 수 있어 sorted나 max 같은 함수의 key 인자로 자주 쓰인다.	점수순 정렬, 날짜순 정렬에서 자주 나온다.	output_prediction	"[""print"",""lambda"",""function"",""sorted""]"
5	python_csv_writer_dictreader_beginner_v120_a1.json	PY120_L05_CSV_KEYERROR_COLUMN_001	CSV 컬럼명 KeyError 읽기	DictReader로 읽은 row에서 없는 컬럼명을 접근하면 KeyError가 날 수 있음을 읽는다.	for row in csv.DictReader(f):\n    print(row['score'])	row['score']에서 KeyError가 난다면 먼저 확인할 것은?	실제 CSV 헤더에 score가 있는지 본다	DictReader의 row key는 CSV 헤더에서 온다. 헤더 이름이 score가 아니거나 공백이 있으면 KeyError가 날 수 있다.	CSV 컬럼명 오타와 대소문자 문제를 찾는 초보 디버깅 카드다.	multiple_choice	"[""for"",""print"",""KeyError"",""csv.DictReader"",""header""]"
5	python_csv_writer_dictreader_beginner_v120_a1.json	PY120_L05_DICTREADER_LIST_ROWS_001	DictReader 결과를 리스트로 모으기	csv.DictReader의 행들을 list(reader)로 모으면 row dict 리스트가 된다는 점을 읽는다.	with open('scores.csv', newline='', encoding='utf-8') as f:\n    rows = list(csv.DictReader(f))	rows = list(csv.DictReader(f))의 결과로 알맞은 것은?	각 행을 dict 형태로 모은 리스트	DictReader는 첫 행을 기본 헤더로 삼아 이후 각 행을 dict 형태로 만든다. list(...)는 남은 모든 행을 메모리에 모으며, 별도 변환을 하지 않으면 CSV 필드 값은 문자열이다. 큰 파일은 리스트로 만들지 않고 reader를 바로 반복하는 편이 낫다.	CSV 데이터를 읽어 Python 리스트로 처리하는 기본 흐름을 만든다.	multiple_choice	"[""csv.DictReader"",""list"",""row dict""]"
5	python_csv_writer_dictreader_beginner_v120_a1.json	PY120_L05_DICTWRITER_FIELDNAMES_001	DictWriter fieldnames 읽기	csv.DictWriter에서 fieldnames가 CSV 컬럼 이름과 순서를 정한다는 점을 읽는다.	writer = csv.DictWriter(f, fieldnames=['name', 'score'])	fieldnames=['name', 'score']의 의미로 알맞은 것은?	쓸 컬럼 이름과 순서를 정한다	fieldnames는 DictWriter가 어떤 key를 어떤 컬럼 순서로 쓸지 정한다. dict 데이터 저장에서 중요한 기준이다.	dict 형태 데이터를 CSV로 저장할 때 컬럼 기준을 읽는 카드다.	multiple_choice	"[""csv.DictWriter"",""fieldnames"",""columns""]"
5	python_csv_writer_dictreader_beginner_v120_a1.json	PY120_L05_DICTWRITER_WRITEHEADER_001	writeheader 읽기	writeheader()가 CSV 맨 위에 컬럼 이름 행을 쓰는 메서드임을 이해한다.	writer = csv.DictWriter(f, fieldnames=['name', 'score'])\nwriter.writeheader()	writer.writeheader()가 하는 일로 알맞은 것은?	헤더 행을 먼저 기록한다	writeheader()는 fieldnames에 있는 컬럼 이름을 CSV의 첫 행으로 쓴다. 나중에 DictReader가 컬럼명을 읽기 쉬워진다. 따라서 정답은 ‘헤더 행을 먼저 기록한다’이다.	CSV 파일을 사람이 읽기 좋고 다시 읽기 좋게 저장하는 카드다.	multiple_choice	"[""writeheader"",""csv.DictWriter"",""header""]"
5	python_datetime_beginner_v123_a1.json	PY123_L05_DATE_RANGE_FILTER_001	최근 날짜 범위 필터 읽기	날짜 객체와 timedelta를 이용해 최근 며칠 범위에 들어오는 기록만 남기는 흐름을 읽는다.	cutoff = date.today() - timedelta(days=7)\nrecent = [row for row in rows if row['created_at'] >= cutoff]	이 코드의 의도로 알맞은 것은?	최근 7일 기준 이후의 행만 남긴다	cutoff는 오늘에서 7일을 뺀 포함 기준 날짜다. row['created_at']도 문자열이 아니라 cutoff와 비교 가능한 date 객체라는 전제에서, created_at >= cutoff인 행을 남긴다. 오늘을 포함하면 달력 날짜로 최대 8개가 걸릴 수 있어 '최근 7일'의 경계 정의도 확인한다.	최근 기록, 최근 파일, 최근 학습 로그를 필터링하는 흐름이다.	multiple_choice	"[""date filter"",""timedelta"",""created_at""]"
5	python_datetime_beginner_v123_a1.json	PY123_L05_STRPTIME_PARSE_001	strptime으로 날짜 문자열 해석	datetime.strptime()이 문자열 날짜를 datetime 객체로 바꾸는 함수임을 읽는다.	from datetime import datetime\n\ndt = datetime.strptime('2026-06-03', '%Y-%m-%d')	datetime.strptime('2026-06-03', '%Y-%m-%d')의 의미로 알맞은 것은?	문자열을 날짜 객체로 해석한다	strptime()은 문자열을 지정한 형식에 맞춰 datetime 객체로 바꾼다. 날짜 정렬이나 기간 계산을 하려면 문자열보다 날짜 객체가 안전하다.	CSV나 API에서 받은 날짜 문자열을 실제 날짜로 바꾸는 카드다.	multiple_choice	"[""import"",""strptime"",""datetime"",""date parsing""]"
5	python_datetime_beginner_v123_a1.json	PY123_L05_STRPTIME_VALUEERROR_001	strptime 형식 오류 읽기	strptime()에서 문자열과 포맷이 맞지 않으면 ValueError가 날 수 있음을 읽는다.	datetime.strptime('2026/06/03', '%Y-%m-%d')	이 코드에서 ValueError가 날 수 있는 이유로 알맞은 것은?	문자열 형식과 포맷 코드가 달라서	문자열은 2026/06/03처럼 슬래시를 쓰는데 포맷은 %Y-%m-%d처럼 하이픈을 기대한다. 형식이 다르면 ValueError가 날 수 있다.	날짜 파싱 오류를 traceback에서 읽고 원인을 찾는 카드다.	multiple_choice	"[""strptime"",""ValueError"",""date format""]"
5	python_datetime_beginner_v123_a1.json	PY123_L05_TIMEDELTA_DAYS_001	timedelta로 며칠 전 계산	timedelta(days=7)이 날짜에서 7일을 빼거나 더하는 데 쓰이는 기간 객체임을 읽는다.	from datetime import date, timedelta\n\ntoday = date.today()\nweek_ago = today - timedelta(days=7)	today - timedelta(days=7)의 결과로 알맞은 것은?	오늘보다 7일 전 날짜	timedelta(days=7)은 7일이라는 기간을 뜻한다. 날짜에서 빼면 7일 전 날짜를 계산할 수 있다. 문자열이 아니라 날짜 객체끼리 계산해야 안전하다.	최근 7일 파일이나 기록을 다룰 때 필요한 날짜 계산 카드다.	multiple_choice	"[""import"",""timedelta"",""date"",""days""]"
5	python_deep_expansion_v4.json	PY4_L05_finally_001	finally 정리 흐름 읽기	성공/실패와 관계없이 finally 블록이 실행되는 흐름을 읽는다.	"try:\n    print(""run"")\nexcept Exception:\n    print(""error"")\nfinally:\n    print(""cleanup"")"	finally 블록의 역할은?	마지막 정리 작업	일반적인 제어 흐름에서는 try가 정상 종료되거나 예외·return으로 빠져나갈 때 finally가 마지막으로 실행된다. 이 코드에는 예외가 없으므로 run 다음 cleanup이 출력된다. 파일 닫기나 임시 상태 정리에 쓰지만, 프로세스 강제 종료나 전원 중단까지 보장하는 절대적인 의미의 ‘항상’은 아니다.	파일 닫기, DB 연결 해제, 임시 상태 정리에 중요하다.	meaning_choice	"[""print"",""try_except"",""finally"",""cleanup""]"
5	python_deep_expansion_v4.json	PY4_L05_guard_return_001	함수 return 조기 종료 읽기	조건에 맞지 않으면 함수가 바로 끝나는 guard clause 패턴을 읽는다.	"def normalize(label):\n    if not label:\n        return """"\n    return label.strip().lower()\n\nprint(normalize(None))"	출력은?	빈 문자열	label이 None이면 not label이 True여서 첫 return이 빈 문자열을 즉시 돌려주고 strip은 실행되지 않는다. 다만 not label은 None뿐 아니라 '', 0, False, 빈 컨테이너도 참으로 보므로, 오직 None만 특별 처리하려는 함수라면 label is None처럼 조건을 좁혀야 한다. 이 예제의 출력은 빈 문자열이다.	정규화 함수와 방어 코드에서 자주 보인다.	output_prediction	"[""if"",""def"",""print"",""return"",""function"",""guard_clause""]"
5	python_deep_expansion_v4.json	PY4_L05_raise_001	raise로 직접 에러 내기	조건이 맞지 않으면 의도적으로 에러를 발생시키는 코드를 읽는다.	"score = -1\nif score < 0:\n    raise ValueError(""score must be non-negative"")"	이 코드는 왜 raise를 쓰는가?	잘못된 score를 막기 위해	score가 0보다 작으므로 조건이 참이고 raise가 ValueError를 즉시 발생시킨다. 오류 메시지도 조건과 맞게 score는 0 이상이어야 한다고 설명한다. raise 이후의 정상 흐름은 실행되지 않으므로 잘못된 점수가 뒤 단계로 전달되는 것을 막는다. 이 예외를 어디에서 잡을지는 호출부에서 별도로 정해야 한다.	데이터 품질 검증과 안전한 파이프라인에서 중요하다.	meaning_choice	"[""if"",""raise"",""error"",""validation""]"
5	python_dev_environment_practical_v113_a1.json	PY113_L05_GIT_ADD_COMMIT_PUSH_001	git add commit push 흐름	Git 변경을 확인하고 담고 기록한 뒤 원격 저장소에 올리는 순서를 읽는다.	"git add src/pwa/app.js\ngit commit -m ""Fix layout""\ngit push origin main"	가장 알맞은 설명은?	add로 담고 commit으로 기록한 뒤 push	Git의 기본 흐름은 확인(status) → 담기(add) → 기록(commit) → 업로드(push)다. add는 기록 후보를 고르고 commit은 로컬 기록을 만든다. 따라서 정답은 ‘add로 담고 commit으로 기록한 뒤 push’이다.	매번 검증 후 commit/tag/push하는 현재 작업 방식과 직접 연결된다.	multiple_choice	"[""git"",""add"",""commit"",""push"",""github""]"
5	python_dev_environment_practical_v113_a1.json	PY113_L05_GIT_CLONE_PULL_001	clone과 pull 구분	Git에서 처음 복사하는 clone과 기존 저장소를 최신화하는 pull의 차이를 읽는다.	git clone https://github.com/user/repo.git\ngit pull origin main	clone과 pull의 차이는?	clone은 처음 복사, pull은 최신화	clone은 원격 저장소를 새 로컬 저장소로 처음 복제한다. 이미 복제한 저장소에서 git pull origin main을 실행하면 origin의 main을 가져온 뒤 현재 체크아웃한 브랜치에 통합한다. 따라서 pull은 단순 다운로드가 아니며 충돌이 날 수도 있다.	PC를 바꾸거나 서버에서 프로젝트를 받을 때 clone/pull을 구분해야 한다.	multiple_choice	"[""git"",""clone"",""pull"",""github""]"
5	python_dev_environment_practical_v113_a1.json	PY113_L05_GIT_STATUS_001	git status 읽기	git status가 수정 파일과 새 파일을 구분해 보여 주는 명령임을 읽는다.	git status --short\n M src/pwa/app.js\n?? tmp_check.py	위 출력에서 알 수 있는 것은?	app.js는 수정, tmp_check.py는 새 파일	git status --short에서 M은 수정된 파일을 뜻하고, ??는 Git이 아직 추적하지 않는 새 파일을 뜻한다. 커밋 전 변경 확인에 쓴다.	패치 후 임시파일을 지우고 실제 변경 파일만 commit하는 흐름과 연결된다.	multiple_choice	"[""git"",""git status"",""tracked file"",""untracked file""]"
5	python_dev_environment_practical_v113_a1.json	PY113_L05_PYTHON_M_PIP_001	python -m pip 의미	python -m pip가 현재 Python 환경의 pip를 실행한다는 것을 읽는다.	python -m pip install pandas	python -m pip를 쓰는 장점은?	현재 Python 환경의 pip를 실행한다	여러 Python/가상환경이 있을 때 pip가 어느 환경에 설치하는지 헷갈릴 수 있다. python -m pip는 현재 Python 기준으로 pip를 실행한다.	가상환경을 켠 뒤 python -m pip를 쓰면 패키지 설치 위치를 더 명확히 할 수 있다.	multiple_choice	"[""pip"",""python -m"",""venv""]"
5	python_dev_environment_practical_v113_a1.json	PY113_L05_REQUIREMENTS_001	requirements.txt 읽기	requirements.txt가 프로젝트 패키지 설치 목록임을 읽는다.	python -m pip install -r requirements.txt	이 명령의 목적은?	파일 목록대로 Python 패키지 설치	-r은 requirements.txt를 읽어 그 안의 패키지를 현재 Python 환경에 설치하라는 뜻이다. 버전을 고정한 항목은 더 비슷하게 맞출 수 있지만, Python·운영체제와 모든 간접 의존성까지 고정하지 않으면 완전히 같은 환경을 보장하지는 않는다.	다른 PC에서 같은 프로젝트를 실행할 때 가장 자주 쓰는 명령 중 하나다.	multiple_choice	"[""requirements.txt"",""pip"",""dependency""]"
5	python_env_secret_config_beginner_v130_a1.json	PY130_L05_API_KEY_NOT_IN_CODE_001	API Key를 코드에 쓰지 않기	API Key를 코드에 직접 쓰지 않고 환경변수로 분리해야 하는 보안 이유를 이해한다.	import os\n\napi_key = os.environ.get('OPENAI_API_KEY')\nif not api_key:\n    raise SystemExit('OPENAI_API_KEY가 설정되지 않았습니다')	API Key를 코드에 직접 적지 않는 이유로 가장 알맞은 것은?	비밀값이 GitHub나 공유 파일에 노출될 수 있기 때문에	API Key 같은 비밀값을 코드에 직접 쓰면 커밋, 공유, 캡처 과정에서 노출될 수 있다. 보통 환경변수나 서버의 비밀 저장소에서 읽는다.		multiple_choice	"[""if"",""import"",""API key"",""secret"",""environment variable"",""security""]"
5	python_env_secret_config_beginner_v130_a1.json	PY130_L05_DOTENV_FILE_CONCEPT_001	.env 파일 개념	.env 파일이 로컬 설정값을 담는 파일이며 공유에 주의해야 함을 이해한다.	# .env 예시\nAPP_MODE=dev\nAPI_BASE_URL=http://localhost:8000\n# 실제 API Key는 공유하지 않는다	.env 파일의 일반적인 역할로 가장 알맞은 것은?	로컬 개발용 환경변수 값을 적어 두는 파일	.env는 로컬 개발에서 환경변수 값을 편하게 관리하기 위해 자주 쓰인다. 단, 비밀값이 들어갈 수 있으므로 보통 Git에 올리지 않는다.		multiple_choice	"[""comment"","".env"",""local config"",""environment variable"",""gitignore""]"
5	python_env_secret_config_beginner_v130_a1.json	PY130_L05_ENV_VAR_CONCEPT_001	환경변수 개념 이해하기	환경변수가 코드 밖에서 설정값을 전달하고 실행 환경마다 값을 바꾸게 해 주는 방식을 이해한다.	import os\n\nmode = os.environ.get('APP_MODE', 'dev')\nprint(mode)	환경변수를 사용하는 대표적인 이유로 가장 알맞은 것은?	코드 밖에서 실행 설정값을 바꿀 수 있게 하기 위해	환경변수는 코드 안에 값을 고정하지 않고 실행 환경에서 설정값을 주입하는 방법이다. 개발, 테스트, 배포 환경마다 값을 다르게 둘 수 있다.		multiple_choice	"[""import"",""print"",""environment variable"",""os.environ"",""configuration"",""runtime""]"
5	python_env_secret_config_beginner_v130_a1.json	PY130_L05_GITIGNORE_ENV_001	.env를 .gitignore에 넣기	.env를 Git에 올리지 않도록 .gitignore에 등록하는 이유를 이해한다.	# .gitignore\n.env\n.env.local\n__pycache__/	.gitignore에 .env를 넣는 이유로 알맞은 것은?	로컬 비밀값 파일이 Git에 올라가지 않게 하기 위해	.gitignore는 아직 추적하지 않은 .env가 새로 커밋되는 위험을 줄인다. 이미 커밋된 파일이나 과거 기록을 지우지는 않으므로, 비밀이 올라갔다면 추적을 중단하는 것과 별개로 키를 즉시 폐기·교체해야 한다.		multiple_choice	"[""comment"","".gitignore"","".env"",""secret"",""Git""]"
5	python_env_secret_config_beginner_v130_a1.json	PY130_L05_LOAD_DOTENV_001	load_dotenv 흐름 읽기	load_dotenv가 .env 값을 환경변수처럼 읽게 해 주는 역할임을 이해한다.	from dotenv import load_dotenv\nimport os\n\nload_dotenv()\napi_key = os.environ.get('OPENAI_API_KEY')	python-dotenv의 load_dotenv()를 사용하는 이유로 알맞은 것은?	.env 파일 값을 환경변수처럼 읽을 수 있게 하기 위해	load_dotenv()는 .env의 이름·값을 읽어 os.environ.get()으로 접근하게 한다. 기본 설정은 이미 프로세스에 존재하는 같은 이름의 환경변수를 덮어쓰지 않으므로 배포 환경의 값을 로컬 파일보다 우선할 수 있다.		multiple_choice	"[""import"",""python-dotenv"",""load_dotenv"","".env"",""os.environ""]"
5	python_env_secret_config_beginner_v130_a1.json	PY130_L05_OS_ENVIRON_GET_001	os.environ.get으로 값 읽기	os.environ.get의 기본값 인자가 어떤 상황에서 쓰이는지 이해한다.	import os\n\nbase_url = os.environ.get('API_BASE_URL', 'http://localhost')\nprint(base_url)	다음 코드에서 os.environ.get('API_BASE_URL', 'http://localhost')의 의미로 알맞은 것은?	환경변수가 없으면 기본값을 사용한다	os.environ.get(name, default)는 환경변수가 있으면 그 값을 읽고, 없으면 default 값을 돌려준다. 선택 설정값을 읽을 때 자주 쓰인다.		multiple_choice	"[""import"",""print"",""os.environ.get"",""default value"",""environment variable"",""config""]"
5	python_exception_traceback_beginner_v117_a1.json	PY117_L05_FINALLY_CLEANUP_001	finally와 정리 작업	finally가 파일 닫기나 임시 상태 정리 같은 마무리 작업에 쓰일 수 있음을 읽는다.	file = open('data.txt')\ntry:\n    text = file.read()\nfinally:\n    file.close()	finally에서 file.close()를 두는 이유로 알맞은 것은?	마지막에 파일을 정리하기 위해	finally에 close()를 두면 read()가 실패해도 열린 파일을 닫는다. 파일 작업에서는 같은 보장을 더 간단히 표현하는 with open(...) as file 문을 보통 우선 사용한다.	실제 파일 처리에서 자원 정리 흐름을 이해하는 데 도움이 된다.	multiple_choice	"[""try_except"",""finally"",""file close"",""cleanup""]"
5	python_exception_traceback_beginner_v117_a1.json	PY117_L05_FINALLY_RUNS_001	finally 실행 흐름	finally 블록은 에러 발생 여부와 관계없이 마지막에 실행될 수 있음을 읽는다.	try:\n    x = int('abc')\nexcept ValueError:\n    print('bad value')\nfinally:\n    print('done')	finally 블록의 print('done')은 언제 실행되는가?	에러 처리 흐름 뒤 마지막에 실행된다	이 예시에서는 int 변환이 실패해 except가 'bad value'를 출력한 뒤 finally가 'done'을 출력한다. finally는 정상 종료, 처리된 예외, return 같은 일반적인 제어 이동에서도 실행되지만 프로세스가 강제 종료되는 모든 상황까지 보장한다는 뜻은 아니다.	파일, 네트워크, 임시 상태를 다루는 코드에서 정리 흐름을 읽기 위한 카드다.	multiple_choice	"[""try_except"",""print"",""finally"",""try"",""except"",""cleanup""]"
5	python_exception_traceback_beginner_v117_a1.json	PY117_L05_RAISE_BASIC_001	raise 기본 읽기	raise가 의도적으로 예외를 발생시켜 잘못된 흐름을 막는 문법임을 읽는다.	def set_age(age):\n    if age < 0:\n        raise ValueError('age must be non-negative')\n    return age	raise ValueError의 역할로 알맞은 것은?	잘못된 입력이면 예외를 발생시킨다	raise는 허용하지 않는 상태를 예외로 알리고 현재 함수의 정상 흐름을 중단한다. 조건은 age < 0이므로 0은 허용되며, 메시지도 '0 이상(non-negative)'이라고 써야 조건과 맞는다.	입력 검증 함수에서 잘못된 값을 어떻게 처리할지 읽는 데 필요하다.	multiple_choice	"[""if"",""def"",""function"",""return"",""raise"",""ValueError"",""input validation""]"
5	python_exception_traceback_beginner_v117_a1.json	PY117_L05_RAISE_MESSAGE_001	raise 메시지 읽기	raise에 붙은 메시지는 무엇이 잘못됐는지 설명하는 힌트임을 이해한다.	raise ValueError('score must be between 0 and 100')	이 메시지가 알려 주는 내용은?	score는 0에서 100 사이여야 한다	예외 메시지는 사람이 원인을 알 수 있게 돕는다. 여기서는 score의 허용 범위가 0부터 100까지라는 조건을 알려 준다. 조건 위반 위치를 빠르게 좁히는 단서가 된다. 따라서 정답은 ‘score는 0에서 100 사이여야 한다’이다.	사용자 입력이나 점수 계산 코드에서 에러 메시지를 해석하는 연습이다.	multiple_choice	"[""raise"",""error message"",""validation""]"
5	python_file_cli_error_recovery_v128_a1.json	PY128_L05_CSV_KEY_ERROR_001	CSV 컬럼 KeyError 이해하기	CSV 컬럼명이 dict key처럼 쓰이고, 없는 컬럼 접근이 KeyError로 이어짐을 이해한다.	row = {'name': 'A'}\ntry:\n    score = row['score']\nexcept KeyError:\n    print('score 컬럼이 없습니다')	csv.DictReader로 읽은 row에서 row['score']를 읽을 때 KeyError가 나는 대표적인 경우는?	없는 컬럼 이름으로 row를 읽을 때	DictReader의 row는 컬럼명을 key로 쓰는 dict처럼 동작한다. CSV에 score 컬럼이 없는데 row['score']를 읽으면 KeyError가 날 수 있다.		multiple_choice	"[""try_except"",""print"",""KeyError"",""csv.DictReader"",""CSV column"",""dict key""]"
5	python_file_cli_error_recovery_v128_a1.json	PY128_L05_FILE_NOT_FOUND_001	파일 없음 오류 처리하기	파일이 없을 때 traceback 대신 쉬운 CLI 메시지로 멈추는 이유를 이해한다.	from pathlib import Path\n\ninput_path = Path('missing.txt')\ntry:\n    text = input_path.read_text(encoding='utf-8')\nexcept FileNotFoundError:\n    raise SystemExit('입력 파일이 없습니다')	다음 코드에서 FileNotFoundError를 잡는 이유로 알맞은 것은?\n\ntry:\n    text = input_path.read_text(encoding='utf-8')\nexcept FileNotFoundError:\n    raise SystemExit('입력 파일이 없습니다')	파일이 없을 때 친절하게 멈추기 위해	입력 파일이 없으면 read_text()에서 FileNotFoundError가 날 수 있다. 이때 쉬운 메시지로 종료하면 긴 traceback보다 사용자가 문제를 이해하기 쉽다. 따라서 정답은 ‘파일이 없을 때 친절하게 멈추기 위해’이다.		multiple_choice	"[""try_except"",""import"",""FileNotFoundError"",""Path.read_text"",""SystemExit"",""CLI error""]"
5	python_file_cli_error_recovery_v128_a1.json	PY128_L05_JSON_DECODE_ERROR_001	JSONDecodeError 읽기	JSON 파싱 실패가 문법 오류에서 올 수 있음을 이해하고 오류를 잡는 흐름을 읽는다.	import json\n\ntext = '{bad json}'\ntry:\n    data = json.loads(text)\nexcept json.JSONDecodeError as e:\n    print('JSON 형식 오류:', e)	json.loads(text)를 실행할 때 json.JSONDecodeError가 나는 대표적인 이유는?	JSON 문법이 깨졌을 때 나는 오류	JSONDecodeError는 JSON 문자열 문법이 올바르지 않을 때 난다. CLI에서는 이 오류를 잡아 사용자가 입력 파일 형식을 확인하도록 알려 주면 좋다.		multiple_choice	"[""try_except"",""import"",""print"",""json.JSONDecodeError"",""json.loads"",""JSON syntax"",""try except""]"
5	python_file_cli_error_recovery_v128_a1.json	PY128_L05_VALUE_ERROR_INT_001	ValueError로 숫자 변환 실패 읽기	CLI 입력값을 숫자로 바꾸는 과정에서 ValueError가 생길 수 있음을 이해한다.	try:\n    count = int('abc')\nexcept ValueError:\n    print('숫자로 바꿀 수 없습니다')	다음 코드에서 ValueError가 날 수 있는 경우로 알맞은 것은?\n\ncount = int(args.count)	문자열을 int로 바꿀 수 없을 때	int('abc')처럼 숫자가 아닌 문자열을 정수로 바꾸려 하면 ValueError가 난다. CLI에서는 숫자 옵션을 받을 때 이런 실패를 고려해야 한다. 따라서 출력은 ‘문자열을 int로 바꿀 수 없을 때’이다.		multiple_choice	"[""try_except"",""print"",""ValueError"",""int"",""type conversion"",""CLI option""]"
5	python_file_exists_mkdir_beginner_v118_a1.json	PY118_L05_EXIST_OK_001	exist_ok 옵션 읽기	exist_ok=True가 이미 있는 폴더 때문에 mkdir가 실패하지 않게 해 주는 옵션임을 읽는다.	Path('output').mkdir(exist_ok=True)	exist_ok=True의 역할로 알맞은 것은?	이미 폴더가 있어도 에러를 내지 않게 한다	exist_ok=True는 같은 경로에 디렉터리가 이미 있을 때 FileExistsError를 내지 않는다. 같은 경로에 일반 파일이 있거나 권한이 없으면 여전히 실패하므로 모든 오류를 무시하는 옵션은 아니다.	스크립트를 여러 번 실행해도 폴더 생성 단계에서 멈추지 않게 하는 카드다.	multiple_choice	"[""mkdir"",""exist_ok=True"",""repeatable script""]"
5	python_file_exists_mkdir_beginner_v118_a1.json	PY118_L05_IS_FILE_IS_DIR_001	파일인지 폴더인지 구분하기	exists()가 True여도 파일과 폴더를 is_file(), is_dir()로 구분해야 함을 읽는다.	path = Path('data')\nprint(path.exists())\nprint(path.is_file())\nprint(path.is_dir())	is_file()과 is_dir()를 같이 보는 이유로 알맞은 것은?	경로가 파일인지 폴더인지 구분하기 위해	exists()는 존재 여부만 알려 준다. 그 경로가 파일인지 폴더인지에 따라 읽기, 쓰기, 목록 조회 방식이 달라진다. 예를 들어 폴더에는 read_text()를 바로 쓰기 어렵다.	data 폴더와 data.txt 파일을 헷갈리는 초보 실수를 줄이는 카드다.	multiple_choice	"[""print"",""is_file"",""is_dir"",""Path.exists""]"
5	python_file_exists_mkdir_beginner_v118_a1.json	PY118_L05_MKDIR_PARENTS_001	mkdir parents 옵션 읽기	mkdir(parents=True, exist_ok=True)가 중간 폴더 생성과 중복 에러 방지에 쓰임을 읽는다.	out_dir = Path('output/reports')\nout_dir.mkdir(parents=True, exist_ok=True)	parents=True의 의미로 알맞은 것은?	중간 폴더까지 필요하면 만든다	parents=True는 output 같은 중간 폴더가 없어도 함께 만들 수 있게 한다. nested output 경로에서 자주 쓰인다. 따라서 정답은 ‘중간 폴더까지 필요하면 만든다’이다.	결과물 저장 폴더를 자동 준비하는 기본 패턴이다.	multiple_choice	"[""mkdir"",""parents=True"",""directory""]"
5	python_file_exists_mkdir_beginner_v118_a1.json	PY118_L05_PREVENT_OVERWRITE_001	덮어쓰기 전 파일 존재 확인	출력 파일을 쓰기 전에 exists()로 이미 있는 파일인지 확인하는 패턴을 읽는다.	out = Path('output/result.txt')\nif out.exists():\n    print('already exists')\nelse:\n    out.write_text('ok', encoding='utf-8')	이 코드가 막으려는 실수는?	기존 파일을 실수로 덮어쓰는 실수	이 코드는 검사 시점에 파일이 있으면 write_text()를 건너뛰어 흔한 덮어쓰기를 줄인다. 그러나 검사와 쓰기 사이에 다른 프로세스가 파일을 만들 수 있으므로 강한 보장이 필요하면 open('x', encoding='utf-8') 같은 배타적 생성 모드를 사용한다.	결과 파일이나 제출 파일을 실수로 덮어쓰지 않기 위한 카드다.	multiple_choice	"[""if"",""else"",""print"",""Path.exists"",""write_text"",""overwrite guard""]"
5	python_foundation_expansion_v10.json	PY10_L05_json_loads_001	json.loads 문자열 파싱	JSON 문자열을 dict로 바꾸는 코드를 읽는다.	"import json\n\ntext = '{""ok"": true, ""count"": 2}'\ndata = json.loads(text)\nprint(data[""count""])"	출력은?	2	"json.loads(text)는 JSON 문자열을 Python 값으로 파싱한다. 이 예제의 바깥 {}는 dict가 되고 JSON의 true는 Python의 True가 된다. count 키에는 정수 2가 들어 있으므로 data[""count""]를 출력하면 2가 나온다. JSON 문법이 잘못되면 json.JSONDecodeError가 발생한다."	API 응답 문자열이나 저장된 JSON을 읽는 데 필요하다.	output_prediction	"[""import"",""print"",""json"",""json.loads"",""dict""]"
5	python_foundation_expansion_v10.json	PY10_L05_try_except_fail_001	try 실패 흐름 읽기	에러가 나면 except의 기본값이 쓰이는 흐름을 읽는다.	"try:\n    value = int(""abc"")\nexcept ValueError:\n    value = 0\nprint(value)"	출력은?	0	"int(""abc"")는 정수로 바꿀 수 없어 ValueError를 발생시킨다. 이 예외는 바로 아래 except ValueError가 잡으므로 value에 0을 대입한 뒤 실행이 계속되고, print(value)는 0을 출력한다. 이 except는 ValueError만 처리하며 다른 종류의 예외까지 모두 막는 것은 아니다."	CSV/JSON 입력값이 예상과 다를 때 자주 쓰는 방어 패턴이다.	output_prediction	"[""print"",""try_except"",""ValueError"",""fallback""]"
5	python_foundation_expansion_v10.json	PY10_L05_try_except_success_001	try 성공 흐름 읽기	에러가 없으면 except로 가지 않는 흐름을 읽는다.	"try:\n    value = int(""10"")\nexcept ValueError:\n    value = 0\nprint(value)"	출력은?	10	try 블록의 코드가 성공하면 except 블록은 실행되지 않는다. int('10')은 숫자 변환에 성공하므로 정상 결과가 그대로 사용된다. 예외가 발생하지 않으면 except는 건너뛰므로 출력은 성공 경로의 값으로 판단해야 한다.	데이터 변환 코드에서 에러 경로와 정상 경로를 구분하는 기초다.	output_prediction	"[""print"",""try_except"",""int"",""error""]"
5	python_foundation_expansion_v10.json	PY10_L05_with_open_write_001	with open 저장 읽기	with open으로 파일을 안전하게 열고 쓰는 코드를 읽는다.	"with open(""log.txt"", ""w"", encoding=""utf-8"") as f:\n    f.write(""done"")"	이 코드는 무엇을 하는가?	log.txt에 done을 저장한다	"open(..., ""w"")는 log.txt를 쓰기 모드로 연다. 파일이 없으면 만들고, 이미 있으면 기존 내용을 먼저 비운 뒤 f.write(""done"")이 문자열을 기록한다. with 블록을 벗어날 때 파일은 자동으로 닫힌다. 따라서 이 코드는 log.txt의 내용을 done으로 저장한다."	로그, 결과, 요약 저장 코드의 기본이다.	meaning_choice	"[""with"",""open"",""file"",""encoding""]"
5	python_import_debug_beginner_v114_a1.json	PY114_L05_INIT_PY_001	__init__.py 역할 읽기	__init__.py가 패키지 구조를 명확히 보여주는 표시라는 점을 읽는다.	app/\n  __init__.py\n  helpers.py\n\nfrom app.helpers import clean_text	__init__.py가 있는 구조를 초보자에게 권하는 이유는?	폴더를 패키지처럼 이해하기 쉬워진다	__init__.py가 있으면 해당 폴더를 일반 패키지로 명시하고 패키지 초기화 코드나 공개 이름도 둘 수 있어 구조를 이해하기 쉽다. 현대 Python의 namespace package는 이 파일 없이도 가능하므로, 모든 패키지에 문법상 필수라는 뜻은 아니다.	서비스 코드가 폴더 단위로 나뉠 때 import 구조를 읽는 데 도움이 된다.	multiple_choice	"[""__init__.py"",""package"",""module"",""import""]"
5	python_import_debug_beginner_v114_a1.json	PY114_L05_PROJECT_ROOT_IMPORT_001	프로젝트 루트에서 실행하기	실행 위치가 import 가능 여부에 영향을 줄 수 있음을 읽는다.	myapp/\n  app/\n    helpers.py\n  main.py\n\n# myapp에서 실행\npython main.py	프로젝트 루트에서 실행하는 습관이 중요한 이유는?	import 기준 위치가 안정되기 때문에	프로젝트가 정한 루트에서 같은 명령을 실행하면 상대경로와 import 탐색 조건이 매번 같아져 동작을 예측하기 쉽다. 패키지 안 모듈은 루트에서 python -m app.module처럼 실행하는 편이 직접 파일 실행보다 import 관계를 안정적으로 유지한다.	검증 스크립트를 항상 프로젝트 폴더에서 실행하는 습관과 연결된다.	multiple_choice	"[""comment"",""project root"",""current directory"",""import"",""module""]"
5	python_import_debug_beginner_v114_a1.json	PY114_L05_SHADOWING_FILE_001	파일명이 라이브러리를 가리는 경우	내 파일 이름이 외부 라이브러리 이름과 겹치면 import가 꼬일 수 있음을 읽는다.	requests.py\n\nimport requests\nprint(requests.get)	이 구조의 위험은?	requests.py가 실제 requests 라이브러리를 가릴 수 있다	현재 폴더의 파일명이 라이브러리 이름과 같으면 Python이 내 파일을 먼저 잡을 수 있다. 그래서 라이브러리 이름과 같은 파일명은 피하는 게 안전하다. 따라서 출력은 ‘requests.py가 실제 requests 라이브러리를 가릴 수 있다’이다.	초보자가 json.py, requests.py, pandas.py 같은 파일명을 만들 때 자주 생기는 문제다.	multiple_choice	"[""print"",""shadowing"",""import"",""filename"",""requests""]"
5	python_json_csv_cli_practice_v127_a1.json	PY127_L05_CSV_DICTREADER_ROWS_001	csv.DictReader로 행 읽기	DictReader 결과를 리스트로 만들어 CSV 행들을 다루는 흐름을 이해한다.	import csv\n\nwith open('data.csv', newline='', encoding='utf-8') as f:\n    rows = list(csv.DictReader(f))\nprint(rows[0])	csv.DictReader를 list로 감싸는 이유로 알맞은 것은?\n\nrows = list(csv.DictReader(f))	CSV 각 행을 dict 형태의 리스트로 다루기 위해	csv.DictReader는 CSV의 각 행을 컬럼명 기준 dict처럼 읽어 준다. list로 감싸면 여러 행을 리스트로 모아 반복, 필터, 요약에 사용할 수 있다.		multiple_choice	"[""import"",""print"",""csv.DictReader"",""CSV"",""rows"",""dict""]"
5	python_json_csv_cli_practice_v127_a1.json	PY127_L05_CSV_FIELDNAMES_001	CSV 컬럼명 확인하기	CSV 헤더와 DictReader의 fieldnames가 연결되는 방식을 이해한다.	import csv\n\nwith open('data.csv', newline='', encoding='utf-8') as f:\n    reader = csv.DictReader(f)\n    print(reader.fieldnames)	DictReader에서 reader.fieldnames를 확인하는 이유로 알맞은 것은?	CSV에 어떤 컬럼이 있는지 확인하기 위해	reader.fieldnames는 CSV의 헤더, 즉 컬럼명 목록을 보여 준다. 어떤 키로 row['name']처럼 접근할 수 있는지 확인할 때 유용하다.		multiple_choice	"[""import"",""print"",""fieldnames"",""CSV header"",""DictReader"",""column""]"
5	python_json_csv_cli_practice_v127_a1.json	PY127_L05_JSON_DUMPS_OUTPUT_001	json.dumps로 결과 저장 문자열 만들기	json.dumps의 ensure_ascii=False와 indent가 결과 저장에 어떤 영향을 주는지 이해한다.	import json\n\nsummary = {'메시지': '완료', 'rows': 3}\ntext = json.dumps(summary, ensure_ascii=False, indent=2)\nprint(text)	다음 코드에서 ensure_ascii=False를 쓰는 이유로 가장 알맞은 것은?\n\ntext = json.dumps(summary, ensure_ascii=False, indent=2)	한글을 \uXXXX 형태가 아니라 그대로 저장하기 위해	json.dumps()는 Python 데이터를 JSON 문자열로 바꾼다. ensure_ascii=False를 쓰면 한글을 이스케이프하지 않고 사람이 읽기 좋게 그대로 저장할 수 있다.		multiple_choice	"[""import"",""print"",""json.dumps"",""ensure_ascii"",""indent"",""JSON output""]"
5	python_json_csv_cli_practice_v127_a1.json	PY127_L05_JSON_LOADS_FROM_FILE_001	read_text와 json.loads로 JSON 읽기	텍스트로 읽은 JSON 문자열을 Python 데이터로 변환하는 흐름을 읽을 수 있다.	import json\nfrom pathlib import Path\n\ninput_path = Path('data.json')\ntext = input_path.read_text(encoding='utf-8')\ndata = json.loads(text)	다음 코드에서 json.loads(text)의 역할로 알맞은 것은?\n\ntext = input_path.read_text(encoding='utf-8')\ndata = json.loads(text)	JSON 문자열을 Python 데이터로 바꾼다	read_text()는 파일 내용을 문자열로 읽고, json.loads()는 JSON 형식 문자열을 dict나 list 같은 Python 데이터로 바꾼다.		multiple_choice	"[""import"",""json.loads"",""read_text"",""JSON"",""dict"",""list""]"
5	python_json_csv_cli_practice_v127_a1.json	PY127_L05_SUFFIX_BRANCH_CSV_JSON_001	확장자로 JSON과 CSV 분기하기	Path.suffix로 파일 형식에 따라 처리 흐름을 나누는 이유를 이해한다.	from pathlib import Path\n\ninput_path = Path(args.input)\nif input_path.suffix == '.json':\n    print('JSON 처리')\nelif input_path.suffix == '.csv':\n    print('CSV 처리')	입력 파일이 .json인지 .csv인지 나누어 처리하려면 가장 먼저 확인하기 좋은 값은?	input_path.suffix	Path.suffix는 마지막 확장자를 돌려주므로 .json과 .csv 처리 함수를 고르는 첫 힌트가 된다. 대문자 확장자도 받으려면 suffix.lower()를 비교하고, 확장자는 내용의 유효성을 보장하지 않으므로 실제 파서 오류도 처리한다.		multiple_choice	"[""if"",""import"",""print"",""Path.suffix"",""JSON"",""CSV"",""branching""]"
5	python_json_csv_cli_practice_v127_a1.json	PY127_L05_SUMMARY_COUNT_COLUMNS_001	행 개수와 컬럼 요약 만들기	CSV나 JSON 데이터를 읽은 뒤 행 개수와 컬럼 목록을 요약하는 방법을 이해한다.	rows = [{'name': 'A', 'score': '10'}, {'name': 'B', 'score': '20'}]\nsummary = {'rows': len(rows), 'columns': list(rows[0].keys())}\nprint(summary)	CSV rows를 읽은 뒤 다음 summary가 담는 정보로 알맞은 것은?\n\nsummary = {'rows': len(rows), 'columns': list(rows[0].keys())}	행 개수와 컬럼 이름 목록	len(rows)는 행 수이고, rows[0].keys()는 첫 행에 들어 있는 키의 순서를 보여 준다. 그러나 rows가 비어 있으면 rows[0]에서 IndexError가 나므로, CSV 구조를 요약할 때는 reader.fieldnames를 따로 보존하거나 빈 목록을 먼저 처리한다.		multiple_choice	"[""print"",""summary"",""len"",""dict keys"",""CSV rows""]"
5	python_json_error_encoding_beginner_v119_a1.json	PY119_L05_BOM_SYMPTOM_001	BOM 문제 증상 읽기	BOM 때문에 첫 key 앞에 보이지 않는 문자가 붙을 수 있음을 이해한다.	print(repr(text[:1]))  # '\ufeff'처럼 보일 수 있음\ndata = json.loads(text)	JSON 문자열의 첫 글자가 \ufeff로 보이면 무엇을 의심할 수 있는가?	BOM이나 인코딩 문제	repr(text[:1])이 '\ufeff'를 보이면 UTF-8 BOM이 문자열 맨 앞에 남은 것이다. 이 상태로 json.loads()를 호출하면 BOM 관련 JSONDecodeError가 날 수 있으므로, 원본 bytes가 UTF-8 BOM을 쓴 파일이라면 utf-8-sig로 읽는다.	데이터 key가 이상하게 안 맞을 때 보이지 않는 문자 문제를 찾는 카드다.	multiple_choice	"[""print"",""BOM"",""utf-8-sig"",""encoding""]"
5	python_json_error_encoding_beginner_v119_a1.json	PY119_L05_ENSURE_ASCII_FALSE_001	ensure_ascii=False 읽기	json.dumps에서 ensure_ascii=False가 한글을 사람이 읽기 쉽게 저장하는 옵션임을 읽는다.	text = json.dumps(data, ensure_ascii=False)	ensure_ascii=False의 효과로 알맞은 것은?	한글을 가능한 그대로 보이게 저장한다	ensure_ascii=False를 쓰면 한글이 \uXXXX 형태로만 보이지 않고 사람이 읽기 쉬운 글자로 저장된다. 공유용 설정 파일이나 로그를 사람이 직접 확인할 때 특히 유용하다. 따라서 정답은 ‘한글을 가능한 그대로 보이게 저장한다’이다.	한글 학습 카드나 설명 데이터를 JSON으로 저장할 때 필요한 옵션이다.	multiple_choice	"[""ensure_ascii=False"",""json.dumps"",""Korean text""]"
5	python_json_error_encoding_beginner_v119_a1.json	PY119_L05_JSON_WRITE_KOREAN_001	한글 JSON 저장 패턴	한글 JSON을 저장할 때 ensure_ascii=False와 encoding='utf-8'을 함께 쓰는 패턴을 읽는다.	text = json.dumps(data, ensure_ascii=False, indent=2)\nPath('cards.json').write_text(text, encoding='utf-8')	이 저장 패턴의 장점으로 알맞은 것은?	한글이 읽기 쉽고 파일 인코딩도 명시된다	ensure_ascii=False는 한글 표시를 돕고, encoding='utf-8'은 파일 저장 인코딩을 명확히 한다. indent=2는 구조 확인에 좋다. 따라서 정답은 ‘한글이 읽기 쉽고 파일 인코딩도 명시된다’이다.	학습 카드 JSON 파일을 사람이 검토하기 좋게 저장하는 기본 패턴이다.	multiple_choice	"[""ensure_ascii=False"",""indent=2"",""encoding""]"
5	python_json_error_encoding_beginner_v119_a1.json	PY119_L05_UTF8_SIG_READ_001	utf-8-sig로 파일 읽기	BOM이 붙은 UTF-8 파일을 읽을 때 utf-8-sig가 도움이 될 수 있음을 읽는다.	from pathlib import Path\n\ntext = Path('data.json').read_text(encoding='utf-8-sig')	encoding='utf-8-sig'를 쓰는 상황으로 알맞은 것은?	BOM이 붙은 UTF-8 파일을 자연스럽게 읽고 싶을 때	utf-8-sig는 UTF-8 파일 앞의 BOM을 처리해 읽는 데 도움이 된다. 외부 도구가 만든 파일에서 가끔 필요하다. BOM이 남으면 첫 글자가 이상하게 보여 파싱이 실패할 수 있다.	외부에서 받은 JSON/CSV 파일을 읽을 때 생기는 보이지 않는 문자 문제를 줄인다.	multiple_choice	"[""import"",""utf-8-sig"",""BOM"",""encoding""]"
5	python_libraries_missing_topics_v11.json	PY11_L05_enumerate_002	enumerate로 번호와 값 같이 읽기	반복 중 index와 값을 함께 얻는 코드를 읽는다.	"labels = [""LiDAR"", ""Radar""]\nfor idx, label in enumerate(labels):\n    print(idx, label)"	첫 번째 반복에서 idx와 label은?	0과 LiDAR	enumerate는 반복 중인 값과 함께 번호도 같이 준다. 기본 번호는 0부터 시작하므로 인덱스와 값을 동시에 다룰 때 편하다. for idx, label처럼 두 변수를 받으면 왼쪽에는 번호, 오른쪽에는 실제 값이 들어간다고 순서대로 읽으면 된다. 따라서 출력은 ‘0과 LiDAR’이다.	카드 번호, row 번호, shard 내부 순번을 만들 때 유용하다.	meaning_choice	"[""print"",""enumerate"",""for"",""index""]"
5	python_libraries_missing_topics_v11.json	PY11_L05_zip_002	zip으로 두 리스트 묶기	두 리스트를 같은 위치끼리 묶는 코드를 읽는다.	"ids = [""n1"", ""n2""]\nlabels = [""LiDAR"", ""Radar""]\nprint(list(zip(ids, labels))[1])"	출력은?	('n2', 'Radar')	zip은 여러 리스트의 같은 위치 값을 묶어 준다. 두 번째 쌍은 ids의 n2와 labels의 Radar가 함께 묶인 결과다. zip은 짧은 쪽 길이에 맞춰 멈추므로 두 리스트의 길이가 다를 때도 그 특징을 함께 확인해야 한다.	id 목록과 label 목록을 함께 처리할 때 쓴다.	output_prediction	"[""print"",""zip"",""list"",""pair""]"
5	python_logging_verbose_cli_beginner_v129_a1.json	PY129_L05_LOGGING_BASICCONFIG_001	logging 기본 설정 읽기	logging.basicConfig와 level 설정이 로그 출력 기준을 정한다는 점을 이해한다.	import logging\n\nlogging.basicConfig(level=logging.INFO)\nlogging.info('처리를 시작합니다')	다음 코드에서 logging.basicConfig(level=logging.INFO)의 역할로 알맞은 것은?	INFO 이상 로그가 보이도록 기본 설정한다	basicConfig(level=logging.INFO)는 루트 로거의 기본 출력 조건을 INFO로 잡아 INFO·WARNING·ERROR·CRITICAL 레코드가 보이게 한다. 이미 핸들러가 설정된 프로세스에서는 아무 변화가 없을 수 있으므로 라이브러리보다 CLI 진입점에서 한 번 설정한다.		multiple_choice	"[""import"",""logging"",""basicConfig"",""INFO"",""log level""]"
5	python_logging_verbose_cli_beginner_v129_a1.json	PY129_L05_LOG_LEVEL_INFO_DEBUG_001	DEBUG와 INFO 구분하기	DEBUG와 INFO 로그를 사용자 진행 메시지와 개발자 확인 메시지로 구분한다.	logging.debug('input_path=%s', input_path)\nlogging.info('파일 처리를 시작합니다')	보통 DEBUG 로그를 INFO 로그보다 자세한 내부 확인용으로 쓰는 이유로 알맞은 것은?	DEBUG는 개발자가 흐름을 확인할 때 더 자세히 남긴다	DEBUG는 변수값, 분기, 내부 흐름처럼 자세한 확인용 메시지에 자주 쓴다. INFO는 사용자가 알아도 좋은 일반 진행 상태에 더 가깝다. 따라서 정답은 ‘DEBUG는 개발자가 흐름을 확인할 때 더 자세히 남긴다’이다.		multiple_choice	"[""DEBUG"",""INFO"",""logging level"",""debugging""]"
5	python_logging_verbose_cli_beginner_v129_a1.json	PY129_L05_PRINT_VS_LOGGING_001	print와 logging 차이	print와 logging의 차이를 메시지 분류와 디버깅 관점에서 이해한다.	print('완료')\nlogging.info('완료')\nlogging.debug('rows=%s', len(rows))	작은 CLI 도구가 커질수록 print만 쓰기보다 logging을 쓰면 좋은 이유로 알맞은 것은?	메시지 중요도와 자세한 정도를 나눌 수 있어서	print는 단순 출력에는 쉽지만 중요도 구분이 약하다. logging은 DEBUG, INFO, WARNING, ERROR처럼 메시지를 단계별로 나눌 수 있다.		multiple_choice	"[""print"",""logging"",""log level"",""CLI UX""]"
5	python_logging_verbose_cli_beginner_v129_a1.json	PY129_L05_PROGRESS_LOG_MESSAGE_001	처리 진행 로그 남기기	파일 처리 흐름에서 진행 로그가 문제 위치를 찾는 데 도움이 됨을 이해한다.	logging.info('읽는 중: %s', input_path)\ndata = load_data(input_path)\nlogging.info('저장 중: %s', output_path)	파일 처리 CLI에서 logging.info('읽는 중: %s', input_path) 같은 로그를 남기는 이유는?	현재 어느 단계인지 확인하기 위해	진행 로그는 프로그램이 입력 읽기, 처리, 저장 중 어디까지 왔는지 보여 준다. 실패가 났을 때 어느 단계에서 멈췄는지도 찾기 쉽다. 따라서 정답은 ‘현재 어느 단계인지 확인하기 위해’이다.		multiple_choice	"[""progress log"",""logging.info"",""input_path"",""output_path""]"
5	python_logging_verbose_cli_beginner_v129_a1.json	PY129_L05_VERBOSE_ENABLE_DEBUG_001	verbose일 때 DEBUG 켜기	verbose 옵션으로 DEBUG 로그 출력 여부를 조절하는 패턴을 이해한다.	level = logging.DEBUG if args.verbose else logging.INFO\nlogging.basicConfig(level=level)	다음 코드에서 args.verbose가 True일 때 일어나는 일로 알맞은 것은?	DEBUG 로그까지 보이도록 설정한다	verbose가 켜지면 level을 logging.DEBUG로 낮춰 더 자세한 로그까지 보이게 한다. verbose가 없으면 INFO 정도만 보이게 둘 수 있다.		multiple_choice	"[""verbose"",""logging.DEBUG"",""logging.INFO"",""conditional expression""]"
5	python_logging_verbose_cli_beginner_v129_a1.json	PY129_L05_VERBOSE_FLAG_STORE_TRUE_001	--verbose 옵션 만들기	store_true 옵션이 CLI에서 켜기/끄기 플래그를 만드는 방식임을 이해한다.	parser.add_argument('--verbose', action='store_true')\nargs = parser.parse_args()\nprint(args.verbose)	argparse에서 --verbose 같은 켜기/끄기 옵션에 action='store_true'를 쓰는 이유는?	옵션이 있으면 True, 없으면 False로 받기 위해	store_true는 --verbose가 입력되면 True, 없으면 False를 만든다. 그래서 자세한 로그를 켤지 말지 분기하기 좋다.		multiple_choice	"[""print"",""argparse"",""store_true"",""verbose"",""boolean flag""]"
5	python_mutable_default_beginner_v115_a1.json	PY115_L05_DICT_DEFAULT_RISK_001	dict 기본 인자도 조심	list뿐 아니라 dict 같은 바뀌는 객체도 기본 인자로 직접 두면 위험할 수 있음을 읽는다.	def remember(key, value, cache={}):\n    cache[key] = value\n    return cache	이 코드에서 cache={}가 위험할 수 있는 이유는?	cache가 호출 사이에 공유될 수 있기 때문에	dict도 내용이 바뀌는 객체다. 기본값으로 둔 dict가 재사용되면 이전 호출에서 저장한 key/value가 다음 호출에도 남을 수 있다. 따라서 반환/호출 결과는 ‘cache가 호출 사이에 공유될 수 있기 때문에’이다.	캐시나 설정 dict를 다루는 코드에서 의도치 않은 값 공유를 피하는 데 필요하다.	multiple_choice	"[""def"",""function"",""return"",""dict"",""mutable default"",""cache"",""side effect""]"
5	python_mutable_default_beginner_v115_a1.json	PY115_L05_IS_NONE_001	is None 조건 읽기	if items is None이 값이 주어지지 않은 기본 상태를 확인하는 조건임을 읽는다.	if items is None:\n    items = []	이 조건문의 의미로 가장 알맞은 것은?	items가 기본 미지정 상태인지 확인한다	None은 값이 없거나 아직 지정되지 않았다는 표시로 자주 쓴다. is None은 그 상태인지 확인하는 읽기 쉬운 조건이다. 빈 문자열이나 0과는 다른 의미다. 따라서 정답은 ‘items가 기본 미지정 상태인지 확인한다’이다.	오류 처리와 옵션 인자 코드를 읽을 때 자주 만나는 패턴이다.	multiple_choice	"[""None"",""if"",""sentinel"",""condition""]"
5	python_mutable_default_beginner_v115_a1.json	PY115_L05_NONE_SAFE_PATTERN_001	None 기본값 안전 패턴	바뀌는 기본값이 필요할 때 None으로 받고 함수 안에서 새 리스트를 만드는 패턴을 읽는다.	def add_item(x, items=None):\n    if items is None:\n        items = []\n    items.append(x)\n    return items	이 패턴을 쓰는 주된 이유는?	매 호출에서 필요하면 새 리스트를 만들기 위해	인자를 생략해 items가 None일 때마다 함수 안에서 새 리스트를 만든다. 호출자가 리스트를 명시적으로 넘긴 경우에는 그 리스트를 그대로 수정하므로, '항상 복사한다'는 뜻은 아니다.	실제 프로젝트에서 기본 인자에 [] 대신 None을 쓰는 이유를 읽을 수 있게 해 준다.	multiple_choice	"[""if"",""def"",""function"",""return"",""None"",""default argument"",""safe pattern"",""list""]"
5	python_oop_gap_beginner_v116_a1.json	PY116_L05_CLASS_VARIABLE_SHARED_001	class variable 공유 주의	class variable은 여러 객체가 함께 보는 값처럼 쓰일 수 있음을 읽는다.	class Card:\n    kind = 'quiz'\n\nc1 = Card()\nc2 = Card()\nprint(c1.kind, c2.kind)	kind = 'quiz'에 대한 설명으로 알맞은 것은?	클래스 쪽에 놓인 공통값처럼 읽을 수 있다	kind는 클래스에 저장된 속성이라 c1과 c2가 인스턴스 속성을 따로 만들지 않은 동안 같은 Card.kind를 찾아 읽는다. c1.kind에 새 값을 대입하면 그 인스턴스에서만 클래스 값을 가릴 수 있으며, 변경 가능한 클래스 속성은 여러 인스턴스가 실제 객체를 공유할 수 있어 주의한다.	공통 설정과 객체별 값을 구분해서 읽는 데 도움이 된다.	multiple_choice	"[""class"",""print"",""class variable"",""object"",""shared state""]"
5	python_oop_gap_beginner_v116_a1.json	PY116_L05_DATACLASS_BASIC_001	dataclass 기본 읽기	dataclass가 데이터 보관용 class를 짧게 만드는 도구임을 읽는다.	from dataclasses import dataclass\n\n@dataclass\nclass Card:\n    title: str\n    level: int	@dataclass를 쓰는 이유로 알맞은 것은?	데이터 중심 class의 반복 코드를 줄이기 위해	dataclass는 title, level 같은 필드를 가진 데이터 중심 class를 짧게 만들 수 있게 해 준다. __init__ 같은 반복 코드를 줄여 준다.	카드, 진행상태, 설정값 같은 데이터 모델을 읽는 데 도움이 된다.	multiple_choice	"[""import"",""dataclass"",""class"",""field"",""__init__""]"
5	python_oop_gap_beginner_v116_a1.json	PY116_L05_INHERITANCE_BASIC_001	상속 기본 흐름	child class가 parent class의 기능을 물려받을 수 있음을 읽는다.	class Animal:\n    def speak(self):\n        return 'sound'\n\nclass Dog(Animal):\n    pass\n\nprint(Dog().speak())	Dog().speak()가 동작할 수 있는 이유는?	Dog가 Animal의 메서드를 물려받기 때문에	Dog는 Animal을 상속하므로 Animal에 있는 speak 메서드를 사용할 수 있다. 이것이 상속의 기본적인 재사용 흐름이다. 따라서 출력은 ‘Dog가 Animal의 메서드를 물려받기 때문에’이다.	공통 동작을 부모 class에 두고 여러 자식 class에서 재사용하는 구조를 읽는다.	multiple_choice	"[""def"",""function"",""return"",""class"",""print"",""inheritance"",""parent class"",""child class"",""method""]"
5	python_oop_gap_beginner_v116_a1.json	PY116_L05_OVERRIDE_METHOD_001	override로 메서드 바꾸기	자식 class가 부모와 같은 이름의 메서드를 다시 정의할 수 있음을 읽는다.	class Animal:\n    def speak(self):\n        return 'sound'\n\nclass Dog(Animal):\n    def speak(self):\n        return 'bark'	Dog의 speak 메서드에 대한 설명으로 알맞은 것은?	부모의 speak 이름을 다시 정의한다	자식 class에서 부모와 같은 이름의 메서드를 다시 만들면 자식 쪽 동작이 우선된다. 이런 흐름을 override라고 읽을 수 있다. 따라서 반환/호출 결과는 ‘부모의 speak 이름을 다시 정의한다’이다.	같은 인터페이스를 유지하면서 객체마다 다른 행동을 만들 때 필요한 감각이다.	multiple_choice	"[""def"",""function"",""return"",""class"",""override"",""inheritance"",""method""]"
5	python_oop_gap_beginner_v116_a1.json	PY116_L05_SUPER_INIT_001	super().__init__ 읽기	super().__init__이 부모 초기화 로직을 이어 쓰는 호출임을 읽는다.	class User:\n    def __init__(self, name):\n        self.name = name\n\nclass Admin(User):\n    def __init__(self, name, level):\n        super().__init__(name)\n        self.level = level	super().__init__(name)의 역할로 알맞은 것은?	부모 User의 초기화 코드를 호출한다	super().__init__(name)은 부모 class의 초기화 로직을 이어서 실행한다. 그래서 name 설정은 부모 코드를 재사용하고, Admin은 level만 추가할 수 있다.	기존 객체 구조를 확장할 때 부모 초기화를 놓치지 않는 읽기 훈련이다.	multiple_choice	"[""def"",""function"",""class"",""super"",""__init__"",""inheritance"",""reuse""]"
5	python_pandas_beginner_v122_a1.json	PY122_L05_BOOLEAN_FILTER_001	조건으로 행 필터링	df[df['score'] >= 80]처럼 조건을 만족하는 행만 남기는 pandas 필터링 표현을 읽는다.	passed = df[df['score'] >= 80]	passed = df[df['score'] >= 80]의 결과로 알맞은 것은?	score가 80 이상인 행만 남긴 표	df['score'] >= 80은 True/False 조건을 만들고, df[...]는 그 조건이 True인 행만 남긴다. 조건식의 True 위치가 선택 결과를 결정한다.	표 데이터에서 조건에 맞는 행만 골라내는 기본 흐름이다.	multiple_choice	"[""boolean filter"",""condition"",""DataFrame""]"
5	python_pandas_beginner_v122_a1.json	PY122_L05_COLUMNS_CHECK_001	df.columns로 컬럼 확인	df.columns가 DataFrame이 가진 실제 컬럼 이름을 확인하는 데 쓰임을 읽는다.	print(df.columns)	df.columns를 출력하는 이유로 알맞은 것은?	실제 컬럼 이름을 확인하기 위해	df.columns는 DataFrame의 열 이름 목록을 보여 준다. 컬럼명 오타로 KeyError가 날 때 먼저 확인해야 하는 정보다. 따라서 출력은 ‘실제 컬럼 이름을 확인하기 위해’이다.	pandas 컬럼 선택 전에 실제 열 이름을 확인하는 카드다.	multiple_choice	"[""print"",""df.columns"",""column"",""DataFrame""]"
5	python_pandas_beginner_v122_a1.json	PY122_L05_SELECT_COLUMN_001	df['컬럼명']으로 열 선택	df['score']처럼 대괄호와 컬럼명을 사용해 DataFrame의 한 열을 선택하는 표현을 읽는다.	scores = df['score']	scores = df['score']의 의미로 알맞은 것은?	score 열 하나를 선택한다	df['score']는 DataFrame에서 score라는 열 하나를 가져오는 표현이다. 컬럼명이 실제로 존재해야 한다. 없는 이름을 쓰면 KeyError가 날 수 있다.	DataFrame에서 필요한 열만 골라 읽는 기본 표현을 익힌다.	multiple_choice	"[""column select"",""DataFrame"",""pandas""]"
5	python_pandas_beginner_v122_a1.json	PY122_L05_TO_CSV_INDEX_FALSE_001	to_csv와 index=False 읽기	df.to_csv(..., index=False)가 DataFrame을 CSV로 저장하되 인덱스 열을 저장하지 않는 패턴임을 읽는다.	passed.to_csv('passed.csv', index=False)	index=False를 넣는 이유로 알맞은 것은?	DataFrame의 인덱스를 CSV 열로 쓰지 않기 위해	to_csv()는 기본적으로 행 라벨인 인덱스도 함께 쓴다. index=False는 그 인덱스를 출력하지 않는다는 뜻이다. 의미 있는 식별자를 인덱스로 쓰고 있다면 버려도 되는지 먼저 확인한다.	가공한 pandas 결과를 깔끔한 CSV 파일로 저장하는 카드다.	multiple_choice	"[""to_csv"",""index=False"",""CSV""]"
5	python_pathlib_argparse_file_cli_v126_a1.json	PY126_L05_ARGPARSE_PATH_INPUT_001	argparse 입력값을 Path로 바꾸기	argparse로 받은 문자열 경로를 Path 객체로 바꾸는 이유를 이해한다.	from pathlib import Path\n\ninput_path = Path(args.input)\nprint(input_path.name)	다음 코드에서 Path(args.input)을 쓰는 이유로 가장 알맞은 것은?\n\nfrom pathlib import Path\ninput_path = Path(args.input)	문자열 경로를 Path 객체로 바꿔 경로 기능을 쓰기 위해	argparse로 받은 값은 보통 문자열이다. Path(args.input)으로 바꾸면 exists(), suffix, parent, read_text() 같은 경로 관련 기능을 읽기 쉽게 사용할 수 있다.		multiple_choice	"[""import"",""print"",""argparse"",""Path"",""pathlib"",""input path""]"
5	python_pathlib_argparse_file_cli_v126_a1.json	PY126_L05_OUTPUT_PARENT_MKDIR_001	출력 폴더 먼저 만들기	출력 파일을 저장하기 전에 부모 폴더를 만드는 이유를 이해한다.	from pathlib import Path\n\noutput_path = Path('out/result.txt')\noutput_path.parent.mkdir(parents=True, exist_ok=True)	다음 코드가 필요한 이유로 가장 알맞은 것은?\n\noutput_path.parent.mkdir(parents=True, exist_ok=True)	출력 파일의 부모 폴더가 없으면 미리 만들기 위해	write_text()는 부모 폴더가 없으면 실패할 수 있다. output_path.parent.mkdir(parents=True, exist_ok=True)를 먼저 쓰면 중간 폴더까지 안전하게 만들 수 있다.		multiple_choice	"[""import"",""Path.parent"",""mkdir"",""parents=True"",""exist_ok=True""]"
5	python_pathlib_argparse_file_cli_v126_a1.json	PY126_L05_PATH_EXISTS_CHECK_001	Path.exists로 입력 파일 확인하기	파일 처리 CLI에서 입력 파일 존재 여부를 먼저 검사해야 하는 이유를 설명할 수 있다.	from pathlib import Path\n\ninput_path = Path('data/input.txt')\nif not input_path.exists():\n    raise SystemExit('입력 파일이 없습니다')	작은 CLI 도구에서 input_path.exists()를 먼저 확인하는 이유는?	파일이 없을 때 처리 단계로 넘어가지 않기 위해	사전 확인은 없는 입력에 대해 짧고 이해하기 쉬운 메시지를 보여 주는 데 도움이 된다. 다만 exists()는 디렉터리도 True이고 검사 뒤 상태가 바뀔 수 있으므로, 파일만 받는다면 is_file()을 확인하고 실제 read_text()의 FileNotFoundError·PermissionError도 처리한다.		multiple_choice	"[""if"",""import"",""Path.exists"",""input validation"",""file check"",""CLI error""]"
5	python_pathlib_argparse_file_cli_v126_a1.json	PY126_L05_PATH_SUFFIX_CHECK_001	Path.suffix로 파일 확장자 읽기	Path.suffix가 파일 확장자를 읽어 처리 분기 기준으로 쓰일 수 있음을 이해한다.	from pathlib import Path\n\ninput_path = Path('report.csv')\nprint(input_path.suffix)  # .csv	다음 코드에서 input_path.suffix가 읽는 값으로 알맞은 것은?\n\ninput_path = Path('report.csv')\nprint(input_path.suffix)	.csv	Path.suffix는 파일 이름의 확장자 부분을 돌려준다. report.csv라면 .csv가 나오므로, CSV와 JSON처럼 처리 방식을 나눌 때 사용할 수 있다.		multiple_choice	"[""import"",""print"",""Path.suffix"",""file extension"",""pathlib"",""branching""]"
5	python_pathlib_argparse_file_cli_v126_a1.json	PY126_L05_READ_TEXT_ENCODING_001	read_text로 텍스트 파일 읽기	Path.read_text()와 encoding 인자가 텍스트 파일 읽기에서 어떤 역할을 하는지 이해한다.	from pathlib import Path\n\ninput_path = Path('memo.txt')\ntext = input_path.read_text(encoding='utf-8')\nprint(text)	다음 코드의 역할로 가장 알맞은 것은?\n\ntext = input_path.read_text(encoding='utf-8')	파일 내용을 utf-8 기준 문자열로 읽는다	read_text()는 텍스트 파일 내용을 문자열로 읽는다. encoding='utf-8'을 명시하면 한글이 들어간 파일도 어떤 인코딩으로 읽는지 코드에서 더 분명해진다.		multiple_choice	"[""import"",""print"",""Path.read_text"",""encoding"",""utf-8"",""text file""]"
5	python_pathlib_argparse_file_cli_v126_a1.json	PY126_L05_WRITE_TEXT_OUTPUT_001	write_text로 결과 저장하기	write_text()가 처리 결과 문자열을 출력 파일에 저장하는 단계임을 이해한다.	from pathlib import Path\n\noutput_path = Path('out/result.txt')\nresult = '완료'\noutput_path.write_text(result, encoding='utf-8')	다음 코드에서 write_text()의 역할로 알맞은 것은?\n\noutput_path.write_text(result, encoding='utf-8')	문자열 결과를 파일로 저장한다	write_text()는 문자열을 텍스트 파일에 저장한다. 결과 문자열을 만든 뒤 output_path.write_text(result, encoding='utf-8')로 쓰면 작은 CLI 도구의 저장 단계가 된다.		multiple_choice	"[""import"",""Path.write_text"",""output file"",""encoding"",""save result""]"
5	python_practical_expansion_v2.json	PY2_L05_generator_001	generator 표현식 읽기	괄호 안 for 표현식이 값을 하나씩 만들어내는 구조임을 읽는다.	scores = [10, 20, 30]\ntotal = sum(score for score in scores)\nprint(total)	출력은?	60	generator는 값을 한꺼번에 만들지 않고 필요할 때 하나씩 생산한다. scores의 값을 차례로 sum에 넘기면 전체 합계 60을 계산할 수 있다. generator는 큰 데이터에서도 필요한 값만 순서대로 만들 수 있어 메모리 사용을 줄인다.	큰 데이터를 한꺼번에 리스트로 만들지 않고 처리하는 코드에서 generator를 볼 수 있다.	output_prediction	"[""print"",""generator"",""sum"",""for""]"
5	python_practical_expansion_v2.json	PY2_L05_yield_001	yield 함수 읽기	yield가 값을 하나씩 내보내는 함수 구조임을 읽는다.	"def read_labels():\n    yield ""LiDAR""\n    yield ""Radar""\n\nfor label in read_labels():\n    print(label)"	yield가 하는 일에 가까운 것은?	값을 하나씩 내보낸다	yield가 있는 함수를 호출하면 결과값 하나가 아니라 generator 객체가 만들어진다. for문이 다음 값을 요청하면 함수가 첫 yield까지 실행되어 LiDAR를 내보내고 그 자리에서 잠시 멈춘다. 다음 요청에는 그다음 줄부터 다시 실행되어 Radar를 내보낸다. 이처럼 상태를 유지하며 값을 하나씩 만들기 때문에 모든 결과를 한꺼번에 리스트로 만들 필요가 없다.	대량 파일을 스트리밍 처리할 때 yield 패턴이 쓰일 수 있다.	meaning_choice	"[""for"",""def"",""print"",""yield"",""generator"",""function""]"
5	python_readme_setup_troubleshooting_v132_a1.json	PY132_L05_ENV_EXAMPLE_001	.env.example 작성 이유	.env.example이 실제 비밀값이 아니라 필요한 변수 이름을 안내하는 예시 파일임을 이해한다.	# .env.example\nOPENAI_API_KEY=your_key_here\nAPP_MODE=dev	.env.example 파일을 README와 함께 제공하는 이유로 알맞은 것은?	필요한 환경변수 이름만 예시로 알려 주기 위해	.env.example은 실제 비밀값을 공개하지 않고 어떤 환경변수가 필요한지만 알려 주는 예시 파일이다. 사용자는 이를 복사해 자신의 .env를 만든다.		multiple_choice	"[""comment"","".env.example"","".env"",""secret"",""environment variable""]"
5	python_readme_setup_troubleshooting_v132_a1.json	PY132_L05_MODULE_NOT_FOUND_TROUBLE_001	ModuleNotFoundError 해결	ModuleNotFoundError가 패키지 설치 환경 문제와 연결될 수 있음을 이해한다.	ModuleNotFoundError: No module named 'dotenv'\n\n# 확인\npython -m pip install -r requirements.txt	README의 Troubleshooting에 ModuleNotFoundError 해결법으로 가장 알맞은 것은?	가상환경 활성화와 requirements 설치 여부를 확인한다	필요한 배포 패키지가 현재 Python 환경에 없을 때 흔히 나므로 먼저 실제 interpreter, venv, requirements 설치를 확인한다. 그래도 계속되면 import 이름 오타, 프로젝트 실행 위치, 같은 이름의 로컬 파일이 모듈을 가리는지도 확인한다.		multiple_choice	"[""comment"",""ModuleNotFoundError"",""venv"",""requirements.txt"",""troubleshooting""]"
5	python_readme_setup_troubleshooting_v132_a1.json	PY132_L05_PREREQUISITES_001	prerequisites 뜻	Prerequisites가 실행 전 필요한 도구와 조건을 적는 섹션임을 이해한다.	## Prerequisites\n- Python 3.11+\n- Git\n- PowerShell 또는 터미널	README에서 Prerequisites 섹션에 들어가기 가장 알맞은 내용은?	프로젝트 실행 전에 미리 필요한 도구	Prerequisites는 프로젝트를 실행하기 전에 갖춰야 할 도구와 조건을 뜻한다. 예제의 Python 3.11+, Git, PowerShell 또는 터미널이 여기에 해당한다. 이 섹션은 설치 명령을 자세히 적는 Setup과 달리, 사용자가 시작 전에 준비 상태를 확인하게 한다. 실제 API key 값처럼 공개하면 안 되는 정보는 넣지 않는다.		multiple_choice	"[""comment"",""prerequisites"",""Python version"",""Git"",""terminal""]"
5	python_readme_setup_troubleshooting_v132_a1.json	PY132_L05_README_ROLE_001	README 역할 이해하기	README가 프로젝트 설명과 실행 안내를 담는 첫 문서라는 점을 이해한다.	# README.md\n\n## 실행 방법\n1. 가상환경 생성\n2. 패키지 설치\n3. 앱 실행	프로젝트 README.md의 가장 기본적인 역할로 알맞은 것은?	프로젝트가 무엇이고 어떻게 실행하는지 안내한다	README는 프로젝트의 첫 안내문이다. 무엇을 하는 프로젝트인지, 어떤 준비가 필요한지, 어떻게 실행하고 확인하는지 적어 둔다. 따라서 정답은 ‘프로젝트가 무엇이고 어떻게 실행하는지 안내한다’이다.		multiple_choice	"[""comment"",""README"",""documentation"",""setup guide"",""project overview""]"
5	python_readme_setup_troubleshooting_v132_a1.json	PY132_L05_RUN_COMMAND_001	실행 명령 구분하기	Run 명령과 Verify/Test 명령을 README에서 구분해 적는 이유를 이해한다.	## Run\npython app.py\n\n## Verify\npython -m pytest	README의 Run 섹션에 들어가기 가장 알맞은 내용은?	프로젝트를 실제로 실행하는 명령	Run 섹션은 앱이나 스크립트를 어떻게 실행하는지 알려 준다. Verify나 Test 섹션은 실행 후 정상 동작을 확인하는 명령을 적는 곳이다.		multiple_choice	"[""comment"",""run command"",""verify command"",""README"",""pytest""]"
5	python_readme_setup_troubleshooting_v132_a1.json	PY132_L05_SETUP_STEPS_ORDER_001	setup 순서 읽기	README의 setup steps가 실제 실행 준비 순서를 단계별로 안내해야 함을 이해한다.	git clone <repo-url>\ncd project\npython -m venv .venv\n.\.venv\Scripts\Activate.ps1\npython -m pip install -r requirements.txt	clone 후 Python 프로젝트 실행 준비 순서로 가장 자연스러운 것은?	clone, 폴더 이동, venv 생성, 활성화, 의존성 설치	다른 컴퓨터에서 프로젝트를 실행하려면 저장소를 받고, 폴더로 이동한 뒤, 가상환경을 만들고 활성화한 다음 requirements를 설치하는 흐름이 자연스럽다.		multiple_choice	"[""git clone"",""cd"",""venv"",""requirements.txt"",""setup steps""]"
5	python_realworld_expansion_v8.json	PY8_L05_cache_bust_query_001	쿼리스트링 캐시 우회 읽기	URL 뒤 _v 값을 바꿔 브라우저 캐시를 우회하는 의미를 읽는다.	http://localhost:8787/src/pwa/index.html?_v=21	?_v=21의 주된 목적은?	새 URL처럼 보여 캐시를 덜 타게 함	브라우저 캐시는 보통 쿼리스트링까지 포함한 URL을 캐시 키로 구분하므로 _v 값이 다른 index.html을 새 URL로 요청하게 할 수 있다. 그러나 이 예시는 index.html의 URL만 바꾼다. 문서가 불러오는 JSON·JS의 URL이 그대로라면 그 하위 파일의 캐시까지 자동으로 무효화하지는 않는다. 서비스 워커나 CDN이 쿼리를 무시하도록 구성된 경우도 있어, 확실한 갱신에는 자산 URL 버전과 캐시 정책을 함께 확인해야 한다.	GitHub Pages나 로컬 서버에서 수정 반영 확인에 유용하다.	meaning_choice	"[""browser"",""cache"",""querystring""]"
5	python_regex_beginner_v124_a1.json	PY124_L05_CAPTURE_GROUP_001	괄호 캡처 그룹 읽기	정규식의 괄호가 전체 매치 중 필요한 부분만 뽑는 캡처 그룹이 될 수 있음을 읽는다.	m = re.search(r'ID-(\d+)', 'user ID-2048 ok')\nif m:\n    print(m.group(1))	m.group(1)이 출력할 값으로 알맞은 것은?	2048	괄호 (\d+)는 숫자 부분만 따로 잡는 캡처 그룹이다. group(1)은 첫 번째 캡처 그룹을 읽으므로 ID-2048 중 2048만 꺼낸다.	로그 문자열에서 ID 숫자만 분리해 쓰는 실전 흐름이다.	multiple_choice	"[""if"",""print"",""capture group"",""group(1)"",""\\d""]"
5	python_regex_beginner_v124_a1.json	PY124_L05_FINDALL_BASIC_001	re.findall로 전부 찾기	re.findall()이 패턴에 맞는 모든 값을 리스트로 모으는 함수임을 읽는다.	text = 'A12 B34 C56'\nnums = re.findall(r'\d+', text)	nums의 값으로 가장 알맞은 것은?	['12', '34', '56']	findall()은 패턴에 맞는 모든 부분을 리스트로 돌려준다. r'\d+'는 연속된 숫자 묶음을 찾으므로 A12, B34, C56에서 숫자 세 개를 모두 뽑는다.	여러 숫자나 여러 코드 조각을 한 번에 추출하는 카드다.	multiple_choice	"[""re.findall"",""list"",""\\d""]"
5	python_regex_beginner_v124_a1.json	PY124_L05_GROUP_ZERO_001	group(0)으로 전체 매치 읽기	match.group(0)이 정규식에 실제로 매치된 전체 문자열을 돌려주는 표현임을 읽는다.	m = re.search(r'ID-\d+', 'user ID-2048 ok')\nif m:\n    print(m.group(0))	m.group(0)이 출력할 값으로 알맞은 것은?	ID-2048	group(0)은 패턴 전체와 매치된 문자열을 돌려준다. 여기서는 ID- 다음 숫자가 붙은 ID-2048 전체가 정규식에 맞는 결과다.	정규식으로 찾은 결과에서 실제 매치 문자열을 꺼내는 카드다.	multiple_choice	"[""if"",""print"",""group"",""match object"",""re.search""]"
5	python_regex_beginner_v124_a1.json	PY124_L05_RAW_STRING_PATTERN_001	raw string 패턴 읽기	정규식 패턴에서 r'\d+' 같은 raw string을 쓰면 백슬래시 패턴을 읽기 쉬워짐을 이해한다.	pattern = r'\d+'\nnums = re.findall(pattern, 'A12 B34')	정규식 패턴에 r'\d+'처럼 r을 붙이는 주된 이유로 알맞은 것은?	백슬래시가 들어간 패턴을 덜 헷갈리게 쓰기 위해	정규식은 \d, \w, \s처럼 백슬래시를 자주 쓴다. raw string인 r'' 형태를 쓰면 Python 문자열 안에서 패턴을 더 읽기 쉽다. 따라서 정답은 ‘백슬래시가 들어간 패턴을 덜 헷갈리게 쓰기 위해’이다.	정규식 코드를 읽을 때 r'' 형태를 먼저 알아보는 카드다.	multiple_choice	"[""raw string"",""\\d"",""regex""]"
5	python_requests_api_beginner_v121_a1.json	PY121_L05_PARAMS_QUERY_001	params로 query parameter 보내기	GET 요청에서 params 딕셔너리가 URL 쿼리 파라미터를 안전하게 붙이는 방법임을 읽는다.	response = requests.get(url, params={'q': 'python'}, timeout=10)	params={'q': 'python'}의 역할로 알맞은 것은?	URL 쿼리 파라미터를 함께 보낸다	params는 GET 요청의 검색 조건이나 필터 값을 URL 쿼리로 보낼 때 쓴다. 직접 문자열을 붙이는 실수를 줄일 수 있다.	검색 API나 목록 API를 호출할 때 조건 값을 안전하게 넘기는 카드다.	multiple_choice	"[""params"",""query parameter"",""requests.get""]"
5	python_requests_api_beginner_v121_a1.json	PY121_L05_RAISE_FOR_STATUS_001	raise_for_status 읽기	raise_for_status()가 실패 HTTP 상태 코드를 예외로 드러내는 역할임을 읽는다.	response = requests.get(url, timeout=10)\nresponse.raise_for_status()	response.raise_for_status()의 역할로 알맞은 것은?	실패 상태 코드를 예외로 드러낸다	raise_for_status()는 404, 500 같은 실패 상태가 왔을 때 예외를 발생시킨다. 실패를 성공처럼 넘기지 않게 해 준다.	API 응답 객체가 왔다고 항상 성공은 아니라는 점을 익히는 카드다.	multiple_choice	"[""raise_for_status"",""HTTPError"",""status_code""]"
5	python_requests_api_beginner_v121_a1.json	PY121_L05_REQUEST_EXCEPTION_001	RequestException 처리 읽기	requests.RequestException이 요청 과정의 네트워크 오류와 timeout 오류를 묶어 처리하는 데 쓰임을 읽는다.	try:\n    response = requests.get(url, timeout=10)\nexcept requests.RequestException as e:\n    print('request failed:', e)	except requests.RequestException은 주로 무엇을 처리하는가?	요청 중 requests가 발생시키는 예외들의 공통 처리	RequestException은 ConnectionError와 Timeout 같은 연결 문제의 공통 기반이며, raise_for_status()가 만든 HTTPError도 포함한다. 단, 예상한 오류를 구분해 다른 대응을 해야 한다면 더 구체적인 예외를 먼저 잡는다.	API 요청 실패를 프로그램 전체 실패로 만들지 않고 분리 처리하는 카드다.	multiple_choice	"[""try_except"",""print"",""RequestException"",""requests"",""try except""]"
5	python_requests_api_beginner_v121_a1.json	PY121_L05_TIMEOUT_OPTION_001	requests timeout 옵션 읽기	requests.get에서 timeout 옵션이 응답을 무한히 기다리지 않게 하는 안전장치임을 읽는다.	response = requests.get(url, timeout=10)	timeout=10의 의미로 알맞은 것은?	응답을 기다리는 시간을 제한한다	Requests의 timeout=10은 전체 다운로드가 반드시 10초 안에 끝난다는 뜻이 아니다. 연결하거나 응답 바이트를 기다리는 동안 지정 시간 이상 진전이 없으면 Timeout을 내어 무기한 대기를 막는다. 연결·읽기 제한을 다르게 두려면 튜플을 쓸 수 있다.	API 호출이 멈춘 것처럼 보일 때 timeout을 넣어 안전하게 만드는 카드다.	multiple_choice	"[""timeout"",""requests.get"",""network""]"
5	python_requirements_dependency_repro_v131_a1.json	PY131_L05_INSTALL_VS_IMPORT_001	설치와 import 차이	패키지를 설치하는 단계와 코드에서 import하는 단계가 다르다는 점을 이해한다.	python -m pip install requests\n\nimport requests	패키지를 설치하는 것과 import하는 것의 차이로 알맞은 것은?	설치는 환경에 패키지를 추가하고, import는 코드에서 불러오는 것이다	pip install은 현재 환경에 패키지를 설치하는 작업이고, import는 이미 설치되어 있거나 기본 제공되는 모듈을 코드에서 불러오는 작업이다.		multiple_choice	"[""pip install"",""import"",""package"",""module""]"
5	python_requirements_dependency_repro_v131_a1.json	PY131_L05_PIP_FREEZE_MEANING_001	pip freeze 의미	pip freeze가 현재 환경의 설치 패키지 목록을 보여 주며 정리에는 주의가 필요함을 이해한다.	python -m pip freeze\n# requests==2.32.3\n# python-dotenv==1.0.1	pip freeze 명령의 출력이 뜻하는 것으로 알맞은 것은?	현재 Python 환경에 설치된 패키지와 버전 목록	pip freeze는 현재 환경에 설치된 패키지와 버전을 보여 준다. 다만 불필요한 패키지까지 섞일 수 있어 requirements 정리에는 주의가 필요하다.		multiple_choice	"[""comment"",""pip freeze"",""installed packages"",""package version"",""requirements""]"
5	python_requirements_dependency_repro_v131_a1.json	PY131_L05_PIP_INSTALL_REQUIREMENTS_001	requirements 설치 명령	requirements.txt를 기준으로 패키지를 한 번에 설치하는 명령을 이해한다.	python -m pip install -r requirements.txt	requirements.txt에 적힌 패키지를 한 번에 설치하는 명령으로 알맞은 것은?	python -m pip install -r requirements.txt	pip install -r requirements.txt는 파일에 적힌 패키지를 읽어 설치한다. python -m pip 형태는 현재 Python 환경의 pip를 쓰게 해 준다.		multiple_choice	"[""pip install"",""-r"",""requirements.txt"",""python -m pip""]"
5	python_requirements_dependency_repro_v131_a1.json	PY131_L05_PYTHON_M_PIP_REASON_001	python -m pip 이유	python -m pip가 현재 Python 환경과 pip를 맞추는 데 도움이 됨을 이해한다.	python -m pip install requests	pip install 대신 python -m pip install 형태를 권장하는 이유로 알맞은 것은?	현재 실행하는 Python 환경의 pip를 쓰기 위해	컴퓨터에 Python이 여러 개 있으면 pip가 어느 환경에 설치하는지 헷갈릴 수 있다. python -m pip는 현재 Python에 연결된 pip를 실행한다.		multiple_choice	"[""python -m pip"",""pip"",""Python environment"",""venv""]"
5	python_requirements_dependency_repro_v131_a1.json	PY131_L05_REQUIREMENTS_TXT_ROLE_001	requirements.txt 역할	requirements.txt가 프로젝트 의존성 목록을 기록해 실행환경 재현을 돕는 파일임을 이해한다.	# requirements.txt\nrequests==2.32.3\npython-dotenv==1.0.1	requirements.txt 파일의 대표적인 역할로 가장 알맞은 것은?	프로젝트에 필요한 외부 패키지 목록을 적어 두는 것	requirements.txt는 pip가 설치할 외부 패키지 요구사항을 적는 입력 파일이다. 버전 범위만 적으면 다른 시점에 다른 버전이 설치될 수 있으므로, 이것만으로 완전한 재현성을 자동 보장하지는 않는다.		multiple_choice	"[""comment"",""requirements.txt"",""dependency"",""package"",""reproducible environment""]"
5	python_requirements_dependency_repro_v131_a1.json	PY131_L05_VERSION_PINNING_001	버전 고정 이해하기	패키지 버전 고정이 실행환경 차이를 줄이는 데 도움이 됨을 이해한다.	# requirements.txt\nrequests==2.32.3	requirements.txt에서 requests==2.32.3처럼 쓰는 의미로 알맞은 것은?	requests 패키지를 특정 버전으로 맞춘다	==는 requests 2.32.3이라는 정확한 버전을 요구한다. 직접 의존성 하나를 고정하면 차이를 줄이지만, Python 버전·운영체제·간접 의존성까지 같다는 보장은 없으므로 더 강한 재현에는 잠금 파일이나 해시와 실행 환경 기록이 필요하다.		multiple_choice	"[""comment"",""version pinning"",""=="",""package version"",""dependency""]"
6	cards_seed_v1.json	L06_json_loads_001	JSON 문자열을 dict로 바꾸기	json.loads(line)이 문자열을 dict로 바꾸는 흐름을 읽는다.	"import json\n\nline = ""{\""label\"": \""LiDAR\"", \""kind\"": \""Sensor\""}""\nrow = json.loads(line)\nprint(row[""label""])"	이 코드의 출력은?	LiDAR	"line은 아직 글자로 된 JSON 문자열이다. json.loads(line)이 이 문자열을 파이썬 값으로 변환하며, 이 예제처럼 JSON의 바깥 모양이 객체 {}이면 dict가 된다. 그다음 row[""label""]이 ""LiDAR""를 꺼내므로 출력은 ‘LiDAR’이다. 문자열이 올바른 JSON 문법이 아니면 JSONDecodeError가 날 수 있다."	JSONL 파일을 읽을 때 각 줄을 dict로 바꾸는 핵심 함수다.	output_prediction	"[""import"",""print"",""json.loads"",""dict"",""json""]"
6	cards_seed_v1.json	L06_jsonl_read_001	JSONL 파일 읽기 흐름	JSONL을 한 줄씩 읽고 각 줄을 dict로 바꾸는 구조를 읽는다.	"import json\n\nwith open(""nodes.jsonl"", ""r"", encoding=""utf-8"") as f:\n    for line in f:\n        row = json.loads(line)\n        print(row[""label""])"	이 코드의 핵심 기능은?	JSONL 파일을 한 줄씩 읽고 label을 출력한다.	with open으로 파일을 열고, for line in f로 한 줄씩 읽고, json.loads로 dict로 바꾼다. JSONL 파일은 한 줄에 JSON 객체 하나가 들어 있는 형식이다. 줄 단위로 읽고 json.loads로 파싱하면 큰 데이터도 순차 처리하기 쉽다.	chunks, nodes, edges 파일을 읽는 기본 패턴이다.	meaning_choice	"[""import"",""print"",""open"",""with"",""for"",""json.loads"",""jsonl""]"
6	python_accessibility_a11y_ui_v52.json	PY52_L06_focus_state_001	focus state 읽기	현재 선택된 요소가 화면에서 보이도록 focus 상태를 표시하는 이유를 이해한다.	button:focus-visible {\n  outline: 2px solid currentColor;\n}	focus state가 중요한 이유는?	키보드 사용자가 현재 위치를 알 수 있게 하기 위해	:focus-visible outline은 keyboard focus 위치를 보이게 한다. outline 색이 배경과 충분히 대비되고 clipping되지 않으며 custom CSS가 제거하지 않는지 확인한다. focus를 programmatically 옮길 때도 사용자가 예상할 수 있는 위치와 설명을 제공한다.	카드 수가 1000장을 넘었으므로, 이제 학습앱 UI를 더 많은 사용자가 안정적으로 쓸 수 있게 하는 접근성 품질이 중요하다.	meaning_choice	"[""focus_state"",""accessibility"",""CSS""]"
6	python_accessibility_a11y_ui_v52.json	PY52_L06_keyboard_navigation_001	keyboard navigation 읽기	마우스 없이 키보드만으로 앱을 사용할 수 있어야 함을 이해한다.	button.focus();\n// Native button: Tab to focus, Enter or Space to activate	keyboard navigation의 목적은?	마우스 없이도 앱을 조작할 수 있게 하기 위해	native button은 Tab으로 focus하고 Enter 또는 Space로 실행할 수 있다. 방향키는 radio group·menu 같은 component pattern에서 별도 구현할 수 있고 Escape는 modal 닫기처럼 context별 동작이다. mouse click만 test하지 말고 focus 순서, visible focus와 모든 기능을 keyboard로 확인한다.	카드 수가 1000장을 넘었으므로, 이제 학습앱 UI를 더 많은 사용자가 안정적으로 쓸 수 있게 하는 접근성 품질이 중요하다.	meaning_choice	"[""keyboard_navigation"",""accessibility"",""UI""]"
6	python_ai_toolchain_expansion_v12.json	PY12_L06_pip_install_001	pip install 읽기	파이썬 패키지를 설치하는 pip 명령을 읽는다.	python -m pip install pandas requests fastapi	이 명령은 무엇을 설치하는가?	pandas, requests, fastapi 패키지	python -m pip는 현재 python 명령과 연결된 pip를 실행한다. install 뒤의 pandas, requests, fastapi 배포 패키지와 필요한 의존성을 그 Python 환경에 설치한다. 활성화한 가상환경의 python인지 먼저 확인하면 전역 환경이나 다른 프로젝트에 설치하는 실수를 줄일 수 있다. 설치 성공은 앱 호환성까지 보장하지 않으므로 버전 조건과 실제 import·테스트도 확인한다.	프로젝트 의존성 설치 로그를 읽는 기본이다.	meaning_choice	"[""pip"",""install"",""package""]"
6	python_ai_toolchain_expansion_v12.json	PY12_L06_venv_activate_001	venv 활성화 읽기	가상환경을 켜는 PowerShell 명령을 읽는다.	.\.venv\Scripts\Activate.ps1	이 명령의 목적은?	현재 PowerShell에서 .venv 가상환경을 활성화한다	"이 PowerShell 스크립트는 현재 셸 세션의 PATH 등을 바꿔 python과 pip가 .venv 안의 실행 파일을 먼저 찾게 한다. 새 터미널이나 다른 프로세스까지 영구적으로 바꾸지는 않는다. 프롬프트에 (.venv)가 보이는 것은 단서일 뿐 확정 증거는 아니므로 python -c ""import sys; print(sys.executable)""로 실제 경로를 확인한다. PowerShell 실행 정책이 스크립트를 막으면 정책 범위를 확인해야 한다."	로컬 프로젝트별 패키지 충돌을 줄이는 기본 습관이다.	meaning_choice	"[""venv"",""activate"",""environment""]"
6	python_ai_toolchain_expansion_v12.json	PY12_L06_winget_install_001	winget 설치 명령 읽기	Windows에서 개발 도구를 설치하는 winget 명령의 의미를 읽는다.	winget install --id Python.Python.3.11 -e	이 명령의 목적은?	Windows에 Python 3.11을 설치한다	winget install은 Windows 패키지 관리자의 저장소에서 앱을 찾아 설치한다. --id는 이름이나 별칭이 아니라 패키지 ID 필드로 검색 범위를 좁히고, -e는 Python.Python.3.11과 정확히 일치하는 항목만 선택한다. 설치 프로그램이나 저장소 약관 확인이 필요할 수 있으며, 명령 성공 뒤에는 새 PowerShell에서 python --version으로 PATH와 실제 버전을 검증한다.	새 워크스테이션/서버 세팅에서 자주 만나는 명령이다.	meaning_choice	"[""winget"",""install"",""windows"",""toolchain""]"
6	python_analytics_privacy_optin_v60.json	PY60_L06_analytics_001	analytics 읽기	사용 흐름을 개선하기 위해 익명 통계를 볼 수 있는 analytics 개념을 이해한다.	analytics.track('card_answered')	analytics의 목적은?	사용 흐름을 이해하고 앱을 개선하기 위해	analytics는 사용자가 앱의 어떤 흐름에서 어려움을 겪는지 집계해 제품을 개선하는 기능이다. 목적을 먼저 정한 뒤 그 목적에 필요한 최소 데이터만 수집해야 한다. 동의가 필요한 범위와 방식은 지역과 기술에 따라 달라질 수 있으므로, 이 카드의 opt-in은 이 학습앱이 채택한 보수적인 제품 원칙이지 모든 법적 요건을 대신하는 규칙은 아니다.	감사 v2에서 ANALYTICS_PRIVACY_OPT_IN이 0 hits였으므로, v60은 학습앱 분석, 이벤트 추적, 개인정보 동의/거부 UX를 보강한다.	meaning_choice	"[""analytics"",""product_quality"",""learning_ux""]"
6	python_analytics_privacy_optin_v60.json	PY60_L06_event_tracking_001	event tracking 읽기	사용자 행동을 event 단위로 기록하는 event tracking을 이해한다.	trackEvent('search_used', { queryLength: 4 })	event tracking의 역할은?	사용자 행동을 사건 단위로 기록하기 위해	event tracking은 검색 실행, 정답 제출, 북마크 클릭 같은 행동을 정해진 이벤트로 기록하는 방식이다. 어떤 기능이 실제로 쓰이는지 파악할 수 있지만 검색어 원문이나 개인 메모를 속성에 넣으면 불필요한 개인정보가 될 수 있다. 이벤트마다 목적, 허용 속성, 동의 조건을 스키마로 제한해야 한다.	감사 v2에서 ANALYTICS_PRIVACY_OPT_IN이 0 hits였으므로, v60은 학습앱 분석, 이벤트 추적, 개인정보 동의/거부 UX를 보강한다.	meaning_choice	"[""event_tracking"",""analytics"",""UX""]"
6	python_architecture_layers_patterns_v41.json	PY41_L06_layer_architecture_001	layer architecture 읽기	앱을 화면, 서버, 저장소 같은 층으로 나누어 읽는 감각을 익힌다.	Frontend/PWA\n  -> API Route\n  -> Service\n  -> Repository\n  -> Database	layer architecture의 핵심 의미는?	역할이 다른 코드를 층으로 나누어 흐름을 읽기 쉽게 만든다	layer architecture는 UI, HTTP 처리, 업무 규칙, 저장소 접근처럼 서로 다른 책임을 구분한다. 각 층의 공개 interface와 의존 방향을 정하고, 위층이 아래층의 세부 구현을 건너뛰어 직접 만지지 않게 해야 효과가 있다. 층을 많이 만드는 것 자체가 이해도나 품질을 자동으로 높이지는 않는다.	학습앱은 PWA 화면에서 API나 JSON 데이터로 이어지는 흐름으로 읽을 수 있다.	meaning_choice	"[""layer_architecture"",""frontend"",""backend"",""database""]"
6	python_architecture_layers_patterns_v41.json	PY41_L06_request_flow_001	request flow 읽기	사용자 행동이 어떤 코드 흐름을 따라 처리되는지 읽는다.	click button\n  -> fetch('/api/cards')\n  -> route handler\n  -> service.loadCards()\n  -> return JSON	request flow를 읽는다는 것은 무엇에 가까운가?	사용자 요청이 어떤 함수와 데이터를 거쳐 응답되는지 따라가는 것	요청 흐름을 알면 버그가 화면 문제인지, API 문제인지, 저장소 문제인지 좁혀갈 수 있다. request flow는 사용자의 요청이 화면, API, 서비스, 저장소를 거쳐 응답으로 돌아오는 흐름이다. 각 단계에서 입력과 출력이 어떻게 바뀌는지 확인해야 한다.	카드가 안 뜰 때 index.html, app.js, lesson JSON, 서버 로그를 순서대로 확인하는 방식과 연결된다.	meaning_choice	"[""request_flow"",""api_route"",""service""]"
6	python_argparse_cli_beginner_v125_a1.json	PY125_L06_CLI_SMALL_TOOL_FLOW_001	작은 CLI 도구 흐름	작은 CLI 도구를 인자 파싱, 검증, 처리, 저장 단계로 나누어 읽을 수 있다.	def main():\n    args = parse_args()\n    validate_input(args.input)\n    result = process(args.input)\n    save_result(result, args.output)	CSV나 JSON 파일을 처리하는 작은 CLI 도구를 만들 때 가장 읽기 쉬운 흐름은?	인자 파싱 후 입력 확인, 처리, 저장 순서로 나눈다	작은 CLI 도구는 인자 파싱, 입력 확인, 처리, 저장 단계를 나누면 읽기 쉽다. 이런 흐름은 CSV, JSON, regex, pandas 작업을 도구로 묶을 때 중요하다.		multiple_choice	"[""def"",""function"",""CLI tool"",""parse_args"",""input validation"",""save result""]"
6	python_argparse_cli_beginner_v125_a1.json	PY125_L06_MAIN_GUARD_CLI_001	main guard로 직접 실행 구분하기	if __name__ == '__main__' 구조가 import 자동 실행을 막는 이유를 이해한다.	def main():\n    print('CLI tool start')\n\nif __name__ == '__main__':\n    main()	다음 구조의 역할로 가장 알맞은 것은?\n\nif __name__ == '__main__':\n    main()	직접 실행할 때만 main()을 부르도록 막아 준다	main guard는 파일을 직접 실행할 때만 main()을 호출하게 해 준다. 다른 파일에서 import할 때 자동 실행을 막아 테스트와 재사용을 안전하게 만든다.		multiple_choice	"[""if"",""def"",""function"",""print"",""main guard"",""__name__"",""__main__"",""import safety""]"
6	python_async_queue_batch_jobs_v36.json	PY36_L06_sync_vs_async_001	동기와 비동기 흐름 읽기	순서대로 기다리는 동기 처리와 기다리는 동안 다른 일을 할 수 있는 비동기 처리의 차이를 이해한다.	sync:\n  download A\n  wait\n  download B\n  wait\n\nasync:\n  start download A\n  start download B\n  wait for both	async 흐름의 장점으로 가장 가까운 것은?	기다리는 시간이 많은 작업을 겹쳐 처리할 수 있다	동기와 비동기의 차이는 대기 중 제어권을 다루는 방식에 있다. 비동기 I/O는 한 요청이 네트워크를 기다리는 동안 다른 준비된 작업을 진행해 대기 시간을 겹칠 수 있다. CPU 계산 자체가 자동으로 빨라지거나 여러 코어에서 병렬 실행된다는 뜻은 아니다.	API 호출, 파일 다운로드, 검색 요청을 여러 개 처리할 때 중요한 개념이다.	meaning_choice	"[""sync"",""async"",""waiting"",""workflow""]"
6	python_auth_security_tokens_permissions_v38.json	PY38_L06_authentication_001	authentication 읽기	사용자가 누구인지 확인하는 authentication 개념을 이해한다.	"login request:\n  email = ""user@example.com""\n  password = ""********""\n\nresult:\n  authenticated user_id = ""u1"""	authentication의 핵심 질문은?	너는 누구인가?	authentication은 사용자의 신원을 확인하는 과정이다. 로그인처럼 아이디, 비밀번호, 토큰 등을 확인해 누구의 요청인지 판단한다. 인증은 권한 부여보다 앞단의 확인 과정이며, 먼저 사용자가 누구인지 확인한 뒤 접근 권한을 판단한다. 따라서 정답은 ‘너는 누구인가?’이다.	사용자별 학습 진행률을 저장하려면 먼저 사용자를 식별해야 한다.	meaning_choice	"[""authentication"",""login"",""identity""]"
6	python_auth_security_tokens_permissions_v38.json	PY38_L06_authorization_001	authorization 읽기	로그인한 사용자가 무엇을 할 수 있는지 확인하는 authorization을 이해한다.	"user.role = ""student""\n\ncan_read_cards = true\ncan_delete_all_users = false"	authorization의 핵심 질문은?	너는 이 작업을 해도 되는가?	authentication은 신원 확인, authorization은 권한 확인이다. authorization은 로그인한 사용자가 특정 작업을 해도 되는지 판단하는 단계다. 인증된 사용자라도 권한이 부족하면 거절되어야 한다.	학생/관리자/부모 계정 같은 역할을 나눌 때 필요하다.	meaning_choice	"[""authorization"",""permission"",""access_control""]"
6	python_broad_expansion_v3.json	PY3_L06_json_dump_file_001	json.dump() 파일 저장	dict/list를 JSON 파일로 저장하는 코드를 읽는다.	"import json\n\nresult = {""ok"": True, ""count"": 3}\nwith open(""result.json"", ""w"", encoding=""utf-8"") as f:\n    json.dump(result, f, ensure_ascii=False, indent=2)"	이 코드는 무엇을 하는가?	result dict를 JSON 파일로 저장한다	json.dump는 파이썬 자료구조를 JSON 형식으로 파일에 저장한다. dict나 list를 사람이 읽을 수 있는 데이터 파일로 남길 때 쓴다. ensure_ascii와 indent 옵션을 조절하면 한글 보존과 사람이 읽기 쉬운 저장 형식을 선택할 수 있다.	검증 결과, 설정, 앱 카드 데이터를 저장할 때 쓴다.	meaning_choice	"[""import"",""json.dump"",""file"",""dict""]"
6	python_broad_expansion_v3.json	PY3_L06_json_load_file_001	json.load() 파일 읽기	JSON 파일 전체를 파이썬 자료구조로 읽는 코드를 이해한다.	"import json\n\nwith open(""config.json"", ""r"", encoding=""utf-8"") as f:\n    config = json.load(f)\n\nprint(config[""mode""])"	json.load(f)는 무엇에 가까운가?	파일 안 JSON을 파이썬 값으로 읽는다	json.load는 열린 파일 객체의 JSON 문서를 파싱해 대응하는 파이썬 값을 반환한다. JSON 객체는 dict, 배열은 list가 되지만 문자열·숫자·불리언·null도 각각 대응하는 값이 될 수 있다. 이 코드는 최상위 값이 dict이고 mode key가 있다는 전제이므로, 파싱 성공과 필요한 구조 검증을 따로 구분해야 한다.	설정 파일과 매니페스트 파일을 읽을 때 자주 쓴다.	meaning_choice	"[""import"",""print"",""json.load"",""file"",""dict""]"
6	python_broad_expansion_v3.json	PY3_L06_read_text_001	Path.read_text() 읽기	텍스트 파일 전체를 읽는 pathlib 코드를 읽는다.	"from pathlib import Path\n\ntext = Path(""README.md"").read_text(encoding=""utf-8"")\nprint(len(text))"	이 코드는 무엇을 하는가?	README.md 내용을 읽고 길이를 출력한다	read_text는 README.md 전체를 UTF-8 문자열로 읽고, len(text)는 그 문자열의 문자 수를 계산해 출력한다. 실제 숫자는 파일 내용에 따라 달라진다. 파일이 크면 전체가 한꺼번에 메모리에 올라오며, 파일이 없거나 UTF-8로 해석할 수 없으면 예외가 날 수 있다. 질문의 정답은 ‘README.md 내용을 읽고 길이를 출력한다’이다.	텍스트 추출 파일, 노트, README를 읽는 간단한 패턴이다.	meaning_choice	"[""import"",""print"",""pathlib"",""read_text"",""file""]"
6	python_broad_expansion_v3.json	PY3_L06_write_text_001	Path.write_text() 읽기	문자열을 파일로 저장하고 기존 내용을 갱신하는 코드를 읽는다.	"from pathlib import Path\n\nsummary = ""done""\nPath(""summary.txt"").write_text(summary, encoding=""utf-8"")"	이 코드는 무엇을 하는가?	summary.txt에 done을 저장한다	write_text는 문자열을 파일에 쓴다. 파일이 없으면 만들고, 기본적으로 기존 내용이 있으면 새 문자열로 덮어쓴다. Path.write_text는 문자열을 파일에 저장하는 pathlib 메서드다. encoding을 지정하면 한글이나 특수문자가 깨지는 문제를 줄일 수 있다. 따라서 정답은 ‘summary.txt에 done을 저장한다’이다.	요약 결과, 로그, 중간 산출물을 저장할 때 쓴다.	meaning_choice	"[""import"",""pathlib"",""write_text"",""file""]"
6	python_card_authoring_pipeline_v58.json	PY58_L06_authoring_001	authoring 읽기	학습 카드를 직접 작성하거나 생성하는 authoring 개념을 이해한다.	card = makeCard(title, question, answer)	authoring의 목적은?	학습 카드를 만들고 관리하기 위해	authoring은 학습카드를 기획, 작성, 검토, 배포하는 제작 과정이다. 카드가 많아질수록 즉흥 작성이 아니라 정해진 제작 흐름이 필요하다. 제작 흐름을 정해 두면 질문, 선택지, 해설, 검증 기준을 일관된 품질로 유지할 수 있다.	감사 v2에서 CONTENT_AUTHORING_PIPELINE이 0 hits였으므로, v58은 카드 제작, 검토, 검증, 배포 흐름을 보강한다.	meaning_choice	"[""authoring"",""content_pipeline"",""card_creation""]"
6	python_card_authoring_pipeline_v58.json	PY58_L06_card_template_001	card template 읽기	새 카드를 만들 때 반복되는 필드를 template으로 잡는 방식을 이해한다.	template = {\n  id: '',\n  level: null,\n  title: '',\n  question: '',\n  choices: [],\n  answer: '',\n  explanation: '',\n  concepts: []\n}	card template의 역할은?	카드 작성에 필요한 기본 필드를 빠뜨리지 않게 한다	template에 실제 설명이 언급한 choices, explanation, concepts와 level까지 넣어 author가 필요한 field를 보게 한다. 빈 기본값은 완성된 card가 아니므로 schema validation으로 non-empty text, choice 수, answer membership, 허용 level과 concept ID를 검사해야 한다.	감사 v2에서 CONTENT_AUTHORING_PIPELINE이 0 hits였으므로, v58은 카드 제작, 검토, 검증, 배포 흐름을 보강한다.	meaning_choice	"[""card_template"",""schema"",""authoring""]"
6	python_compute_concepts_v13.json	PY13_L06_compute_compare_001	CPU/GPU/TPU/NPU 한 번에 비교	서로 따로 외우지 않고 계산 장치의 역할 차이를 한 묶음으로 이해한다.	CPU: 범용 계산, 복잡한 분기, 운영체제/일반 프로그램 실행에 강함\nGPU: 많은 코어로 같은 연산을 대량 병렬 처리, 행렬/벡터 연산에 강함\nTPU: 구글이 만든 딥러닝 행렬 연산 특화 가속기\nNPU: 기기나 SoC 안에서 AI 추론을 빠르고 저전력으로 처리하는 가속기	GPU의 설명으로 가장 가까운 것은?	같은 종류의 연산을 대량 병렬 처리하는 데 강하다	GPU는 많은 데이터에 비슷한 산술 연산을 적용하는 행렬·벡터 작업을 높은 병렬성으로 처리하는 데 강하다. CPU는 범용 제어와 지연시간이 중요한 다양한 작업에 유연하고, TPU·NPU는 지원 연산과 배포 환경에 맞춘 전용 가속기다. 장치 이름만으로 속도를 정할 수는 없으며 연산 크기, 메모리 이동, 지원 framework와 하드웨어에 맞게 구현됐는지를 함께 본다.	AI 코드에서 cuda/device/batch_size가 왜 나오는지 이해하기 위한 기본 비교다.	meaning_choice	"[""cpu"",""gpu"",""tpu"",""npu"",""accelerator""]"
6	python_compute_concepts_v13.json	PY13_L06_cpu_role_001	CPU가 맡기 좋은 일	CPU가 범용 제어와 복잡한 분기에 강하다는 것을 이해한다.	"for task in tasks:\n    if task[""type""] == ""download"":\n        download(task)\n    elif task[""type""] == ""parse"":\n        parse(task)\n    else:\n        skip(task)"	이런 코드는 어떤 장치의 역할에 더 가깝나?	CPU	바깥 Python loop는 task 종류를 하나씩 확인해 서로 다른 함수를 호출하므로 범용 CPU가 조율하기 좋은 제어 흐름이다. 다만 download는 network I/O를 기다리고 parse 내부는 다른 library나 accelerator를 사용할 수도 있어, 이 조각만으로 전체 작업이 CPU 계산만 한다고 단정할 수는 없다. CPU가 맡는 부분은 조건 판단과 호출 순서 제어다.	배치 파이프라인/수집기/서버 로직은 대부분 CPU 제어 흐름이다.	meaning_choice	"[""if"",""else"",""for"",""cpu"",""control_flow"",""general_purpose""]"
6	python_core_expansion_v1.json	PY_L06_csv_dictreader_001	csv.DictReader 읽기	CSV 행을 dict처럼 읽는 구조를 이해한다.	"import csv\n\nwith open(""items.csv"", ""r"", encoding=""utf-8"") as f:\n    reader = csv.DictReader(f)\n    for row in reader:\n        print(row[""label""])"	row는 어떤 형태에 가까운가?	dict	csv.DictReader는 CSV의 첫 줄 컬럼명을 key로 사용해 각 행을 dict처럼 읽게 해 준다. 그래서 row['name']처럼 값을 꺼낼 수 있다. 컬럼 이름으로 접근하므로 순서보다 의미 중심으로 CSV 데이터를 읽을 수 있다.	CSV 라벨링 결과를 컬럼명으로 읽을 때 유용하며, TSV는 delimiter='\t'를 따로 지정해야 한다.	meaning_choice	"[""for"",""import"",""print"",""csv"",""DictReader"",""dict"",""file""]"
6	python_core_expansion_v1.json	PY_L06_pathlib_glob_001	Path.glob으로 파일 찾기	"Path(...).glob(""*.jsonl"")이 특정 확장자 파일을 찾는 코드임을 읽는다."	"from pathlib import Path\n\nfor path in Path(""data"").glob(""*.jsonl""):\n    print(path.name)"	이 코드는 무엇을 찾는가?	data 폴더의 jsonl 파일	Path('data')가 검색할 폴더를 data로 정하고, glob('*.jsonl')이 그 폴더 바로 아래에서 이름이 .jsonl로 끝나는 항목을 찾는다. *는 앞부분 이름이 무엇이든 될 수 있다는 뜻이며, 이 패턴은 하위 폴더까지 재귀적으로 찾지는 않는다. 결과는 Path 객체이므로 path.name으로 파일 이름을 읽을 수 있다.	여러 입력 파일을 batch로 처리할 때 자주 쓴다.	meaning_choice	"[""import"",""print"",""pathlib"",""glob"",""for""]"
6	python_core_expansion_v1.json	PY_L06_write_jsonl_001	JSONL 쓰기 흐름	dict를 JSON 문자열로 바꿔 한 줄씩 저장하는 구조를 읽는다.	"import json\n\nrows = [{""label"": ""LiDAR""}, {""label"": ""Radar""}]\n\nwith open(""out.jsonl"", ""w"", encoding=""utf-8"") as f:\n    for row in rows:\n        f.write(json.dumps(row, ensure_ascii=False) + ""\n"")"	이 코드는 무엇을 하는가?	rows를 JSONL 파일로 저장한다	JSONL은 한 줄에 JSON 객체 하나씩 저장하는 형식이다. 각 row를 json.dumps로 문자열로 바꾸고 줄바꿈을 붙여 한 줄씩 저장한다. JSONL은 대용량 데이터를 한 줄씩 추가하거나 읽기 쉬워 로그와 데이터셋 저장에 자주 쓰인다.	노드/엣지/청크 결과 저장에 핵심이다.	meaning_choice	"[""import"",""json.dumps"",""write"",""jsonl"",""for""]"
6	python_csv_writer_dictreader_beginner_v120_a1.json	PY120_L06_DICTWRITER_SAVE_FLOW_001	DictWriter 저장 흐름 읽기	DictWriter로 헤더를 쓰고 여러 dict 행을 차례로 저장하는 전체 흐름을 읽는다.	rows = [{'name': 'Mina', 'score': 90}]\nwith open('scores.csv', 'w', newline='', encoding='utf-8') as f:\n    writer = csv.DictWriter(f, fieldnames=['name', 'score'])\n    writer.writeheader()\n    for row in rows:\n        writer.writerow(row)	이 코드의 전체 흐름으로 가장 알맞은 것은?	헤더를 쓰고 각 행을 순서대로 쓴다	DictWriter를 만들고 writeheader()로 컬럼명을 먼저 쓴 뒤, 각 dict row를 writerow()로 저장하는 흐름이다. 따라서 정답은 ‘헤더를 쓰고 각 행을 순서대로 쓴다’이다.	가공한 데이터를 CSV 결과 파일로 저장하는 실전 흐름을 읽는 카드다.	multiple_choice	"[""for"",""csv.DictWriter"",""writeheader"",""writerow"",""fieldnames""]"
6	python_csv_writer_dictreader_beginner_v120_a1.json	PY120_L06_FIELDNAMES_DEBUG_001	reader.fieldnames로 헤더 확인	reader.fieldnames를 출력하면 DictReader가 인식한 실제 컬럼명을 확인할 수 있음을 읽는다.	reader = csv.DictReader(f)\nprint(reader.fieldnames)	reader.fieldnames를 출력하는 이유로 알맞은 것은?	실제 인식된 컬럼명을 확인하기 위해	fieldnames에는 DictReader가 읽은 헤더 이름들이 들어 있다. 컬럼명 오타나 공백 문제를 찾을 때 도움이 된다. 따라서 출력은 ‘실제 인식된 컬럼명을 확인하기 위해’이다.	CSV 컬럼 오류를 디버깅할 때 실제 헤더를 먼저 확인하는 습관을 만든다.	multiple_choice	"[""print"",""fieldnames"",""csv.DictReader"",""header""]"
6	python_data_governance_copyright_v57.json	PY57_L06_copyright_001	copyright 읽기	데이터나 콘텐츠를 사용할 때 저작권 확인이 필요하다는 점을 이해한다.	source = {\n  title: '교육 자료',\n  rightsStatus: 'reviewed',\n  reviewedAt: '2026-08-11',\n  intendedUse: 'lesson excerpt'\n}	copyright 확인의 목적은?	자료를 써도 되는지 권리와 조건을 확인하기 위해	copyright review는 구체적 저작물, 권리자, 관할, intended use와 permission·license·법적 예외를 확인하는 과정이다. copyrightChecked: true 같은 flag만으로 사용 권한이 생기지 않는다. 검토 근거, 날짜, reviewer와 license 문서를 남기고 불확실하거나 고위험한 경우 법률 전문가에게 확인한다.	감사 v2에서 DATA_GOVERNANCE_COPYRIGHT가 0 hits였으므로, v57은 학습앱 데이터의 출처, 라이선스, 출처표기, 제출 근거 관리를 보강한다.	meaning_choice	"[""copyright"",""data_governance"",""source_policy""]"
6	python_data_governance_copyright_v57.json	PY57_L06_license_001	license 읽기	라이선스가 자료의 사용 조건을 정한다는 점을 이해한다.	license = getVerifiedLicense(item)\ncanUse = license.allows(intended_use)\n           and obligationsCanBeMet(license)	license의 역할은?	자료를 어떤 조건으로 사용할 수 있는지 알려준다	license가 존재한다는 사실만으로 사용 가능하지 않다. 정확한 license text와 version이 intended use의 commercial use, modification, redistribution을 허용하는지, attribution·share-alike 같은 의무를 이행할 수 있는지 확인한다. 권리자가 실제로 license할 권한이 있는지도 검토한다.	감사 v2에서 DATA_GOVERNANCE_COPYRIGHT가 0 hits였으므로, v57은 학습앱 데이터의 출처, 라이선스, 출처표기, 제출 근거 관리를 보강한다.	meaning_choice	"[""license"",""reuse_condition"",""data_policy""]"
6	python_data_processing_pandas_jsonl_v42.json	PY42_L06_csv_tsv_001	CSV vs TSV 읽기	CSV와 TSV가 구분자만 다른 표 형식 파일이라는 점을 이해한다.	CSV: name,score\nTSV: name\tscore	TSV에서 보통 열을 나누는 문자는?	탭 문자	CSV와 TSV는 표 데이터를 text record로 저장하며 기본 delimiter가 각각 comma와 tab이다. 실제 필드에 delimiter, 따옴표, 줄바꿈이 있으면 quoting·escaping 규칙으로 표현하므로 단순 split(',')이나 split('\t')로 안전하게 읽을 수 없다. csv 같은 parser와 파일의 dialect·encoding을 사용해야 한다.	curriculum graph, audit.tsv, manifest.tsv 같은 파일을 읽을 때 자주 나온다.	meaning_choice	"[""CSV"",""TSV"",""delimiter""]"
6	python_data_processing_pandas_jsonl_v42.json	PY42_L06_json_vs_jsonl_001	JSON vs JSONL 읽기	JSON과 JSONL의 저장 방식 차이를 구분한다.	"JSON:\n[\n  {""id"": 1},\n  {""id"": 2}\n]\n\nJSONL:\n{""id"": 1}\n{""id"": 2}"	JSONL의 특징은?	각 줄에 독립적으로 파싱할 수 있는 JSON 값 하나를 둔다	JSON 문서는 배열이나 객체를 포함한 하나의 JSON 값이고, JSONL은 빈 줄 없이 각 줄을 독립적인 JSON 값으로 파싱할 수 있게 저장한다. 레코드는 보통 객체지만 문자열·숫자 같은 다른 JSON 값도 문법상 가능하다. 줄 단위 streaming과 append에는 편하지만 전체 파일 자체는 하나의 일반 JSON 값이 아니다.	node_pass output, LoRA dataset, validation result가 JSONL인 경우가 많다.	meaning_choice	"[""JSON"",""JSONL"",""line_delimited_json""]"
6	python_database_storage_crud_v37.json	PY37_L06_database_table_001	database / table 읽기	데이터베이스 안에서 테이블이 데이터를 나누는 단위임을 이해한다.	database: learning_app\n\ntables:\n  cards\n  progress\n  wrong_answers	table의 역할로 가장 가까운 것은?	비슷한 종류의 데이터를 행과 열로 보관한다	데이터베이스 안에는 여러 테이블이 있고, 각 테이블은 특정 종류의 데이터를 저장한다. database는 여러 데이터를 모아 보관하는 저장소이고, table은 그 안에서 행과 열로 정리된 구조다. 어떤 table에 어떤 column이 있는지 먼저 확인하면 된다.	학습앱에서는 카드, 진행률, 오답 기록을 각각 테이블로 나눌 수 있다.	meaning_choice	"[""database"",""table"",""storage""]"
6	python_database_storage_crud_v37.json	PY37_L06_row_column_001	row / column 읽기	테이블에서 행과 열이 각각 무엇을 나타내는지 구분한다.	progress table\n\nuser_id | card_id | correct_count\nu1      | c101    | 3\nu1      | c102    | 0	card_id는 이 표에서 무엇에 가까운가?	column	column은 모든 행이 공유하는 세로 방향의 필드이고, row는 한 항목에 대한 필드 값들의 묶음이다. 이 표에서 card_id는 column 이름이며 c101과 c102는 각 row에 들어 있는 card_id 값이다.	사용자별 카드 진행률을 저장할 때 row/column 구분이 필요하다.	meaning_choice	"[""row"",""column"",""record"",""field""]"
6	python_datetime_beginner_v123_a1.json	PY123_L06_DATETIME_SAFE_FLOW_001	날짜 처리 안전 흐름 읽기	날짜 문자열을 파싱하고, 기준 날짜와 비교하고, 파일명 문자열로 저장하는 전체 흐름을 읽는다.	"dt = datetime.strptime(row['date'], '%Y-%m-%d').date()\ncutoff = date.today() - timedelta(days=7)\nif dt >= cutoff:\n    name = f""report_{dt.strftime('%Y%m%d')}.json"""	이 코드의 전체 흐름으로 가장 알맞은 것은?	날짜를 파싱해 최근 기준과 비교한 뒤 파일명에 넣는다	strptime()으로 문자열을 날짜로 바꾸고, timedelta로 만든 기준 날짜와 비교한 뒤, strftime()으로 파일명에 넣을 문자열을 만든다.	날짜 문자열, 최근 필터, 날짜 파일명을 한 흐름으로 읽는 실전 종합 카드다.	multiple_choice	"[""if"",""strptime"",""timedelta"",""strftime"",""date filter""]"
6	python_datetime_beginner_v123_a1.json	PY123_L06_TIMEZONE_KST_001	KST 시간대 만들기	timezone(timedelta(hours=9))로 한국 시간 기준 datetime을 만들 수 있음을 읽는다.	from datetime import datetime, timedelta, timezone\n\nKST = timezone(timedelta(hours=9))\nnow_kst = datetime.now(KST)	timezone(timedelta(hours=9))의 의미로 알맞은 것은?	UTC보다 9시간 빠른 시간대를 만든다	KST는 UTC보다 9시간 빠른 시간대다. timezone(timedelta(hours=9))는 한국 시간 기준 datetime을 만들 때 쓸 수 있다.	GitHub Pages나 서버 로그와 한국 사용자 기준 날짜가 다르게 보이는 문제를 이해하는 카드다.	multiple_choice	"[""import"",""timezone"",""KST"",""UTC"",""timedelta""]"
6	python_debug_logs_cache_git_v17.json	PY17_L06_http_server_001	로컬 정적 서버 명령 읽기	python -m http.server 명령이 어떤 서버를 띄우는지 이해한다.	"Set-Location ""D:\projects\python-reading-trainer""\npython -m http.server 8790 --bind 127.0.0.1"	이 명령의 목적은?	현재 폴더를 8790 포트의 로컬 정적 서버로 연다	Set-Location이 작업 폴더를 바꾼 뒤 python -m http.server가 그 폴더의 파일을 HTTP로 제공한다. 8790은 포트 번호이고 --bind 127.0.0.1은 같은 PC에서만 접속하게 제한한다. 이 서버는 로컬 개발과 확인용이며 인증, TLS, 성능 보호가 필요한 운영 서버로 사용하면 안 된다.	정적 학습 앱의 경로와 브라우저 로딩을 로컬에서 확인하는 실행 방식이다.	meaning_choice	"[""http_server"",""localhost"",""port"",""static_file""]"
6	python_debug_logs_cache_git_v17.json	PY17_L06_localhost_vs_ip_001	localhost와 내부 IP 구분하기	PC 브라우저와 폰 브라우저에서 접속 주소가 왜 다른지 이해한다.	# PC에서 같은 PC의 서버 보기\nhttp://localhost:8790/src/pwa/index.html\n\n# 같은 LAN의 폰에서 PC 서버 보기\nhttp://192.168.0.23:8790/src/pwa/index.html	폰에서 localhost 주소가 보통 안 되는 이유는?	폰의 localhost는 PC가 아니라 폰 자기 자신을 뜻하기 때문에	localhost는 주소를 입력한 기기 자체를 가리키므로 폰의 localhost는 폰이다. 폰에서 PC 서버에 접속하려면 서버가 127.0.0.1만이 아니라 PC의 LAN 주소나 0.0.0.0에 bind되어 있어야 하고, 두 기기가 같은 네트워크에 있으며 방화벽이 포트를 허용해야 한다. PC의 내부 IP는 환경마다 달라지므로 예시 값을 그대로 쓰면 안 된다.	GitHub Pages 주소와 로컬 테스트 주소를 구분하는 실전 개념이다.	meaning_choice	"[""comment"",""localhost"",""ip_address"",""network"",""mobile_test""]"
6	python_deep_expansion_v4.json	PY4_L06_file_suffix_001	Path suffix/stem 읽기	파일 확장자와 확장자를 뺀 이름을 읽는 코드를 이해한다.	"from pathlib import Path\n\np = Path(""report.jsonl"")\nprint(p.stem, p.suffix)"	출력에 가까운 것은?	report .jsonl	Path의 stem은 확장자를 뺀 파일 이름이고 suffix는 확장자다. 파일 종류를 확인하거나 출력 파일명을 만들 때 자주 쓴다. 예를 들어 report.pdf라면 stem은 report, suffix는 .pdf처럼 나뉘므로 파일명 가공 로직을 읽기 쉽다. 따라서 출력은 ‘report .jsonl’이다.	파일 종류별 처리와 출력 파일명 생성에서 자주 쓰인다.	output_prediction	"[""import"",""print"",""pathlib"",""suffix"",""stem""]"
6	python_deep_expansion_v4.json	PY4_L06_jsonl_stream_001	JSONL streaming 읽기	큰 JSONL 파일을 한 줄씩 읽어 처리하는 코드를 이해한다.	"import json\n\nwith open(""nodes.jsonl"", ""r"", encoding=""utf-8"") as f:\n    for line in f:\n        row = json.loads(line)\n        print(row[""id""])"	이 코드의 장점은?	파일을 한 줄씩 처리할 수 있다	JSONL 파일은 한 줄씩 처리할 수 있어 큰 파일에 유리하다. for line in f는 파일 전체를 한 번에 올리지 않고 줄 단위로 읽게 해 준다. 라인 번호를 함께 기록하면 어떤 JSON 객체에서 파싱 오류가 났는지 추적하기 쉽다.	대량 chunks/nodes/edges JSONL 처리의 핵심 패턴이다.	meaning_choice	"[""import"",""print"",""jsonl"",""for"",""json.loads"",""streaming""]"
6	python_deep_expansion_v4.json	PY4_L06_resolve_path_001	resolve() 절대경로 읽기	상대경로를 실제 절대경로로 해석하는 pathlib 코드를 읽는다.	"from pathlib import Path\n\npath = Path(""data/items.json"").resolve()\nprint(path)"	resolve()는 무엇에 가까운가?	절대경로로 바꾼다	resolve()는 현재 작업 디렉터리를 기준으로 경로를 절대경로로 만들고, .. 요소와 가능한 심볼릭 링크를 해석한다. 기본 strict=False에서는 경로가 존재하지 않아도 해석할 수 있는 데까지 처리하므로, 결과가 나왔다고 파일 존재까지 확인된 것은 아니다. 실제 존재 여부는 exists() 같은 별도 검사로 확인해야 한다.	작업 폴더가 바뀌어 경로가 꼬이는 문제를 추적할 때 중요하다.	meaning_choice	"[""import"",""print"",""pathlib"",""resolve"",""path""]"
6	python_deep_expansion_v4.json	PY4_L06_tsv_dictreader_001	TSV DictReader 읽기	탭으로 구분된 TSV 파일을 dict row로 읽는 코드를 읽는다.	"import csv\n\nwith open(""items.tsv"", ""r"", encoding=""utf-8"") as f:\n    reader = csv.DictReader(f, delimiter=""\t"")\n    for row in reader:\n        print(row[""title""])"	delimiter='\t'는 무엇을 뜻하는가?	탭으로 컬럼을 구분한다	TSV는 탭으로 컬럼을 구분하는 텍스트 표 형식이다. DictReader에 탭 구분자를 지정하면 각 행을 컬럼명 기반 dict처럼 읽을 수 있다. 컬럼명이 header에서 오므로 이후 코드에서는 row['id']처럼 이름으로 값을 꺼낼 수 있다.	라벨링 결과, 리뷰 TSV, 매핑표를 읽을 때 자주 쓴다.	meaning_choice	"[""for"",""import"",""print"",""csv"",""tsv"",""DictReader""]"
6	python_dev_environment_foundation_v103_a1.json	PY103_L06_shell_kind_001	PowerShell과 Bash 구분하기	현재 명령이 어느 shell 문법인지 구분한다.	.\.venv\Scripts\Activate.ps1\nsource .venv/bin/activate	두 줄의 가장 큰 차이는?	첫 줄은 PowerShell 쪽, 둘째 줄은 Bash 쪽 활성화 명령이다	같은 가상환경 활성화라도 PowerShell과 Bash는 명령 문법이 다르다. Windows PowerShell에서는 .venv 아래 Scripts 폴더의 Activate.ps1을 실행하고, Ubuntu Bash에서는 source로 bin/activate를 읽는다. 명령이 실패하면 Python 코드보다 먼저 현재 shell이 무엇인지 확인해야 한다. 다른 환경의 명령을 그대로 붙여 넣으면 경로와 실행 방식이 맞지 않을 수 있다.	Windows와 Ubuntu 서버를 오가며 작업할 때 필요한 기초다.	meaning_choice	"[""shell"",""powershell"",""bash""]"
6	python_dev_environment_foundation_v103_a1.json	PY103_L06_terminal_command_parts_001	터미널 명령 구조 읽기	명령어를 실행 프로그램, 옵션, 인자로 나누어 읽는다.	python tools/validate_lessons.py --expected-app-version 20260602_v103_a1	이 명령에서 tools/validate_lessons.py는 어떤 역할에 가장 가까운가?	실행할 Python 스크립트 경로	터미널 명령은 실행 프로그램, 대상, 옵션 이름과 옵션 값으로 나누어 읽는다. 여기서는 python이 실행 프로그램이고 tools/validate_lessons.py가 실행할 스크립트다. --expected-app-version은 옵션 이름이며 바로 뒤의 20260602_v103_a1은 그 옵션에 전달하는 값이다. 이렇게 구분하면 실패 원인이 Python, 경로, 옵션 이름, 옵션 값 중 어디에 있는지 좁히기 쉽다.	검증 명령을 반복해서 실행할 때 명령 구조를 이해하기 위한 기본 카드다.	meaning_choice	"[""terminal"",""command"",""option"",""argument""]"
6	python_dev_environment_foundation_v103_a1.json	PY103_L06_ubuntu_linux_role_001	Ubuntu와 Linux 역할 읽기	Ubuntu가 Python 언어가 아니라 실행 환경이라는 점을 이해한다.	Ubuntu 22.04\nsudo apt update\npython3 --version	Ubuntu는 여기서 무엇에 가장 가까운가?	Python 코드를 실행하는 운영체제 환경	Ubuntu는 Linux 배포판이며 Python 코드를 실행하는 서버 환경으로 자주 쓰인다. Python 자체와 Ubuntu를 구분해야 설치 문제를 정확히 읽을 수 있다. apt는 Ubuntu 시스템 패키지 관리 도구이고, python3는 그 환경 위에서 실행되는 언어다. GPU 서버나 WSL을 다룰 때는 운영체제 명령과 Python 명령을 분리해서 보는 습관이 중요하다.	GPU 서버, WSL, GitHub Actions 로그에서 Ubuntu를 자주 만난다.	meaning_choice	"[""ubuntu"",""linux"",""server""]"
6	python_dev_environment_foundation_v103_a1.json	PY103_L06_working_directory_001	현재 작업 폴더 확인 명령 읽기	상대경로가 해석되는 기준 폴더를 확인한다.	Get-Location\npwd	이 두 명령이 공통으로 확인하는 것은?	현재 작업 폴더	상대경로는 현재 작업 폴더를 기준으로 해석된다. PowerShell에서는 Get-Location, Bash에서는 pwd로 현재 위치를 확인한다. 같은 .\data\lessons 경로라도 어느 폴더에서 실행했는지에 따라 다른 위치를 가리킬 수 있다. FileNotFoundError나 JSON 로딩 실패가 났을 때는 코드를 고치기 전에 작업 폴더부터 확인하는 것이 안전하다.	프로젝트 루트에서 검증과 패치를 실행하는 이유와 연결된다.	meaning_choice	"[""working_directory"",""pwd"",""Get-Location""]"
6	python_dev_environment_practical_v113_a1.json	PY113_L06_CUDA_GPU_001	CUDA와 GPU 확인	CUDA가 NVIDIA GPU 계산과 연결되며 PyTorch에서 사용 가능 여부를 확인할 수 있음을 읽는다.	"python -c ""import torch; print(torch.cuda.is_available())"""	이 명령이 확인하려는 것은?	PyTorch가 CUDA GPU를 쓸 수 있는지 본다	torch.cuda.is_available()은 PyTorch에서 CUDA GPU를 쓸 수 있는지 확인한다. AI 작업에서 GPU 사용 가능 여부를 점검할 때 자주 쓴다.	LoRA나 모델 추론을 GPU로 돌릴 때 먼저 확인하는 기본 점검이다.	multiple_choice	"[""print"",""cuda"",""gpu"",""pytorch"",""torch""]"
6	python_dev_environment_practical_v113_a1.json	PY113_L06_NVIDIA_SMI_001	nvidia-smi 출력 읽기	nvidia-smi가 GPU 인식, 드라이버 상태, 메모리 사용량을 확인하는 명령임을 읽는다.	nvidia-smi\nGPU  Name        Memory-Usage\n0    RTX 4060    1024MiB / 8192MiB	이 출력에서 확인할 수 있는 것은?	GPU 인식과 메모리 사용량을 본다	nvidia-smi는 NVIDIA GPU와 드라이버 상태, 메모리 사용량 등을 확인할 때 자주 쓴다. GPU가 인식되는지 보는 기본 명령이다.	GPU 서버나 로컬 노트북에서 모델 작업 전에 자주 확인하는 명령이다.	multiple_choice	"[""nvidia-smi"",""gpu"",""cuda"",""driver""]"
6	python_dev_environment_practical_v113_a1.json	PY113_L06_PERMISSION_DENIED_001	Permission denied 읽기	권한 오류를 sudo로만 해결하지 말고 원인부터 확인해야 한다는 점을 읽는다.	Permission denied\nchmod +x run.sh\n./run.sh	가장 안전한 접근은?	권한 원인을 확인하고 필요한 경우만 조정	권한 오류는 실행 권한, 파일 소유자, 시스템 권한 등 원인이 다를 수 있다. 먼저 원인을 확인하고 필요한 경우만 조정해야 한다.	서버 스크립트를 실행할 때 chmod와 sudo의 차이를 이해하는 데 필요하다.	multiple_choice	"[""permission"",""sudo"",""chmod"",""linux""]"
6	python_env_secret_config_beginner_v130_a1.json	PY130_L06_CONFIG_VS_SECRET_001	설정값과 비밀값 구분하기	일반 설정값과 외부에 노출되면 안 되는 비밀값을 실제 예시로 구분한다.	APP_MODE=dev\nLOG_LEVEL=INFO\nOPENAI_API_KEY=...\nPAGE_SIZE=20	다음 중 비밀값으로 다루는 것이 가장 알맞은 것은?	OPENAI_API_KEY	APP_MODE, PAGE_SIZE, LOG_LEVEL은 공개되어도 큰 문제가 없는 설정값일 수 있다. 반면 API Key는 비용과 권한이 연결될 수 있어 비밀값으로 다뤄야 한다. 따라서 정답은 ‘OPENAI_API_KEY’이다.		multiple_choice	"[""config"",""secret"",""API key"",""environment variable""]"
6	python_env_secret_config_beginner_v130_a1.json	PY130_L06_REQUIRED_ENV_CLI_FLOW_001	필수 환경변수 검사 흐름	필수 환경변수를 실행 초기에 검사하고 누락 시 안전하게 멈추는 흐름을 이해한다.	api_key = os.environ.get('OPENAI_API_KEY')\nif not api_key:\n    raise SystemExit('OPENAI_API_KEY를 설정하세요')\nrun_client(api_key)	CLI 실행 전에 필수 API Key 환경변수를 검사하는 흐름으로 가장 알맞은 것은?	필수 환경변수가 없으면 쉬운 메시지로 멈춘다	필수 환경변수가 없는데 계속 실행하면 나중에 더 헷갈리는 오류가 날 수 있다. 시작 단계에서 확인하고 쉬운 메시지로 멈추는 편이 안전하다.		multiple_choice	"[""if"",""required env var"",""SystemExit"",""API key"",""CLI startup""]"
6	python_error_recovery_retry_ux_v59.json	PY59_L06_load_failed_001	load failed 읽기	데이터 로딩 실패를 사용자에게 명확히 알려주는 방식을 이해한다.	if (!response.ok) {\n  showError('카드를 불러오지 못했습니다')\n}	load failed 메시지의 목적은?	데이터를 불러오지 못한 상황을 사용자에게 알려주기 위해	load failed는 앱이 필요한 데이터나 파일을 불러오지 못한 상태다. 빈 화면만 보이면 사용자는 로딩 중인지 실패했는지 구분하기 어렵다. 원인을 확실히 알 수 없을 때는 추측하지 말고, 이해하기 쉬운 실패 안내와 다시 시도 같은 다음 행동을 보여 줘야 한다. 내부 경로나 오류 상세는 사용자 메시지에 노출하지 않는다.	감사 v2에서 ERROR_RECOVERY_USER_FACING이 0 hits였으므로, v59는 사용자가 오류 상황에서도 앱을 복구하고 학습을 이어갈 수 있는 UX를 보강한다.	meaning_choice	"[""load_failed"",""error_recovery"",""UX""]"
6	python_error_recovery_retry_ux_v59.json	PY59_L06_retry_button_001	retry button 읽기	실패한 작업을 사용자가 다시 시도할 수 있게 하는 retry button을 이해한다.	"<button onclick=""loadCards()"">다시 시도</button>"	retry button의 역할은?	실패한 작업을 사용자가 다시 실행할 수 있게 한다	retry button은 실패한 로딩이나 요청을 사용자가 다시 시도하게 한다. 다만 결제나 중복 저장처럼 반복 실행 시 결과가 달라지는 작업은 그대로 재전송하면 안 된다. 일시적이고 안전하게 반복 가능한 작업인지 확인하고, 처리 중에는 버튼을 비활성화하거나 같은 요청을 합쳐 중복 실행을 막는다.	감사 v2에서 ERROR_RECOVERY_USER_FACING이 0 hits였으므로, v59는 사용자가 오류 상황에서도 앱을 복구하고 학습을 이어갈 수 있는 UX를 보강한다.	meaning_choice	"[""retry_button"",""error_recovery"",""UX""]"
6	python_exception_traceback_beginner_v117_a1.json	PY117_L06_BARE_EXCEPT_RISK_001	bare except 위험	except:처럼 모든 예외를 잡으면 실제 버그가 숨겨질 수 있음을 읽는다.	try:\n    result = data['score'] / count\nexcept:\n    result = 0	이 코드에서 except:가 위험할 수 있는 이유는?	모든 예외를 잡아 원인을 숨길 수 있기 때문에	bare except는 KeyError나 ZeroDivisionError뿐 아니라 KeyboardInterrupt와 SystemExit까지 잡아 정상적인 중단과 예상하지 못한 버그를 숨길 수 있다. 처리할 수 있는 구체적인 예외만 좁게 잡고, 나머지는 traceback이 보이게 두는 편이 안전하다.	에러를 없애는 것과 원인을 숨기는 것을 구분하는 연습이다.	multiple_choice	"[""try_except"",""bare except"",""debugging"",""exception handling""]"
6	python_exception_traceback_beginner_v117_a1.json	PY117_L06_DONT_SWALLOW_ERRORS_001	에러를 삼키지 않기	except에서 실패 이유를 기록하지 않고 넘어가면 나중에 원인 추적이 어려워짐을 읽는다.	try:\n    save_result(data)\nexcept ValueError as e:\n    print('save failed:', e)\n    raise	print 후 raise를 다시 하는 이유로 알맞은 것은?	에러 내용을 남기고 다시 위로 알리기 위해	에러를 로그로 남긴 뒤 raise로 다시 알리면 원인 추적이 쉬워진다. 조용히 실패를 숨기는 것보다 디버깅에 안전하다. 나중에 같은 실패가 반복될 때 위치를 다시 찾기 쉽다.	실전 저장/검증 코드에서 실패를 숨기지 않고 추적 가능하게 만드는 방식이다.	multiple_choice	"[""try_except"",""print"",""raise"",""logging"",""except"",""debugging""]"
6	python_exception_traceback_beginner_v117_a1.json	PY117_L06_SPECIFIC_EXCEPT_001	구체적인 except 쓰기	except ValueError처럼 예상한 예외를 구체적으로 잡는 이유를 읽는다.	try:\n    age = int(text)\nexcept ValueError:\n    age = 0	except ValueError라고 구체적으로 적는 장점은?	예상한 값 변환 실패만 따로 처리하기 쉽다	구체적인 except는 내가 예상한 실패를 분리해서 처리하게 해 준다. 너무 넓은 except는 다른 버그까지 숨길 수 있다. 따라서 정답은 ‘예상한 값 변환 실패만 따로 처리하기 쉽다’이다.	입력 변환이나 파싱 코드에서 안전하게 예외를 처리하는 기준이 된다.	multiple_choice	"[""try_except"",""except"",""ValueError"",""specific exception""]"
6	python_file_cli_error_recovery_v128_a1.json	PY128_L06_SAFE_LOAD_DATA_FLOW_001	안전한 load_data 흐름	파일 존재 확인, 확장자 분기, 구체적 오류 메시지가 안전한 CLI 흐름을 만든다는 점을 이해한다.	def load_data(input_path):\n    if not input_path.exists():\n        raise SystemExit('입력 파일이 없습니다')\n    if input_path.suffix == '.json':\n        return load_json(input_path)\n    if input_path.suffix == '.csv':\n        return load_csv(input_path)\n    raise SystemExit('지원하지 않는 파일 형식입니다')	JSON/CSV CLI에서 load_data(input_path)를 안전하게 만들 때 가장 알맞은 흐름은?	존재 확인, 확장자 분기, 구체적 오류 안내	이 함수는 존재 여부와 마지막 확장자를 확인해 로더를 고르고, 지원하지 않는 확장자는 종료한다. 다만 load_json/load_csv의 파싱 실패를 이 코드 자체가 처리하지는 않으므로 각 로더나 호출부에서 구체적인 예외를 쉬운 메시지로 바꿔야 한다.		multiple_choice	"[""if"",""def"",""function"",""return"",""load_data"",""input validation"",""suffix dispatch"",""error recovery""]"
6	python_file_cli_error_recovery_v128_a1.json	PY128_L06_SPECIFIC_EXCEPT_FIRST_001	구체적인 except 먼저 쓰기	구체적인 예외를 잡는 것이 오류 원인 안내와 디버깅에 더 안전하다는 점을 이해한다.	try:\n    data = json.loads(text)\nexcept json.JSONDecodeError:\n    raise SystemExit('JSON 형식 오류')	파일 처리 CLI에서 bare except보다 구체적인 except를 우선 쓰는 이유로 알맞은 것은?	어떤 실패인지 구분해 알리기 위해	구체적인 except를 쓰면 JSON 형식 오류, 파일 없음, 컬럼 없음처럼 실패 원인을 나누어 안내할 수 있다. bare except는 중요한 버그까지 숨길 수 있다. 따라서 정답은 ‘어떤 실패인지 구분해 알리기 위해’이다.		multiple_choice	"[""try_except"",""specific exception"",""bare except"",""debugging"",""CLI UX""]"
6	python_file_cli_error_recovery_v128_a1.json	PY128_L06_SYSTEM_EXIT_MESSAGE_001	SystemExit로 쉬운 오류 메시지 만들기	SystemExit 메시지가 traceback보다 사용자 친화적인 종료 방식을 제공함을 이해한다.	if not input_path.exists():\n    raise SystemExit(f'입력 파일이 없습니다: {input_path}')	CLI 도구에서 raise SystemExit('입력 파일이 없습니다')처럼 쓰는 주된 이유는?	사용자에게 쉬운 메시지를 보여 주고 종료하기 위해	SystemExit에 메시지를 넣으면 CLI가 실패했을 때 사용자가 이해하기 쉬운 안내를 보여 주고 종료할 수 있다. 초보자용 도구에서는 특히 중요하다.		multiple_choice	"[""if"",""SystemExit"",""friendly error"",""CLI"",""validation""]"
6	python_file_cli_error_recovery_v128_a1.json	PY128_L06_TRY_EXCEPT_ELSE_FLOW_001	try except else 흐름 읽기	try 성공 시 else가 실행되고, 오류 처리와 정상 처리를 분리할 수 있음을 이해한다.	try:\n    data = json.loads(text)\nexcept json.JSONDecodeError:\n    print('오류')\nelse:\n    print('정상 처리')	try / except / else 구조에서 else 블록이 실행되는 경우는?	try 블록에서 오류가 나지 않았을 때	else는 try 블록이 성공했을 때만 실행된다. 오류 처리 코드와 정상 처리 코드를 나누고 싶을 때 try/except/else 흐름을 사용할 수 있다. 따라서 출력은 ‘try 블록에서 오류가 나지 않았을 때’이다.		multiple_choice	"[""try_except"",""print"",""try"",""except"",""else"",""normal path""]"
6	python_file_data_processing_v19.json	PY19_L06_csv_dictreader_001	CSV DictReader 읽기	CSV 파일을 행 단위 dict로 읽는 코드를 이해한다.	"import csv\n\nwith open(""items.csv"", ""r"", encoding=""utf-8"", newline="""") as f:\n    reader = csv.DictReader(f)\n    for row in reader:\n        print(row[""title""])"	csv.DictReader의 특징은?	각 행을 컬럼명 기반 dict처럼 읽는다	DictReader는 첫 줄 헤더를 key로 사용해 각 행을 dict처럼 읽게 해준다. CSV DictReader는 CSV의 각 행을 dict처럼 읽게 해 주는 도구다. 열 이름이 key가 되고 각 칸의 값이 value가 되므로, 코드에서 어떤 column을 참조하는지 확인해야 한다.	doc_master.csv, registry, audit TSV/CSV를 읽을 때 기본이 되는 패턴이다.	meaning_choice	"[""for"",""import"",""print"",""csv"",""DictReader"",""file"",""row""]"
6	python_file_data_processing_v19.json	PY19_L06_tsv_delimiter_001	TSV delimiter 읽기	탭으로 구분된 TSV 파일을 csv 모듈로 읽는 방법을 이해한다.	"import csv\n\nwith open(""nodes.tsv"", ""r"", encoding=""utf-8"", newline="""") as f:\n    reader = csv.DictReader(f, delimiter=""\t"")\n    rows = list(reader)\n\nprint(len(rows))"	delimiter='\t'의 의미는?	탭 문자를 컬럼 구분자로 쓴다	"TSV는 tab-separated values의 줄임말이다. delimiter=""\t""를 지정하면 DictReader가 탭을 열 경계로 사용하고 첫 줄을 헤더로 읽는다. 값 안에 쉼표가 있어도 탭이 아니므로 열이 나뉘지 않지만, 탭이나 줄바꿈 자체가 든 값은 CSV와 마찬가지로 올바른 quoting 규칙이 필요하다."	KG 후보/리뷰/매핑 TSV를 읽을 때 자주 보이는 코드다.	meaning_choice	"[""import"",""print"",""tsv"",""delimiter"",""csv"",""file""]"
6	python_file_exists_mkdir_beginner_v118_a1.json	PY118_L06_PARENT_DIR_BEFORE_WRITE_001	파일 쓰기 전 parent 폴더 만들기	output/result.txt를 쓰기 전에 path.parent.mkdir로 부모 폴더를 준비하는 순서를 읽는다.	path = Path('output/result.txt')\npath.parent.mkdir(parents=True, exist_ok=True)\npath.write_text('done', encoding='utf-8')	path.parent.mkdir(...)를 먼저 실행하는 이유는?	파일이 들어갈 output 폴더를 준비하기 위해	path.parent는 파일이 들어갈 폴더를 뜻한다. 폴더가 없으면 파일 쓰기가 실패할 수 있으므로 먼저 만들어 둔다. 결과 파일을 만들기 전에 저장 위치를 준비하는 순서다.	결과 파일 저장 파이프라인에서 자주 쓰는 안정 패턴이다.	multiple_choice	"[""parent"",""mkdir"",""write_text""]"
6	python_file_exists_mkdir_beginner_v118_a1.json	PY118_L06_SAFE_FILE_PIPELINE_001	안전한 파일 출력 순서	출력 경로를 만들고, 부모 폴더를 준비한 뒤, 파일을 쓰는 순서를 하나의 흐름으로 읽는다.	out = Path('reports/today.txt')\nout.parent.mkdir(parents=True, exist_ok=True)\nif not out.exists():\n    out.write_text('summary', encoding='utf-8')	이 코드의 전체 흐름으로 가장 알맞은 것은?	부모 폴더를 준비하고 기존 파일이 없을 때 쓴다	코드는 부모 디렉터리를 준비하고, 검사 시점에 출력 파일이 없을 때만 쓴다. 반복 실행의 우발적 덮어쓰기는 줄이지만 검사와 쓰기는 원자적이지 않으므로 동시 실행까지 막아야 하면 배타적 생성이나 원자적 교체 전략이 필요하다.	학습 앱 데이터나 리포트 파일을 저장할 때 안전한 출력 순서를 익히는 카드다.	multiple_choice	"[""if"",""parent"",""mkdir"",""Path.exists"",""write_text""]"
6	python_files_paths_project_structure_v32.json	PY32_L06_absolute_path_001	절대경로 읽기	드라이브부터 시작하는 Windows 절대경로를 읽는다.	"path = r""C:\work\app\data\lessons"""	이 경로가 절대경로인 이유는?	C: 드라이브부터 전체 위치를 적었기 때문	absolute path는 드라이브 문자나 루트부터 시작해 대상의 전체 위치를 나타낸다. 같은 컴퓨터에서는 현재 작업 폴더가 바뀌어도 같은 대상을 가리키지만, 다른 컴퓨터에 그 경로가 없을 수 있으므로 이식 가능한 설정에는 하드코딩하지 않는 편이 좋다.	로그에 해석된 절대경로를 남기면 스크립트가 실제로 어느 파일을 다뤘는지 확인하기 쉽다.	meaning_choice	"[""absolute_path"",""windows_path"",""file_system""]"
6	python_files_paths_project_structure_v32.json	PY32_L06_relative_path_001	상대경로 읽기	현재 작업 폴더 기준으로 해석되는 상대경로를 이해한다.	"path = r"".\data\lessons\cards_seed_v1.json"""	이 상대경로는 무엇을 기준으로 해석되는가?	현재 작업 폴더	상대경로는 현재 작업 폴더를 기준으로 해석된다. 앞의 .은 현재 폴더를 뜻하므로 실행 위치가 바뀌면 같은 문자열도 다른 대상을 가리킬 수 있다. Python 문자열에서는 Windows 역슬래시가 이스케이프 문자로 해석되지 않도록 raw string을 쓰거나 pathlib를 사용할 수 있다.	스크립트 실행 전 Set-Location을 먼저 하는 이유다.	meaning_choice	"[""relative_path"",""working_directory"",""path""]"
6	python_foundation_expansion_v10.json	PY10_L06_class_init_001	class와 __init__ 읽기	객체가 만들어질 때 초기값이 설정되는 흐름을 읽는다.	class Counter:\n    def __init__(self):\n        self.value = 0\n\ncounter = Counter()\nprint(counter.value)	출력은?	0	__init__은 객체가 만들어질 때 자동으로 실행되는 초기화 메서드다. Counter 객체 생성 시 self.value를 0으로 설정한다. __init__에서 만든 속성은 이후 메서드들이 공유하는 객체의 초기 상태가 된다.	FastAPI/Pydantic/데이터 객체 코드를 읽기 위한 기초다.	output_prediction	"[""def"",""function"",""print"",""class"",""__init__"",""self""]"
6	python_foundation_expansion_v10.json	PY10_L06_class_method_001	method가 객체 상태 바꾸기	메서드가 self.value를 바꾸는 흐름을 읽는다.	class Counter:\n    def __init__(self):\n        self.value = 0\n\n    def add(self):\n        self.value += 1\n\ncounter = Counter()\ncounter.add()\nprint(counter.value)	출력은?	1	counter.add()는 counter 객체를 self로 받아 인스턴스 메서드 add를 실행한다. self.value += 1은 같은 객체의 value를 0에서 1로 바꾼다. 지역 계산만 한 것이 아니라 객체 속성을 수정했으므로, 호출이 끝난 뒤 counter.value를 읽어도 1이 유지된다.	상태를 가진 파이프라인/필터/클라이언트 객체를 읽는 기초다.	output_prediction	"[""def"",""function"",""print"",""class"",""method"",""self"",""state""]"
6	python_foundation_expansion_v10.json	PY10_L06_dict_comprehension_001	dict comprehension 읽기	리스트에서 dict를 한 줄로 만드는 코드를 읽는다.	"labels = [""LiDAR"", ""Radar""]\nlengths = {label: len(label) for label in labels}\nprint(lengths[""Radar""])"	출력은?	5	dict comprehension은 반복문으로 새 dict를 만드는 문법이다. key에는 이름을, value에는 len(name)을 넣으므로 Radar의 길이 5가 저장된다.	id→row, label→score 같은 매핑 테이블을 만들 때 유용하다.	output_prediction	"[""print"",""dict_comprehension"",""dict"",""len""]"
6	python_foundation_expansion_v10.json	PY10_L06_list_comp_filter_001	조건이 있는 list comprehension	조건에 맞는 값만 새 리스트에 넣는 코드를 읽는다.	items = [1, 2, 3, 4]\nevens = [x for x in items if x % 2 == 0]\nprint(evens)	출력은?	[2, 4]	리스트 컴프리헨션에는 조건 필터를 붙일 수 있다. x % 2 == 0 조건은 짝수인 값만 통과시켜 결과 리스트에 넣는다. 조건이 있는 list comprehension은 반복 대상 중 조건을 만족하는 값만 새 리스트에 담는다. for 부분과 if 부분을 나누어 읽으면 쉽다. 따라서 출력은 ‘[2, 4]’이다.	후보 필터링과 품질 조건 적용에 자주 쓰인다.	output_prediction	"[""print"",""list_comprehension"",""filter"",""modulo""]"
6	python_foundation_expansion_v10.json	PY10_L06_list_comprehension_001	list comprehension 읽기	반복문을 한 줄로 써서 새 리스트를 만드는 코드를 읽는다.	items = [1, 2, 3]\ndoubled = [x * 2 for x in items]\nprint(doubled)	출력은?	[2, 4, 6]	리스트 컴프리헨션은 반복 결과를 모아 새 리스트를 만드는 문법이다. for x in items가 1, 2, 3을 차례로 꺼내고, 앞의 x * 2가 각각 2, 4, 6을 만든다. 원본 items는 바뀌지 않으며 doubled에 새 리스트 [2, 4, 6]이 저장된다.	검색 결과 변환, 응답 생성, 데이터 전처리에서 자주 보인다.	output_prediction	"[""print"",""list_comprehension"",""for"",""list""]"
6	python_foundation_expansion_v10.json	PY10_L06_logging_basic_001	logging 기본 읽기	print 대신 logging으로 실행 상태를 남기는 코드를 읽는다.	"import logging\n\nlogging.basicConfig(level=logging.INFO)\nlogging.info(""started"")"	logging.info('started')의 목적은?	started라는 정보 로그를 남긴다	logging은 print보다 관리하기 좋은 실행 기록 방식이다. INFO 레벨 로그는 오류가 아니라 정상 진행 상태를 남길 때 자주 쓴다. 시작, 완료, 건수 같은 정상 흐름을 남기면 오류가 없어도 작업이 진행됐는지 확인할 수 있다. 따라서 정답은 ‘started라는 정보 로그를 남긴다’이다.	배치/서버 로그를 읽고 디버깅하는 데 필요하다.	meaning_choice	"[""import"",""logging"",""info"",""debug""]"
6	python_foundation_expansion_v10.json	PY10_L06_mkdir_exist_ok_001	mkdir exist_ok 읽기	폴더가 이미 있어도 에러 없이 넘어가는 코드를 읽는다.	"from pathlib import Path\n\nPath(""reports"").mkdir(exist_ok=True)"	exist_ok=True의 의미는?	폴더가 이미 있어도 에러를 내지 않는다	"Path(""reports"").mkdir(exist_ok=True)는 reports 폴더가 없으면 만들고, 같은 이름의 폴더가 이미 있으면 FileExistsError를 내지 않는다. 다만 같은 경로에 파일이 있으면 여전히 실패하고, 이 예제에는 parents=True가 없으므로 존재하지 않는 상위 폴더까지 자동으로 만들지는 않는다."	reports, outputs, tmp 폴더 생성 코드에 자주 보인다.	meaning_choice	"[""import"",""pathlib"",""mkdir"",""folder""]"
6	python_frontend_state_storage_cache_v39.json	PY39_L06_state_001	state 읽기	화면이 현재 어떤 상태인지 나타내는 state 개념을 이해한다.	"state = {\n  ""currentCardId"": ""PY39_L06_state_001"",\n  ""showAnswer"": false,\n  ""selectedChoice"": null\n}"	showAnswer: false는 무엇을 의미하는가?	아직 정답 해설을 보여주지 않는 상태	state는 현재 UI가 무엇을 보여줄지 결정하는 값들의 묶음이다. 선택된 카드, 필터, 로딩 여부 같은 화면 상태를 저장한다. showAnswer가 false이면 정답 영역을 아직 숨긴 상태라는 뜻으로, 사용자가 답을 고르기 전 화면 흐름을 나타낸다.	퀴즈 화면에서 선택지, 정답 표시, 추천 카드 목록 모두 state로 이해할 수 있다.	meaning_choice	"[""state"",""frontend"",""UI""]"
6	python_function_design_io_v30.json	PY30_L06_return_vs_print_001	return vs print 읽기	화면에 보여주는 print와 값을 돌려주는 return의 차이를 읽는다.	def add(a, b):\n    return a + b\n\nresult = add(2, 3)\nprint(result)	add(2, 3)이 직접 돌려주는 값은?	5	return은 함수 밖으로 값을 돌려준다. print는 그 값을 화면에 보여주는 역할이다. return은 함수 밖으로 값을 돌려주는 것이고, print는 화면에 보여 주는 동작이다. 다른 코드가 결과를 이어 쓰려면 return이 필요하다. 따라서 출력은 ‘5’이다.	검증 함수나 필터 함수는 print보다 return으로 결과를 넘기는 편이 재사용하기 좋다.	meaning_choice	"[""def"",""function"",""return"",""print"",""output""]"
6	python_git_github_workflow_v33.json	PY33_L06_git_status_001	git status 읽기	현재 Git 작업 상태를 확인하는 git status 출력의 의미를 읽는다.	git status\n\nOn branch main\nYour branch is up to date with origin/main.\n\nnothing to commit, working tree clean	working tree clean의 의미는?	커밋할 변경사항이 없다	working tree clean은 Git이 보여 주는 추적 파일과 일반 untracked 파일 중 커밋할 변경이 없다는 뜻이다. ignored 파일은 남아 있을 수 있고, origin/main과 같다는 문구도 마지막 fetch로 갱신된 로컬 원격 추적 정보와의 비교이므로 원격 서버의 실시간 상태를 보장하지 않는다.	각 확장 작업 마지막에 git status clean을 확인하는 이유다.	meaning_choice	"[""git"",""status"",""working_tree""]"
6	python_github_actions_ci_validation_v48.json	PY48_L06_ci_basic_001	CI 기본 개념 읽기	CI가 push 이후 자동으로 검증을 실행하는 구조임을 이해한다.	git push\n  -> GitHub Actions\n  -> run validation\n  -> pass or fail	CI의 핵심 역할은?	코드가 올라갈 때 자동 검증을 실행한다	CI는 코드가 push되거나 PR이 열릴 때 자동으로 검증 명령을 실행하는 구조다. 사람이 매번 수동으로 검사하지 않아도 같은 품질 기준을 유지한다. CI가 반복 검증을 맡으면 코드 변경 때마다 누락 없이 테스트와 품질 검사를 실행할 수 있다.	lesson JSON 검증을 GitHub Actions로 자동화하면 깨진 카드가 원격에 남는 위험을 줄일 수 있다.	meaning_choice	"[""CI"",""automation"",""validation""]"
6	python_github_actions_ci_validation_v48.json	PY48_L06_github_actions_workflow_001	GitHub Actions workflow 읽기	GitHub Actions가 .github/workflows/*.yml 파일로 동작한다는 점을 이해한다.	.github/workflows/validate-lessons.yml	GitHub Actions workflow 파일은 보통 어디에 두나?	.github/workflows 폴더	GitHub는 .github/workflows 아래의 YAML 파일을 읽어 자동화 작업을 실행한다. GitHub Actions workflow는 push나 pull request 같은 이벤트에 맞춰 검증 명령을 실행하는 설정이다. job, step, run의 구조를 읽어야 흐름이 보인다.	이번 v48에서 validate-lessons.yml을 추가해 lesson 데이터 검증을 자동화한다.	meaning_choice	"[""GitHub_Actions"",""workflow"",""YAML""]"
6	python_grouped_concepts_v15.json	PY15_L06_number_types_001	int / float / Decimal / NaN 비교	정수형/실수형과 정밀도 문제를 묶어 이해한다.	int: 소수 부분이 없는 임의 정밀도 정수\nfloat: 이진 부동소수점 근삿값으로 표현하는 실수\nDecimal: 10진수 규칙과 정밀도를 명시해 계산하는 타입\nNaN: 정의되지 않은 수치 결과나 결측을 표시할 때 쓰는 특수 부동소수점 값	돈 계산처럼 소수 정밀도가 중요한 경우 더 적합한 것은?	Decimal	"float는 많은 10진 소수를 정확히 저장하지 못하므로 금액 규칙처럼 10진수 정밀도가 중요한 계산에는 Decimal을 고려한다. Decimal도 문자열 ""0.1""처럼 정확한 10진 입력에서 만들어야 의도한 값이 된다. NaN은 pandas에서 결측 표시에 자주 쓰이지만 모든 값 없음이 NaN인 것은 아니다."	점수/비용/평가값을 다룰 때 수치 표현 차이를 이해해야 한다.	meaning_choice	"[""int"",""float"",""decimal"",""nan"",""number_type""]"
6	python_i18n_locale_language_toggle_v62.json	PY62_L06_i18n_001	i18n 읽기	앱 문구를 여러 언어로 바꿀 수 있게 준비하는 i18n 개념을 이해한다.	text = messages[locale]['startButton']	i18n의 목적은?	앱 문구를 여러 언어로 제공하기 위해	i18n은 앱을 여러 언어와 지역 규칙에 맞게 만들기 위한 설계다. 문구를 key로 분리하는 것은 시작일 뿐이며, 복수형, 날짜·숫자 형식, 문장 순서와 오른쪽에서 왼쪽으로 쓰는 화면도 고려해야 한다. 현재 locale에 key가 없을 때의 fallback까지 정해야 빈 화면을 막을 수 있다.	감사 v2에서 I18N_LANGUAGE_TOGGLE이 0 hits였으므로, v62는 언어 설정, locale, 번역 dictionary, fallback, 다국어 학습 UX를 보강한다.	meaning_choice	"[""i18n"",""localization"",""UI_text""]"
6	python_i18n_locale_language_toggle_v62.json	PY62_L06_locale_001	locale 읽기	사용자의 언어와 지역 설정을 나타내는 locale 개념을 이해한다.	locale = 'ko-KR'	locale의 역할은?	언어와 지역 형식을 구분하기 위해	ko-KR, en-US 같은 언어 태그는 언어와 지역별 형식 선택에 쓰인다. 그러나 locale 하나가 사용자의 언어, 통화, 시간대를 모두 확정하는 것은 아니다. 앱이 지원하는 BCP 47 태그 목록과 fallback을 두고, 날짜의 시간대나 결제 통화처럼 별도 선택이 필요한 값은 따로 관리한다.	감사 v2에서 I18N_LANGUAGE_TOGGLE이 0 hits였으므로, v62는 언어 설정, locale, 번역 dictionary, fallback, 다국어 학습 UX를 보강한다.	meaning_choice	"[""locale"",""language"",""settings""]"
6	python_import_debug_beginner_v114_a1.json	PY114_L06_PYTHONPATH_CAUTION_001	PYTHONPATH는 조심해서 쓰기	PYTHONPATH가 import 경로를 억지로 추가할 수 있지만 초보자에게는 마지막 수단임을 읽는다.	"$env:PYTHONPATH=""D:\projects\myapp""\npython main.py"	PYTHONPATH를 초보자에게 조심시키는 이유는?	경로를 억지로 추가해 재현이 어려워질 수 있다	PYTHONPATH는 import 경로를 추가할 수 있지만, 로컬 PC에서만 동작하는 숨은 설정이 되기 쉽다. 먼저 프로젝트 구조와 실행 위치를 바로잡는 편이 낫다. 따라서 정답은 ‘경로를 억지로 추가해 재현이 어려워질 수 있다’이다.	서버나 다른 PC에서만 import가 깨지는 문제를 줄이려면 숨은 환경변수 의존을 피하는 편이 좋다.	multiple_choice	"[""PYTHONPATH"",""environment variable"",""import"",""sys.path""]"
6	python_import_debug_beginner_v114_a1.json	PY114_L06_SYS_PATH_001	sys.path는 import 후보 경로 목록	sys.path가 Python이 import할 때 살펴보는 경로 목록임을 읽는다.	"python -c ""import sys; print(sys.path)"""	이 명령의 의미로 가장 알맞은 것은?	Python이 모듈을 찾는 후보 경로를 본다	sys.path에는 import 때 Python이 확인하는 경로들이 들어 있다. 다만 초보자는 먼저 실행 위치와 가상환경부터 확인하는 것이 안전하다. 따라서 출력은 ‘Python이 모듈을 찾는 후보 경로를 본다’이다.	정말 import 경로가 헷갈릴 때만 진단용으로 확인하는 항목이다.	multiple_choice	"[""print"",""sys.path"",""import"",""module search path""]"
6	python_json_csv_cli_practice_v127_a1.json	PY127_L06_CSV_DICTWRITER_SAVE_001	csv.DictWriter로 결과 CSV 저장하기	DictWriter에서 fieldnames, writeheader, writerows가 각각 어떤 역할인지 이해한다.	import csv\n\nrows = [{'name': 'A', 'score': 10}]\nwith open('out.csv', 'w', newline='', encoding='utf-8') as f:\n    writer = csv.DictWriter(f, fieldnames=['name', 'score'])\n    writer.writeheader()\n    writer.writerows(rows)	DictWriter로 CSV를 저장할 때 fieldnames를 지정하는 이유로 알맞은 것은?	저장할 컬럼 순서와 이름을 정하기 위해	csv.DictWriter의 fieldnames는 CSV에 저장할 컬럼 이름과 순서를 정한다. writeheader()는 첫 줄에 헤더를 쓰고 writerows()는 여러 행을 저장한다.		multiple_choice	"[""import"",""csv.DictWriter"",""fieldnames"",""writeheader"",""writerows""]"
6	python_json_csv_cli_practice_v127_a1.json	PY127_L06_JSON_CSV_CLI_FLOW_001	JSON/CSV 처리 CLI 전체 흐름	argparse, pathlib, JSON/CSV 읽기, 결과 저장이 하나의 CLI 흐름으로 연결되는 방식을 이해한다.	def main():\n    args = parse_args()\n    input_path = Path(args.input)\n    output_path = Path(args.output)\n    data = load_data(input_path)\n    summary = make_summary(data)\n    output_path.write_text(json.dumps(summary, ensure_ascii=False, indent=2), encoding='utf-8')	JSON/CSV 입력 파일을 받아 요약 JSON을 저장하는 CLI 흐름으로 가장 알맞은 것은?	인자 파싱, 입력 읽기, 요약 생성, 결과 저장	인자를 파싱하고 형식에 맞게 입력을 읽은 뒤 요약을 JSON 문자열로 만들어 저장하는 흐름이다. 실제 실행 코드에서는 output_path.parent를 만들고, 파일·파싱·쓰기 오류를 단계별로 처리해야 질문의 '실전 CLI'에 가까워진다.		multiple_choice	"[""def"",""function"",""CLI flow"",""JSON"",""CSV"",""summary"",""save result""]"
6	python_json_error_encoding_beginner_v119_a1.json	PY119_L06_JSON_SAVE_CHECKLIST_001	JSON 저장 체크리스트	JSON 저장 시 ensure_ascii=False, indent=2, encoding='utf-8' 조합을 하나의 체크리스트로 읽는다.	json_text = json.dumps(data, ensure_ascii=False, indent=2)\nout.write_text(json_text, encoding='utf-8')	이 코드의 전체 의도로 가장 알맞은 것은?	JSON을 사람이 읽기 좋게 만들고 UTF-8로 저장한다	indent=2는 보기 좋게 정렬하고, ensure_ascii=False는 한글 표시를 돕고, encoding='utf-8'은 저장 인코딩을 명시한다.	카드 데이터나 설정 파일을 안정적으로 저장하는 기본 루틴을 만든다.	multiple_choice	"[""json.dumps"",""ensure_ascii=False"",""indent=2"",""encoding""]"
6	python_json_error_encoding_beginner_v119_a1.json	PY119_L06_SAFE_JSON_PARSE_001	안전한 JSON 파싱 흐름	파일을 읽고 json.loads로 파싱할 때 JSONDecodeError를 따로 처리하는 흐름을 읽는다.	try:\n    text = path.read_text(encoding='utf-8-sig')\n    data = json.loads(text)\nexcept json.JSONDecodeError as e:\n    print('bad json:', e)	except json.JSONDecodeError가 따로 잡는 것은?	JSON 문법을 해석하지 못한 오류	이 except는 파일을 읽은 뒤 JSON 문법을 해석하지 못한 경우만 처리한다. 파일 없음은 FileNotFoundError, 바이트를 UTF-8로 해석하지 못한 경우는 UnicodeDecodeError이므로 필요하면 별도로 처리해야 한다.	외부 데이터 파일을 읽을 때 파일 오류와 JSON 문법 오류를 구분하는 데 도움이 된다.	multiple_choice	"[""try_except"",""print"",""JSONDecodeError"",""json.loads"",""try except""]"
6	python_learning_streak_goal_habit_v63.json	PY63_L06_daily_goal_001	daily goal 읽기	하루에 풀 카드 수나 복습 수를 정하는 daily goal을 이해한다.	dailyGoal = { cards: 10 }	daily goal의 역할은?	하루 학습 목표를 작고 분명하게 정한다	daily goal은 하루에 풀 카드 수처럼 작고 분명한 목표를 사용자가 정하게 하는 기능이다. 예시의 10장은 기본값일 뿐 모든 학습자에게 적절한 목표가 아니다. 목표를 끄거나 낮출 수 있게 하고, 달성 여부를 실력이나 실패의 판정으로 사용하지 않아야 건강한 학습 보조가 된다.	감사 v2에서 LEARNING_STREAK_GOAL 축이 약했으므로, v63은 연속 학습, 하루 목표, 습관 루프, 목표 달성/복귀 UX를 보강한다.	meaning_choice	"[""daily_goal"",""goal"",""learning_plan""]"
6	python_learning_streak_goal_habit_v63.json	PY63_L06_learning_streak_001	learning streak 읽기	며칠 연속으로 학습했는지 보여주는 learning streak 개념을 이해한다.	streakDays = countConsecutiveStudyDays(history)	learning streak의 목적은?	연속 학습 일수를 보여줘 학습 습관을 유지하게 돕기 위해	learning streak는 사용자가 정한 날짜 기준으로 며칠 연속 학습했는지 보여 주는 선택적 습관 지표다. 학습을 다시 시작하는 단서가 될 수 있지만 실력이나 성실성을 증명하는 점수는 아니다. 쉬는 날과 비활성화 선택을 존중하고, streak가 끊겨도 누적 학습 기록은 보존해야 부담 없이 돌아올 수 있다.	감사 v2에서 LEARNING_STREAK_GOAL 축이 약했으므로, v63은 연속 학습, 하루 목표, 습관 루프, 목표 달성/복귀 UX를 보강한다.	meaning_choice	"[""learning_streak"",""habit"",""learning_ux""]"
6	python_learning_ux_review_algorithm_v49.json	PY49_L06_due_cards_001	due cards 읽기	오늘 복습해야 할 카드만 골라내는 due cards 개념을 이해한다.	from datetime import date\n\ntoday = date.today()\ndue = [card for card in cards\n       if date.fromisoformat(card['next_review_at']) <= today]	due cards는 무엇인가?	오늘 다시 볼 차례가 된 카드	next_review_at을 ISO date로 parse해 오늘 이하인 카드를 due로 고른다. YYYY-MM-DD string끼리는 같은 형식에서 정렬 가능하지만 명시적 date type이 형식 오류를 빨리 잡는다. timestamp를 쓰면 timezone과 day boundary도 정의해야 한다.	매일 학습 화면에서 전체 카드 대신 오늘 복습할 카드만 보여주는 데 필요하다.	meaning_choice	"[""import"",""due_cards"",""review_queue"",""date_check""]"
6	python_learning_ux_review_algorithm_v49.json	PY49_L06_spaced_repetition_001	spaced repetition 읽기	어려운 카드를 일정 간격으로 다시 보여주는 spaced repetition 개념을 이해한다.	if answer_correct:\n    next_review_days = 3\nelse:\n    next_review_days = 1	spaced repetition의 목적은?	잊어버리기 전에 적절한 간격으로 다시 복습하게 하는 것	spaced repetition은 학습 결과를 바탕으로 다음 review 간격을 정해 기억 retrieval을 반복하는 방식이다. 이 예시는 correct면 3일, 아니면 1일이라는 단순 policy일 뿐 개인의 실제 망각 시점을 안다는 뜻은 아니다. 간격 규칙은 학습 성과와 부담을 측정해 조정한다.	카드가 900장 이상으로 늘었으므로 이제 어떤 카드를 언제 다시 보여줄지가 중요하다.	meaning_choice	"[""if"",""else"",""spaced_repetition"",""review"",""learning_ux""]"
6	python_libraries_missing_topics_v11.json	PY11_L06_csv_dictreader_001	csv.DictReader 읽기	CSV 행을 dict처럼 읽는 코드를 이해한다.	"import csv\n\nwith open(""items.csv"", encoding=""utf-8"") as f:\n    rows = list(csv.DictReader(f))\nprint(rows[0][""title""])"	csv.DictReader의 장점은?	컬럼명을 key로 사용해 행을 dict처럼 읽는다	csv.DictReader는 각 행을 컬럼명 기반 dict처럼 읽게 해 준다. CSV나 TSV 메타데이터를 다룰 때 컬럼 위치보다 이름으로 접근할 수 있어 편하다.	수집 메타, 평가표, 매핑표 처리에 자주 쓰인다.	meaning_choice	"[""import"",""print"",""csv"",""DictReader"",""file""]"
6	python_libraries_missing_topics_v11.json	PY11_L06_datetime_now_001	datetime 현재시간 읽기	현재 시간을 문자열로 포맷하는 코드를 읽는다.	"from datetime import datetime\n\nnow = datetime.now()\nprint(now.strftime(""%Y-%m-%d""))"	strftime('%Y-%m-%d')는 무엇을 만드는가?	연-월-일 형식 문자열	"datetime.now()는 실행 환경의 현재 로컬 날짜와 시각을 담은 datetime 객체를 만든다. strftime(""%Y-%m-%d"")에서 %Y는 네 자리 연도, %m은 두 자리 월, %d는 두 자리 일을 뜻하므로 예를 들어 2026-05-29 같은 문자열이 된다. 이 코드는 시간대 정보가 없는 로컬 시각을 사용하므로 여러 지역의 시간을 비교할 때는 시간대 처리도 따로 확인해야 한다."	로그, 리포트 파일명, run_id, 날짜별 큐 생성에 필요하다.	meaning_choice	"[""import"",""print"",""datetime"",""timestamp"",""format""]"
6	python_libraries_missing_topics_v11.json	PY11_L06_finally_002	finally 흐름 읽기	성공/실패와 관계없이 실행되는 finally를 읽는다.	"try:\n    print(""work"")\nfinally:\n    print(""cleanup"")"	finally 블록은 언제 실행되는가?	try 성공/실패와 관계없이 실행된다	finally 블록은 예외 발생 여부와 관계없이 마지막에 실행된다. 파일 닫기, 락 해제, 임시 상태 정리 같은 마무리 작업에 자주 쓴다. try가 성공해도 실패해도 실행되므로 공통 마무리 코드를 한곳에 모아 두는 역할을 한다.	자원 정리와 안전한 batch 종료 코드에 필요하다.	meaning_choice	"[""print"",""finally"",""try_except"",""cleanup""]"
6	python_libraries_missing_topics_v11.json	PY11_L06_main_guard_001	main guard 읽기	스크립트로 실행될 때만 main이 실행되는 구조를 읽는다.	"def main():\n    print(""run"")\n\nif __name__ == ""__main__"":\n    main()"	if __name__ == '__main__'의 목적은?	파일을 직접 실행할 때만 main을 실행하기 위해	"Python 파일을 직접 실행하면 __name__이 ""__main__""이므로 main()을 호출한다. 다른 파일이 이 모듈을 import하면 __name__에는 모듈 이름이 들어가 guard 안의 호출은 건너뛴다. 따라서 실행 진입점의 부수효과를 import와 분리할 수 있다. 단, guard 밖의 함수·클래스 정의와 다른 최상위 문장까지 import 때 실행되지 않는 것은 아니다."	배치 스크립트, CLI 도구, 테스트 가능한 코드에서 자주 쓰인다.	meaning_choice	"[""if"",""def"",""function"",""print"",""main_guard"",""module"",""script""]"
6	python_libraries_missing_topics_v11.json	PY11_L06_math_sqrt_001	math.sqrt 읽기	math.sqrt로 제곱근을 계산하는 코드를 읽는다.	import math\n\nprint(math.sqrt(9))	출력은?	3.0	math.sqrt(9)는 9의 음이 아닌 제곱근을 계산해 float 3.0을 반환한다. 그래서 print 출력도 3.0이다. 거리나 벡터 크기처럼 제곱한 값을 다시 크기로 바꿀 때 쓰며, 실수 범위에서 음수를 전달하면 ValueError가 발생한다.	거리, 오차, norm 계산을 읽는 기초다.	output_prediction	"[""import"",""print"",""math"",""sqrt"",""float""]"
6	python_libraries_missing_topics_v11.json	PY11_L06_random_seed_001	random seed 읽기	랜덤 결과를 재현 가능하게 만드는 seed 코드를 읽는다.	"import random\n\nrandom.seed(42)\nitems = [""a"", ""b"", ""c""]\nprint(random.choice(items) in items)"	출력은?	True	random.seed(42)는 이후 의사 난수 생성기의 시작 상태를 고정해 같은 환경에서 같은 호출 순서를 재현하기 쉽게 한다. 하지만 이 문제의 True는 seed 값 때문이 아니다. random.choice(items)는 비어 있지 않은 items의 원소 하나를 반환하므로, 그 결과가 items 안에 있는지 검사하면 어떤 원소가 뽑혀도 True다. seed는 보안용 난수에는 적합하지 않다.	랜덤 샘플링, 문제 카드 섞기, 실험 재현성에 중요하다.	output_prediction	"[""import"",""print"",""random"",""seed"",""sampling""]"
6	python_libraries_missing_topics_v11.json	PY11_L06_statistics_mean_001	statistics.mean 읽기	statistics.mean으로 평균을 계산하는 코드를 읽는다.	from statistics import mean\n\nprint(mean([1, 2, 3]))	출력은?	2	statistics.mean은 숫자 목록의 평균을 계산하는 표준 라이브러리 함수다. 1, 2, 3의 합을 개수로 나누어 평균 2를 만든다. 평균은 전체 합계를 항목 수로 나눈 값이므로 리스트 안 숫자들이 모두 계산 가능한 값이어야 한다.	점수 평균, 실행시간 평균, 평가 결과 요약에 유용하다.	output_prediction	"[""import"",""print"",""statistics"",""mean"",""average""]"
6	python_llm_api_prompt_validation_v44.json	PY44_L06_llm_api_request_001	LLM API request 읽기	LLM API에 질문과 설정을 요청 payload로 보내는 흐름을 이해한다.	payload = {\n    'model': 'configured-model-id',\n    'messages': messages,\n    'temperature': 0.2\n}\nresponse = client.chat(**payload)	payload의 역할은?	모델에 보낼 입력과 설정을 담는다	payload는 이 예시 SDK 호출에 전달할 model ID, message 목록, 생성 option을 묶는다. 실제 field 이름과 호출 형식은 provider SDK 계약을 따라야 하며 model 별칭을 임의로 넣어도 동작하지 않는다. API key는 보통 payload가 아니라 SDK 설정이나 Authorization header로 안전하게 전달하고 로그에 남기지 않는다.	Qwen이나 GPT를 교육앱에 붙일 때 질문, 학년, 정책, 근거 context를 payload로 보낸다.	meaning_choice	"[""LLM_API"",""request"",""payload""]"
6	python_llm_api_prompt_validation_v44.json	PY44_L06_llm_api_response_001	LLM API response 읽기	LLM API 응답에서 실제 답변 텍스트를 꺼내는 위치를 이해한다.	response = client.chat(**payload)\nif not response.get('choices'):\n    raise ValueError('missing choices')\ntext = response['choices'][0]['message']['content']	위 코드에서 text에 들어가는 것은?	모델이 생성한 답변 내용	성공 응답의 choices가 존재한다는 schema에서 첫 choice의 message.content를 text로 읽는다. 실제 API는 객체 속성이나 다른 schema를 쓸 수 있고 거절·tool call·빈 choices·오류 응답도 있으므로 provider 계약과 finish reason을 확인한 뒤 접근해야 한다.	응답 구조를 잘못 읽으면 모델이 답했는데도 앱에는 빈 답변처럼 보일 수 있다.	meaning_choice	"[""if"",""LLM_API"",""response"",""message_content""]"
6	python_logging_verbose_cli_beginner_v129_a1.json	PY129_L06_ERROR_AND_DEBUG_MESSAGE_001	오류 메시지와 디버그 로그 나누기	사용자용 오류 메시지와 개발자용 디버그 로그를 분리하는 이유를 이해한다.	logging.debug('input_path=%s', input_path)\nif not input_path.exists():\n    raise SystemExit('입력 파일이 없습니다')	사용자에게는 짧은 오류 메시지를 보여 주고, 개발자는 자세한 값을 확인하고 싶을 때 알맞은 흐름은?	debug 로그에는 내부값, SystemExit에는 쉬운 메시지를 둔다	사용자 메시지는 짧고 다음 행동을 알려 줘야 한다. DEBUG 로그에는 경로와 분기 같은 진단 정보를 남길 수 있지만 API 키·토큰·개인정보는 verbose 모드에서도 기록하지 않는다.		multiple_choice	"[""if"",""debug log"",""SystemExit"",""user message"",""developer message""]"
6	python_logging_verbose_cli_beginner_v129_a1.json	PY129_L06_LOGGING_VERBOSE_CLI_FLOW_001	logging verbose CLI 전체 흐름	argparse의 verbose 옵션과 logging 설정이 CLI 실행 흐름 앞부분에서 연결됨을 이해한다.	args = parse_args()\nlevel = logging.DEBUG if args.verbose else logging.INFO\nlogging.basicConfig(level=level)\nlogging.info('start')\nlogging.debug('args=%s', args)	argparse, logging, verbose를 함께 쓰는 CLI 흐름으로 가장 알맞은 것은?	인자 파싱, verbose 확인, 로그 레벨 설정, 처리 시작	verbose CLI는 먼저 인자를 읽고, verbose 여부에 따라 로그 레벨을 정한 뒤, 진행 로그와 디버그 로그를 남기며 실제 처리를 시작한다.		multiple_choice	"[""argparse"",""verbose"",""logging.basicConfig"",""CLI flow""]"
6	python_mobile_touch_responsive_ux_v54.json	PY54_L06_mobile_viewport_001	mobile viewport 읽기	모바일 화면 폭에 맞춰 앱이 표시되도록 viewport 개념을 이해한다.	"<meta name=""viewport"" content=""width=device-width, initial-scale=1"">"	mobile viewport 설정의 목적은?	모바일 화면 폭에 맞게 페이지를 표시하기 위해	width=device-width와 initial-scale=1은 layout viewport를 device width에 맞춰 responsive CSS가 예상대로 작동하게 한다. user-scalable=no나 과도한 maximum-scale로 pinch zoom을 막지 않아야 저시력 사용자가 확대할 수 있다. viewport만으로 responsive layout이 완성되지는 않는다.	감사 v2에서 MOBILE_TOUCH_RESPONSIVE_UX가 0 hits였으므로, v54는 모바일 화면과 터치 조작에서 학습앱을 편하게 쓰게 하는 UX를 보강한다.	meaning_choice	"[""mobile_viewport"",""responsive_layout"",""PWA""]"
6	python_mobile_touch_responsive_ux_v54.json	PY54_L06_responsive_layout_001	responsive layout 읽기	화면 크기에 따라 카드 배치가 달라지는 반응형 레이아웃을 이해한다.	@media (max-width: 600px) {\n  .card { padding: 16px; }\n}	responsive layout의 목적은?	화면 크기에 맞게 UI 배치를 조정하기 위해	PC와 휴대폰은 화면 폭이 다르므로 같은 카드도 크기와 여백을 다르게 잡아야 한다. responsive layout은 화면 크기에 따라 배치가 달라지는 구조다. 모바일에서는 버튼 크기, 줄바꿈, 스크롤 흐름이 실제 사용성에 큰 영향을 준다.	감사 v2에서 MOBILE_TOUCH_RESPONSIVE_UX가 0 hits였으므로, v54는 모바일 화면과 터치 조작에서 학습앱을 편하게 쓰게 하는 UX를 보강한다.	meaning_choice	"[""responsive_layout"",""mobile_ux"",""CSS""]"
6	python_mutable_default_beginner_v115_a1.json	PY115_L06_SAFE_CACHE_PATTERN_001	안전한 cache 기본값 패턴	dict 기본값도 None으로 받고 함수 안에서 새 dict를 만드는 방식으로 안전하게 바꿀 수 있음을 읽는다.	def remember(key, value, cache=None):\n    if cache is None:\n        cache = {}\n    cache[key] = value\n    return cache	이 코드가 cache={}보다 안전한 이유는?	기본값 공유를 피하고 새 dict를 만들 수 있어서	cache=None을 기본값으로 두면 dict를 기본 인자에 직접 공유하지 않는다. 필요한 경우 함수 안에서 새 dict를 만들 수 있다.	실전 코드에서 options=None, cache=None 같은 패턴을 읽을 때 도움이 된다.	multiple_choice	"[""if"",""def"",""function"",""return"",""dict"",""None"",""default argument"",""safe pattern""]"
6	python_mutable_default_beginner_v115_a1.json	PY115_L06_WHEN_MUTABLE_OK_001	바뀌는 값을 넘기는 것 자체는 괜찮다	list나 dict를 인자로 넘기는 것 자체가 문제가 아니라 기본값으로 공유하는 방식이 문제임을 구분한다.	def add_item(x, items):\n    items.append(x)\n    return items\n\nmy_items = []\nadd_item('a', my_items)	이 코드에 대한 설명으로 알맞은 것은?	list를 인자로 넘기는 것 자체는 가능하다	문제는 list를 인자로 넘기는 행위 자체가 아니다. 호출자가 명시적으로 넘긴 list를 바꾸는 것과 기본값 list가 몰래 공유되는 것은 구분해야 한다.	mutable default를 배우면서 list 자체를 무조건 피해야 한다고 오해하지 않도록 돕는다.	multiple_choice	"[""def"",""function"",""return"",""list"",""argument"",""mutable"",""side effect""]"
6	python_offline_first_sync_conflict_v61.json	PY61_L06_local_first_001	local-first 읽기	사용자 기록을 먼저 로컬에 저장하고 나중에 동기화하는 local-first 방식을 이해한다.	saveToLocal(progress)\nqueueForSync(progress)	local-first의 장점은?	네트워크가 느려도 사용자 기록을 즉시 저장할 수 있다	local-first는 먼저 기기 저장소에 변경을 반영해 느린 네트워크에서도 즉시 응답하고 나중에 서버와 동기화하는 방식이다. 로컬 저장도 용량 부족이나 브라우저 정리로 실패할 수 있으므로 성공 여부를 확인해야 한다. 여러 기기에서 같은 기록을 바꿀 수 있다면 영속 큐, 버전 정보, 충돌 규칙이 함께 필요하다.	감사 v2에서 OFFLINE_FIRST_CONFLICT_SYNC가 0 hits였으므로, v61은 오프라인 우선 저장, 동기화 큐, 충돌 해결, 클라우드 동기화 개념을 보강한다.	meaning_choice	"[""local_first"",""localStorage"",""user_data""]"
6	python_offline_first_sync_conflict_v61.json	PY61_L06_offline_first_001	offline-first 읽기	네트워크가 없어도 기본 학습이 가능하게 만드는 offline-first 개념을 이해한다.	cards = loadLocalCards()\nrender(cards)\nsyncWhenOnline()	offline-first의 목적은?	인터넷이 없어도 앱의 핵심 기능을 계속 쓰게 하기 위해	offline-first는 네트워크가 없어도 로컬에 준비된 핵심 기능이 먼저 동작하도록 설계하는 방식이다. syncWhenOnline이라는 호출만으로 서버 연결을 보장할 수는 없으므로 실제 요청 실패와 재시도를 처리해야 한다. 오프라인 변경은 영속 큐에 보관하고, 온라인 복귀 뒤 중복 적용과 충돌을 해결해야 한다.	감사 v2에서 OFFLINE_FIRST_CONFLICT_SYNC가 0 hits였으므로, v61은 오프라인 우선 저장, 동기화 큐, 충돌 해결, 클라우드 동기화 개념을 보강한다.	meaning_choice	"[""offline_first"",""PWA"",""resilience""]"
6	python_oop_gap_beginner_v116_a1.json	PY116_L06_CLASS_DECISION_001	class를 쓸지 판단하기	같은 데이터 구조와 행동이 반복될 때 class를 고려한다는 기준을 읽는다.	# 여러 카드가 title, level, answer를 가지고\n# 정답 확인 동작도 반복된다면 class를 고려할 수 있다.	class를 고려하기 좋은 상황은?	관련 데이터와 행동이 반복될 때	class는 관련 데이터와 행동이 여러 곳에서 반복될 때 구조를 잡는 데 도움이 된다. 단순 작업은 함수나 dict가 더 단순할 수 있다.	프로젝트 코드가 커질 때 class 도입 여부를 판단하는 기준을 세운다.	multiple_choice	"[""comment"",""class"",""design choice"",""data"",""method""]"
6	python_oop_gap_beginner_v116_a1.json	PY116_L06_DATACLASS_INSTANCE_001	dataclass 객체 만들기	dataclass도 class이므로 값을 넣어 instance를 만들 수 있음을 읽는다.	from dataclasses import dataclass\n\n@dataclass\nclass Card:\n    title: str\n    level: int\n\ncard = Card('list basics', 3)\nprint(card.title)	card = Card('list basics', 3)의 의미로 알맞은 것은?	Card class로 새 객체를 만든다	dataclass로 만든 Card도 class다. Card('list basics', 3)처럼 값을 넣으면 title과 level을 가진 객체가 만들어진다.	데이터 모델 객체를 만들고 필드를 읽는 기본 흐름을 이해한다.	multiple_choice	"[""class"",""import"",""print"",""dataclass"",""instance"",""object"",""field""]"
6	python_pandas_beginner_v122_a1.json	PY122_L06_DROPNA_FLOW_001	dropna로 빈값 행 제거	dropna()가 빈값이 있는 행을 제거할 수 있으며, 제거 전 확인이 필요하다는 점을 읽는다.	clean = df.dropna(subset=['score'])	df.dropna(subset=['score'])의 의미로 알맞은 것은?	score가 비어 있는 행을 제거한 표를 만든다	dropna(subset=['score'])는 score 컬럼이 비어 있는 행을 제거한다. 중요한 데이터가 사라질 수 있으므로 제거 전 빈값 상태를 확인해야 한다.	결측치가 있는 행을 제거할 때 의미와 위험을 함께 읽는 카드다.	multiple_choice	"[""dropna"",""NaN"",""missing value""]"
6	python_pandas_beginner_v122_a1.json	PY122_L06_ISNA_FILLNA_001	isna와 fillna 읽기	pandas에서 NaN 같은 빈값을 isna()로 확인하고 fillna()로 채우는 흐름을 읽는다.	print(df.isna().sum())\ndf['score'] = df['score'].fillna(0)	df['score'].fillna(0)의 역할로 알맞은 것은?	score 열의 빈값을 0으로 채운다	isna().sum()으로 결측 개수를 확인한 뒤 score 열의 결측값만 0으로 바꾼다. 0점과 '기록 없음'의 의미가 다를 수 있으므로, 데이터 규칙상 0으로 대체해도 되는지 정한 뒤 적용해야 한다.	CSV에서 빠진 값이 있을 때 pandas로 확인하고 채우는 흐름을 익힌다.	multiple_choice	"[""print"",""NaN"",""isna"",""fillna""]"
6	python_pathlib_argparse_file_cli_v126_a1.json	PY126_L06_FILE_CLI_FLOW_001	입력 처리 저장 CLI 흐름	파일 처리 CLI를 인자 파싱부터 결과 저장까지 단계별로 읽을 수 있다.	def main():\n    args = parse_args()\n    input_path = Path(args.input)\n    output_path = Path(args.output)\n    if not input_path.is_file():\n        raise SystemExit('입력 파일이 없습니다')\n    text = input_path.read_text(encoding='utf-8')\n    output_path.parent.mkdir(parents=True, exist_ok=True)\n    output_path.write_text(text.upper(), encoding='utf-8')	입력 텍스트 파일을 읽고 결과 파일을 저장하는 CLI 도구의 흐름으로 가장 알맞은 것은?	인자 파싱, 입력 확인, 파일 읽기, 처리, 저장 순서	코드는 인자를 파싱하고 is_file()로 입력 파일을 확인한 뒤 읽고 변환한다. 저장 전에는 부모 폴더도 준비한다. 각 단계가 드러나므로 파일 없음과 저장 경로 문제를 초보자가 구분하기 쉽다.		multiple_choice	"[""if"",""def"",""function"",""CLI flow"",""parse_args"",""file processing"",""save result""]"
6	python_pathlib_argparse_file_cli_v126_a1.json	PY126_L06_SAFE_CLI_ERROR_MESSAGE_001	CLI 오류 메시지를 쉽게 만들기	CLI에서 사용자 친화적인 오류 메시지를 보여 주고 멈추는 이유를 이해한다.	if not input_path.exists():\n    raise SystemExit(f'입력 파일이 없습니다: {input_path}')	CLI 도구에서 raise SystemExit('입력 파일이 없습니다')처럼 쓰는 이유로 알맞은 것은?	사용자가 이해할 수 있는 메시지로 안전하게 멈추기 위해	파일이 없거나 입력이 잘못됐을 때 긴 traceback만 보이면 초보자는 원인을 찾기 어렵다. SystemExit에 쉬운 메시지를 넣으면 문제를 알려 주고 안전하게 종료할 수 있다. 따라서 정답은 ‘사용자가 이해할 수 있는 메시지로 안전하게 멈추기 위해’이다.		multiple_choice	"[""if"",""SystemExit"",""error message"",""CLI UX"",""input validation""]"
6	python_performance_large_card_ux_v53.json	PY53_L06_large_card_count_001	large card count 읽기	카드가 1000장을 넘으면 화면 렌더링과 검색 성능을 신경 써야 함을 이해한다.	totalCards = 1022\nif (totalCards > 1000) {\n  usePagination()\n}	카드 수가 많아질 때 필요한 대응은?	한 번에 전부 렌더링하지 않도록 나누어 보여준다	card 수만으로 pagination 필요 여부가 정해지지는 않는다. 1,000은 예시 threshold이며 card 복잡도, DOM node 수, device, interaction latency를 측정해 pagination이나 virtualization을 선택한다. data를 memory에 모두 load하는 비용과 DOM rendering 비용도 구분한다.	카드 수가 1000장을 넘었으므로, 이제 대량 카드 로딩/검색/렌더링 성능과 사용자 피드백이 중요하다.	meaning_choice	"[""large_card_count"",""performance"",""UX""]"
6	python_performance_large_card_ux_v53.json	PY53_L06_pagination_001	pagination 읽기	많은 카드를 페이지 단위로 나누어 보여주는 pagination 개념을 이해한다.	pageSize = 50\nvisibleCards = cards.slice(page * pageSize, (page + 1) * pageSize)	pagination의 목적은?	많은 항목을 페이지 단위로 나누어 보여주기 위해	page가 0-based라는 전제에서 slice는 page*50부터 다음 50개 미만을 반환한다. page를 0 이상 마지막 page 이하로 제한하고 total, next/previous 상태와 현재 filter를 URL이나 state에 보존해야 한다. pagination은 DOM 부담을 줄이지만 전체 data fetch를 자동으로 줄이지는 않는다.	카드 수가 1000장을 넘었으므로, 이제 대량 카드 로딩/검색/렌더링 성능과 사용자 피드백이 중요하다.	meaning_choice	"[""pagination"",""large_list"",""UI""]"
6	python_powershell_automation_reliable_scripts_v45.json	PY45_L06_git_status_clean_001	git status clean 읽기	수정 전후 git status로 작업트리 상태를 확인하는 습관을 익힌다.	git status --short	git status --short 출력이 비어 있다는 뜻은?	현재 추적 중인 변경사항이 없다는 뜻	기본 git status --short 출력이 비어 있으면 stage된 변경, 추적 파일의 작업 트리 변경, 표시 대상 untracked 파일이 없다는 뜻이다. .gitignore에 맞는 ignored 파일은 남아 있을 수 있고 원격과 동기화됐다는 뜻도 아니다. dirty worktree가 있어도 사용자 작업일 수 있으므로 자동 삭제하지 말고 범위를 확인한다.	v41~v44 확장 때도 매번 clean 상태 확인 후 다음 버전으로 넘어갔다.	meaning_choice	"[""git_status"",""working_tree"",""clean_state""]"
6	python_powershell_automation_reliable_scripts_v45.json	PY45_L06_no_pager_log_001	git --no-pager log 읽기	PowerShell에서 git log가 pager로 멈추는 상황을 피하는 방법을 이해한다.	git --no-pager log --oneline -5	--no-pager를 붙이는 이유는?	log 출력이 less 화면에 갇히지 않게 하기 위해	no-pager log는 Git 로그를 pager 화면 없이 바로 출력하는 방식이다. pager에 들어가면 (END) 화면이 떠서 명령이 멈춘 것처럼 보일 수 있다. 따라서 정답은 ‘log 출력이 less 화면에 갇히지 않게 하기 위해’이다.	최근 git log가 (END) 화면에 반복 표시된 문제를 피하기 위한 습관이다.	meaning_choice	"[""git_log"",""pager"",""no_pager""]"
6	python_powershell_automation_reliable_scripts_v45.json	PY45_L06_set_location_001	Set-Location 읽기	PowerShell 스크립트에서 작업 폴더를 먼저 고정하는 이유를 이해한다.	$projectRoot = Split-Path -Parent $PSScriptRoot\nSet-Location $projectRoot\nGet-Location	Set-Location을 먼저 쓰는 이유는?	명령이 실행될 기준 폴더를 정확히 맞추기 위해	$PSScriptRoot는 실행 중인 script가 있는 폴더이므로 그 parent를 project root로 계산하면 특정 컴퓨터의 D: 경로를 hard-code하지 않아도 된다. Set-Location 뒤 Get-Location으로 실제 기준을 확인하고, 실패하면 즉시 중단해야 상대경로가 엉뚱한 대상에 적용되지 않는다.	lesson JSON 생성, app.js 수정, git 명령을 모두 프로젝트 루트에서 실행해야 안전하다.	meaning_choice	"[""PowerShell"",""Set-Location"",""working_directory""]"
6	python_practical_expansion_v2.json	PY2_L06_os_env_001	환경변수에서 API 키 읽기	os.environ.get()으로 코드 밖 설정값을 읽는 패턴을 이해한다.	"import os\n\napi_key = os.environ.get(""GOOGLE_API_KEY"")\nif api_key:\n    print(""key found"")"	이 코드는 무엇을 읽으려는가?	환경변수의 API 키	os.environ.get('GOOGLE_API_KEY')는 해당 이름의 환경변수를 문자열로 읽고, 없으면 None을 반환한다. 값이 있으면 if 조건이 참이 되어 key found를 출력하지만 실제 API 키는 출력하지 않는다. 환경변수는 소스 코드 노출 위험을 줄일 수 있지만 로그, 프로세스 권한, 배포 설정의 접근 제어도 따로 관리해야 한다. 질문의 정답은 ‘환경변수의 API 키’이다.	API 키를 소스 코드에 하드코딩하지 않게 해 주지만 환경변수 자체를 자동으로 비밀로 만들어 주는 것은 아니다.	meaning_choice	"[""if"",""import"",""print"",""os"",""env"",""api_key""]"
6	python_practical_expansion_v2.json	PY2_L06_path_exists_001	Path.exists() 읽기	파일이나 폴더가 실제 존재하는지 확인하는 코드를 읽는다.	"from pathlib import Path\n\npath = Path(""data/nodes.jsonl"")\nif path.exists():\n    print(""found"")\nelse:\n    print(""missing"")"	이 코드는 무엇을 확인하는가?	경로 존재 여부	Path.exists()는 그 경로에 파일이나 폴더가 존재하는지 True 또는 False로 알려 준다. 이 코드에서는 data/nodes.jsonl이 있으면 found, 없으면 missing을 출력한다. exists()가 True여도 그 뒤에 경로가 사라지거나 읽기 권한이 없으면 open은 실패할 수 있으므로, 존재 확인이 파일 읽기 오류를 모두 막는 것은 아니다.	입력 경로가 없을 때 더 이해하기 쉬운 오류 메시지로 중단하는 사전 점검에 쓸 수 있다.	meaning_choice	"[""if"",""else"",""import"",""print"",""pathlib"",""exists"",""file""]"
6	python_practical_expansion_v2.json	PY2_L06_path_mkdir_001	mkdir로 출력 폴더 만들기	출력 폴더를 미리 만들고 중복 생성 오류를 피하는 코드를 읽는다.	"from pathlib import Path\n\nout_dir = Path(""outputs"")\nout_dir.mkdir(parents=True, exist_ok=True)"	exist_ok=True의 의미에 가까운 것은?	이미 폴더가 있어도 에러를 내지 않는다	mkdir은 폴더를 만든다. parents=True는 필요한 상위 폴더도 함께 만들고, exist_ok=True는 outputs가 이미 폴더로 존재할 때 FileExistsError 없이 통과하게 한다. 같은 경로에 일반 파일이 있으면 exist_ok=True여도 폴더를 만들 수 없어 오류가 난다.	결과 파일을 저장하기 전 출력 폴더를 보장하는 패턴이다.	meaning_choice	"[""import"",""pathlib"",""mkdir"",""directory""]"
6	python_progress_score_mistake_note_v50.json	PY50_L06_progress_schema_001	progress schema 읽기	진도 데이터를 어떤 필드 구조로 저장할지 schema 관점에서 읽는다.	progress_row = {'card_id': card_id, 'status': 'seen', 'updated_at': now}	progress schema가 필요한 이유는?	진도 데이터를 일정한 구조로 저장하기 위해	progress schema는 진도 데이터를 어떤 필드로 저장할지 정한 구조다. schema가 있으면 저장, 로드, 마이그레이션을 안정적으로 만들 수 있다. 필드 이름과 의미가 정해져 있어야 버전이 바뀌어도 기존 진도 데이터를 옮기기 쉽다.	v49의 복습 알고리즘 다음 단계로, 실제 학습 진도와 오답 기록을 저장하는 기능 설계와 연결된다.	meaning_choice	"[""progress_schema"",""data_model"",""learning_state""]"
6	python_progress_score_mistake_note_v50.json	PY50_L06_progress_tracking_001	progress tracking 읽기	학습자가 어디까지 진행했는지 저장하고 이어가는 흐름을 읽는다.	progress = {'current_card_id': card_id, 'solved_count': solved_count}	progress tracking의 목적은?	학습자가 어디까지 진행했는지 저장하기 위해	progress tracking은 학습 상태를 저장해 다시 열었을 때 이어가게 한다. current_card_id와 solved_count만으로는 card 순서 변경, 삭제, 여러 device 충돌을 처리하기 어려우므로 card별 상태, schema version, updated_at과 안정적인 ID를 함께 둔다. 저장 성공 여부도 사용자에게 거짓으로 보여 주지 않는다.	v49의 복습 알고리즘 다음 단계로, 실제 학습 진도와 오답 기록을 저장하는 기능 설계와 연결된다.	meaning_choice	"[""progress_tracking"",""learning_progress"",""state""]"
6	python_project_expansion_v6.json	PY6_L06_gitignore_001	.gitignore 읽기	Git에 올리지 않을 파일과 폴더를 구분해 읽는다.	# .gitignore 일부\n.env\n.venv/\n__pycache__/\noutputs/	.env를 gitignore에 넣는 이유는?	비밀 설정 유출 방지	.gitignore의 .env 패턴은 추적되지 않은 .env 파일이 새 커밋에 들어가는 실수를 줄인다. .env에는 API key 같은 비밀값이 있을 수 있으므로 정답은 ‘비밀 설정 유출 방지’다. 하지만 이미 Git이 추적 중인 파일은 .gitignore를 추가해도 자동으로 빠지지 않으며, 한 번 노출된 key는 기록 삭제만 믿지 말고 즉시 폐기·재발급해야 한다. .gitignore 자체가 비밀 저장소는 아니다.	공개 GitHub 저장소를 안전하게 운영하기 위한 기본이다.	meaning_choice	"[""comment"",""gitignore"",""env"",""venv""]"
6	python_project_expansion_v6.json	PY6_L06_normalize_id_001	ID 정규화 함수 읽기	문서 ID를 비교하기 쉬운 형태로 바꾸는 흐름을 읽는다.	"def normalize_doc_id(value):\n    return value.strip().lower().replace("" "", ""_"")\n\nprint(normalize_doc_id("" Doc 001 ""))"	출력은?	doc_001	"먼저 strip()이 양끝 공백을 제거해 ""Doc 001""을 만들고, lower()가 ""doc 001""로 바꾼 뒤 replace("" "", ""_"")가 가운데 공백을 밑줄로 바꿔 doc_001을 만든다. 이 함수는 공백과 대소문자만 정규화하며 슬래시·기호·연속 밑줄 같은 다른 문자는 처리하지 않는다. 서로 다른 원본 ID가 같은 결과로 합쳐질 수 있으므로 실제 ID 정책에는 충돌 검사도 필요하다."	doc_id, node_id, slug 정규화에 직접 연결된다.	output_prediction	"[""def"",""function"",""return"",""print"",""normalization"",""str"",""id""]"
6	python_project_expansion_v6.json	PY6_L06_pyproject_001	pyproject.toml 읽기	프로젝트 이름, 버전, 의존성을 선언하는 파일 구조를 읽는다.	"# pyproject.toml 일부\n[project]\nname = ""reading-trainer""\nversion = ""0.1.0""\ndependencies = [""fastapi"", ""pandas""]"	dependencies에는 무엇이 들어가는가?	필요 패키지 목록	[project] 표 안의 name과 version은 프로젝트 메타데이터이고, dependencies는 설치할 때 필요한 직접 의존성 목록이다. pyproject.toml에는 이 밖에도 build-system이나 도구별 설정이 들어갈 수 있다. 다만 버전 범위를 쓰지 않은 이 목록은 최신 호환 버전을 허용하므로, 설치 결과를 완전히 고정하는 lock 파일과는 역할이 다르다.	요즘 파이썬 프로젝트 구조를 읽을 때 requirements와 함께 자주 본다.	meaning_choice	"[""comment"",""pyproject"",""package"",""metadata""]"
6	python_project_expansion_v6.json	PY6_L06_requirements_001	requirements.txt 읽기	파이썬 프로젝트가 필요로 하는 패키지 목록을 읽는다.	# requirements.txt\nfastapi==0.115.0\nuvicorn==0.30.0\npandas==2.2.0	이 파일은 무엇을 나타내는가?	설치할 Python 패키지와 버전	requirements.txt는 pip install -r requirements.txt처럼 설치할 Python 의존성을 한 줄씩 적는 파일이다. 이 예제의 ==는 FastAPI·Uvicorn·pandas를 지정한 버전으로 설치하라는 뜻이다. 직접 사용하는 패키지와 버전은 확인할 수 있지만, Python 버전·운영체제·하위 의존성까지 이 세 줄만으로 완전히 고정되는 것은 아니므로 재현 환경에는 lock 파일이나 별도 환경 정보가 더 필요할 수 있다.	서버나 앱 프로젝트를 실행하기 전에 의존성을 확인할 때 가장 먼저 본다.	meaning_choice	"[""comment"",""requirements"",""package"",""pip""]"
6	python_project_expansion_v6.json	PY6_L06_slug_001	slug 생성 읽기	문자열을 URL이나 파일명에 쓰기 좋은 slug 형태로 바꾸는 코드를 읽는다.	"def make_slug(title):\n    return title.lower().replace(""/"", ""-"").replace("" "", ""-"")\n\nprint(make_slug(""AI / RAG Notes""))"	출력에 가까운 것은?	ai---rag-notes	lower() 뒤에 / 하나가 -로 바뀌고, 그 양옆의 공백 두 개도 각각 -로 바뀌어 ai---rag-notes가 된다. 이 결과는 보기의 정답이지만, 함수가 모든 특수문자나 연속 하이픈을 정리하지 않으므로 일반적인 URL·파일명에 항상 안전한 slug를 보장하지는 않는다. 실제 slug 함수라면 허용 문자, 연속 구분자 축약, 빈 결과와 중복 충돌 규칙을 더 정해야 한다.	노드 페이지 파일명, URL slug, 산출물 이름 만들기에 연결된다.	output_prediction	"[""def"",""function"",""return"",""print"",""slug"",""str"",""filename""]"
6	python_project_structure_imports_v18.json	PY18_L06_from_import_001	from import 읽기	모듈 안의 특정 이름만 가져오는 코드를 읽는다.	"from pathlib import Path\n\nroot = Path(""data"")\nprint(root.exists())"	from pathlib import Path의 의미는?	pathlib 모듈에서 Path만 바로 쓰도록 가져온다	from import를 쓰면 pathlib.Path가 아니라 Path로 바로 사용할 수 있다. from import는 모듈 전체가 아니라 특정 이름만 가져오는 문법이다. 어떤 함수나 클래스가 현재 파일의 이름공간에 들어오는지 확인해야 한다.	파일 경로를 다루는 코드에서 매우 자주 보이는 패턴이다.	meaning_choice	"[""import"",""print"",""from_import"",""pathlib"",""module""]"
6	python_project_structure_imports_v18.json	PY18_L06_import_basic_001	import 기본 읽기	모듈을 import한 뒤 점 표기법으로 함수에 접근하는 구조를 읽는다.	"import json\n\ntext = json.dumps({""ok"": True})\nprint(text)"	json.dumps를 쓸 수 있는 이유는?	import json으로 json 모듈을 가져왔기 때문에	import json을 하면 json.dumps처럼 모듈명.함수명 형태로 접근한다. import는 다른 파일이나 라이브러리의 기능을 현재 코드에서 쓰겠다는 뜻이다. 어디서 가져오는지와 실제로 어떤 이름을 쓰는지 연결해서 읽어야 한다.	표준 라이브러리와 외부 라이브러리 호출 코드를 읽는 기본이다.	meaning_choice	"[""print"",""import"",""module"",""namespace""]"
6	python_project_structure_imports_v18.json	PY18_L06_project_tree_001	Python 프로젝트 폴더 구조 읽기	src, scripts, tests 폴더의 역할을 구분한다.	project/\n  src/\n    app/\n      pipeline.py\n  scripts/\n    run_pipeline.py\n  tests/\n    test_pipeline.py	일반적으로 tests 폴더의 역할은?	코드가 맞게 동작하는지 검사하는 테스트 파일을 둔다	project tree는 폴더와 파일의 역할을 한눈에 보여 주는 구조다. tests 폴더에는 pytest 같은 도구로 실행할 검증 코드가 들어간다. 테스트 코드를 실제 앱 코드와 분리해 두면 구조가 명확해지고 자동 검증도 실행하기 쉽다.	처음 보는 Python 프로젝트에서 src, scripts, tests의 역할을 먼저 파악하는 훈련이다.	meaning_choice	"[""project_structure"",""src"",""scripts"",""tests""]"
6	python_pwa_install_update_ux_v51.json	PY51_L06_beforeinstallprompt_001	beforeinstallprompt 이벤트 읽기	브라우저가 PWA 설치 가능 시점을 알려주는 beforeinstallprompt 이벤트를 이해한다.	window.addEventListener('beforeinstallprompt', event => {\n  event.preventDefault()\n  deferredPrompt = event\n})	beforeinstallprompt 이벤트의 역할은?	브라우저의 기본 설치 안내를 잠시 보류하고 나중에 직접 보여줄 수 있게 한다	beforeinstallprompt는 일부 Chromium 계열 browser가 설치 가능 시 보내는 비표준 event다. preventDefault로 즉시 prompt를 보류하고 event를 저장해 사용자 gesture에서 prompt()를 호출할 수 있다. 지원되지 않는 browser에는 platform별 안내나 설치 버튼 숨김 fallback이 필요하다.	v50에서 학습 진도 저장을 다뤘으므로, v51은 PWA 설치와 업데이트 과정에서 사용자가 혼란 없이 최신 앱을 쓰게 하는 UX와 연결된다.	meaning_choice	"[""beforeinstallprompt"",""PWA_install"",""browser_event""]"
6	python_pwa_install_update_ux_v51.json	PY51_L06_install_prompt_001	install prompt 읽기	PWA를 설치할 수 있음을 사용자에게 알려주는 설치 안내를 이해한다.	showInstallButton()\nbutton.textContent = '앱 설치하기'	install prompt의 목적은?	사용자에게 앱 설치 가능 상태를 알려주기 위해	install 안내는 browser가 설치 가능 조건을 충족했다고 알려 주거나 platform별 설치 절차가 있을 때만 보여 준다. 모든 browser가 같은 prompt API를 지원하지 않으며 이미 설치됐거나 설치를 원치 않는 사용자에게 반복 노출하지 않는다. 설치는 사용자 선택이고 사용 전제 조건이 되어서는 안 된다.	v50에서 학습 진도 저장을 다뤘으므로, v51은 PWA 설치와 업데이트 과정에서 사용자가 혼란 없이 최신 앱을 쓰게 하는 UX와 연결된다.	meaning_choice	"[""install_prompt"",""PWA"",""user_prompt""]"
6	python_readme_setup_troubleshooting_v132_a1.json	PY132_L06_PORT_IN_USE_TROUBLE_001	포트 사용 중 오류	포트 사용 중 오류가 이미 실행 중인 서버나 포트 충돌과 관련됨을 이해한다.	python -m http.server 5173\n# OSError: [Errno 98] Address already in use	로컬 서버 실행 중 Address already in use 또는 포트 사용 중 오류가 나면 README에 어떤 안내가 있으면 좋은가?	이미 켜진 서버를 끄거나 다른 포트로 실행하라고 안내한다	포트 사용 중 오류는 같은 포트를 이미 다른 프로세스가 쓰고 있다는 뜻이다. 기존 서버를 종료하거나 5174처럼 다른 포트로 실행하면 된다.		multiple_choice	"[""comment"",""port"",""local server"",""http.server"",""troubleshooting""]"
6	python_readme_setup_troubleshooting_v132_a1.json	PY132_L06_README_CHECKLIST_001	README 실행 체크리스트	초보자용 README에는 준비물부터 오류 해결까지 실행 흐름 전체가 들어가야 함을 이해한다.	1. Prerequisites\n2. Setup\n3. Environment variables\n4. Run\n5. Verify\n6. Troubleshooting	초보자용 README 실행 안내에 포함되면 좋은 묶음으로 가장 알맞은 것은?	Python 버전, 설치 순서, 환경변수 예시, 실행/확인/오류 해결	좋은 README는 처음 보는 사람이 따라 할 수 있어야 한다. 준비물, 설치 순서, 환경변수 예시, 실행 명령, 확인 명령, 자주 나는 오류 해결을 함께 적으면 좋다.		multiple_choice	"[""README checklist"",""setup"",""environment variables"",""run"",""troubleshooting""]"
6	python_realworld_expansion_v8.json	PY8_L06_favicon_404_001	favicon 404 구분하기	favicon.ico 404가 앱 전체 실패와 다를 수 있음을 읽는다.	"::1 - - [28/May/2026 22:29:11] code 404, message File not found\n::1 - - [28/May/2026 22:29:11] ""GET /favicon.ico HTTP/1.1"" 404 -"	이 로그만으로 앱이 깨졌다고 볼 수 있나?	아니다, favicon만 없을 수 있다	이 두 줄은 /favicon.ico 요청이 404였다는 사실만 보여 준다. 브라우저가 사이트 아이콘을 자동 요청했지만 파일이 없었을 수 있으므로, 이 로그만으로 HTML·JavaScript·데이터 로딩까지 실패했다고 결론낼 수 없다. 실제 장애 여부는 실패한 요청 경로와 앱 화면·콘솔의 다른 오류를 함께 확인해야 한다. favicon이 필요한 제품이라면 아이콘 누락 자체는 별도로 고쳐야 한다.	로컬 확인 로그에서 무시해도 되는 404와 치명 오류를 구분한다.	meaning_choice	"[""http"",""404"",""favicon""]"
6	python_realworld_expansion_v8.json	PY8_L06_git_crlf_warning_001	Git CRLF 경고 읽기	줄바꿈 형식 변환 경고를 치명적 오류와 구분한다.	warning: in the working copy of 'src/pwa/app.js', LF will be replaced by CRLF	이 메시지는 보통 무엇인가?	줄바꿈 변환 경고	Git이 이 작업 트리 파일의 LF 줄바꿈을 CRLF로 변환할 수 있다고 알리는 경고다. 변환 여부는 .gitattributes와 core.autocrlf·core.eol 같은 설정에 영향을 받으므로 Windows라는 사실만으로 결정되지는 않는다. 이 문장 자체는 commit이나 push 실패를 뜻하지 않지만, 의도하지 않은 줄바꿈 diff를 막으려면 저장소의 줄바꿈 정책과 실제 변경 내용을 확인해야 한다.	PowerShell에서 Git을 사용할 때 볼 수 있는 줄바꿈 경고를 해석한다.	meaning_choice	"[""git"",""crlf"",""warning""]"
6	python_realworld_expansion_v8.json	PY8_L06_git_push_flow_001	Git push 흐름 읽기	수정 확인, 스테이징, 커밋, 원격 반영 순서를 읽는다.	"Set-Location ""D:\projects\python-reading-trainer""\ngit status\ngit add src/pwa/app.js\ngit commit -m ""Update app""\ngit push"	git add 다음에 보통 하는 일은?	git commit	표시된 순서에서는 status로 상태를 본 뒤 git add가 app.js의 현재 변경을 스테이징 영역에 올리고, git commit이 스테이징된 내용만 로컬 커밋으로 기록한다. 마지막 git push는 설정된 원격·업스트림으로 관련 ref를 전송한다. 스테이징하지 않은 변경은 그 커밋에 포함되지 않으며, 충돌·권한·원격 설정 문제 등이 있으면 commit이나 push는 별도로 실패할 수 있다.	지금 앱을 GitHub Pages에 반영하는 기본 루틴이다.	meaning_choice	"[""git"",""commit"",""push""]"
6	python_realworld_expansion_v8.json	PY8_L06_git_push_success_001	git push 성공 로그 읽기	push가 원격 main 브랜치에 반영된 로그를 읽는다.	remote: Resolving deltas: 100% (3/3), completed with 3 local objects.\nTo https://github.com/user/repo.git\n   abc123..def456  main -> main	push 결과의 main -> main은 무엇을 의미하는가?	로컬 main이 원격 main에 반영됨	화살표 왼쪽 main은 보낸 로컬 ref, 오른쪽 main은 갱신된 원격 ref를 나타낸다. abc123..def456은 원격 main이 앞 커밋에서 뒤 커밋으로 이동했음을 보여 준다. 이는 해당 브랜치 갱신의 성공을 뜻할 뿐 저장소의 모든 브랜치·태그가 서로 같다는 뜻은 아니다. 다른 환경은 자동으로 바뀌지 않으며 fetch나 pull 같은 별도 동작이 필요하다.	푸시 성공 여부를 로그에서 판단할 수 있게 한다.	meaning_choice	"[""git"",""push"",""log""]"
6	python_realworld_expansion_v8.json	PY8_L06_http_304_log_001	HTTP 304 로그 읽기	304가 캐시된 리소스 재사용과 관련된 상태임을 읽는다.	"::1 - - [28/May/2026 22:29:11] ""GET /data/lessons/file.json HTTP/1.1"" 304 -"	304는 보통 무엇을 의미하는가?	변경 없음, 캐시 사용 가능	304 Not Modified는 조건부 요청의 ETag나 수정 시각 같은 검증자를 기준으로, 클라이언트가 가진 표현을 계속 사용할 수 있다고 서버가 알린 응답이다. 보통 응답 본문을 다시 보내지 않아 브라우저가 캐시된 본문을 재사용한다. 이 상태만으로 서버 디스크의 파일이 절대 바뀌지 않았다고 단정할 수는 없다. 새 내용을 기대했다면 요청 URL, 검증자·캐시 헤더, 서비스 워커 동작을 함께 확인해야 한다.	로컬 http.server 로그와 GitHub Pages 반영 확인에 중요하다.	meaning_choice	"[""http"",""status_code"",""cache""]"
6	python_realworld_expansion_v8.json	PY8_L06_safe_int_001	safe_int 방어 함수 읽기	숫자로 바꿀 수 없으면 기본값을 쓰는 방어 코드를 읽는다.	"def safe_int(value, default=0):\n    try:\n        return int(value)\n    except ValueError:\n        return default\n\nprint(safe_int(""abc"", 10))"	출력은?	10	int('abc')는 ValueError를 던지고 이 except가 그 오류를 잡아 전달된 default 10을 반환하므로 출력은 10이다. 그러나 이 함수가 모든 변환 실패를 막는 것은 아니다. 예를 들어 int(None)은 TypeError를 던져 현재 except에 잡히지 않으며, 무조건 기본값으로 바꾸면 잘못된 입력 원인을 숨길 수도 있다. 허용할 입력 타입과 잡을 예외를 정하고 필요하면 오류를 기록해야 한다.	사용자 입력/CSV 값/환경변수 파싱에서 자주 쓰인다.	output_prediction	"[""def"",""function"",""return"",""print"",""try_except"",""int"",""default""]"
6	python_refactoring_maintainability_v40.json	PY40_L06_refactoring_001	refactoring 읽기	동작은 유지하면서 코드 구조를 개선하는 refactoring을 이해한다.	before:\n  same behavior, messy code\n\nafter:\n  same behavior, cleaner code	refactoring의 핵심은?	동작은 유지하고 코드 구조를 개선한다	refactoring은 외부에서 관찰되는 동작을 의도적으로 바꾸지 않으면서 내부 구조를 개선하는 변경이다. '더 깨끗하다'는 목표를 구체적인 이름, 중복, 의존성 문제로 설명해야 한다. 테스트는 기존 동작 보존에 대한 증거를 주지만 테스트하지 않은 동작까지 같음을 보장하지는 않는다.	카드가 800장 이상이 되면 기능 추가만큼 구조 정리가 중요해진다.	meaning_choice	"[""refactoring"",""maintainability"",""behavior_preserving_change""]"
6	python_regex_beginner_v124_a1.json	PY124_L06_REGEX_SAFE_FLOW_001	정규식 추출 안전 흐름	정규식으로 여러 값을 찾고, 없는 경우를 처리하고, 필요한 부분만 캡처하는 전체 흐름을 읽는다.	ids = re.findall(r'ID-(\d+)', text)\nm = re.search(r'email: (\S+)', text)\nemail = m.group(1) if m else ''	이 코드의 전체 흐름으로 알맞은 것은?	정규식으로 ID 목록을 찾고 이메일은 있을 때만 꺼낸다	findall()은 여러 ID를 리스트로 찾고, search()는 이메일 패턴 하나를 찾는다. m이 있을 때만 group(1)을 읽으면 None 오류를 피할 수 있다.	로그나 텍스트에서 필요한 값들을 안전하게 추출하는 종합 카드다.	multiple_choice	"[""re.findall"",""re.search"",""group"",""None check""]"
6	python_regex_beginner_v124_a1.json	PY124_L06_RE_MATCH_START_001	re.match는 시작부터 확인	re.match()가 문자열 중간이 아니라 시작 위치부터 패턴이 맞는지 확인하는 함수임을 읽는다.	ok = re.match(r'^ID-\d+', 'ID-2048 ready')	re.match()의 특징으로 알맞은 것은?	문자열 시작 부분부터 패턴이 맞는지 본다	re.match()는 문자열 시작 위치에서 패턴이 맞는지 본다. re.search()처럼 중간부터 찾지는 않지만 뒤에 남는 문자는 허용할 수 있다. 입력 전체가 형식과 정확히 일치해야 한다면 re.fullmatch()를 사용한다.	입력 문자열이 정해진 형식으로 시작하는지 검사하는 카드다.	multiple_choice	"[""re.match"",""start"",""^""]"
6	python_requests_api_beginner_v121_a1.json	PY121_L06_RESPONSE_JSON_AFTER_STATUS_001	상태 확인 후 response.json 읽기	response.json()은 응답이 실제 JSON일 때 Python dict/list로 바꾸므로 상태 확인 뒤 쓰는 흐름을 읽는다.	response = requests.get(url, timeout=10)\nresponse.raise_for_status()\ndata = response.json()	이 코드에서 response.json()을 호출하기 전에 raise_for_status()를 둔 이유는?	실패 상태를 먼저 드러내기 위해	먼저 raise_for_status()를 호출하면 4xx·5xx HTTP 실패를 HTTPError로 드러낸 뒤 성공 응답의 본문만 JSON으로 해석할 수 있다. 성공 상태라도 본문이 유효한 JSON이라는 보장은 없으므로 JSON 디코딩 실패는 별도로 처리한다.	API 응답을 데이터로 바꾸기 전에 실패 상태를 먼저 확인하는 실전 흐름이다.	multiple_choice	"[""response.json"",""raise_for_status"",""JSON""]"
6	python_requests_api_beginner_v121_a1.json	PY121_L06_SAFE_API_FLOW_001	안전한 API 호출 흐름 읽기	timeout, raise_for_status, response.json, RequestException을 연결한 기본 API 호출 흐름을 읽는다.	try:\n    response = requests.get(url, params=params, timeout=10)\n    response.raise_for_status()\n    data = response.json()\nexcept requests.RequestException as e:\n    print('request failed:', e)	이 코드의 전체 흐름으로 가장 알맞은 것은?	시간 제한을 두고 실패 상태와 요청 오류를 처리한다	timeout은 무기한 대기를 막고, raise_for_status()는 4xx·5xx를 예외로 바꾸며, RequestException은 requests가 낸 요청 예외를 처리한다. 실제 도구라면 JSON 형식과 필수 필드도 검증하고, 오류를 출력만 한 뒤 data를 사용하지 않도록 실패 경로를 명확히 끝내야 한다.	실제 API 연동 코드에서 기본 안전장치를 한 번에 읽는 카드다.	multiple_choice	"[""try_except"",""print"",""timeout"",""raise_for_status"",""response.json"",""RequestException""]"
6	python_requirements_dependency_repro_v131_a1.json	PY131_L06_AFTER_CLONE_SETUP_FLOW_001	clone 후 환경 복구 순서	clone 이후 프로젝트 실행 준비가 저장소 받기와 가상환경/의존성 설치 순서로 이어짐을 이해한다.	git clone <repo-url>\ncd project\npython -m venv .venv\n.\.venv\Scripts\Activate.ps1\npython -m pip install -r requirements.txt	GitHub에서 프로젝트를 clone한 뒤 실행 준비 순서로 가장 알맞은 것은?	clone, 폴더 이동, venv 생성, 활성화, requirements 설치	다른 컴퓨터에서 프로젝트를 받으면 먼저 저장소를 받고, 프로젝트 폴더로 들어가 가상환경을 만든 뒤 requirements.txt로 필요한 패키지를 설치한다.		multiple_choice	"[""git clone"",""venv"",""requirements.txt"",""setup flow""]"
6	python_requirements_dependency_repro_v131_a1.json	PY131_L06_VENV_REQUIREMENTS_REPRO_001	venv와 requirements 재현	가상환경 생성, 활성화, requirements 설치가 실행환경 재현 흐름으로 연결됨을 이해한다.	python -m venv .venv\n.\.venv\Scripts\Activate.ps1\npython -m pip install -r requirements.txt	새 컴퓨터에서 프로젝트 실행환경을 재현하는 흐름으로 가장 알맞은 것은?	venv를 만들고 활성화한 뒤 requirements를 설치한다	가상환경을 만들고 그 환경의 pip로 requirements를 설치하면 프로젝트별 패키지를 분리할 수 있다. 동일성 수준을 높이려면 README에 지원 Python 버전과 운영체제 조건도 기록하고, 의존성 버전도 충분히 고정해야 한다.		multiple_choice	"[""venv"",""requirements.txt"",""activate"",""reproducible environment""]"
6	python_resume_safe_pipeline_checkpoint_v46.json	PY46_L06_checkpoint_file_001	checkpoint file 읽기	작업 진행 상태를 파일로 남기는 checkpoint 개념을 이해한다.	"checkpoint.json\n{\n  ""last_done"": ""shard_0042"",\n  ""updated_at"": ""2026-05-31""\n}"	checkpoint file의 역할은?	어디까지 작업했는지 기록한다	checkpoint는 재시작에 필요한 progress와 입력·code version을 내구성 있게 기록한다. last_done 하나는 작업이 고정 순서로 완료될 때만 안전하며 병렬 또는 순서 변경에서는 아직 안 끝난 shard를 건너뛸 수 있다. 그런 경우 완료 ID 집합이나 shard별 상태를 쓰고 atomic하게 갱신한다.	shard 범위, 완료 개수, 마지막 처리 id를 남기면 장애 후 복구가 쉬워진다.	meaning_choice	"[""checkpoint"",""state_file"",""progress""]"
6	python_resume_safe_pipeline_checkpoint_v46.json	PY46_L06_resume_safe_pipeline_001	resume-safe pipeline 읽기	중간에 멈춰도 이어서 다시 실행할 수 있는 파이프라인 구조를 이해한다.	for shard in shards:\n    if is_done(shard):\n        continue\n    run_shard(shard)	resume-safe pipeline의 핵심은?	이미 끝난 작업은 건너뛰고 남은 작업만 이어서 실행하는 것	is_done이 성공 결과와 원자적으로 기록된 신뢰할 수 있는 상태일 때 완료 shard를 건너뛰고 나머지를 실행한다. resume-safe가 되려면 run_shard가 중단 경계에서 재실행돼도 안전해야 하고, checkpoint 손상·version 불일치·병렬 완료 순서를 처리해야 한다. 단순 file 존재 검사는 충분하지 않다.	KG node_pass shard나 대용량 카드 생성 작업처럼 오래 걸리는 작업에 필요하다.	meaning_choice	"[""if"",""for"",""continue"",""resume_safe"",""pipeline"",""restart""]"
6	python_search_embedding_rag_flow_v43.json	PY43_L06_query_normalization_001	query normalization 읽기	검색 전 질문 문자열을 정리하는 이유를 이해한다.	query = query.strip().lower()\nquery = normalize_spaces(query)	query.strip().lower()의 목적에 가까운 것은?	검색어의 불필요한 공백과 대소문자 차이를 줄인다	strip()은 양끝 공백을 제거하고 lower()는 대문자를 소문자로 바꾼 뒤, normalize_spaces가 내부 공백을 정리한다. 자연어의 대소문자 차이를 줄이는 데 유용하지만 Python, US처럼 case가 의미를 가지거나 정확한 ID를 찾는 검색에서는 원문을 보존하거나 field별 normalization 규칙을 써야 한다.	문서 제목, 노드명, 질문 텍스트를 비교할 때 normalize_id나 slug 처리와 연결된다.	meaning_choice	"[""query_normalization"",""normalization"",""search""]"
6	python_search_embedding_rag_flow_v43.json	PY43_L06_search_pipeline_001	search pipeline 읽기	검색 요청이 여러 단계를 지나 결과가 되는 흐름을 읽는다.	query\n  -> normalize\n  -> retrieve candidates\n  -> rank\n  -> return results	search pipeline의 핵심 의미는?	검색어가 여러 처리 단계를 거쳐 결과가 되는 흐름	검색은 보통 query 정리, 후보 찾기, 순위 매기기, 결과 반환 단계로 나뉜다. search pipeline은 입력 질의가 검색 조건으로 바뀌고 후보 결과가 정렬되는 전체 흐름이다. 검색 전처리, 필터, 랭킹 기준을 나누어 보면 된다.	KG/RAG 앱에서 질문이 들어오면 바로 답하는 것이 아니라 먼저 관련 근거를 찾는다.	meaning_choice	"[""search_pipeline"",""query"",""retrieval""]"
6	python_tag_filter_advanced_search_v55.json	PY55_L06_level_filter_001	level filter 읽기	난이도 level 기준으로 카드를 거르는 필터를 이해한다.	filtered = cards.filter(card => card.level >= 8)	level filter의 역할은?	원하는 난이도 범위의 카드만 보여준다	이 조건은 level이 8 이상인 card만 보여 주는 최소 난이도 filter다. 범위 filter라고 부르려면 level <= max 조건도 필요하다. level 누락이나 숫자가 아닌 값을 validation하고, 숫자 level이 실제 학습 난이도를 완벽히 나타낸다고 가정하지 않는다.	감사 v2에서 TAG_FILTER_ADVANCED_SEARCH가 0 hits였으므로, v55는 대량 카드 학습앱에서 원하는 카드를 빠르게 찾는 검색/필터 UX를 보강한다.	meaning_choice	"[""level_filter"",""difficulty_filter"",""learning_ux""]"
6	python_tag_filter_advanced_search_v55.json	PY55_L06_tag_filter_001	tag filter 읽기	카드의 concepts나 태그로 원하는 카드만 골라보는 tag filter를 이해한다.	filtered = cards.filter(card =>\n  (card.concepts ?? []).includes('validation')\n)	tag filter의 목적은?	특정 개념이나 태그가 붙은 카드만 골라보기 위해	concepts가 없을 수 있는 card는 빈 배열로 다뤄 runtime error를 피하고, 배열에 validation과 정확히 같은 tag가 있는 card만 고른다. tag의 대소문자·별칭·hierarchy를 지원하려면 저장 단계에서 canonical ID로 normalize해야 한다.	감사 v2에서 TAG_FILTER_ADVANCED_SEARCH가 0 hits였으므로, v55는 대량 카드 학습앱에서 원하는 카드를 빠르게 찾는 검색/필터 UX를 보강한다.	meaning_choice	"[""tag_filter"",""concept_filter"",""search""]"
6	python_tests_regression_quality_gate_v47.json	PY47_L06_integration_test_001	integration test 읽기	여러 모듈이 함께 연결될 때 정상 동작하는지 확인하는 테스트를 이해한다.	load app.js\n  -> read lesson files\n  -> validate cards	integration test가 보는 것은?	여러 구성요소가 연결됐을 때의 동작	unit test가 작은 조각을 본다면 integration test는 조각들이 연결된 흐름을 본다. integration test는 여러 모듈이 함께 동작하는 흐름을 확인하는 테스트다. 개별 함수는 맞아도 연결 과정에서 깨지는 문제를 잡는 데 필요하다.	app.js의 lessonFiles와 실제 JSON 파일들이 함께 맞는지 확인하는 검증이 이에 가깝다.	meaning_choice	"[""integration_test"",""module_connection"",""end_to_end_part""]"
6	python_tests_regression_quality_gate_v47.json	PY47_L06_unit_test_001	unit test 읽기	작은 함수 하나를 따로 검증하는 unit test를 이해한다.	def add(a, b):\n    return a + b\n\ndef test_add():\n    assert add(2, 3) == 5	unit test의 핵심은?	작은 함수나 로직 하나를 독립적으로 확인한다	unit test는 작은 함수나 로직을 가능한 한 독립적으로 검사한다. 이 pytest 스타일 test에서 실제값 add(2, 3)와 기대값 5가 다르면 실패한다. 일반 Python을 -O로 실행하면 assert가 제거될 수 있으므로 pytest 같은 test runner로 실행한다.	카드 검증 함수, JSON 파서, id 중복 검사 같은 작은 로직에 적용할 수 있다.	meaning_choice	"[""def"",""function"",""return"",""unit_test"",""function_test"",""small_test""]"
6	python_tests_validation_regression_v34.json	PY34_L06_smoke_test_001	smoke test 읽기	큰 기능 검증 전 앱이 기본적으로 켜지는지 확인하는 smoke test를 이해한다.	.\run_local_server.ps1\n\nGET /src/pwa/index.html 200\nGET /src/pwa/app.js 200\nGET /src/pwa/style.css 200\nBROWSER: main screen rendered\nCONSOLE ERRORS: 0	smoke test의 목적은?	앱이 기본적으로 뜨는지 빠르게 확인한다	smoke test는 세부 기능을 깊게 검사하기 전에 핵심 경로가 기본적으로 동작하는지 빠르게 확인하는 1차 검사다. 정적 파일의 HTTP 200만으로 JavaScript 실행과 화면 렌더링까지 증명되지는 않으므로, 여기서는 기본 화면과 브라우저 오류도 함께 확인한다. 통과해도 모든 기능이 맞다는 뜻은 아니다.	로컬 서버에서 index, app.js, style.css가 200인지 보는 것이 대표적인 smoke test다.	meaning_choice	"[""smoke_test"",""basic_check"",""validation""]"
6	python_user_notes_bookmarks_v56.json	PY56_L06_bookmark_001	bookmark 읽기	다시 보고 싶은 카드를 표시해두는 bookmark 개념을 이해한다.	bookmarkedCardIds.add(card.id)	bookmark의 목적은?	다시 보고 싶은 카드를 표시해두기 위해	bookmark는 사용자가 중요한 카드를 표시해 나중에 다시 찾을 수 있게 하는 기능이다. 카드가 많아질수록 개인 복습 목록을 만드는 데 유용하다. 북마크 상태는 카드 id와 함께 저장해야 앱을 다시 열어도 같은 카드를 찾아 표시할 수 있다.	감사 v2에서 USER_NOTES_BOOKMARKS 축이 거의 비어 있었으므로, v56은 사용자가 중요한 카드와 자기 메모를 남겨 개인화 복습에 활용하는 기능을 보강한다.	meaning_choice	"[""bookmark"",""learning_ux"",""save_for_later""]"
6	python_user_notes_bookmarks_v56.json	PY56_L06_favorite_card_001	favorite card 읽기	자주 보는 카드를 즐겨찾기로 저장하는 favorite card 개념을 이해한다.	favoriteCardIds.add(card.id)	favorite card의 역할은?	자주 보는 카드를 빠르게 다시 열 수 있게 한다	favorite는 shared card object를 바꾸기보다 사용자별 ID set에 저장한다. card.favorite=true를 canonical data에 넣으면 다른 사용자와 cache에 개인 상태가 섞이거나 update 때 사라질 수 있다. stable ID와 사용자 storage를 분리한다.	감사 v2에서 USER_NOTES_BOOKMARKS 축이 거의 비어 있었으므로, v56은 사용자가 중요한 카드와 자기 메모를 남겨 개인화 복습에 활용하는 기능을 보강한다.	meaning_choice	"[""favorite"",""bookmark"",""card_state""]"
6	python_web_http_api_flow_v35.json	PY35_L06_http_request_response_001	HTTP request / response 읽기	브라우저가 요청을 보내고 서버가 응답을 돌려주는 기본 흐름을 이해한다.	Browser -> GET /src/pwa/app.js\nServer  -> 200 OK + app.js content	이 흐름에서 200 OK는 무엇을 뜻하는가?	요청이 성공했고 응답을 받았다	HTTP는 클라이언트 요청과 서버 응답으로 통신한다. 200 OK는 서버가 이 요청을 HTTP 수준에서 성공적으로 처리했다는 대표 상태 코드다. 응답을 받았다는 사실만으로는 부족하고, 200이어도 본문 형식이나 업무 데이터가 올바른지는 별도로 검증해야 한다.	로컬 서버 로그에서 app.js, lesson JSON이 200인지 확인하는 이유다.	meaning_choice	"[""HTTP"",""request"",""response"",""web""]"
7	cards_seed_v1.json	L07_pipeline_001	load-filter-write 구조 읽기	입력, 처리, 출력으로 나뉜 작은 프로그램 구조를 읽는다.	"def load_jsonl(path):\n    ...\n\ndef filter_nodes(rows, kind):\n    ...\n\ndef write_jsonl(rows, path):\n    ...\n\ndef main():\n    rows = load_jsonl(""nodes.jsonl"")\n    selected = filter_nodes(rows, ""Sensor"")\n    write_jsonl(selected, ""sensor_nodes.jsonl"")"	main()에서 실행되는 처리 순서는?	nodes.jsonl에서 Sensor 노드만 골라 sensor_nodes.jsonl로 저장한다.	main() 함수 안에서 load, filter, write가 순서대로 호출된다. 그래서 데이터 읽기, 거르기, 쓰기의 파이프라인 흐름이 만들어진다. 이런 구조는 입력, 처리, 출력 단계를 분리해 디버깅과 테스트를 쉽게 만든다. 따라서 정답은 ‘nodes.jsonl에서 Sensor 노드만 골라 sensor_nodes.jsonl로 저장한다.’이다.	작은 배치 스크립트는 대부분 입력-처리-출력 구조로 읽으면 된다.	meaning_choice	"[""def"",""function"",""pipeline"",""load_jsonl"",""filter"",""write_jsonl"",""main""]"
7	python_accessibility_a11y_ui_v52.json	PY52_L07_aria_label_001	aria-label 읽기	아이콘 버튼처럼 글자가 없는 요소에 접근 가능한 이름을 붙이는 방식을 이해한다.	"<button aria-label=""다음 카드"">▶</button>"	aria-label의 역할은?	화면낭독기가 버튼의 의미를 읽을 수 있게 한다	icon-only button에는 aria-label이 accessible name을 제공해 screen reader가 목적을 읽게 한다. aria-label은 내부 visible text보다 accessible name에서 우선할 수 있으므로 눈에 보이는 label이 있으면 native text나 aria-labelledby를 우선하고, 언어 변경 때 번역과 동기화한다.	카드 수가 1000장을 넘었으므로, 이제 학습앱 UI를 더 많은 사용자가 안정적으로 쓸 수 있게 하는 접근성 품질이 중요하다.	meaning_choice	"[""aria_label"",""screen_reader"",""accessibility""]"
7	python_accessibility_a11y_ui_v52.json	PY52_L07_button_semantics_001	button semantics 읽기	클릭 가능한 요소는 div보다 button을 쓰는 것이 좋은 이유를 이해한다.	"<button id=""nextCard"">다음</button>"	button 태그를 쓰면 좋은 점은?	기본 키보드 조작과 의미가 함께 제공된다	button semantics는 클릭 가능한 요소를 의미 있는 버튼으로 표현하는 원칙이다. div에 클릭 이벤트만 붙이면 키보드 접근성과 의미가 약해질 수 있다.	카드 수가 1000장을 넘었으므로, 이제 학습앱 UI를 더 많은 사용자가 안정적으로 쓸 수 있게 하는 접근성 품질이 중요하다.	meaning_choice	"[""semantic_html"",""button"",""accessibility""]"
7	python_accessibility_a11y_ui_v52.json	PY52_L07_screen_reader_text_001	screen reader text 읽기	화면에는 작게 보이거나 숨기되 보조기기에는 읽히는 설명 텍스트를 이해한다.	"<span class=""sr-only"">정답 선택 결과</span>"	screen reader text의 목적은?	시각적으로 부족한 정보를 보조기기 사용자에게 제공하기 위해	sr-only text는 시각적으로 숨기되 accessibility tree에는 남기는 검증된 CSS pattern이 있어야 한다. display:none이나 hidden을 쓰면 보조기기도 읽지 않을 수 있다. 상태 변화는 적절한 live region과 visible text로도 전달하고 중복 announcement를 피한다.	카드 수가 1000장을 넘었으므로, 이제 학습앱 UI를 더 많은 사용자가 안정적으로 쓸 수 있게 하는 접근성 품질이 중요하다.	meaning_choice	"[""screen_reader"",""sr_only"",""accessibility""]"
7	python_ai_learning_methods_v14.json	PY14_L07_learning_methods_compare_001	지도학습/비지도학습/자기지도학습/강화학습 한 번에 비교	AI 학습 방법을 따로 외우지 않고 데이터와 피드백 형태 기준으로 비교한다.	Supervised learning: 정답 label이 있는 데이터로 배운다.\nUnsupervised learning: 정답 label 없이 패턴/군집을 찾는다.\nSelf-supervised learning: 데이터 안에서 문제와 정답을 만들어 표현을 배운다.\nReinforcement learning: 행동 -> 보상/패널티를 통해 정책을 배운다.	정답 label이 있는 데이터로 입력→정답 관계를 배우는 방식은?	지도학습	지도학습은 이미지 분류, 스팸 분류, 점수 예측처럼 정답 label이 있는 데이터로 학습한다. 지도학습, 비지도학습, 자기지도학습, 강화학습은 데이터와 피드백 방식이 다르다. 정답 라벨, 숨은 구조, 보상 신호 중 무엇을 쓰는지 구분해야 한다.	모델/데이터셋 설명을 읽을 때 가장 먼저 구분해야 하는 축이다.	meaning_choice	"[""supervised_learning"",""unsupervised_learning"",""self_supervised_learning"",""reinforcement_learning"",""ai_learning_method""]"
7	python_ai_learning_methods_v14.json	PY14_L07_supervised_learning_001	지도학습 코드 흐름 읽기	입력 x와 정답 y를 함께 쓰는 학습 흐름을 읽는다.	for x, y in train_loader:\n    optimizer.zero_grad()\n    pred = model(x)\n    loss = loss_fn(pred, y)\n    loss.backward()\n    optimizer.step()	여기서 y의 역할은?	정답 label	train_loader는 입력 x와 그에 대응하는 정답 label y를 묶어 준다. model(x)의 예측 pred와 y를 loss_fn이 비교하고, backward와 optimizer.step이 그 loss를 줄이는 방향으로 parameter를 갱신한다. y는 모델 입력이 아니라 학습 목표다. 일반 loop에서는 이전 gradient가 누적되지 않도록 새 batch 전에 zero_grad도 필요하다.	분류/회귀 모델 학습 코드를 읽는 기본이다.	meaning_choice	"[""for"",""supervised_learning"",""label"",""training""]"
7	python_ai_learning_methods_v14.json	PY14_L07_unsupervised_learning_001	비지도학습 감각 읽기	정답 label 없이 데이터 구조를 찾는 방식을 이해한다.	from sklearn.cluster import KMeans\n\nmodel = KMeans(n_clusters=3)\nclusters = model.fit_predict(vectors)	이 코드 흐름에 가장 가까운 학습 방식은?	비지도학습	비지도학습은 정답 label 없이 데이터의 구조를 찾는 방식이다. KMeans는 벡터들을 비슷한 특징끼리 묶어 군집을 만든다. 정답을 맞히는 문제라기보다 데이터 사이의 비슷함을 기준으로 묶는 과정인지 확인하면 된다.	문서 클러스터링, 실패군 묶기, 후보 패턴 탐색과 연결된다.	meaning_choice	"[""import"",""unsupervised_learning"",""clustering"",""pattern""]"
7	python_ai_toolchain_expansion_v12.json	PY12_L07_path_env_001	PATH 환경변수 의미	명령어가 어디서 찾아지는지 PATH 개념을 이해한다.	$env:PATH	PATH 환경변수는 무엇에 가까운가?	명령어 실행 파일을 찾는 폴더 목록	python, git, nvidia-smi 같은 명령이 인식되지 않을 때 PATH 문제가 원인일 수 있다. PATH 환경변수는 명령어를 입력했을 때 실행 파일을 찾는 폴더 목록이다. 설치했는데 명령이 안 먹히면 PATH 반영 여부를 확인해야 한다.	서버/워크스테이션 세팅 문제를 이해하는 데 중요하다.	meaning_choice	"[""path"",""env"",""cli"",""windows""]"
7	python_ai_toolchain_expansion_v12.json	PY12_L07_pyproject_toml_001	pyproject.toml 의미 읽기	pyproject.toml이 파이썬 프로젝트 설정 파일이라는 것을 이해한다.	"[project]\nname = ""trainer""\ndependencies = [""fastapi"", ""pandas""]"	이 파일 조각의 목적은?	프로젝트 이름과 의존성을 설정한다	[project]는 pyproject.toml의 프로젝트 메타데이터 표이고, name은 배포 이름 trainer를, dependencies는 설치 시 필요한 fastapi와 pandas를 선언한다. 이 조각은 프로젝트 이름과 의존성만 보여 주며 빌드 백엔드나 포맷터 설정까지 정의한 것은 아니다. 실제 설치 가능 여부는 선택한 빌드 도구와 나머지 필수 메타데이터도 함께 확인해야 한다.	오픈소스/AI 라이브러리 repo를 읽을 때 자주 보인다.	meaning_choice	"[""pyproject"",""toml"",""package"",""config""]"
7	python_analytics_privacy_optin_v60.json	PY60_L07_consent_state_001	consent state 읽기	사용자의 동의 여부를 상태로 저장하고 확인하는 방식을 이해한다.	consent = {\n  analytics: true,\n  updatedAt: now\n}	consent state에 들어갈 수 있는 값은?	analytics 동의 여부와 업데이트 시각	consent state는 분석 수집 허용 여부와 그 선택 시각을 기록한다. 예시의 true 값은 사용자가 명시적으로 동의한 뒤에만 저장되어야 하며 기본값으로 미리 켜 두면 안 된다. 동의하지 않았거나 철회한 경우에는 식별자를 제거하는 것만으로 충분하지 않고 분석 이벤트 자체를 수집·전송하지 않아야 한다.	감사 v2에서 ANALYTICS_PRIVACY_OPT_IN이 0 hits였으므로, v60은 학습앱 분석, 이벤트 추적, 개인정보 동의/거부 UX를 보강한다.	meaning_choice	"[""consent_state"",""localStorage"",""privacy""]"
7	python_analytics_privacy_optin_v60.json	PY60_L07_opt_out_001	opt-out 읽기	사용자가 언제든 분석 수집을 끌 수 있는 opt-out 개념을 이해한다.	settings.analyticsEnabled = false	opt-out이 필요한 이유는?	사용자가 원하지 않으면 분석 수집을 중단할 수 있어야 하기 때문에	opt-out은 사용자가 분석 수집을 더 이상 원하지 않을 때 끄는 선택권이다. 설정을 false로 바꾸는 것만으로 끝나지 않고 새 이벤트 생성과 전송을 즉시 멈추며, 이미 대기 중인 이벤트와 기존 데이터의 처리·삭제 정책도 안내해야 한다. 필수 기능 데이터와 선택적 분석 데이터를 분리하면 철회 후에도 앱 핵심 기능을 유지하기 쉽다.	감사 v2에서 ANALYTICS_PRIVACY_OPT_IN이 0 hits였으므로, v60은 학습앱 분석, 이벤트 추적, 개인정보 동의/거부 UX를 보강한다.	meaning_choice	"[""opt_out"",""privacy"",""settings""]"
7	python_analytics_privacy_optin_v60.json	PY60_L07_privacy_opt_in_001	privacy opt-in 읽기	분석 수집 전에 사용자의 동의를 받는 privacy opt-in을 이해한다.	if (userConsent.analytics) {\n  trackEvent('app_open')\n}	privacy opt-in의 목적은?	사용자가 동의한 경우에만 분석 데이터를 수집하기 위해	privacy opt-in은 사용자가 분석 수집에 명확히 동의한 뒤에만 분석 기능을 켜는 방식이다. 동의 전에는 이벤트를 만들거나 전송 대기열에 넣지 않아야 한다. 무엇을 왜 수집하는지 먼저 설명하고, 선택하지 않은 상태를 동의로 간주하지 않으며, 나중에 같은 수준으로 쉽게 철회할 수 있어야 한다.	감사 v2에서 ANALYTICS_PRIVACY_OPT_IN이 0 hits였으므로, v60은 학습앱 분석, 이벤트 추적, 개인정보 동의/거부 UX를 보강한다.	meaning_choice	"[""privacy_opt_in"",""consent"",""privacy""]"
7	python_architecture_layers_patterns_v41.json	PY41_L07_controller_service_repository_001	controller service repository 읽기	controller, service, repository의 역할 차이를 구분한다.	controller: HTTP 요청/응답 처리\nservice: 실제 규칙과 흐름 처리\nrepository: DB/파일 저장소 접근	repository의 역할에 가장 가까운 것은?	DB나 파일 같은 저장소와 직접 대화한다	controller는 HTTP 입력을 해석하고 응답으로 변환하며, service는 업무 흐름을 조립하고, repository는 DB나 파일 접근을 추상화한다. repository 구현은 저장소와 직접 대화하지만 service는 그 interface에 의존해 구체적인 SQL·파일 형식을 몰라도 되게 할 수 있다. 경계와 오류 변환 규칙을 일관되게 지켜야 한다.	KG/LoRA 파이프라인에서도 chunk 파일 읽기, 결과 저장, 상태 조회를 repository처럼 분리할 수 있다.	meaning_choice	"[""controller"",""service"",""repository""]"
7	python_architecture_layers_patterns_v41.json	PY41_L07_domain_model_001	domain model 읽기	프로젝트에서 중요한 개념을 코드 객체로 표현하는 domain model을 이해한다.	Card\n  id\n  title\n  question\n  choices\n  answer\n  concepts	이 프로젝트에서 Card가 domain model에 가까운 이유는?	학습앱의 핵심 개념을 데이터 구조로 표현하기 때문이다	domain model은 앱이 해결하는 문제 영역의 개념, 관계, 규칙을 코드로 표현한다. Card의 id, question, choices, answer는 학습 앱의 핵심 개념을 나타내므로 이 구조는 domain model의 일부로 볼 수 있다. 단순 필드 목록만으로 모든 불변조건이 보장되지는 않으므로 정답 포함 같은 규칙도 모델이나 검증 계층에 명시한다.	KG 쪽에서는 Node, Edge, Evidence, Chunk 같은 것이 domain model에 가깝다.	meaning_choice	"[""domain_model"",""card"",""business_object""]"
7	python_architecture_layers_patterns_v41.json	PY41_L07_service_layer_001	service layer 읽기	service layer가 여러 작업을 묶어 실제 기능 흐름을 만든다는 점을 이해한다.	def recommend_today_cards(user_id, repo):\n    progress = repo.load_progress(user_id)\n    cards = repo.load_cards()\n    return select_cards(cards, progress)	위 코드에서 service layer가 맡는 역할은?	progress와 cards를 가져와 추천 흐름을 조립한다	service 함수는 주입받은 repo에서 progress와 cards를 읽고 select_cards라는 추천 규칙에 전달한다. HTTP 응답이나 구체적인 SQL을 직접 처리하지 않아 호출 계층과 저장 구현에서 분리된다. 권한 검사와 transaction 경계를 어느 층에서 맡을지도 명시해야 한다.	학습카드 추천, 복습 카드 선택, 진도 저장 같은 기능은 service layer로 묶기 좋다.	meaning_choice	"[""def"",""function"",""return"",""service_layer"",""business_logic"",""orchestration""]"
7	python_async_batch_queue_v26.json	PY26_L07_async_await_basic_001	async/await 기본 읽기	비동기 함수와 await의 기본 의미를 읽는다.	async def fetch_item(item_id):\n    data = await api_get(item_id)\n    return data	await api_get(item_id)의 의미에 가장 가까운 것은?	비동기 작업이 끝날 때까지 기다린다	await는 api_get coroutine의 완료까지 현재 fetch_item task를 suspend한다. api_get이 non-blocking I/O 대기 중 event loop에 제어를 돌려주면 다른 준비된 task가 실행될 수 있다. await가 OS thread를 막으며 기다린다는 뜻도, blocking function이나 CPU 계산을 자동으로 비동기로 바꾼다는 뜻도 아니다.	API 호출, 파일 처리, 검색 서버 코드에서 자주 보이는 패턴이다.	meaning_choice	"[""return"",""async"",""await"",""coroutine""]"
7	python_async_queue_batch_jobs_v36.json	PY36_L07_async_await_001	async / await 읽기	async 함수와 await가 비동기 작업을 표현하는 방식을 이해한다.	async def fetch_card(url):\n    response = await http_get(url)\n    return response.json()	await http_get(url)의 의미는?	비동기 요청이 끝날 때까지 기다린다	async def는 coroutine을 정의하고, await는 기다리는 동안 현재 coroutine을 일시 중단해 event loop가 다른 준비된 작업을 실행할 수 있게 한다. 결과가 오면 해당 지점부터 이어진다. await를 썼다고 모든 호출이 자동 동시 실행되는 것은 아니며 여러 작업을 겹치려면 task 생성 같은 구조가 필요하다.	여러 API 요청을 다루는 Python 백엔드나 JS fetch 흐름과 연결된다.	meaning_choice	"[""return"",""async"",""await"",""coroutine""]"
7	python_async_queue_batch_jobs_v36.json	PY36_L07_task_001	task 읽기	비동기 작업 단위인 task의 의미를 이해한다.	"task1 = asyncio.create_task(fetch(""lesson_v35.json""))\ntask2 = asyncio.create_task(fetch(""lesson_v36.json""))\n\nresults = await asyncio.gather(task1, task2)"	task1과 task2는 무엇을 나타내는가?	동시에 진행할 수 있는 비동기 작업	create_task는 coroutine을 event loop에 실행하도록 예약하고 Task 객체를 돌려준다. 두 fetch가 독립적이면 I/O 대기 시간을 겹칠 수 있고 gather가 두 결과를 순서대로 모은다. 예외 처리 정책을 정하지 않으면 한 작업의 실패가 gather 호출을 실패시킬 수 있으므로 취소·부분 결과 정책도 설계해야 한다.	여러 lesson이나 API 요청을 병렬처럼 가져오는 구조를 이해하는 데 필요하다.	meaning_choice	"[""task"",""asyncio"",""scheduled_work""]"
7	python_auth_security_tokens_permissions_v38.json	PY38_L07_access_token_001	access token 읽기	API 요청 때 사용자를 증명하는 access token의 역할을 이해한다.	Authorization: Bearer access_token_abc123\n\nGET /api/progress	Authorization header의 access token은 왜 보내는가?	API가 요청한 사용자를 확인하게 하려고	access token은 API에 제시하는 bearer credential이다. 서버는 토큰의 서명 또는 조회 결과, issuer, audience, expiry, scope를 검증한 뒤 요청자와 허용 작업을 판단한다. Authorization 헤더에 문자열이 있다는 사실만으로 인증되는 것은 아니며 TLS로 전송하고 로그에 남기지 않아야 한다.	프론트엔드가 progress 저장 API를 호출할 때 필요한 구조다.	meaning_choice	"[""access_token"",""API"",""authorization_header""]"
7	python_auth_security_tokens_permissions_v38.json	PY38_L07_session_001	login session 읽기	로그인 상태를 일정 시간 유지하는 session 개념을 이해한다.	"session:\n  user_id = ""u1""\n  expires_at = ""2026-05-30T10:00:00"""	session의 역할은?	로그인 상태를 일정 시간 유지한다	서버 기반 session은 로그인 성공 뒤 임의의 session ID를 만들고, 실제 사용자·만료 정보는 서버 저장소에 보관하는 방식이다. 브라우저는 보통 Secure·HttpOnly·SameSite 속성을 둔 cookie로 ID만 보내며 매 요청마다 비밀번호를 다시 보내지 않는다. 만료, 로그아웃 시 폐기, ID 재생성도 함께 설계한다.	학습앱에서 로그인 후 진행률을 계속 저장하려면 세션/토큰 개념이 필요하다.	meaning_choice	"[""session"",""login_state"",""cookie""]"
7	python_auth_security_tokens_v22.json	PY22_L07_env_api_key_001	환경변수 API 키 읽기	API 키를 코드에 직접 쓰지 않고 환경변수에서 읽는 구조를 이해한다.	"import os\n\napi_key = os.getenv(""OPENAI_API_KEY"")\nif not api_key:\n    raise RuntimeError(""missing OPENAI_API_KEY"")"	api_key가 없으면 어떤 일이 일어나는가?	RuntimeError가 발생한다	환경변수는 API key 같은 민감한 값을 코드 밖에서 주입하는 방법이다. 키가 없으면 조기에 실패시켜 원인을 명확하게 보여 줄 수 있다. 비밀값이 없을 때 조용히 진행하면 뒤에서 원인 모를 인증 오류가 나므로 초기에 실패시키는 편이 낫다. 따라서 정답은 ‘RuntimeError가 발생한다’이다.	LLM API, Supabase, Cloudflare, AWS 키를 다룰 때 기본 보안 패턴이다.	meaning_choice	"[""if"",""import"",""env"",""api_key"",""secret"",""os.getenv""]"
7	python_auth_security_tokens_v22.json	PY22_L07_gitignore_env_001	.env와 .gitignore 읽기	비밀값 파일을 Git에 올리지 않도록 무시하는 설정을 이해한다.	# .gitignore\n.env\n.env.local\nsecrets.json	.env를 .gitignore에 넣는 이유는?	API 키 같은 비밀값이 Git에 올라가지 않게 하려고	.gitignore는 아직 추적하지 않는 .env, .env.local, secrets.json이 새 commit에 포함되는 일을 막는 데 도움을 준다. 이미 commit된 secret은 ignore를 추가해도 history에서 사라지지 않으므로 즉시 key를 폐기·회전하고 노출 범위를 조사해야 한다. 공유할 변수 이름은 실제 값 없이 .env.example에 문서화할 수 있다.	개인 프로젝트라도 공개 GitHub repo에 키가 올라가면 바로 위험해질 수 있다.	meaning_choice	"[""comment"",""env"",""gitignore"",""secret"",""security""]"
7	python_broad_expansion_v3.json	PY3_L07_cli_flags_001	CLI 플래그 조합 읽기	명령어 옵션으로 입력/출력/제한값을 받는 구조를 읽는다.	"import argparse\n\nparser = argparse.ArgumentParser()\nparser.add_argument(""--input"", required=True)\nparser.add_argument(""--output"", required=True)\nparser.add_argument(""--limit"", type=int, default=100)\nargs = parser.parse_args()"	--limit을 생략하면 어떤 값이 쓰이는가?	100	CLI flag는 터미널에서 실행 옵션을 바꿀 때 쓴다. default=100이면 사용자가 옵션을 생략했을 때 기본값 100이 들어간다. 따라서 명령에 --limit 값이 직접 있는지 없으면 기본값을 쓰는지 순서대로 판단하면 된다.	배치 스크립트와 데이터 처리 도구를 읽는 핵심 패턴이다.	meaning_choice	"[""import"",""argparse"",""cli"",""flag""]"
7	python_broad_expansion_v3.json	PY3_L07_glob_recursive_001	rglob으로 하위 폴더까지 찾기	하위 폴더까지 재귀적으로 파일을 찾는 코드를 읽는다.	"from pathlib import Path\n\nfor path in Path(""data"").rglob(""*.json""):\n    print(path)"	rglob은 무엇을 하는가?	하위 폴더까지 검색한다	rglob은 recursive glob이라는 뜻으로 현재 폴더뿐 아니라 하위 폴더까지 내려가 패턴에 맞는 파일을 찾는다. rglob은 하위 폴더까지 재귀적으로 파일을 찾는 pathlib 기능이다. 많은 데이터 파일 중 특정 확장자나 이름 패턴을 찾을 때 유용하다.	대량 수집 파일이나 추출 결과를 한 번에 찾을 때 유용하다.	meaning_choice	"[""for"",""import"",""print"",""pathlib"",""rglob"",""file""]"
7	python_broad_expansion_v3.json	PY3_L07_subprocess_capture_001	subprocess 결과 읽기	외부 명령 실행 결과를 문자열로 받는 코드를 읽는다.	"import subprocess\n\nresult = subprocess.run(\n    [""python"", ""--version""],\n    capture_output=True,\n    text=True\n)\nprint(result.stdout)"	capture_output=True는 무엇에 가까운가?	명령 출력 결과를 잡아둔다	subprocess에서 capture_output을 쓰면 명령 실행 결과의 stdout과 stderr를 result 객체에 담아 확인할 수 있다. 자동화에서는 출력뿐 아니라 returncode도 함께 확인해야 명령 성공 여부를 정확히 판단할 수 있다.	파이썬에서 다른 스크립트나 CLI 도구를 호출할 때 쓰인다.	meaning_choice	"[""import"",""print"",""subprocess"",""cli"",""stdout""]"
7	python_card_authoring_pipeline_v58.json	PY58_L07_card_generator_001	card generator 읽기	반복적인 카드 생성을 자동화하는 card generator 개념을 이해한다.	cards = [generateCard(topic) for topic in topics]	card generator의 목적은?	여러 주제의 카드를 일정한 형식으로 빠르게 만들기 위해	card generator는 정해진 규칙이나 원본 데이터를 바탕으로 학습카드를 자동 생성하는 도구다. 빠르지만 이후 검토와 검증이 함께 따라와야 한다. 생성 속도가 빨라도 검증 없는 자동 카드는 오답이나 짧은 해설을 대량으로 만들 수 있다. 따라서 정답은 ‘여러 주제의 카드를 일정한 형식으로 빠르게 만들기 위해’이다.	감사 v2에서 CONTENT_AUTHORING_PIPELINE이 0 hits였으므로, v58은 카드 제작, 검토, 검증, 배포 흐름을 보강한다.	meaning_choice	"[""card_generator"",""automation"",""authoring""]"
7	python_card_authoring_pipeline_v58.json	PY58_L07_required_fields_001	required fields 읽기	카드에 반드시 필요한 필드를 정하고 검사하는 방식을 이해한다.	required = [\n  'id', 'level', 'title', 'question',\n  'choices', 'answer', 'explanation', 'concepts'\n]	required fields를 검사하는 이유는?	카드가 앱에서 깨지지 않도록 필수 정보를 확인하기 위해	required key 존재 검사는 rendering에 필요한 field 누락을 잡는다. 존재만으로 충분하지 않으므로 type, 빈 값, choice uniqueness, answer in choices, ID uniqueness와 reference도 검사한다. optional field는 schema에 기본값과 의미를 명시한다.	감사 v2에서 CONTENT_AUTHORING_PIPELINE이 0 hits였으므로, v58은 카드 제작, 검토, 검증, 배포 흐름을 보강한다.	meaning_choice	"[""required_fields"",""schema_validation"",""quality_gate""]"
7	python_card_authoring_pipeline_v58.json	PY58_L07_review_workflow_001	review workflow 읽기	생성된 카드를 사람이 검토하고 승인하는 review workflow를 이해한다.	draft -> review -> approve -> publish	review workflow의 자연스러운 순서는?	초안 작성 → 검토 → 승인 → 배포	draft → review → approve → publish는 상태 전이를 나타낸다. 학습 정확성에 중요한 card는 가능한 한 작성자와 독립적인 reviewer가 source, code 실행 결과, 정답·선지·설명과 난이도를 근거로 검토한다. approve 권한, 변경 뒤 재승인 조건과 audit trail을 명시한다.	감사 v2에서 CONTENT_AUTHORING_PIPELINE이 0 hits였으므로, v58은 카드 제작, 검토, 검증, 배포 흐름을 보강한다.	meaning_choice	"[""review_workflow"",""content_review"",""quality_gate""]"
7	python_class_object_datamodel_v31.json	PY31_L07_class_object_001	class와 object 읽기	class는 설계도, object는 실제 만들어진 값이라는 관계를 이해한다.	class Card:\n    pass\n\ncard = Card()	card = Card()에서 card는 무엇인가?	Card 클래스로 만든 object	class Card는 설계도이고, Card()를 호출해서 만든 card가 실제 object 또는 instance다. class는 객체를 만들기 위한 설계도이고 object는 그 설계도로 실제 생성된 값이다. 속성과 메서드가 어디에 정의되고 어디서 쓰이는지 구분해야 한다.	카드, 진행상태, 저장소 같은 개념을 모델로 묶을 때 class가 등장한다.	meaning_choice	"[""class"",""object"",""instance"",""data_model""]"
7	python_class_object_datamodel_v31.json	PY31_L07_init_001	__init__ 읽기	객체가 만들어질 때 초기값을 넣는 __init__ 메서드를 읽는다.	"class Card:\n    def __init__(self, card_id, title):\n        self.id = card_id\n        self.title = title\n\ncard = Card(""c1"", ""class 읽기"")"	card.title의 값은?	class 읽기	__init__에서 self.title = title로 저장했기 때문에 card.title은 'class 읽기'가 된다. __init__은 객체가 만들어질 때 초기 속성을 설정하는 메서드다. 생성자 인자와 self에 저장되는 값의 흐름을 보면 객체 상태를 이해할 수 있다.	JSON dict를 Card 객체로 바꿔 쓰는 구조를 이해하는 기초다.	meaning_choice	"[""def"",""function"",""class"",""__init__"",""constructor"",""instance_variable""]"
7	python_compute_concepts_v13.json	PY13_L07_gpu_role_001	GPU가 맡기 좋은 일	GPU가 많은 숫자 연산을 동시에 처리하는 데 강하다는 것을 이해한다.	"import torch\n\na = torch.randn(1024, 1024, device=""cuda"")\nb = torch.randn(1024, 1024, device=""cuda"")\nc = a @ b"	이 코드가 GPU에 어울리는 이유는?	큰 행렬곱을 병렬로 처리하기 좋기 때문	GPU는 많은 계산을 병렬로 처리하는 데 강하다. 딥러닝 모델은 행렬과 텐서 연산이 많아서 GPU 가속 효과가 크게 나타난다. 같은 연산을 많은 데이터에 반복하는 코드인지 보면 GPU 사용 이유를 더 쉽게 판단할 수 있다. 따라서 정답은 ‘큰 행렬곱을 병렬로 처리하기 좋기 때문’이다.	PyTorch에서 tensor를 cuda로 옮기는 이유와 연결된다.	meaning_choice	"[""import"",""gpu"",""parallel"",""matrix"",""tensor""]"
7	python_compute_concepts_v13.json	PY13_L07_npu_role_001	NPU 개념 읽기	NPU가 기기 내 AI 추론 가속과 저전력 처리에 많이 쓰인다는 것을 이해한다.	# NPU는 휴대폰, 노트북, 임베디드 장치에서 AI 추론을 빠르고 저전력으로 처리하는 데 자주 쓰인다.	NPU 설명으로 가장 가까운 것은?	기기 안에서 AI 추론을 저전력으로 가속하는 장치	NPU는 neural network의 지원 연산을 전력 효율적으로 가속하도록 설계된 전용 processor의 일반 명칭이다. 휴대폰·노트북·embedded 장치의 on-device inference에서 자주 쓰이지만 제품마다 지원 model·자료형·compiler와 성능이 다르다. NPU가 있다는 사실만으로 임의의 Python model이 자동으로 그 장치에서 실행되는 것은 아니다.	스마트폰/노트북/엣지 디바이스의 AI 기능을 이해하는 데 필요하다.	meaning_choice	"[""comment"",""npu"",""accelerator"",""edge_ai"",""inference""]"
7	python_compute_concepts_v13.json	PY13_L07_tpu_role_001	TPU 개념 읽기	TPU가 딥러닝 행렬 연산 특화 장치라는 것을 이해한다.	# TPU는 일반 파이썬 문법이 아니라 딥러닝 연산을 빠르게 처리하는 가속기다.\n# 보통 클라우드/프레임워크 설정과 함께 등장한다.	TPU 설명으로 가장 가까운 것은?	딥러닝 행렬 연산에 특화된 가속기	TPU는 Google이 설계한 Tensor Processing Unit으로, 지원되는 tensor·행렬 연산을 높은 처리량으로 실행하는 전용 accelerator다. 딥러닝 학습과 추론에 쓰이지만 일반 Python 문장 자체를 대신 실행하는 장치는 아니다. 사용하려면 framework의 TPU backend, 지원 연산, runtime·cloud 환경, 데이터 이동과 비용을 함께 확인한다.	GPU와 비슷한 가속기이지만 주로 특정 딥러닝 워크로드/클라우드 환경에서 만난다.	meaning_choice	"[""comment"",""tpu"",""accelerator"",""matrix"",""cloud""]"
7	python_core_expansion_v1.json	PY_L07_argparse_001	argparse 옵션 읽기	명령어에서 --input 값을 받아오는 구조를 읽는다.	"import argparse\n\nparser = argparse.ArgumentParser()\nparser.add_argument(""--input"")\nargs = parser.parse_args()\nprint(args.input)"	이 코드는 어디서 input 값을 받는가?	명령어 옵션	argparse는 터미널에서 프로그램을 실행할 때 함께 넘긴 옵션과 인자를 읽는다. 예를 들어 python app.py --input data.json으로 실행하면 args.input에는 'data.json'이 들어가고 그 값이 출력된다. 이 옵션에는 required=True가 없으므로 --input을 생략하면 None이 들어간다. 질문의 정답은 ‘명령어 옵션’이다.	배치 스크립트에서 --input, --output, --limit 같은 옵션을 받을 때 쓴다.	meaning_choice	"[""import"",""print"",""argparse"",""cli"",""argument""]"
7	python_core_expansion_v1.json	PY_L07_main_001	__main__ 실행 시작점 읽기	파일을 직접 실행했을 때 main()이 호출되는 구조를 읽는다.	"def main():\n    print(""start"")\n\nif __name__ == ""__main__"":\n    main()"	이 파일을 직접 실행하면 무엇이 호출되는가?	main()	"직접 실행 시 __name__은 ""__main__""이 되어 main()이 호출된다. __main__은 파이썬 파일을 직접 실행했을 때 시작점을 나누는 관용 패턴이다. import될 때와 직접 실행될 때 동작이 달라지는지 확인해야 한다."	스크립트 전체 흐름을 찾을 때 가장 먼저 확인하는 부분이다.	meaning_choice	"[""if"",""def"",""function"",""print"",""main"",""entrypoint"",""__name__""]"
7	python_core_expansion_v1.json	PY_L07_try_except_001	try/except로 실패 처리	에러가 날 수 있는 코드를 try 안에 넣고 except에서 처리하는 구조를 읽는다.	"row = {""label"": ""LiDAR""}\n\ntry:\n    print(row[""doc_id""])\nexcept KeyError:\n    print(""NO_DOC"")"	출력은?	NO_DOC	row에는 doc_id key가 없으므로 row['doc_id']에서 KeyError가 발생한다. except KeyError가 그 예외만 잡아 NO_DOC을 출력하므로 프로그램은 이 지점에서 중단되지 않는다. 다른 종류의 예외까지 자동으로 처리되는 것은 아니므로 except에 적힌 예외 종류와 대체 동작을 함께 확인해야 한다.	누락 필드를 try/except, dict.get 또는 사전 검증 중 어떤 방식으로 처리하는지 확인할 때 쓰인다.	output_prediction	"[""print"",""try_except"",""error_handling"",""dict""]"
7	python_data_governance_copyright_v57.json	PY57_L07_attribution_001	attribution 읽기	자료를 사용할 때 출처표기를 남기는 attribution 개념을 이해한다.	card.source = {\n  name: 'source name',\n  url: 'https://example.com'\n}	attribution의 목적은?	자료의 원 출처를 명확히 밝히기 위해	attribution은 해당 license가 요구하는 방식으로 title, creator, source, license와 변경 여부 등을 표시하는 절차다. source name과 URL만으로 모든 license 의무가 충족되지는 않는다. 표시 위치·형식과 링크 요구를 정확한 license version에서 확인한다.	감사 v2에서 DATA_GOVERNANCE_COPYRIGHT가 0 hits였으므로, v57은 학습앱 데이터의 출처, 라이선스, 출처표기, 제출 근거 관리를 보강한다.	meaning_choice	"[""attribution"",""source_credit"",""copyright""]"
7	python_data_governance_copyright_v57.json	PY57_L07_source_policy_001	source policy 읽기	어떤 자료를 사용할지 정하는 source policy 개념을 이해한다.	policy = {\n  allowUnknownLicense: false,\n  requireSourceUrl: true\n}	source policy의 목적은?	자료 사용 기준을 미리 정해 위험한 자료를 걸러내기 위해	source policy는 어떤 자료를 수집하고 어떤 자료를 제외할지 정한 운영 기준이다. 정책이 없으면 나중에 출처와 권리 정리가 어려워진다. 허용 출처, 제외 출처, 보존 기간을 미리 정하면 데이터 확장 후에도 관리 기준이 흔들리지 않는다.	감사 v2에서 DATA_GOVERNANCE_COPYRIGHT가 0 hits였으므로, v57은 학습앱 데이터의 출처, 라이선스, 출처표기, 제출 근거 관리를 보강한다.	meaning_choice	"[""source_policy"",""data_governance"",""quality_gate""]"
7	python_data_governance_copyright_v57.json	PY57_L07_source_url_001	source URL 읽기	카드나 데이터가 어떤 원문에서 왔는지 URL을 남기는 방식을 이해한다.	item = {\n  text: cleanText,\n  sourceUrl: originalUrl\n}	source URL을 저장하는 이유는?	나중에 원문을 다시 확인할 수 있게 하기 위해	source URL은 원문과 metadata를 다시 찾는 출발점이지만 link가 바뀌거나 content가 수정될 수 있다. stable identifier, accessed_at, content hash, publisher와 허용되는 범위의 archive·local evidence를 함께 남긴다. URL 자체는 license나 진위를 증명하지 않는다.	감사 v2에서 DATA_GOVERNANCE_COPYRIGHT가 0 hits였으므로, v57은 학습앱 데이터의 출처, 라이선스, 출처표기, 제출 근거 관리를 보강한다.	meaning_choice	"[""source_url"",""evidence"",""traceability""]"
7	python_data_processing_pandas_jsonl_v42.json	PY42_L07_dictreader_001	csv.DictReader 읽기	CSV/TSV 행을 dict로 읽는 방식을 이해한다.	import csv\n\nwith open('audit.tsv', encoding='utf-8') as f:\n    rows = csv.DictReader(f, delimiter='\t')\n    for row in rows:\n        print(row['status'])	DictReader가 row를 dict로 만들어줄 때 key는 보통 어디서 오나?	첫 줄의 header	fieldnames 인자를 생략한 csv.DictReader는 첫 row를 header로 읽어 key로 사용하고 그 header row는 data로 반환하지 않는다. fieldnames를 직접 주면 첫 row도 일반 data가 되므로 동작이 달라진다. 중복·빈 header와 예상 밖 column도 검증해야 한다.	audit.tsv에서 status, reason, id 같은 컬럼을 이름으로 꺼낼 때 유용하다.	meaning_choice	"[""for"",""import"",""print"",""csv.DictReader"",""header"",""row_dict""]"
7	python_data_processing_pandas_jsonl_v42.json	PY42_L07_pandas_dataframe_001	pandas DataFrame 읽기	DataFrame을 행과 열이 있는 표 데이터 구조로 이해한다.	import pandas as pd\n\ndf = pd.read_csv('nodes.tsv', sep='\t')\nprint(df.shape)\nprint(df.columns)	df.shape가 알려주는 것은?	행 수와 열 수	DataFrame은 표처럼 다루는 데이터 구조이고 shape는 전체 크기를 빠르게 확인하게 해준다. pandas DataFrame은 행과 열로 된 표 데이터를 다루는 구조다. CSV를 읽은 뒤 필터링, 정렬, 집계 같은 처리를 할 때 자주 사용된다. 따라서 출력은 ‘행 수와 열 수’이다.	노드 후보, 엣지 후보, 제출 CSV, 평가 결과를 점검할 때 기본 확인값이다.	meaning_choice	"[""import"",""print"",""pandas"",""DataFrame"",""table""]"
7	python_data_processing_pandas_jsonl_v42.json	PY42_L07_read_csv_sep_001	read_csv sep 읽기	pandas에서 CSV와 TSV를 읽을 때 sep 인자를 이해한다.	df_csv = pd.read_csv('items.csv')\ndf_tsv = pd.read_csv('audit.tsv', sep='\t')	TSV를 pandas로 읽을 때 sep='\t'를 주는 이유는?	열 구분자가 탭이기 때문이다	read_csv의 sep 인자는 컬럼을 어떤 문자 기준으로 나눌지 알려준다. TSV는 탭 문자를 기준으로 나누므로 sep='\t'를 사용한다. 구분자를 잘못 지정하면 한 줄 전체가 하나의 컬럼으로 들어가거나 컬럼 수가 깨질 수 있다. 따라서 정답은 ‘열 구분자가 탭이기 때문이다’이다.	KG 작업의 manifest.tsv, audit.tsv, mapping.tsv 파일을 읽을 때 자주 쓴다.	meaning_choice	"[""read_csv"",""sep"",""TSV""]"
7	python_data_structures_json_v29.json	PY29_L07_list_of_dict_001	list of dict 읽기	여러 개의 카드 객체가 리스트 안에 들어 있는 구조를 읽는다.	"cards = [\n    {""id"": ""c1"", ""level"": 1, ""title"": ""len 읽기""},\n    {""id"": ""c2"", ""level"": 2, ""title"": ""dict 읽기""},\n]\n\nprint(cards[0][""title""])"	출력되는 값은?	len 읽기	cards[0]은 첫 번째 dict이고, 그 안의 title 값을 꺼내므로 'len 읽기'가 출력된다. list of dict는 여러 개의 dict를 순서대로 담은 구조다. 카드 목록, 사용자 목록처럼 같은 필드를 가진 항목들을 반복 처리할 때 자주 쓰인다.	lesson JSON은 카드 dict 여러 개가 리스트로 묶인 구조다.	meaning_choice	"[""print"",""list"",""dict"",""json"",""cards""]"
7	python_data_structures_json_v29.json	PY29_L07_nested_dict_001	nested dict 접근 읽기	dict 안에 dict가 들어 있는 중첩 구조에서 값을 꺼내는 법을 익힌다.	"item = {\n    ""id"": ""run_001"",\n    ""stats"": {\n        ""items_seen"": 120,\n        ""items_written"": 20\n    }\n}\n\nprint(item[""stats""][""items_written""])"	출력되는 값은?	20	먼저 item['stats']로 내부 dict를 꺼내고, 다시 ['items_written'] 값을 읽는다. nested dict는 dict 안에 또 다른 dict가 들어 있는 구조다. 설정 파일이나 JSON 응답을 읽을 때 key를 단계별로 따라가며 값을 확인해야 한다. 따라서 출력은 ‘20’이다.	run stats, progress, API 응답 같은 구조화 데이터를 읽는 기본이다.	meaning_choice	"[""print"",""dict"",""nested"",""json""]"
7	python_database_sql_repository_v21.json	PY21_L07_parameterized_query_001	파라미터 바인딩 SQL 읽기	문자열 붙이기 대신 파라미터를 안전하게 넘기는 SQL 패턴을 읽는다.	"item_id = ""item_001""\nrow = conn.execute(\n    ""SELECT title FROM items WHERE id = ?"",\n    (item_id,)\n).fetchone()"	WHERE id = ?에서 ?의 의미는?	나중에 안전하게 바인딩될 파라미터 자리	?는 SQL 값 한 칸을 위한 placeholder이고 (item_id,)의 trailing comma는 한 원소 tuple을 만든다. driver가 값을 SQL 문법과 분리해 bind하므로 문자열 이어 붙이기보다 injection 위험이 줄어든다. placeholder는 table명이나 column명 같은 identifier에는 쓸 수 없으므로 그런 동적 부분은 allowlist로 제한해야 한다.	검색어, item_id, user_id를 DB 쿼리에 넣을 때 기본 보안 패턴이다.	meaning_choice	"[""sql"",""parameterized_query"",""security"",""sqlite""]"
7	python_database_sql_repository_v21.json	PY21_L07_sqlite_connect_001	sqlite3 연결과 조회 읽기	SQLite DB에 연결해 SELECT 결과를 가져오는 흐름을 읽는다.	"import sqlite3\n\nconn = sqlite3.connect(""app.db"")\nrows = conn.execute(""SELECT id, title FROM items LIMIT 10"").fetchall()\nprint(len(rows))\nconn.close()"	fetchall()의 역할은?	쿼리 결과 행들을 모두 가져온다	fetchall은 아직 가져오지 않은 result row를 모두 list로 반환한다. 이 query에는 LIMIT 10이 있어 최대 열 행만 가져오지만, 제한 없는 큰 query에서는 메모리를 많이 쓸 수 있다. conn.close가 예외 때도 실행되게 하려면 with sqlite3.connect(...) as conn 같은 transaction context와 명시적 close 정책을 사용한다.	로컬 메타 DB나 검증용 SQLite를 읽는 기본 코드다.	meaning_choice	"[""import"",""print"",""sqlite"",""connect"",""execute"",""fetchall""]"
7	python_database_storage_crud_v37.json	PY37_L07_foreign_key_001	foreign key 읽기	다른 테이블의 row를 참조하는 foreign key를 이해한다.	progress.card_id -> cards.id\nwrong_answers.card_id -> cards.id	progress.card_id -> cards.id의 의미는?	progress가 cards 테이블의 카드를 참조한다	foreign key는 한 테이블의 column 값이 다른 테이블의 key를 참조한다는 제약이다. 실제 DB 스키마에 제약이 선언되고 활성화되어 있을 때 없는 cards.id를 가리키는 progress 입력을 막을 수 있다. 화살표만 적은 이 그림은 관계를 설명할 뿐 제약을 생성하는 SQL은 아니다.	오답/진행률이 어떤 카드에 대한 기록인지 연결할 때 필요하다.	meaning_choice	"[""foreign_key"",""relationship"",""reference""]"
7	python_database_storage_crud_v37.json	PY37_L07_primary_key_001	primary key 읽기	각 row를 고유하게 구분하는 primary key를 이해한다.	cards table\n\nid                    | title\nPY37_L07_primary_key  | primary key 읽기	primary key의 역할은?	각 row를 고유하게 구분한다	primary key는 테이블의 각 row를 고유하게 식별하는 한 개 이상의 column이다. 값은 중복될 수 없고 NULL도 허용되지 않는다. 조회나 관계 연결에서는 어떤 column 또는 복합 column이 이 역할을 하는지 확인한다.	카드 id가 중복되면 안 되는 이유와도 연결된다.	meaning_choice	"[""primary_key"",""id"",""unique""]"
7	python_debug_logs_cache_git_v17.json	PY17_L07_http_log_200_304_001	서버 로그 200과 304 읽기	정적 서버 로그에서 200과 304의 차이를 읽는다.	"127.0.0.1 - - [29/May/2026] ""GET /src/pwa/index.html HTTP/1.1"" 200 -\n127.0.0.1 - - [29/May/2026] ""GET /src/pwa/style.css HTTP/1.1"" 304 -"	304는 무엇에 가까운가?	브라우저 캐시를 써도 된다는 응답	200 OK는 요청이 성공했고 보통 응답 본문이 전송되었다는 뜻이다. 304 Not Modified는 브라우저가 If-None-Match나 If-Modified-Since 같은 조건부 요청을 보냈고 서버가 리소스가 바뀌지 않았다고 알려 본문을 다시 보내지 않은 경우다. 브라우저는 기존 캐시를 재사용할 수 있다. 둘 다 이 로그에서는 성공 흐름이지만 내용이 최신인지와 앱이 실행됐는지는 별도 확인이 필요하다.	Loading... 문제를 볼 때 index/app.js/style.css가 실제로 새로 로딩됐는지 판단하는 데 쓰인다.	meaning_choice	"[""http_status"",""200"",""304"",""cache""]"
7	python_debug_logs_cache_git_v17.json	PY17_L07_query_cache_bust_001	쿼리스트링 캐시 깨기 읽기	URL 뒤의 ?v=...가 왜 캐시를 우회하는지 이해한다.	app.js?v=20260529_v16\nstyle.css?v=20260529_force1\nindex.html?sidefix=1	?v=20260529_v16을 붙이는 주된 이유는?	브라우저가 이전 파일과 다른 URL로 인식하게 하려고	쿼리 값이 달라지면 전체 URL이 달라져 일반적인 브라우저와 CDN 캐시에서 별도 항목으로 취급될 수 있다. 그래서 배포한 JS나 CSS를 다시 요청하게 만드는 데 쓴다. 다만 서버·CDN·service worker가 쿼리를 무시하도록 설정될 수도 있어 항상 캐시를 우회한다고 보장할 수는 없다. 내용 버전이나 해시를 일관되게 관리해야 한다.	배포 뒤 오래된 정적 자산을 재사용하는 문제를 줄이는 버전 URL 패턴이다.	meaning_choice	"[""cache_bust"",""query_string"",""url"",""browser_cache""]"
7	python_debugging_error_routines_v28.json	PY28_L07_error_read_order_001	에러 메시지 읽는 순서	에러 로그에서 먼저 봐야 할 위치와 원인 문장을 구분한다.	"Traceback (most recent call last):\n  File ""main.py"", line 12, in <module>\n    run()\n  File ""main.py"", line 8, in run\n    print(user[""name""])\nKeyError: ""name"""	이 로그에서 직접적인 오류 이름은?	KeyError	맨 아래의 KeyError: 'name'이 직접적인 예외 종류와 원인을 알려준다. 줄번호는 원인 위치를 찾는 데 쓴다. 처음에는 오류 이름을 보고, 그다음 위쪽 traceback에서 어떤 코드 줄이 그 값을 찾으려 했는지 따라가면 된다.	붙여넣은 오류 로그를 볼 때 아래쪽 예외명과 위쪽 줄번호를 같이 보는 습관이다.	meaning_choice	"[""print"",""debugging"",""error_message"",""traceback""]"
7	python_debugging_error_routines_v28.json	PY28_L07_name_error_001	NameError 읽기	정의되지 않은 변수나 오타 때문에 나는 오류를 이해한다.	"count = 3\nprint(cout)\n# NameError: name ""cout"" is not defined"	이 오류의 가장 가능성 높은 원인은?	count를 cout으로 잘못 쓴 오타	NameError는 이름이 정의되지 않았다는 뜻이다. 변수명 오타나 import 누락이 흔한 원인이다. NameError는 아직 정의되지 않은 이름을 사용했을 때 나는 오류다. 변수명 오타, import 누락, 함수 안팎의 scope를 순서대로 확인해야 한다. 따라서 출력은 ‘count를 cout으로 잘못 쓴 오타’이다.	짧은 스크립트를 빠르게 고칠 때 가장 자주 만나는 기본 오류다.	meaning_choice	"[""comment"",""print"",""NameError"",""variable"",""debugging""]"
7	python_debugging_error_routines_v28.json	PY28_L07_type_error_001	TypeError 읽기	자료형이 맞지 않아 연산이 실패하는 상황을 읽는다.	"age = ""20""\nnext_age = age + 1\n# TypeError: can only concatenate str (not ""int"") to str"	이 오류를 고치는 방향으로 가장 맞는 것은?	age를 int로 바꾼 뒤 더한다	TypeError는 값의 타입이 맞지 않을 때 나는 오류다. 문자열과 숫자는 바로 더할 수 없으므로 int(age)처럼 필요한 타입으로 변환해야 한다. 오류 메시지에서 실제 타입과 기대 타입을 읽으면 어디서 변환이 필요한지 찾기 쉽다. 따라서 정답은 ‘age를 int로 바꾼 뒤 더한다’이다.	CSV/JSON에서 읽은 숫자가 문자열로 들어오는 경우가 많아 중요하다.	meaning_choice	"[""comment"",""TypeError"",""type"",""string"",""integer""]"
7	python_deep_expansion_v4.json	PY4_L07_auth_header_001	Authorization header 읽기	API 토큰을 HTTP 헤더에 넣어 요청하는 코드를 읽는다.	"headers = {""Authorization"": f""Bearer {token}""}\nresponse = requests.get(url, headers=headers)"	Bearer token은 어디에 들어가는가?	Authorization 헤더	이 코드는 Authorization 헤더 값을 'Bearer '와 token을 합친 문자열로 만든다. 서버는 자신의 인증 규칙에 따라 토큰의 유효성과 요청 권한을 검사하며, 토큰이 반드시 사람 사용자를 뜻하는 것은 아니다. Bearer 토큰은 노출되면 소지자가 사용할 수 있으므로 HTTPS로 전송하고 로그나 오류 메시지에 남기지 않아야 한다.	GitHub API, OpenAI API, 내부 API 호출에서 자주 보인다.	meaning_choice	"[""api"",""auth"",""header"",""token""]"
7	python_deep_expansion_v4.json	PY4_L07_request_timeout_001	requests timeout 읽기	API 요청이 너무 오래 걸릴 때 중단시키는 옵션을 읽는다.	"import requests\n\nresponse = requests.get(""https://example.com"", timeout=10)\nprint(response.status_code)"	requests.get(..., timeout=10)의 의미는?	연결·응답 데이터 대기의 timeout을 10초로 둔다	requests에서 숫자 하나인 timeout=10은 연결과 응답 데이터 읽기의 대기 제한에 사용되며, 제한을 넘기면 Timeout 예외가 날 수 있다. 이는 전체 응답 다운로드가 반드시 10초 안에 끝난다는 총 실행시간 보장은 아니다. 질문은 출력값이 아니라 옵션의 의미를 묻고 있으므로 정답은 ‘연결·응답 데이터 대기의 timeout을 10초로 둔다’이다.	하베스트와 외부 API 호출 안정성에 중요하다.	meaning_choice	"[""import"",""print"",""requests"",""timeout"",""api""]"
7	python_deep_expansion_v4.json	PY4_L07_retry_loop_001	간단 retry loop 읽기	실패하면 여러 번 다시 시도하는 구조를 읽는다.	"for attempt in range(3):\n    try:\n        result = call_api()\n        break\n    except Exception:\n        print(""retry"", attempt)"	range(3)은 무엇을 의미하는가?	최대 3번 시도한다	range(3)은 attempt에 0, 1, 2를 넣어 call_api를 최대 세 번 시도하게 한다. 성공하면 break로 즉시 반복을 끝낸다. 하지만 이 예제는 모든 시도가 실패한 뒤 예외를 다시 내거나 fallback을 실행하지 않고, 지연·backoff도 없으며 모든 Exception을 넓게 잡는다. 실제 재시도 코드는 재시도 가능한 오류, 대기 정책, 최종 실패 처리를 함께 정해야 한다.	불안정한 네트워크/API/크롤링 작업에서 자주 쓰인다.	meaning_choice	"[""print"",""range"",""break"",""retry"",""for"",""try_except""]"
7	python_deploy_pwa_cache_storage_v23.json	PY23_L07_github_pages_url_001	GitHub Pages 고정 URL 이해	GitHub Pages 주소는 고정이고 push 후 내용만 갱신된다는 것을 이해한다.	# repository URL 예시\nhttps://github.com/<account>/<repository>\n\n# project Pages URL 예시\nhttps://<account>.github.io/<repository>/	계정·저장소 이름과 Pages 설정을 유지한 채 새 commit을 배포하면 URL은?	보통 같은 주소에서 배포 내용만 갱신된다	같은 account, repository와 Pages 설정을 유지하면 일반적인 새 배포는 같은 공개 URL의 내용을 갱신한다. repository나 account 이름, custom domain, Pages source 설정을 바꾸면 URL이 달라질 수 있다. project site에는 repository base path가 있으므로 root-relative와 relative asset 경로도 실제 배포 URL에서 검증해야 한다.	로컬 개발 URL과 공개 GitHub Pages project URL을 구분하는 카드다.	meaning_choice	"[""comment"",""github_pages"",""deploy"",""static_site"",""url""]"
7	python_deploy_pwa_cache_storage_v23.json	PY23_L07_static_loading_order_001	정적 앱 로딩 순서 읽기	브라우저가 index.html에서 CSS와 JS를 따라 로딩하는 흐름을 읽는다.	"<link rel=""stylesheet"" href=""style.css?v=20260529_force1"" />\n<script src=""app.js?v=20260529_force1"" defer></script>"	이 HTML 조각에서 app.js는 어떻게 로딩되는가?	script 태그의 src 경로로 로딩된다	link는 stylesheet를 요청하고 script의 src는 JavaScript를 요청한다. defer script는 HTML parsing과 병렬로 download되고 document parsing이 끝난 뒤 document 순서대로 실행되며 DOMContentLoaded보다 먼저 완료된다. stylesheet는 rendering을 막을 수 있고 defer script가 필요한 style 계산 때문에 기다릴 수도 있으므로 단순히 “초기 화면을 방해하지 않는다”라고 보장할 수는 없다.	Loading...이 멈출 때 index는 열렸는지, app.js가 요청됐는지 보는 이유다.	meaning_choice	"[""html"",""css"",""javascript"",""static_loading""]"
7	python_dev_environment_foundation_v103_a1.json	PY103_L07_absolute_relative_path_001	절대경로와 상대경로 구분	두 경로 방식의 기준점 차이를 읽는다.	D:\projects\python-reading-trainer\data\lessons\n.\data\lessons	상대경로의 기준은 무엇인가?	현재 작업 폴더	절대경로는 드라이브나 루트부터 위치를 적고, 상대경로는 현재 작업 폴더를 기준으로 해석된다. 자동화 명령을 실행할 때는 무조건 프로젝트 루트여야 하는 것이 아니라 그 스크립트가 기대하는 기준 폴더와 현재 위치가 같아야 한다. pwd나 Get-Location으로 기준을 확인하고, 필요하면 스크립트 파일 위치를 기준으로 절대경로를 만들어 실행 위치에 덜 의존하게 한다.	JSON 파일 생성과 app.js 연결 검증에서 경로 실수를 줄이기 위한 카드다.	meaning_choice	"[""absolute_path"",""relative_path"",""path""]"
7	python_dev_environment_foundation_v103_a1.json	PY103_L07_apt_update_install_001	apt update와 apt install 읽기	Ubuntu 시스템 패키지 설치 흐름을 이해한다.	sudo apt update\nsudo apt install tesseract-ocr	apt install은 무엇을 설치하는 명령인가?	Ubuntu 시스템 패키지	apt는 Ubuntu의 시스템 패키지 관리 도구다. apt update는 설치 가능한 패키지 목록을 갱신하고, apt install은 실제 패키지를 설치한다. OCR, PDF 이미지 추출, 시스템 라이브러리처럼 Python 바깥의 실행 도구가 필요할 때 apt가 등장할 수 있다. pip와 apt를 구분해야 설치 위치와 영향 범위를 정확히 이해할 수 있다. 또한 apt는 시스템 전체에 영향을 주므로 venv 안의 Python 패키지 설치와 구분해야 하며, 설치 뒤에는 실제 명령이 인식되는지까지 확인하는 습관이 필요하다.	PDF/OCR 도구나 서버 패키지 설치에서 자주 등장한다.	meaning_choice	"[""apt"",""ubuntu"",""package_manager""]"
7	python_dev_environment_foundation_v103_a1.json	PY103_L07_command_option_argument_001	옵션과 인자 구분하기	CLI 명령에서 옵션과 대상 값을 구분한다.	git log --oneline -8	--oneline과 -8은 무엇에 가장 가까운가?	명령의 동작과 출력 범위를 바꾸는 옵션	CLI에서 옵션은 명령의 동작을 바꾸고, 위치 인자는 처리 대상을 전달한다. git log --oneline -8에서 --oneline은 커밋을 한 줄로 표시하고 -8은 최대 8개만 보여 주는 옵션이다. 즉 둘 다 옵션이지만 하나는 표시 형식, 다른 하나는 출력 개수를 제어한다. 옵션 이름과 그 값, 위치 인자를 나눠 보면 긴 명령도 읽기 쉬워진다.	검증, Git, 서버 실행 명령을 읽는 기본이다.	meaning_choice	"[""command"",""option"",""argument"",""cli""]"
7	python_dev_environment_foundation_v103_a1.json	PY103_L07_git_status_model_001	git status로 현재 단계 읽기	Git 변경이 어느 단계에 있는지 확인한다.	git status --short\n M src/pwa/app.js\n?? tmp_check.py	?? 표시의 의미는?	Git이 아직 추적하지 않는 새 파일	git status는 현재 작업 폴더의 변경 상태를 보여 준다. M은 추적 중인 파일이 수정됐다는 뜻이고, ??는 Git이 아직 추적하지 않는 새 파일이라는 뜻이다. 커밋 전에는 예상한 파일만 바뀌었는지 확인해야 한다. 임시 스크립트나 감사 파일이 untracked로 남아 있으면 커밋 전에 삭제하거나 의도적으로 제외해야 한다. 특히 ??로 보이는 임시 감사 스크립트나 출력 리포트는 필요한 산출물인지 확인한 뒤 커밋에서 제외해야 저장소가 깔끔하게 유지된다.	검증 후 커밋 전에 clean 상태를 확인하는 습관과 연결된다.	meaning_choice	"[""git"",""status"",""working_tree""]"
7	python_dev_environment_foundation_v103_a1.json	PY103_L07_permission_denied_001	Permission denied 원인 좁히기	권한 오류를 sudo만으로 해결하지 않고 원인을 나눈다.	bash: ./run.sh: Permission denied	이 메시지를 봤을 때 먼저 확인할 것은?	파일 실행 권한과 현재 사용자 권한	Permission denied는 권한이 부족하다는 뜻이지만 원인은 여러 가지다. 실행 권한이 없는 스크립트일 수도 있고, 보호된 폴더에 쓰려고 했을 수도 있으며, root 소유 파일을 일반 사용자로 수정하려는 상황일 수도 있다. 바로 sudo를 붙이기보다 ls -l, 현재 사용자, 대상 파일, 필요한 권한을 확인해야 한다. 필요한 최소 권한만 부여하는 습관이 안전하다.	Linux 서버에서 스크립트 실행 오류를 볼 때 필요하다.	meaning_choice	"[""permission"",""file_access"",""linux""]"
7	python_dev_environment_foundation_v103_a1.json	PY103_L07_sudo_permission_001	sudo 명령 주의해서 읽기	sudo가 관리자 권한 실행이라는 점과 위험성을 이해한다.	sudo apt install poppler-utils	sudo를 붙인 가장 직접적인 이유는?	관리자 권한으로 시스템 패키지를 설치하기 위해	sudo는 Ubuntu/Linux에서 관리자 권한으로 명령을 실행하게 한다. 시스템 패키지를 설치하거나 보호된 설정을 바꿀 때 필요할 수 있지만, 습관적으로 붙이면 위험하다. 특히 sudo pip install처럼 Python 패키지 설치에 관리자 권한을 섞으면 프로젝트 환경과 파일 소유권이 꼬일 수 있다. Permission denied가 나와도 먼저 어떤 대상에 접근하려다 실패했는지 확인해야 한다.	서버 세팅에서 sudo를 안전하게 판단하기 위한 카드다.	meaning_choice	"[""sudo"",""permission"",""admin""]"
7	python_error_recovery_retry_ux_v59.json	PY59_L07_error_state_001	error state 읽기	로딩, 성공, 실패 상태를 구분해 화면을 바꾸는 방식을 이해한다.	state = { loading: false, error: 'load failed', data: null }	error state가 필요한 이유는?	실패 상태를 화면과 로직에서 명확히 다루기 위해	error state는 요청이나 렌더링이 실패했음을 화면 상태로 분리해 표현하는 방식이다. 성공 데이터만 가정하면 실패 상황에서 조용히 깨질 수 있다. error state를 따로 두면 재시도 버튼이나 안내 문구를 조건부로 보여 주기 쉽다. 따라서 정답은 ‘실패 상태를 화면과 로직에서 명확히 다루기 위해’이다.	감사 v2에서 ERROR_RECOVERY_USER_FACING이 0 hits였으므로, v59는 사용자가 오류 상황에서도 앱을 복구하고 학습을 이어갈 수 있는 UX를 보강한다.	meaning_choice	"[""error_state"",""state_management"",""UI""]"
7	python_error_recovery_retry_ux_v59.json	PY59_L07_fallback_ui_001	fallback UI 읽기	정상 화면 대신 오류 안내 화면을 보여주는 fallback UI를 이해한다.	renderFallback('일시적으로 카드를 표시할 수 없습니다')	fallback UI의 목적은?	정상 화면을 만들 수 없을 때 대체 안내 화면을 보여주기 위해	fallback UI는 정상 화면을 만들 수 없을 때 대신 보여주는 안전한 안내 화면이다. 깨진 화면보다 복구 가능한 행동을 안내하는 편이 낫다. 재시도, 홈으로 이동, 오류 신고 같은 선택지를 제공하면 실패 상황에서도 앱을 계속 쓸 수 있다.	감사 v2에서 ERROR_RECOVERY_USER_FACING이 0 hits였으므로, v59는 사용자가 오류 상황에서도 앱을 복구하고 학습을 이어갈 수 있는 UX를 보강한다.	meaning_choice	"[""fallback_UI"",""error_state"",""UX""]"
7	python_error_recovery_retry_ux_v59.json	PY59_L07_recover_action_001	recover action 읽기	오류 후 사용자가 할 수 있는 복구 행동을 제시하는 UX를 이해한다.	showActions(['다시 시도', '홈으로 이동', '캐시 새로고침'])	recover action의 목적은?	오류 상황에서 사용자가 다음에 무엇을 할지 알려주기 위해	recover action은 오류가 났을 때 사용자가 할 수 있는 해결 행동이다. 좋은 오류 화면은 문제 설명뿐 아니라 재시도, 새로고침 같은 행동도 제공한다. 복구 행동이 명확하면 사용자가 오류를 만났을 때 앱을 떠나지 않고 다시 시도할 수 있다.	감사 v2에서 ERROR_RECOVERY_USER_FACING이 0 hits였으므로, v59는 사용자가 오류 상황에서도 앱을 복구하고 학습을 이어갈 수 있는 UX를 보강한다.	meaning_choice	"[""recover"",""user_action"",""error_recovery""]"
7	python_fastapi_api_server_v20.json	PY20_L07_fastapi_app_001	FastAPI 앱 생성 읽기	FastAPI 앱 객체를 만들고 endpoint를 붙이는 기본 구조를 읽는다.	"from fastapi import FastAPI\n\napp = FastAPI()\n\n@app.get(""/health"")\ndef health():\n    return {""ok"": True}"	@app.get('/health')의 역할은?	GET /health 요청을 health 함수에 연결한다	FastAPI decorator는 특정 HTTP 경로와 파이썬 함수를 연결한다. 브라우저나 프론트엔드가 그 경로를 호출하면 연결된 함수가 실행된다. health endpoint는 서버가 살아 있는지 빠르게 확인하는 용도로도 자주 사용된다.	로컬 RAG API, 검색 API, 학습 앱 API 서버의 가장 기본 구조다.	meaning_choice	"[""def"",""function"",""return"",""import"",""fastapi"",""app"",""api_server""]"
7	python_fastapi_api_server_v20.json	PY20_L07_get_query_param_001	GET query parameter 읽기	URL 쿼리 파라미터가 함수 인자로 들어오는 구조를 이해한다.	"@app.get(""/search"")\ndef search(q: str, limit: int = 5):\n    return {""query"": q, ""limit"": limit}"	/search?q=lidar로 호출하고 limit을 생략하면 limit 값은?	5	query parameter는 URL 뒤에 붙는 입력값이다. limit: int = 5처럼 기본값을 지정하면 사용자가 생략했을 때 5가 자동으로 들어간다. 쿼리 파라미터는 검색어, 페이지 크기, 필터처럼 URL로 전달되는 선택값에 자주 쓰인다.	검색창 입력을 API로 보내는 기본 패턴이다.	meaning_choice	"[""def"",""function"",""return"",""fastapi"",""query_parameter"",""get""]"
7	python_file_data_processing_v19.json	PY19_L07_jsonl_stream_001	JSONL 한 줄씩 읽기	대용량 JSONL을 한 번에 메모리에 올리지 않고 처리하는 코드를 읽는다.	"import json\n\nwith open(""chunks.jsonl"", ""r"", encoding=""utf-8"") as f:\n    for line in f:\n        if not line.strip():\n            continue\n        item = json.loads(line)\n        print(item[""chunk_id""])"	for line in f 방식의 장점은?	파일을 한 줄씩 읽어 메모리 사용을 줄인다	파일 객체를 직접 반복하면 한 번에 한 줄씩 읽으므로 read_text처럼 파일 전체 문자열을 메모리에 만들지 않는다. 빈 줄은 건너뛰고 각 줄을 json.loads로 파싱한다. 하지만 한 줄의 JSON 오류가 나면 이 코드 전체는 그 자리에서 중단되므로, 계속 처리하거나 재개하려면 줄 번호와 오류를 별도로 기록하는 try/except가 필요하다.	70k+ chunks나 node/edge 후보 jsonl을 처리할 때 필요한 실전 패턴이다.	meaning_choice	"[""if"",""for"",""import"",""print"",""continue"",""jsonl"",""streaming"",""json"",""large_file""]"
7	python_file_data_processing_v19.json	PY19_L07_write_jsonl_001	JSONL 저장 루프 읽기	dict 목록을 JSONL 파일로 저장하는 코드를 읽는다.	"import json\n\nrows = [{""id"": ""a1"", ""label"": ""LiDAR""}, {""id"": ""a2"", ""label"": ""Radar""}]\n\nwith open(""nodes.jsonl"", ""w"", encoding=""utf-8"") as f:\n    for row in rows:\n        f.write(json.dumps(row, ensure_ascii=False) + ""\n"")"	ensure_ascii=False를 쓰는 이유에 가장 가까운 것은?	한글 같은 비ASCII 문자를 읽기 좋게 저장하려고	"ensure_ascii=False는 비ASCII 문자를 \uXXXX escape 대신 사람이 읽을 수 있는 문자로 JSON 문자열에 기록한다. UTF-8 encoding과 함께 쓰므로 한글도 그대로 보인다. 각 row 뒤에 줄바꿈을 붙여 JSONL 한 레코드를 완성한다. ""w"" 모드는 기존 nodes.jsonl을 먼저 비우므로 이어 쓰기가 필요한 작업에서는 덮어쓰기 정책을 확인해야 한다."	한국어 기술문서 chunk, node label, evidence snippet을 저장할 때 중요하다.	meaning_choice	"[""for"",""import"",""jsonl"",""write"",""ensure_ascii"",""file""]"
7	python_files_paths_project_structure_v32.json	PY32_L07_path_join_001	Path join 읽기	문자열 더하기보다 안전하게 경로를 조합하는 방식을 이해한다.	"from pathlib import Path\n\nroot = Path(""C:/work/app"")\nlesson = root / ""data"" / ""lessons"" / ""cards_seed_v1.json"""	root / 'data' / 'lessons'의 의미는?	경로 조각을 안전하게 이어 붙인다	path join은 여러 경로 조각을 하나의 경로 객체로 조합하는 방식이다. pathlib의 / 연산자는 운영체제에 맞는 구분자를 처리해 문자열 덧셈보다 구분자 실수를 줄인다. 다만 경로를 조합하는 것만으로 파일이 실제로 생기거나 존재가 확인되는 것은 아니다.	Windows와 Linux 서버를 오갈 때 pathlib이 특히 유용하다.	meaning_choice	"[""import"",""path_join"",""pathlib"",""cross_platform""]"
7	python_files_paths_project_structure_v32.json	PY32_L07_working_directory_001	현재 작업 폴더 확인	PowerShell에서 현재 작업 폴더를 확인하는 명령을 읽는다.	"Get-Location\nSet-Location ""C:\work\app""\nGet-Location"	Get-Location의 역할은?	현재 PowerShell 위치를 보여준다	working directory는 상대경로를 해석할 기준 폴더다. 첫 Get-Location은 이동 전 위치를 보여 주고, Set-Location은 기준 폴더를 바꾸며, 마지막 Get-Location은 이동 결과를 확인한다. FileNotFoundError가 나면 코드보다 먼저 이 기준이 예상과 같은지 확인하면 원인을 좁히기 쉽다.	FileNotFoundError가 났을 때 가장 먼저 확인할 명령 중 하나다.	meaning_choice	"[""working_directory"",""Get-Location"",""PowerShell""]"
7	python_foundation_expansion_v10.json	PY10_L07_assert_basic_001	assert 기본 읽기	조건이 참인지 간단히 검사하는 assert 코드를 읽는다.	"assert 2 + 3 == 5\nprint(""ok"")"	출력은?	ok	먼저 2 + 3 == 5를 계산하면 True이므로 assert는 예외를 발생시키지 않고 다음 줄로 넘어간다. 따라서 print가 ok를 출력한다. assert는 개발 중 내부 가정을 확인하는 용도이며 Python을 -O 옵션으로 실행하면 제거될 수 있으므로, 사용자 입력 검증이나 반드시 실행돼야 하는 보안 검사에 사용하면 안 된다.	간단 검증, 테스트, 파이프라인 품질 확인에 유용하다.	output_prediction	"[""print"",""assert"",""test"",""validation""]"
7	python_foundation_expansion_v10.json	PY10_L07_assert_fail_001	assert 실패 읽기	assert 조건이 거짓이면 중단되는 흐름을 읽는다.	"assert 2 + 3 == 6\nprint(""ok"")"	이 코드는 어떻게 되는가?	AssertionError가 나고 print까지 가지 않는다	assert 조건이 거짓이면 AssertionError가 발생한다. 2+3은 5라서 6과 같지 않으므로 이 검증은 실패한다. assert 실패는 코드가 기대한 조건이 거짓이었다는 신호다. 실패 메시지와 직전 입력값을 함께 보면 어떤 가정이 깨졌는지 찾기 쉽다. 따라서 출력은 ‘AssertionError가 나고 print까지 가지 않는다’이다.	검증 실패를 빨리 발견하는 테스트 습관과 연결된다.	meaning_choice	"[""print"",""assert"",""test"",""error""]"
7	python_foundation_expansion_v10.json	PY10_L07_env_get_001	환경변수 기본값 읽기	환경변수가 없을 때 기본값 문자열을 쓰는 코드를 읽는다.	"import os\n\nvalue = os.environ.get(""RUN_LIMIT"", ""100"")\nprint(value)"	RUN_LIMIT이 없으면 value는?	100	"os.environ.get(""RUN_LIMIT"", ""100"")은 RUN_LIMIT 환경변수가 있으면 그 값을, 없으면 두 번째 인자인 문자열 ""100""을 반환한다. 따라서 이 조건에서는 value가 ""100""이 되고 화면에는 100이 출력된다. 환경변수 값은 문자열이므로 계산에 쓰려면 int(value)처럼 변환해야 한다."	API key, 실행 제한, 설정값을 읽는 코드에 자주 나온다.	meaning_choice	"[""import"",""print"",""env"",""os.environ"",""default""]"
7	python_foundation_expansion_v10.json	PY10_L07_path_glob_001	glob으로 파일 찾기	특정 폴더에서 패턴에 맞는 파일을 찾는 코드를 읽는다.	"from pathlib import Path\n\nfor path in Path(""data"").glob(""*.json""):\n    print(path.name)"	*.json은 무엇을 찾는가?	json 확장자 파일	"Path(""data"").glob(""*.json"")은 현재 작업 폴더 자체가 아니라 data 폴더 바로 아래에서 이름이 .json으로 끝나는 경로를 찾는다. *는 파일 이름 부분의 여러 문자를 대신하고, 패턴에 **가 없으므로 하위 폴더까지 재귀적으로 찾지는 않는다. 일치하는 경로가 없으면 반복문은 아무것도 출력하지 않는다."	lesson 파일, side card 파일, 설정 파일 검색에 필요하다.	meaning_choice	"[""for"",""import"",""print"",""pathlib"",""glob"",""file""]"
7	python_foundation_expansion_v10.json	PY10_L07_return_dict_001	함수가 dict 반환하기	함수가 여러 필드를 가진 dict를 반환하는 구조를 읽는다.	"def make_row(id, title):\n    return {\n        ""id"": id,\n        ""title"": title,\n        ""ok"": True,\n    }\n\nrow = make_row(""n1"", ""LiDAR"")\nprint(row[""ok""])"	출력은?	True	함수는 숫자나 문자열뿐 아니라 dict도 반환할 수 있다. make_row가 반환한 dict에서 ok key를 읽으면 True 값을 얻는다. 반환값이 dict라면 함수 호출 결과에 바로 key 접근을 이어 붙여 원하는 값을 꺼낼 수 있다.	API 응답, 검증 결과, 요약 row 생성 코드에 자주 나온다.	output_prediction	"[""def"",""print"",""function"",""dict"",""return""]"
7	python_foundation_expansion_v10.json	PY10_L07_safe_get_function_001	safe get 함수 읽기	없는 key를 안전하게 읽고 기본값을 쓰는 함수를 읽는다.	"def safe_get_score(row):\n    return row.get(""score"", 0.0)\n\nprint(safe_get_score({""title"": ""A""}))"	출력은?	0.0	"row.get(""score"", 0.0)은 score 키가 있으면 그 값을, 없으면 기본값 0.0을 반환한다. 입력 dict에는 title만 있으므로 결과는 0.0이다. get은 선택 필드를 읽을 때 편리하지만, score가 반드시 있어야 하는 데이터라면 기본값이 누락 오류를 숨길 수 있으므로 별도 검증이 필요하다."	불완전한 수집 데이터 처리에 자주 쓰인다.	output_prediction	"[""def"",""return"",""print"",""dict"",""get"",""default"",""function""]"
7	python_foundation_expansion_v10.json	PY10_L07_slice_limit_001	slice limit 읽기	슬라이싱으로 리스트의 앞부분 일부만 자르는 코드를 읽는다.	"def choose(items, limit=3):\n    return items[:limit]\n\nprint(choose([""a"", ""b"", ""c"", ""d""]))"	출력은?	"[""a"", ""b"", ""c""]"	"슬라이싱은 리스트의 일부 구간만 가져오는 문법이다. items[:3]은 시작부터 인덱스 3 전까지, 즉 앞의 3개를 가져온다. 끝 인덱스는 포함되지 않으므로 [:3]이 네 번째 값까지 가져오는 것이 아니라는 점이 중요하다. 따라서 출력은 ‘[""a"", ""b"", ""c""]’이다."	top_k, limit, 샘플링 코드의 기본이다.	output_prediction	"[""def"",""function"",""return"",""print"",""slice"",""limit"",""list""]"
7	python_foundation_expansion_v10.json	PY10_L07_tsv_parse_001	TSV 한 줄 파싱 읽기	탭으로 나뉜 한 줄을 dict로 바꾸는 코드를 읽는다.	"def parse_line(line):\n    parts = line.split(""\t"")\n    return {""id"": parts[0], ""title"": parts[1]}\n\nprint(parse_line(""1\tNews"")[""title""])"	출력은?	News	TSV는 탭 문자로 컬럼을 나눈 텍스트 표 형식이다. 한 줄을 탭 기준으로 split하면 parts[1] 위치에 News가 들어간다. CSV와 비슷하지만 쉼표가 아니라 탭을 기준으로 나누기 때문에 split('\t') 형태를 확인해야 한다.	리뷰 TSV, 매핑표, 라벨링 결과를 읽는 기초다.	output_prediction	"[""def"",""function"",""return"",""print"",""split"",""tsv"",""dict""]"
7	python_foundation_expansion_v10.json	PY10_L07_validation_function_001	검증 함수 읽기	필수 key가 있는지 검사하는 함수를 읽는다.	"def is_valid(row):\n    return ""id"" in row and ""title"" in row\n\nprint(is_valid({""id"": ""1""}))"	출력은?	False	and는 양쪽 조건이 모두 참일 때만 True를 반환한다. 입력 dict에는 id 키는 있지만 title 키는 없으므로 두 번째 조건이 False가 되어 함수가 False를 반환한다. 이 함수는 판정값만 돌려줄 뿐 저장을 자동으로 중단하지는 않으며, 호출하는 코드가 반환값을 확인해 다음 동작을 결정해야 한다.	카드/JSONL/메타데이터 품질 검증과 직접 연결된다.	output_prediction	"[""def"",""return"",""print"",""validation"",""function"",""dict""]"
7	python_frontend_state_storage_cache_v39.json	PY39_L07_localstorage_001	localStorage 읽기	브라우저에 작은 데이터를 오래 저장하는 localStorage를 이해한다.	"localStorage.setItem(""studyMode"", ""review"")\nconst mode = localStorage.getItem(""studyMode"")"	localStorage의 특징으로 맞는 것은?	브라우저에 값을 저장해 새로고침 후에도 남길 수 있다	localStorage는 같은 origin의 브라우저 저장소에 문자열을 두며 새로고침과 브라우저 재시작 뒤에도 남을 수 있다. JSON 저장 시 stringify·parse와 손상·schema 변경을 처리해야 한다. 같은 origin의 JavaScript가 읽을 수 있으므로 access token이나 비밀값을 저장하기에는 XSS 위험이 크다.	로그인 전 개인 설정, 추천 옵션, 마지막 선택 레벨 저장에 사용할 수 있다.	meaning_choice	"[""localStorage"",""browser_storage"",""persistence""]"
7	python_frontend_state_storage_cache_v39.json	PY39_L07_sessionstorage_001	sessionStorage 읽기	탭 세션 동안만 유지되는 sessionStorage를 이해한다.	"sessionStorage.setItem(""temporaryFilter"", ""level10"")"	sessionStorage가 localStorage와 다른 점으로 가까운 것은?	탭/세션이 끝나면 사라질 수 있다	sessionStorage는 임시 필터처럼 오래 보관할 필요가 적은 값에 적합하다. sessionStorage는 브라우저 탭이 살아 있는 동안만 값을 저장하는 저장소다. localStorage와 달리 탭을 닫으면 사라질 수 있으므로 임시 상태 저장에 적합하다. 따라서 정답은 ‘탭/세션이 끝나면 사라질 수 있다’이다.	잠깐 쓰는 검색 필터나 현재 세션의 UI 선택값에 어울린다.	meaning_choice	"[""sessionStorage"",""browser_storage"",""session""]"
7	python_frontend_state_storage_cache_v39.json	PY39_L07_ui_state_server_state_001	UI state와 server state 구분	화면 내부 상태와 서버에서 온 데이터를 구분한다.	"UI state:\n  isSettingsOpen = true\n\nserver state:\n  progress = await fetch(""/api/progress"")"	isSettingsOpen은 어떤 상태에 가까운가?	UI state	isSettingsOpen은 현재 화면에서만 의미가 있는 UI state다. progress는 서버가 소유하는 데이터의 로컬 사본이므로 server state로 본다. server state에는 loading, error, stale 여부와 재검증 정책이 필요하고, UI state와 섞으면 서버 갱신 뒤 화면이 어긋나기 쉽다.	추천 10장 설정 패널, 모바일 학습도구 접기/펴기는 UI state다.	meaning_choice	"[""UI_state"",""server_state"",""frontend""]"
7	python_function_design_io_v30.json	PY30_L07_function_input_output_001	함수 input/output 읽기	함수가 무엇을 입력받고 무엇을 반환하는지 구분한다.	"def get_card_title(card):\n    return card[""title""]\n\ntitle = get_card_title({""id"": ""c1"", ""title"": ""함수 읽기""})"	이 함수의 입력과 출력으로 맞는 것은?	입력: card dict, 출력: title 문자열	function input/output은 함수가 무엇을 받고 무엇을 돌려주는지 보는 관점이다. parameter로 card를 받아 card 안의 title 값을 반환할 수 있다.	renderCard, filterCards 같은 함수도 입력과 출력 관점으로 읽으면 구조가 보인다.	meaning_choice	"[""def"",""return"",""function"",""input"",""output"",""parameter""]"
7	python_function_design_io_v30.json	PY30_L07_helper_function_001	helper function 읽기	반복되는 작은 작업을 helper 함수로 빼는 이유를 이해한다.	"def is_unseen(card, progress):\n    return not progress[""seen""].get(card[""id""])\n\nqueue = [card for card in cards if is_unseen(card, progress)]"	is_unseen 함수의 역할은?	카드가 아직 안 본 카드인지 판정한다	helper function은 큰 작업 안의 작은 판단이나 반복 로직을 따로 뺀 함수다. 조건 판단을 함수로 분리하면 queue 생성 코드가 읽기 쉬워진다. 작은 helper는 이름만으로 의도를 설명하므로 조건식이 복잡할수록 효과가 커진다. 따라서 반환/호출 결과는 ‘카드가 아직 안 본 카드인지 판정한다’이다.	오늘 큐, 복습 우선, 추천 진도 같은 기능을 작게 쪼개는 방식이다.	meaning_choice	"[""def"",""function"",""return"",""helper_function"",""reuse"",""function_design""]"
7	python_git_github_workflow_v33.json	PY33_L07_git_add_001	git add 읽기	커밋에 포함할 파일을 staging area에 올리는 명령을 이해한다.	git add data/lessons/python_git_github_workflow_v33.json src/pwa/app.js	Git 기본 workflow에서 git add의 역할은?	다음 커밋에 포함할 변경사항을 준비한다	git add는 수정한 파일을 다음 커밋에 포함할 준비 영역으로 올리는 명령이다. 원격 저장소에 올리는 단계가 아니라 커밋 준비 단계다. 수정한 모든 파일이 자동으로 커밋되는 것이 아니므로 git status와 함께 staged 상태를 확인해야 한다.	lesson JSON과 app.js를 함께 커밋하려면 둘 다 add해야 한다.	meaning_choice	"[""git_add"",""staging_area"",""commit""]"
7	python_git_github_workflow_v33.json	PY33_L07_git_commit_001	git commit 읽기	staged 변경사항을 하나의 기록으로 남기는 commit을 이해한다.	"git commit -m ""Add Git workflow reading cards"""	commit message의 역할은?	이번 변경의 목적을 짧게 기록한다	git commit은 준비된 변경을 하나의 기록으로 저장하는 명령이다. 커밋 메시지는 나중에 변경 이력을 읽을 때 무엇을 했는지 알려준다. 좋은 커밋 메시지는 변경 이유와 범위를 짧게 남겨 나중에 로그만 봐도 흐름을 복원하게 해 준다. 따라서 정답은 ‘이번 변경의 목적을 짧게 기록한다’이다.	v28~v32처럼 주제별 확장을 커밋 메시지로 남겨두면 추적이 쉽다.	meaning_choice	"[""git_commit"",""snapshot"",""message""]"
7	python_git_github_workflow_v33.json	PY33_L07_untracked_unstaged_001	untracked와 unstaged 읽기	Git이 아직 추적하지 않는 파일과 수정됐지만 add 안 된 파일을 구분한다.	Changes not staged for commit:\n  modified: src/pwa/app.js\n\nUntracked files:\n  data/lessons/new_lesson.json	Untracked files에 있는 파일은 어떤 상태인가?	Git이 아직 추적하지 않는 새 파일	새로 만든 lesson JSON은 git add 전까지 untracked로 보일 수 있다. untracked는 Git이 아직 추적하지 않는 새 파일이고, unstaged는 수정됐지만 커밋 후보에 올리지 않은 변경이다. git status에서 둘을 구분해야 한다.	새 v33 lesson 파일은 처음에는 untracked로 나타나는 것이 정상이다.	meaning_choice	"[""untracked"",""unstaged"",""git_status""]"
7	python_github_actions_ci_validation_v48.json	PY48_L07_checkout_action_001	checkout action 읽기	CI 서버에서 저장소 파일을 가져오는 checkout 단계를 이해한다.	- uses: actions/checkout@v4	actions/checkout의 역할은?	CI 실행 환경에 저장소 파일을 내려받는다	actions/checkout은 runner workspace에 event가 가리키는 repository revision을 받아 뒤 step이 file을 읽게 한다. 보안 요구가 높은 workflow에서는 movable major tag만 믿지 않고 검토한 full commit SHA로 pin하고 Dependabot 같은 절차로 갱신한다. credential persistence와 fetch-depth도 작업 필요에 맞게 제한한다.	validate_lessons.py와 data/lessons 파일을 CI에서 읽으려면 checkout 단계가 필요하다.	meaning_choice	"[""checkout"",""GitHub_Actions"",""repository""]"
7	python_github_actions_ci_validation_v48.json	PY48_L07_setup_python_action_001	setup-python action 읽기	CI 환경에서 Python 버전을 준비하는 단계를 이해한다.	- uses: actions/setup-python@v5\n  with:\n    python-version: '3.11'	setup-python 단계가 필요한 이유는?	검증 스크립트를 실행할 Python 환경을 준비하기 위해	setup-python은 runner에 요청한 Python 3.11 계열을 준비하고 PATH에 둔다. 정확한 재현성이 필요하면 patch version과 dependency lock을 pin하고, ubuntu-latest image 변화도 고려한다. 표준 library만 쓴다는 사실은 repository script가 항상 같은 결과를 낸다는 보장은 아니다.	tools/validate_lessons.py는 표준 Python만 사용하므로 setup-python 뒤 바로 실행할 수 있다.	meaning_choice	"[""setup_python"",""Python"",""CI""]"
7	python_github_actions_ci_validation_v48.json	PY48_L07_yaml_indentation_001	YAML 들여쓰기 읽기	YAML 설정 파일에서 들여쓰기가 구조를 결정한다는 점을 이해한다.	jobs:\n  validate:\n    runs-on: ubuntu-latest	YAML에서 들여쓰기가 중요한 이유는?	들여쓰기가 설정의 포함 관계를 나타내기 때문	YAML은 괄호보다 들여쓰기로 계층을 표현하므로 공백이 틀리면 설정 의미가 바뀔 수 있다. YAML 들여쓰기는 GitHub Actions 설정에서 구조를 결정한다. 한 칸만 어긋나도 job, step, run 위치가 달라질 수 있어 오류 원인이 된다. 따라서 정답은 ‘들여쓰기가 설정의 포함 관계를 나타내기 때문’이다.	GitHub Actions workflow를 만들 때 jobs, steps, run의 들여쓰기를 맞춰야 한다.	meaning_choice	"[""YAML"",""indentation"",""configuration""]"
7	python_grouped_concepts_v15.json	PY15_L07_authn_authz_001	Authentication / Authorization 비교	인증과 권한 부여의 역할 차이를 코드 흐름에서 구분한다.	Authentication: 사용자가 누구인지 자격 증명으로 확인\nAuthorization: 확인된 사용자가 요청한 작업을 해도 되는지 권한 확인	사용자가 특정 API를 호출할 권한이 있는지 확인하는 것은?	Authorization	authentication은 비밀번호나 토큰 등으로 신원을 확인하는 단계다. authorization은 그 신원에 허용된 작업과 자원을 검사하는 단계다. 로그인에 성공했어도 모든 API를 호출할 권한이 생기는 것은 아니므로 두 검사를 분리해야 한다.	API 서버, OAuth, JWT 코드를 읽을 때 반드시 필요한 구분이다.	meaning_choice	"[""authentication"",""authorization"",""security"",""access_control""]"
7	python_grouped_concepts_v15.json	PY15_L07_entity_relation_attribute_001	Entity / Relation / Attribute 비교	KG에서 entity, relation, attribute의 역할을 구분해 읽는다.	Entity: LiDAR, Radar, UAM처럼 구별해 다루는 대상\nRelation: LiDAR PRODUCES PointCloud처럼 대상 사이의 연결\nAttribute: label, version, score처럼 대상이나 관계에 붙는 속성값	LiDAR PRODUCES PointCloud에서 PRODUCES는?	Relation	entity는 구별해 관리하는 대상이고, relation은 두 대상 사이의 의미 있는 연결이다. attribute는 entity나 relation의 세부 특성을 나타내는 값이다. 예문에서 PRODUCES는 LiDAR와 PointCloud를 연결하므로 relation이다.	node/edge/evidence를 읽을 때 가장 기본이 되는 구분이다.	meaning_choice	"[""entity"",""relation"",""attribute"",""knowledge_graph""]"
7	python_grouped_concepts_v15.json	PY15_L07_float_precision_001	float precision error 읽기	실수형 계산에서 작은 오차가 생길 수 있음을 이해한다.	print(0.1 + 0.2)\n# 0.30000000000000004가 출력됨	이 현상의 원인에 가까운 것은?	float가 소수를 근사 표현하기 때문	파이썬 float는 대부분의 소수를 이진 분수의 근삿값으로 저장한다. 0.1과 0.2의 저장 오차가 덧셈 뒤 드러나므로 0.3과 정확히 같은 비트 값이 되지 않는다. 근삿값 비교에는 math.isclose 같은 허용 오차를 쓰고, 정확한 10진 규칙이 필요하면 Decimal을 검토한다.	모델 점수/평균/비용 계산 결과를 읽을 때 당황하지 않게 해준다.	meaning_choice	"[""comment"",""print"",""float"",""precision_error"",""rounding""]"
7	python_grouped_concepts_v15.json	PY15_L07_kg_ontology_taxonomy_schema_001	Taxonomy / Ontology / Schema / KG 한 번에 비교	지식 구조 개념을 따로 외우지 않고 역할 차이로 묶어 이해한다.	Taxonomy: 대상을 상하위 범주로 분류하는 체계\nSchema: 데이터 필드, 자료형, 구조, 제약을 정하는 명세\nOntology: 개념, 관계, 제약을 형식적으로 표현한 의미 모델\nKnowledge Graph: 실제 개체와 관계를 노드와 엣지로 저장한 그래프 데이터	개념과 관계, 제약까지 정의하는 의미 모델에 가까운 것은?	Ontology	taxonomy는 대상을 범주로 분류하고, schema는 데이터의 모양과 제약을 정한다. ontology는 개념과 관계의 의미를 형식적으로 정의한다. knowledge graph는 그 정의를 활용해 실제 개체와 관계를 그래프 데이터로 담을 수 있다. 네 용어가 함께 쓰이기도 하지만 서로 같은 뜻은 아니다.	KG의 노드, 엣지, 스키마를 설계할 때 필요한 기본 구분이다.	meaning_choice	"[""taxonomy"",""ontology"",""schema"",""knowledge_graph"",""semantic""]"
7	python_grouped_concepts_v15.json	PY15_L07_none_empty_nan_001	None / empty / NaN 비교	None, 빈 값, NaN이 서로 다른 상태임을 구분한다.	"None: 값이 없음을 나타내는 파이썬의 단일 객체\n"""": 존재하지만 길이가 0인 문자열\nNaN: 수치 계산에서 정의되지 않은 값이며 pandas가 결측 표시에 자주 사용하는 특수값"	pandas 수치 컬럼에서 결측으로 자주 보이는 값은?	NaN	None, 빈 문자열, NaN은 화면에서 모두 비어 보일 수 있지만 같은 값이 아니다. pandas의 isna는 기본적으로 None과 NaN을 결측으로 찾지만 빈 문자열은 결측으로 보지 않는다. NaN은 자기 자신과도 같지 않으므로 == 대신 math.isnan이나 pandas.isna 같은 함수를 사용한다.	데이터 품질검사와 결측 처리 코드리뷰에 중요하다.	meaning_choice	"[""none"",""empty_string"",""nan"",""missing_value""]"
7	python_i18n_locale_language_toggle_v62.json	PY62_L07_language_toggle_001	language toggle 읽기	사용자가 앱 언어를 직접 바꾸는 language toggle을 이해한다.	setLocale('en-US')	language toggle의 목적은?	사용자가 원하는 언어로 앱을 바꾸게 하기 위해	language toggle은 사용자가 표시 언어를 직접 바꾸는 기능이다. 선택한 태그가 앱이 지원하는지 확인한 뒤 저장하고, 번역 문구뿐 아니라 날짜·숫자와 접근성 이름도 다시 렌더링해야 한다. 언어를 바꿔도 사용자가 작성한 메모나 코드 자체는 동의 없이 번역하거나 바꾸지 않는다.	감사 v2에서 I18N_LANGUAGE_TOGGLE이 0 hits였으므로, v62는 언어 설정, locale, 번역 dictionary, fallback, 다국어 학습 UX를 보강한다.	meaning_choice	"[""language_toggle"",""settings"",""UX""]"
7	python_i18n_locale_language_toggle_v62.json	PY62_L07_message_key_001	message key 읽기	문구를 직접 쓰지 않고 key로 찾아오는 message key 방식을 이해한다.	t('button.next')	message key를 쓰는 이유는?	같은 의미의 문구를 언어별로 안정적으로 찾아오기 위해	message key는 화면 문구를 직접 쓰지 않고 번역표에서 찾는 안정적인 이름이다. button.next처럼 역할을 나타내는 key를 쓰면 영어 원문이 바뀌어도 코드 위치를 바꿀 필요가 적다. 같은 단어라도 문맥과 문법 역할이 다르면 별도 key를 써야 번역자가 자연스러운 문장을 만들 수 있다.	감사 v2에서 I18N_LANGUAGE_TOGGLE이 0 hits였으므로, v62는 언어 설정, locale, 번역 dictionary, fallback, 다국어 학습 UX를 보강한다.	meaning_choice	"[""message_key"",""translation"",""i18n""]"
7	python_i18n_locale_language_toggle_v62.json	PY62_L07_translation_dict_001	translation dictionary 읽기	언어별 문구 묶음을 dictionary로 관리하는 방식을 이해한다.	messages = {\n  'ko-KR': {'next': '다음'},\n  'en-US': {'next': 'Next'}\n}	translation dictionary의 역할은?	언어별 화면 문구를 한곳에 모아 관리한다	translation dict는 화면 문구의 key와 언어별 번역을 모아 둔 사전이다. 번역 문구가 흩어져 있으면 빠진 문구를 찾기 어렵다. 문구 key를 기준으로 관리하면 같은 UI를 한국어와 영어로 바꿔도 코드 구조는 크게 바뀌지 않는다.	감사 v2에서 I18N_LANGUAGE_TOGGLE이 0 hits였으므로, v62는 언어 설정, locale, 번역 dictionary, fallback, 다국어 학습 UX를 보강한다.	meaning_choice	"[""translation_dict"",""messages"",""i18n""]"
7	python_learning_streak_goal_habit_v63.json	PY63_L07_goal_progress_001	goal progress 읽기	오늘 목표 중 얼마나 완료했는지 보여주는 goal progress를 이해한다.	progress = min(completedToday / max(dailyGoal.cards, 1), 1)	goal progress의 목적은?	오늘 목표 달성 정도를 보여주기 위해	goal progress는 오늘 목표 중 완료한 비율을 0에서 1 사이로 보여 준다. 예시는 목표가 0일 때 나눗셈 오류를 피하고, 목표를 넘겨 풀어도 진행 막대가 100%를 넘지 않게 한다. 원래 완료 수는 별도로 보존하고 숫자뿐 아니라 ‘7/10장’ 같은 텍스트도 제공해야 접근하기 쉽다.	감사 v2에서 LEARNING_STREAK_GOAL 축이 약했으므로, v63은 연속 학습, 하루 목표, 습관 루프, 목표 달성/복귀 UX를 보강한다.	meaning_choice	"[""goal_progress"",""progress"",""UX""]"
7	python_learning_streak_goal_habit_v63.json	PY63_L07_goal_state_001	goal state 읽기	사용자의 목표 설정을 상태로 저장하는 goal state를 이해한다.	goalState = {\n  dailyCards: 10,\n  enabled: true\n}	goal state에 들어갈 수 있는 값은?	하루 카드 수와 목표 사용 여부	이 예시의 goal state에는 하루 목표 카드 수와 목표 기능 사용 여부가 들어 있다. 현재 진행값은 코드에 없으므로 이 객체가 달성 상태까지 저장한다고 읽으면 안 된다. 진행은 오늘의 완료 기록에서 계산하거나 별도 필드로 명확히 두고, 설정 변경 시 과거 학습 기록을 지우지 않는다.	감사 v2에서 LEARNING_STREAK_GOAL 축이 약했으므로, v63은 연속 학습, 하루 목표, 습관 루프, 목표 달성/복귀 UX를 보강한다.	meaning_choice	"[""goal_state"",""localStorage"",""settings""]"
7	python_learning_streak_goal_habit_v63.json	PY63_L07_streak_date_001	streak date 읽기	연속 학습 계산에서 날짜 기준을 명확히 해야 함을 이해한다.	todayKey = formatDateInTimeZone(new Date(), userTimeZone)	streak 계산에서 날짜 기준이 중요한 이유는?	같은 날 여러 번 학습해도 하루로 계산해야 하기 때문에	같은 날 여러 번 학습해도 streak에는 하루로 기록해야 한다. new Date().toISOString()은 UTC 날짜이므로 사용자의 현지 날짜와 어긋날 수 있다. 사용자가 정한 time zone으로 날짜 key를 만들고, 여행이나 시간대 변경 시 기존 기록을 어떻게 해석할지도 일관되게 정해야 한다.	감사 v2에서 LEARNING_STREAK_GOAL 축이 약했으므로, v63은 연속 학습, 하루 목표, 습관 루프, 목표 달성/복귀 UX를 보강한다.	meaning_choice	"[""streak_date"",""date_logic"",""habit""]"
7	python_learning_ux_review_algorithm_v49.json	PY49_L07_daily_review_queue_001	daily review queue 읽기	하루에 풀 카드 목록을 review queue로 만드는 흐름을 이해한다.	queue = due_cards[:20]\nfor card in queue:\n    show_card(card)	daily review queue의 역할은?	오늘 학습할 카드 목록을 정해준다	due_cards가 우선순위와 due time으로 이미 정렬됐다는 전제에서 앞 20개를 오늘 queue로 고른다. 정렬되지 않았다면 중요한 overdue card가 뒤로 밀릴 수 있다. 20은 보편적 최적값이 아니며 사용자 시간, 미처리 backlog와 새 카드 비율에 맞춰 조절한다.	카드가 많아졌기 때문에 하루에 볼 양을 제한하고 우선순위를 정해야 한다.	meaning_choice	"[""for"",""daily_review"",""queue"",""learning_session""]"
7	python_learning_ux_review_algorithm_v49.json	PY49_L07_forgetting_curve_001	forgetting curve 읽기	시간이 지나면 기억이 약해지므로 복습 시점이 중요하다는 점을 이해한다.	elapsed_days = (today - last_review_date).days\nmemory_strength = estimate_retention(elapsed_days, prior_strength)\nif memory_strength < 0.5:\n    schedule_review(card)	forgetting curve와 가장 가까운 설명은?	시간이 지나면 기억 강도가 떨어질 수 있다는 생각	forgetting curve는 복습 뒤 시간이 흐르며 recall probability가 낮아지는 경향을 model한다. 매 실행마다 무조건 0.8을 곱하면 실제 경과 시간을 반영하지 않으므로 이 예시는 elapsed_days를 사용한다. 개인과 자료마다 curve가 다르므로 0.5 threshold도 평가로 정한다.	사용자가 한 번 맞힌 카드도 시간이 지나면 다시 확인할 필요가 있다.	meaning_choice	"[""if"",""forgetting_curve"",""memory_decay"",""review_timing""]"
7	python_learning_ux_review_algorithm_v49.json	PY49_L07_review_interval_001	review interval 읽기	정답 여부에 따라 다음 복습 간격을 조절하는 방식을 이해한다.	if correct_count >= 3:\n    interval_days = 7\nelif correct_count == 2:\n    interval_days = 3\nelse:\n    interval_days = 1	review interval을 조절하는 이유는?	잘 아는 카드는 덜 자주, 약한 카드는 더 자주 보기 위해	이 rule은 누적 correct_count만으로 1·3·7일을 정하는 예시다. 최근 실패, 답변 난이도, 마지막 간격과 시간 경과를 무시하므로 숙련도를 정확히 추정하지는 않는다. 실제 algorithm은 interval 상한·하한과 lapse 정책을 정하고 학습 결과로 보정한다.	Python 카드 학습앱에서 난이도와 정답 이력을 기반으로 다음 복습일을 정할 수 있다.	meaning_choice	"[""if"",""else"",""review_interval"",""schedule"",""learning_memory""]"
7	python_libraries_missing_topics_v11.json	PY11_L07_collections_counter_001	collections.Counter 읽기	Counter로 리스트 안 값의 등장 횟수를 세는 코드를 읽는다.	"from collections import Counter\n\ndomains = [""AI"", ""UAM"", ""AI""]\ncounts = Counter(domains)\nprint(counts[""AI""])"	출력은?	2	collections.Counter는 리스트 안 값이 몇 번 등장했는지 세는 도구다. AI가 두 번 들어 있으므로 Counter 결과에서 AI의 개수는 2가 된다.	도메인별 카드 수, concept 빈도, 오류 유형 집계에 유용하다.	output_prediction	"[""import"",""print"",""collections"",""Counter"",""count""]"
7	python_libraries_missing_topics_v11.json	PY11_L07_defaultdict_001	collections.defaultdict 읽기	없는 key도 자동으로 기본값을 만드는 dict를 읽는다.	"from collections import defaultdict\n\ngroups = defaultdict(list)\ngroups[""AI""].append(""RAG"")\nprint(groups[""AI""])"	출력은?	"[""RAG""]"	defaultdict는 없는 key를 읽을 때 기본값을 자동으로 만들어 준다. 없는 key AI에 빈 리스트가 생기고 그 안에 RAG가 추가된다. 그룹별 목록을 모을 때 key 존재 여부를 매번 검사하지 않아도 되어 코드가 짧아진다.	도메인별 그룹핑, 파일별 오류 목록 수집에 자주 쓰인다.	output_prediction	"[""import"",""print"",""collections"",""defaultdict"",""dict""]"
7	python_libraries_missing_topics_v11.json	PY11_L07_itertools_islice_001	itertools.islice 읽기	반복 가능한 데이터에서 앞부분만 가져오는 코드를 읽는다.	from itertools import islice\n\nnums = range(100)\nprint(list(islice(nums, 3)))	출력은?	[0, 1, 2]	itertools.islice는 반복 가능한 값에서 필요한 앞부분만 잘라 가져온다. islice(nums, 3)은 nums의 앞 3개 값만 읽는다. 전체를 리스트로 만들지 않고 필요한 만큼만 소비할 수 있어 큰 반복자 처리에 유용하다. 따라서 출력은 ‘[0, 1, 2]’이다.	큰 파일/큰 iterator에서 일부만 샘플링할 때 유용하다.	output_prediction	"[""import"",""print"",""range"",""itertools"",""islice"",""limit""]"
7	python_libraries_missing_topics_v11.json	PY11_L07_re_search_001	re.search 정규식 읽기	문자열에서 특정 패턴이 있는지 찾는 코드를 읽는다.	"import re\n\ntext = ""shard_0042_done.json""\nmatch = re.search(r""shard_(\d+)"", text)\nprint(match.group(1))"	출력은?	0042	re.search는 문자열 전체에서 첫 번째 일치 위치를 찾는다. 패턴의 shard_는 그대로 맞고, 괄호 안 \d+는 숫자 한 개 이상인 0042를 캡처한다. 그래서 group(0)은 전체 일치 문자열 shard_0042이고 group(1)은 0042다. 이 입력은 일치하므로 출력할 수 있지만, 일치하지 않으면 match가 None이 되어 group 호출 전에 확인해야 한다.	파일명에서 shard 번호, 날짜, id를 뽑을 때 유용하다.	output_prediction	"[""import"",""print"",""regex"",""re"",""search""]"
7	python_libraries_missing_topics_v11.json	PY11_L07_venv_requirements_002	requirements.txt 의미 읽기	프로젝트 의존성을 파일로 관리하는 이유를 이해한다.	# requirements.txt\nfastapi\npandas\nrequests	requirements.txt의 목적은?	필요한 파이썬 패키지 목록을 기록한다	requirements.txt는 pip가 설치할 패키지와 선택적인 버전 조건을 줄마다 기록한다. pip install -r requirements.txt로 목록을 한 번에 설치할 수 있고 venv와 함께 쓰면 프로젝트별 환경을 분리할 수 있다. 그러나 이 예제처럼 버전을 적지 않으면 설치 시점의 최신 호환 버전이 들어갈 수 있어 완전히 같은 환경을 보장하지 않는다. 정확한 재현에는 버전 고정과 Python 버전 기록이 필요하다.	서버/노트북/로컬 환경을 옮길 때 중요하다.	meaning_choice	"[""comment"",""venv"",""pip"",""requirements""]"
7	python_llm_api_prompt_validation_v44.json	PY44_L07_prompt_template_001	prompt template 읽기	반복되는 프롬프트 구조에 변수만 채워 넣는 방식을 이해한다.	template = '학년: {grade}\n질문: {question}\n근거: {context}'\nprompt = template.format(grade=grade, question=q, context=ctx)	prompt template을 쓰는 이유는?	반복되는 프롬프트 구조를 안정적으로 재사용하기 위해	template은 grade, question, context를 같은 label과 순서로 조립해 누락을 줄인다. 구조의 일관성은 높이지만 입력 내용이 instruction처럼 해석되는 prompt injection을 막지는 않는다. untrusted context에는 명확한 delimiter를 쓰고 길이·형식 검증과 model 밖의 정책 집행을 함께 둔다.	학년, 질문, 근거, 금지어, 출력 형식을 항상 같은 구조로 넣는 데 유용하다.	meaning_choice	"[""prompt_template"",""variable_slot"",""formatting""]"
7	python_llm_api_prompt_validation_v44.json	PY44_L07_system_prompt_001	system prompt 읽기	system prompt가 모델의 기본 역할과 규칙을 정한다는 점을 이해한다.	messages = [\n    {'role': 'system', 'content': '초3 수준으로 설명하라'},\n    {'role': 'user', 'content': question}\n]	system prompt의 역할에 가장 가까운 것은?	모델이 따라야 할 기본 역할과 규칙을 정한다	system 역할의 메시지는 사용자 질문보다 앞에서 모델의 기본 역할과 답변 규칙을 정한다. 예제에서는 ‘초3 수준’이라는 설명 난이도를 먼저 지정하고, 그다음 user 메시지의 실제 질문을 처리한다. 따라서 정답은 ‘모델이 따라야 할 기본 역할과 규칙을 정한다’이다. 다만 프롬프트만으로 규칙 준수가 보장되는 것은 아니므로 중요한 형식이나 안전 조건은 출력 검증도 함께 둬야 한다.	교육용 답변의 대상 수준, 설명 방식, 근거 사용 규칙과 금지 표현을 공통 지침으로 두는 위치다.	meaning_choice	"[""system_prompt"",""instruction"",""policy""]"
7	python_llm_api_prompt_validation_v44.json	PY44_L07_user_prompt_001	user prompt 읽기	user prompt가 실제 사용자 질문이나 작업 요청을 담는다는 점을 이해한다.	messages = [\n    {'role': 'system', 'content': policy},\n    {'role': 'user', 'content': '비행기는 왜 날아?'}\n]	user prompt에 들어가는 내용은?	사용자의 실제 질문이나 요청	user message에는 처리할 실제 질문이나 요청을 넣는다. 일반적으로 system instruction보다 낮은 우선순위지만 model이 항상 우선순위를 완벽히 지킨다는 보안 보장은 없다. 외부 문서나 사용자 입력은 untrusted data로 취급하고 권한 검사, tool allowlist, 출력 검증을 model 밖에서 시행한다.	학생 질문, 학년, 과목, 문제 텍스트를 user 입력으로 묶어 보낼 수 있다.	meaning_choice	"[""user_prompt"",""question"",""task_input""]"
7	python_logging_monitoring_ops_v25.json	PY25_L07_logging_basic_001	logging 기본 레벨 읽기	print 대신 logging 레벨로 운영 메시지를 남기는 코드를 읽는다.	"import logging\n\nlogging.basicConfig(level=logging.INFO)\nlogging.info(""harvest started"")\nlogging.warning(""source returned empty feed"")\nlogging.error(""curation failed"")"	warning 로그에 가장 가까운 의미는?	즉시 중단은 아니지만 주의가 필요한 상태	INFO는 일반 흐름, WARNING은 주의 상태, ERROR는 실패 상황에 가깝다. logging은 실행 중 일어난 일을 기록하는 방법이다. debug, info, warning, error처럼 수준을 나누어 기록하면 문제 원인을 찾기 쉬워진다. 따라서 반환/호출 결과는 ‘즉시 중단은 아니지만 주의가 필요한 상태’이다.	수집/큐레이션/학습 배치의 상태를 읽을 때 로그 레벨 구분이 중요하다.	meaning_choice	"[""import"",""logging"",""info"",""warning"",""error""]"
7	python_logging_monitoring_ops_v25.json	PY25_L07_try_except_log_001	try/except 로그 읽기	예외가 발생했을 때 오류를 기록하고 다시 던지는 구조를 이해한다.	"try:\n    run_job()\nexcept Exception:\n    logging.exception(""job failed"")\n    raise"	raise를 다시 쓰는 이유는?	오류를 기록한 뒤 실패를 상위로 전달하기 위해	except에서 logging.exception은 현재 exception message와 traceback을 기록하고 bare raise는 같은 exception을 상위 caller로 다시 전달한다. logging.error(..., e)만 쓰면 traceback이 빠져 원인 위치를 잃기 쉽다. 실제 log에는 token·password·개인정보가 섞이지 않게 정제하고, 처리할 수 없는 Exception을 잡는 경계를 최소화한다.	배치 실패를 조용히 무시하지 않게 만드는 기본 패턴이다.	meaning_choice	"[""try_except"",""logging"",""error_handling""]"
7	python_mobile_touch_responsive_ux_v54.json	PY54_L07_safe_area_001	safe area 읽기	모바일 기기의 노치나 하단 바를 피하는 safe area 개념을 이해한다.	.app {\n  padding-bottom: calc(16px + env(safe-area-inset-bottom, 0px));\n}	safe area를 고려하는 이유는?	노치나 홈 인디케이터에 UI가 가려지지 않게 하기 위해	safe-area inset을 기존 16px 여백에 더해 home indicator와 content가 겹치지 않게 한다. edge-to-edge 표시에는 viewport-fit=cover 등 platform 조건도 필요할 수 있고 env 미지원 fallback을 둔다. inset을 넣었다고 keyboard overlay까지 자동 해결되지는 않는다.	감사 v2에서 MOBILE_TOUCH_RESPONSIVE_UX가 0 hits였으므로, v54는 모바일 화면과 터치 조작에서 학습앱을 편하게 쓰게 하는 UX를 보강한다.	meaning_choice	"[""safe_area"",""mobile_viewport"",""PWA""]"
7	python_mobile_touch_responsive_ux_v54.json	PY54_L07_tap_target_spacing_001	tap target spacing 읽기	터치 대상 사이에 충분한 간격이 필요하다는 점을 이해한다.	.choice-button + .choice-button {\n  margin-top: 10px;\n}	tap target spacing의 목적은?	가까운 버튼을 실수로 잘못 누르는 일을 줄이기 위해	tap target spacing은 터치 대상 사이의 간격이다. 카드 선택지가 연속으로 배치되면 모바일에서는 간격이 좁아 오탭이 생기기 쉽다. 충분한 간격을 두면 손가락으로 누를 때 옆 선택지를 잘못 누르는 실수를 줄일 수 있다.	감사 v2에서 MOBILE_TOUCH_RESPONSIVE_UX가 0 hits였으므로, v54는 모바일 화면과 터치 조작에서 학습앱을 편하게 쓰게 하는 UX를 보강한다.	meaning_choice	"[""tap_target"",""spacing"",""mobile_ux""]"
7	python_mobile_touch_responsive_ux_v54.json	PY54_L07_touch_target_001	touch target 읽기	손가락으로 누르기 쉬운 버튼 크기를 확보하는 touch target 개념을 이해한다.	.choice-button {\n  min-height: 44px;\n  padding: 12px;\n}	touch target이 중요한 이유는?	손가락으로 버튼을 정확히 누르기 쉽게 하기 위해	min-height 44 CSS px와 padding은 선택지의 실제 hit area를 키우는 출발점이다. 폭, target 사이 간격, device pixel과 접근성 guideline을 함께 확인하고 실제 touch test를 한다. 시각적 button이 커 보여도 overlay나 작은 clickable child 때문에 hit area가 작을 수 있다.	감사 v2에서 MOBILE_TOUCH_RESPONSIVE_UX가 0 hits였으므로, v54는 모바일 화면과 터치 조작에서 학습앱을 편하게 쓰게 하는 UX를 보강한다.	meaning_choice	"[""touch_target"",""mobile_touch"",""button""]"
7	python_offline_first_sync_conflict_v61.json	PY61_L07_cache_strategy_001	cache strategy 읽기	데이터 성격에 따라 cache-first와 network-first 전략을 고르는 방식을 이해한다.	strategy = isStaticFile ? 'cache-first' : 'network-first'	cache strategy를 나누는 이유는?	파일 종류에 따라 최신성이나 속도 요구가 다르기 때문에	변경이 드문 앱 셸에는 cache-first, 최신성이 중요한 데이터에는 timeout과 fallback을 둔 network-first가 어울릴 수 있다. 그러나 파일 확장자만으로 전략을 고정하기보다 자료의 갱신 빈도와 오프라인 요구를 기준으로 정해야 한다. 어떤 전략이든 오래된 자료 표시, 캐시 만료, 요청 실패를 처리해야 한다.	감사 v2에서 OFFLINE_FIRST_CONFLICT_SYNC가 0 hits였으므로, v61은 오프라인 우선 저장, 동기화 큐, 충돌 해결, 클라우드 동기화 개념을 보강한다.	meaning_choice	"[""cache_strategy"",""network_first"",""cache_first""]"
7	python_offline_first_sync_conflict_v61.json	PY61_L07_service_worker_cache_001	service worker cache 읽기	서비스 워커가 앱 파일과 데이터 파일을 캐시에 저장해 오프라인을 돕는 방식을 이해한다.	cache.addAll(['/src/pwa/index.html', '/src/pwa/app.js'])	service worker cache의 역할은?	앱 파일을 캐시에 저장해 다시 빠르게 열 수 있게 한다	service worker의 Cache API는 앱 셸 같은 요청 응답을 저장해 오프라인 재실행을 돕는다. cache.addAll은 항목 하나라도 가져오지 못하면 전체 추가가 실패할 수 있으므로 설치 실패 처리도 필요하다. 캐시는 영구 저장이나 자동 최신화를 보장하지 않으므로 버전 교체와 오래된 캐시 정리 전략을 둔다.	감사 v2에서 OFFLINE_FIRST_CONFLICT_SYNC가 0 hits였으므로, v61은 오프라인 우선 저장, 동기화 큐, 충돌 해결, 클라우드 동기화 개념을 보강한다.	meaning_choice	"[""service_worker"",""cache"",""offline""]"
7	python_offline_first_sync_conflict_v61.json	PY61_L07_sync_queue_001	sync queue 읽기	오프라인 중 생긴 변경사항을 큐에 쌓았다가 온라인에서 보내는 sync queue를 이해한다.	syncQueue.push({ type: 'progress_update', payload })	sync queue의 목적은?	오프라인 중 발생한 변경사항을 나중에 서버와 맞추기 위해	sync queue는 오프라인 변경을 나중에 서버로 보내기 위한 목록이다. 예시의 메모리 배열만 쓰면 새로고침 때 사라질 수 있으므로 IndexedDB 같은 영속 저장소가 필요할 수 있다. 각 항목에 안정적인 작업 ID와 생성 순서를 두고, 성공 응답을 확인한 뒤에만 제거하며 실패는 제한된 backoff로 재시도한다.	감사 v2에서 OFFLINE_FIRST_CONFLICT_SYNC가 0 hits였으므로, v61은 오프라인 우선 저장, 동기화 큐, 충돌 해결, 클라우드 동기화 개념을 보강한다.	meaning_choice	"[""sync_queue"",""offline"",""retry""]"
7	python_packaging_env_dependencies_v27.json	PY27_L07_python_version_001	Python 버전 확인 명령 읽기	현재 실행 중인 Python 버전을 확인하는 명령을 이해한다.	python --version\npy -0p	py -0p 명령의 목적에 가장 가까운 것은?	설치된 Python 버전과 경로를 확인한다	Windows에서는 여러 Python 버전이 설치될 수 있어 실제 어떤 버전/경로를 쓰는지 확인하는 것이 중요하다. Python 버전 확인은 실행 환경 차이를 잡는 기본 점검이다. 같은 코드도 3.10, 3.11, 3.12에서 의존성이나 문법 지원이 다를 수 있다.	Fooocus, LoRA, FastAPI, PDF 처리 등 프로젝트별로 필요한 Python 버전이 다를 수 있다.	meaning_choice	"[""python"",""version"",""environment""]"
7	python_packaging_env_dependencies_v27.json	PY27_L07_venv_create_activate_001	venv 생성과 활성화 읽기	프로젝트별 독립 Python 환경을 만드는 명령을 읽는다.	python -m venv .venv\n.\.venv\Scripts\Activate.ps1	python -m venv .venv의 역할은?	현재 프로젝트에 가상환경 폴더를 만든다	python -m venv .venv는 선택한 Python으로 project-local environment를 만든다. activation은 현재 shell의 PATH 등을 바꿔 python과 pip가 그 environment를 가리키게 하는 편의 기능이지 필수는 아니다. .venv의 Python을 직접 호출할 수도 있고, venv 자체는 dependency version을 기록하지 않으므로 lock이나 requirement file이 별도로 필요하다.	LLM_Lora, FastAPI, PDF 추출, 학습 앱별 환경을 분리하는 기본이다.	meaning_choice	"[""venv"",""virtual_environment"",""activation""]"
7	python_performance_large_card_ux_v53.json	PY53_L07_empty_state_001	empty state 읽기	검색이나 필터 결과가 없을 때 안내 문구를 보여주는 empty state를 이해한다.	if (filteredCards.length === 0) {\n  showEmpty('조건에 맞는 카드가 없습니다')\n}	empty state의 역할은?	결과가 없는 상황을 사용자에게 명확히 알려준다	empty state는 검색 결과나 표시할 데이터가 없을 때 보여주는 안내 상태다. 아무것도 안 보이면 오류인지 결과 없음인지 구분하기 어렵다. 좋은 empty state는 사용자가 다음에 무엇을 하면 되는지 안내해 막힌 느낌을 줄인다. 따라서 정답은 ‘결과가 없는 상황을 사용자에게 명확히 알려준다’이다.	카드 수가 1000장을 넘었으므로, 이제 대량 카드 로딩/검색/렌더링 성능과 사용자 피드백이 중요하다.	meaning_choice	"[""empty_state"",""filtering"",""UX""]"
7	python_performance_large_card_ux_v53.json	PY53_L07_lazy_loading_001	lazy loading 읽기	필요한 시점에 데이터를 늦게 불러오는 lazy loading을 이해한다.	if (userOpensReviewTab) {\n  loadReviewCards()\n}	lazy loading의 장점은?	처음 화면을 빠르게 열고 필요한 데이터만 나중에 불러올 수 있다	review tab을 열 때만 관련 card를 load하면 초기 network와 parse 작업을 미룰 수 있다. click이 반복될 때 중복 요청을 합치고 loading, error, retry, cancellation과 prefetch 정책을 설계한다. 늦게 load하는 비용이 사라지는 것이 아니라 사용자 flow의 다른 시점으로 이동한다.	카드 수가 1000장을 넘었으므로, 이제 대량 카드 로딩/검색/렌더링 성능과 사용자 피드백이 중요하다.	meaning_choice	"[""lazy_loading"",""load_timing"",""performance""]"
7	python_performance_large_card_ux_v53.json	PY53_L07_loading_indicator_001	loading indicator 읽기	데이터를 불러오는 동안 사용자가 상태를 알 수 있게 표시하는 UI를 이해한다.	showLoading('카드를 불러오는 중입니다');\ntry {\n  await loadCards();\n} finally {\n  hideLoading();\n}	loading indicator가 필요한 이유는?	앱이 멈춘 것이 아니라 작업 중임을 알려주기 위해	loading indicator는 비동기 작업 중임을 알려 준다. loadCards가 실패해도 finally에서 indicator를 닫고 별도 error·retry UI를 보여야 무한 loading처럼 보이지 않는다. screen reader에는 busy state와 status announcement도 제공한다.	카드 수가 1000장을 넘었으므로, 이제 대량 카드 로딩/검색/렌더링 성능과 사용자 피드백이 중요하다.	meaning_choice	"[""loading_indicator"",""feedback"",""UX""]"
7	python_powershell_automation_reliable_scripts_v45.json	PY45_L07_avoid_nested_herestring_001	중첩 here-string 피하기	here-string을 중첩하면 내용이 꼬일 수 있다는 점을 이해한다.	# safer\n@'\npython code here\n'@ | Set-Content script.py -Encoding UTF8\npython script.py	긴 스크립트에서 중첩 here-string을 피하는 이유는?	끝나는 경계가 꼬이면 엉뚱한 코드가 실행될 수 있기 때문	here-string delimiter와 같은 독립 줄이 내용 안에 나타나면 block이 예상보다 일찍 끝나거나 parse error가 날 수 있다. 긴 code를 여러 quoting layer 안에 중첩할수록 경계를 검토하기 어렵다. 가능한 한 source file을 직접 관리하거나 고유한 임시 파일과 명시적 argument 전달을 사용한다.	v41 초기에 다른 프로젝트 코드가 실행된 원인이 이런 계열의 실수였다.	meaning_choice	"[""comment"",""here_string"",""nesting_bug"",""script_safety""]"
7	python_powershell_automation_reliable_scripts_v45.json	PY45_L07_here_string_001	PowerShell here-string 읽기	PowerShell에서 여러 줄 텍스트를 파일로 저장하는 here-string을 이해한다.	@'\nhello\nworld\n'@ | Set-Content -Path out.txt -Encoding UTF8	here-string을 쓰는 이유는?	여러 줄 문자열을 그대로 파일이나 파이프에 넘기기 위해	@' ... '@는 interpolation을 하지 않는 single-quoted here-string이라 여러 줄 text를 거의 그대로 pipeline에 전달한다. opening marker 뒤와 closing marker 앞의 newline도 내용 규칙에 영향을 주며 closing '@는 독립된 줄의 시작에 있어야 한다. 외부 입력을 code로 넣어 실행하면 안전해지는 문법은 아니다.	v41 이후 임시 Python 파일을 만들 때 here-string을 사용했다.	meaning_choice	"[""here_string"",""PowerShell"",""multiline_text""]"
7	python_powershell_automation_reliable_scripts_v45.json	PY45_L07_remove_variable_001	Remove-Variable 읽기	PowerShell 세션에 남아 있는 변수를 지우는 이유를 이해한다.	Remove-Variable py -ErrorAction SilentlyContinue\nRemove-Variable cards -ErrorAction SilentlyContinue	stale variable이 위험한 이유는?	이전 작업의 값이 남아 엉뚱한 코드가 실행될 수 있기 때문	Remove-Variable은 현재 scope의 이름을 지우지만 SilentlyContinue는 실패를 숨기고 다른 scope의 값이나 environment state까지 초기화하지 않는다. 신뢰할 수 있는 automation은 대화형 session의 잔여 변수 정리에 의존하지 말고 새 process·script scope, Set-StrictMode, 명시적 초기화를 사용해야 한다.	v41 문제 확인 때 py, cards 변수를 먼저 제거하고 상태를 점검했다.	meaning_choice	"[""Remove-Variable"",""stale_variable"",""PowerShell_state""]"
7	python_practical_expansion_v2.json	PY2_L07_logging_basic_001	logging.info() 읽기	INFO 수준의 로그 레코드를 로깅 시스템에 전달하는 코드를 읽는다.	"import logging\n\nlogging.info(""harvest started"")"	logging.info는 무엇에 가까운가?	INFO 수준 로그 기록을 요청한다	logging.info는 INFO 수준의 메시지를 로깅 시스템에 전달한다. 실제로 화면이나 파일에 남는지는 로그 수준과 handler 설정에 달려 있다. 파이썬의 기본 root logger 수준은 WARNING이므로 이 두 줄만 실행하면 INFO 메시지는 보통 표시되지 않는다. 예를 들어 logging.basicConfig(level=logging.INFO)를 먼저 설정해야 화면에 보이게 할 수 있으며, 파일 저장도 별도 handler가 필요하다.	긴 배치나 서버 실행 상태를 추적할 때 중요하다.	meaning_choice	"[""import"",""logging"",""log"",""batch""]"
7	python_practical_expansion_v2.json	PY2_L07_requests_get_001	requests.get() API 호출 읽기	requests.get(url)이 외부 주소로 요청을 보내는 코드임을 읽는다.	"import requests\n\nresponse = requests.get(""https://example.com/api/items"")\nprint(response.status_code)"	이 코드는 무엇을 하는가?	API 주소로 GET 요청을 보낸다	requests.get은 지정한 URL로 HTTP GET 요청을 보내고 응답 객체를 반환한다. 이 코드는 요청이 끝난 뒤 response.status_code를 출력한다. 상태 코드뿐 아니라 응답 본문과 예상 형식도 확인해야 하며, 네트워크 오류는 예외가 될 수 있다. 현재 호출에는 timeout이 없으므로 실제 서비스 코드에서는 제한 시간을 지정했는지도 확인해야 한다.	외부 API나 수집 대상에서 데이터를 가져올 때 쓰인다.	meaning_choice	"[""import"",""print"",""requests"",""api"",""http"",""get""]"
7	python_practical_expansion_v2.json	PY2_L07_response_json_001	response.json() 읽기	API 응답 본문을 JSON 자료구조로 바꾸는 코드를 읽는다.	"response = requests.get(url)\ndata = response.json()\nprint(data[""items""])"	response.json()은 무엇을 하는가?	JSON 응답 본문을 파이썬 값으로 파싱한다	response.json()은 응답 본문을 JSON으로 해석해 dict, list, 문자열, 숫자 같은 대응하는 파이썬 값으로 만든다. 이 예제는 결과가 dict이고 items key가 있다는 전제에서 data['items']를 읽는다. 본문이 올바른 JSON이 아니면 파싱 예외가 나며, 이 메서드만으로 HTTP 성공 여부나 필요한 key의 존재까지 검증되지는 않는다.	API 기반 하베스트와 데이터 수집 코드에서 자주 나온다.	meaning_choice	"[""print"",""requests"",""json"",""api""]"
7	python_practical_expansion_v2.json	PY2_L07_status_code_001	status_code 읽기	HTTP 응답 상태코드로 성공/실패를 판단하는 구조를 읽는다.	"response = requests.get(url)\n\nif response.status_code == 200:\n    print(""success"")\nelse:\n    print(""failed"")"	200은 보통 무엇을 의미하는가?	요청 성공	HTTP status code는 요청 결과를 숫자로 알려준다. 200은 일반적으로 성공을 뜻하므로, 응답을 처리해도 되는지 판단할 때 쓴다. 다만 200이어도 응답 내용이 기대한 JSON인지 따로 확인해야 안전한 API 처리가 된다.	크롤링, API 호출, 서버 상태 점검에서 기본이다.	meaning_choice	"[""if"",""else"",""print"",""http"",""status_code"",""api""]"
7	python_progress_score_mistake_note_v50.json	PY50_L07_mistake_note_001	mistake note 읽기	틀린 카드와 해설을 오답노트로 다시 보여주는 구조를 이해한다.	mistake_note = [\n    {**row, 'card': cards_by_id[row['card_id']]}\n    for row in history\n    if row.get('correct') is False and row['card_id'] in cards_by_id\n]	mistake note에 가장 알맞은 데이터는?	틀린 카드, 선택한 답, 정답, 해설	history에서 명시적으로 틀린 기록만 고르고 card_id로 현재 card metadata를 연결해야 선택한 답, 정답, 해설을 화면에 보여 줄 수 있다. 원래 filter만으로는 history에 들어 있지 않은 해설이 자동 생기지 않는다. 삭제되거나 version이 바뀐 card의 fallback도 필요하다.	v49의 복습 알고리즘 다음 단계로, 실제 학습 진도와 오답 기록을 저장하는 기능 설계와 연결된다.	meaning_choice	"[""mistake_note"",""wrong_answer"",""review""]"
7	python_progress_score_mistake_note_v50.json	PY50_L07_retry_wrong_card_001	retry wrong card 읽기	틀린 카드만 다시 풀도록 복습 큐를 만드는 방식을 읽는다.	retry_queue = [card_id for card_id, row in progress.items() if row['last_correct'] == False]	retry wrong card 기능의 목적은?	최근 틀린 카드만 다시 풀게 하기 위해	last_correct가 false인 card ID를 모으면 최근 오답 queue를 만들 수 있다. 즉시 같은 문항만 반복하면 답 위치를 외우는 착각이 생길 수 있으므로 설명·유사 문제 뒤에 간격을 두고 재시도하는 선택도 제공한다. last_correct field 누락과 중복 ID를 처리해야 한다.	v49의 복습 알고리즘 다음 단계로, 실제 학습 진도와 오답 기록을 저장하는 기능 설계와 연결된다.	meaning_choice	"[""retry"",""wrong_card"",""review_queue""]"
7	python_progress_score_mistake_note_v50.json	PY50_L07_wrong_answer_log_001	wrong answer log 읽기	오답 기록이 약점 복습과 재시도 기능으로 이어지는 흐름을 읽는다.	if not correct:\n    wrong_log.append({'card_id': card_id, 'selected': selected, 'answer': answer})	wrong answer log의 역할은?	틀린 문제를 나중에 다시 볼 수 있게 기록한다	오답 log는 card_id, 선택값, 당시 정답과 timestamp를 남겨 재검토와 분석에 쓴다. card 내용이 나중에 바뀔 수 있으므로 card version 또는 prompt snapshot을 연결해야 당시 판정을 재현할 수 있다. 개인 학습 data이므로 최소 수집과 보존 기간도 정한다.	v49의 복습 알고리즘 다음 단계로, 실제 학습 진도와 오답 기록을 저장하는 기능 설계와 연결된다.	meaning_choice	"[""if"",""wrong_answer_log"",""mistake"",""learning_feedback""]"
7	python_project_expansion_v6.json	PY6_L07_count_by_level_001	레벨별 카드 수 집계 읽기	카드 배열에서 level별 개수를 세는 코드를 읽는다.	"def count_by_level(cards):\n    counts = {}\n    for card in cards:\n        level = card[""level""]\n        counts[level] = counts.get(level, 0) + 1\n    return counts"	counts dict의 key는 무엇인가?	level	각 card의 level 값을 counts의 key로 사용한다. 처음 보는 level은 counts.get(level, 0)이 0을 주어 1부터 시작하고, 다시 나오면 기존 개수에 1을 더한다. 반환값은 {level: 카드 수} 형태다. level key가 없는 카드에서는 대괄호 접근 때문에 KeyError가 나므로 대량 데이터 집계 전 스키마 검증이 필요하다.	현재 앱 진행현황/목차 통계를 이해하는 데 연결된다.	meaning_choice	"[""for"",""def"",""function"",""return"",""aggregation"",""dict"",""level""]"
7	python_project_expansion_v6.json	PY6_L07_error_parse_001	에러 로그 분류 읽기	로그 한 줄에서 에러 유형을 분류하는 코드를 읽는다.	"def parse_error_line(line):\n    if ""FileNotFoundError"" in line:\n        return ""missing_file""\n    if ""Timeout"" in line:\n        return ""timeout""\n    return ""unknown"""	Timeout이 포함되면 결과는?	timeout	"line에 ""Timeout""이 있고 앞의 ""FileNotFoundError"" 조건은 거짓이면 두 번째 분기에서 ""timeout""을 반환한다. 두 문자열이 모두 있으면 첫 return이 먼저 실행돼 missing_file이 된다는 순서도 중요하다. 이 방식은 대소문자와 정확한 문구에 의존하는 단순 분류이므로 실제 로그에서는 예외 타입·구조화 필드·우선순위 규칙을 함께 쓰는 편이 안정적이다."	긴 실행 로그에서 실패 원인을 자동 분류하는 데 연결된다.	meaning_choice	"[""if"",""def"",""function"",""return"",""error"",""log"",""classification""]"
7	python_project_expansion_v6.json	PY6_L07_find_card_001	id로 카드 찾기	리스트에서 특정 id를 가진 항목을 찾는 흐름을 읽는다.	"def find_card(cards, card_id):\n    for card in cards:\n        if card[""id""] == card_id:\n            return card\n    return None"	카드를 못 찾으면 무엇을 반환하는가?	None	"카드를 앞에서부터 하나씩 확인하다가 card[""id""] == card_id인 첫 항목을 만나면 즉시 그 dict를 반환한다. 끝까지 일치가 없을 때만 마지막 return None에 도달한다. 이는 dict key로 바로 찾는 hash lookup이 아니라 선형 탐색이므로 카드가 많고 조회가 잦다면 id→card 인덱스를 미리 만드는 방법도 고려할 수 있다."	앱에서 현재 카드/관련 카드/메모 대상을 찾는 흐름과 연결된다.	meaning_choice	"[""if"",""def"",""function"",""return"",""search"",""for"",""id""]"
7	python_project_expansion_v6.json	PY6_L07_import_path_001	모듈 import 경로 읽기	폴더 구조와 import 경로의 관계를 읽는다.	"from app.services.search import search_docs\n\nresults = search_docs(""LiDAR"")\nprint(len(results))"	search_docs는 어디서 가져오는가?	app/services/search.py 쪽 모듈	app.services.search는 보통 app/services/search.py 모듈이나 app/services/search 패키지를 가리키고, 마지막 search_docs는 그 모듈에서 가져올 이름이다. 이 import가 성공하려면 app 패키지의 상위 폴더가 Python의 모듈 검색 경로에 있어야 하고 search_docs가 실제로 정의돼 있어야 한다. 단순히 현재 폴더만 보고 경로를 확정하지 말고 프로젝트 실행 방식과 package 구조를 함께 확인해야 한다.	여러 파일로 나뉜 앱에서 기능 위치를 추적하는 기본 능력이다.	meaning_choice	"[""print"",""import"",""module"",""package""]"
7	python_project_structure_imports_v18.json	PY18_L07_init_py_001	__init__.py 역할 읽기	폴더가 Python 패키지로 다뤄지는 구조를 이해한다.	src/\n  app/\n    __init__.py\n    pipeline.py\n    config.py	__init__.py가 있는 app 폴더는 무엇으로 다뤄질 수 있는가?	Python 패키지	__init__.py가 있는 디렉터리는 일반 Python package로 import할 수 있다. 이 파일에는 package 초기화 코드나 외부에 공개할 이름을 둘 수도 있지만 비어 있어도 된다. 현대 Python은 __init__.py가 없는 namespace package도 지원하므로, 모든 import 가능한 package에 이 파일이 반드시 필요하다는 뜻은 아니다.	프로젝트 구조에서 import가 왜 되는지 추적할 때 확인하는 파일이다.	meaning_choice	"[""__init__"",""package"",""import""]"
7	python_project_structure_imports_v18.json	PY18_L07_main_guard_001	if __name__ == '__main__' 읽기	파일을 직접 실행할 때만 main이 실행되는 패턴을 읽는다.	"def main():\n    print(""run pipeline"")\n\nif __name__ == ""__main__"":\n    main()"	이 구조의 의미는?	이 파일을 직접 실행할 때 main()을 실행한다	__name__은 직접 실행 시 '__main__'이 된다. import될 때는 보통 모듈 이름이 들어간다. if __name__ == '__main__'은 파일을 직접 실행할 때만 특정 코드를 돌리게 한다. import될 때 실행되면 안 되는 테스트나 CLI 코드를 보호한다.	scripts/run_pipeline.py 같은 실행용 파일을 읽는 핵심 패턴이다.	meaning_choice	"[""if"",""def"",""function"",""print"",""entrypoint"",""main_guard"",""script""]"
7	python_project_structure_imports_v18.json	PY18_L07_relative_import_001	상대 import 읽기	같은 패키지 안의 모듈을 상대 경로로 가져오는 코드를 읽는다.	# src/app/pipeline.py\nfrom .config import SETTINGS\nfrom .loader import load_documents	from .config import SETTINGS에서 점(.)은 무엇을 뜻하는가?	현재 패키지 안의 config 모듈	relative import에서 .은 현재 패키지를 뜻한다. 같은 패키지 안의 모듈을 기준 위치에서 불러올 때 사용한다. 상대 import는 현재 패키지 위치를 기준으로 다른 모듈을 가져오는 방식이다. 직접 실행할 때와 패키지로 실행할 때 동작이 달라질 수 있다.	src/app처럼 패키지로 구성된 코드에서 모듈 간 연결을 읽는 데 필요하다.	meaning_choice	"[""comment"",""import"",""relative_import"",""package"",""module""]"
7	python_pwa_install_update_ux_v51.json	PY51_L07_appinstalled_001	appinstalled 이벤트 읽기	PWA 설치가 완료됐을 때 UI 상태를 바꾸는 흐름을 이해한다.	window.addEventListener('appinstalled', () => {\n  installButton.hidden = true\n})	appinstalled 이벤트 후 자연스러운 동작은?	설치 버튼을 숨기거나 설치 완료 상태로 바꾼다	appinstalled는 사용자가 PWA 설치를 완료했을 때 발생하는 이벤트다. 이미 설치된 사용자에게 계속 설치 버튼을 보여주지 않도록 처리할 수 있다. 설치 완료 상태를 저장하면 이후 UI에서 설치 유도 대신 실행 안내를 보여 줄 수 있다.	v50에서 학습 진도 저장을 다뤘으므로, v51은 PWA 설치와 업데이트 과정에서 사용자가 혼란 없이 최신 앱을 쓰게 하는 UX와 연결된다.	meaning_choice	"[""appinstalled"",""PWA_install"",""installed_state""]"
7	python_pwa_install_update_ux_v51.json	PY51_L07_deferred_prompt_001	deferred prompt 읽기	설치 이벤트를 변수에 저장했다가 사용자가 버튼을 누를 때 실행하는 흐름을 이해한다.	installButton.onclick = async () => {\n  if (!deferredPrompt) return;\n  deferredPrompt.prompt();\n  await deferredPrompt.userChoice;\n  deferredPrompt = null;\n};	deferred prompt를 쓰는 이유는?	사용자가 설치 버튼을 눌렀을 때 설치 안내를 보여주기 위해	저장된 event가 있을 때 사용자 click에서 prompt를 요청하고 userChoice가 끝난 뒤 참조를 지운다. 같은 BeforeInstallPromptEvent는 재사용할 수 없으므로 새 event 전까지 버튼을 숨긴다. prompt 호출이 설치 성공을 뜻하지 않으며 사용자는 거절할 수 있다.	v50에서 학습 진도 저장을 다뤘으므로, v51은 PWA 설치와 업데이트 과정에서 사용자가 혼란 없이 최신 앱을 쓰게 하는 UX와 연결된다.	meaning_choice	"[""deferred_prompt"",""PWA_install"",""event_state""]"
7	python_pwa_install_update_ux_v51.json	PY51_L07_update_available_banner_001	update available banner 읽기	새 버전이 있을 때 사용자에게 업데이트 가능 배너를 보여주는 UX를 이해한다.	if (newVersionFound) {\n  showBanner('새 버전이 있습니다')\n}	update available banner의 목적은?	새 버전이 있음을 사용자에게 알려주기 위해	update available banner는 새 버전이 준비됐음을 알려주는 안내 UI다. PWA는 캐시 때문에 오래된 앱이 보일 수 있어 업데이트 안내가 필요하다. 따라서 정답은 ‘새 버전이 있음을 사용자에게 알려주기 위해’이다.	v50에서 학습 진도 저장을 다뤘으므로, v51은 PWA 설치와 업데이트 과정에서 사용자가 혼란 없이 최신 앱을 쓰게 하는 UX와 연결된다.	meaning_choice	"[""update_banner"",""PWA_update"",""version_notice""]"
7	python_realworld_expansion_v8.json	PY8_L07_appjs_current_card_001	현재 카드 함수 읽기	배열과 인덱스로 현재 학습 카드를 가져오는 코드를 읽는다.	function getCurrentCard() {\n  return cards[currentIndex];\n}	cards에 요소가 있고 currentIndex가 0이면 무엇을 반환하는가?	첫 번째 카드	JavaScript 배열의 첫 인덱스는 0이므로 cards[0]은 첫 번째 요소다. 이 함수는 currentIndex의 값을 그대로 대괄호 접근에 사용한다. 따라서 cards가 비어 있거나 currentIndex가 범위를 벗어나면 첫 카드가 아니라 undefined를 반환하며, 범위 검사나 기본값 처리는 이 함수에 없다.	학습 앱에서 이전/다음 이동을 이해하는 기본 흐름이다.	meaning_choice	"[""return"",""javascript"",""array"",""index""]"
7	python_realworld_expansion_v8.json	PY8_L07_js_includes_001	includes 조건 읽기	배열 안에 특정 값이 포함되는지 확인하는 코드를 읽는다.	"const isGeneral = [""language"", ""cs_basic"", ""ai_basic""].includes(sc.type);"	sc.type이 ai_basic이면 isGeneral은?	true	includes는 배열 안에 특정 값이 들어 있는지 확인한다. ai_basic이 배열 안에 있으면 true가 되어 해당 조건 분기로 들어갈 수 있다. 문자열 비교가 정확해야 하므로 type 값의 오타나 대소문자 차이도 함께 확인해야 한다.	사이드카드 노출 조건을 읽는 데 직접 연결된다.	meaning_choice	"[""javascript"",""includes"",""array""]"
7	python_realworld_expansion_v8.json	PY8_L07_powershell_json_validate_001	PowerShell JSON 검증 읽기	JSON 파일을 읽어 파싱 가능한지 검증하는 명령을 읽는다.	Get-Content $lessonPath -Raw -Encoding UTF8 | ConvertFrom-Json | Out-Null	ConvertFrom-Json이 실패하면 무엇을 의심할 수 있는가?	JSON 문법 또는 인코딩 문제	파이프라인은 Get-Content가 파일 전체를 문자열로 읽고, ConvertFrom-Json이 그 문자열을 JSON 값으로 파싱한 뒤, Out-Null이 성공 결과의 표시만 버리는 순서다. ConvertFrom-Json 단계의 파싱 오류라면 잘못된 JSON 문법이나 입력 문자열의 인코딩 흔적을 점검한다. 다만 경로 없음·읽기 권한 같은 Get-Content 오류도 파이프라인을 실패시킬 수 있으므로 실제 오류 메시지와 실패한 단계를 먼저 구분해야 한다.	카드 파일 대량 생성 후 검증하는 기본 명령이다.	meaning_choice	"[""powershell"",""json"",""validation""]"
7	python_realworld_expansion_v8.json	PY8_L07_powershell_select_string_001	Select-String 검색 읽기	파일에서 특정 문자열과 주변 줄을 찾는 명령을 읽는다.	"Select-String -Path $appPath -Pattern ""lessonFiles|python_realworld"" -Context 0,5"	-Context 0,5는 매칭 결과 주변의 몇 줄을 보여 주는가?	매칭 줄 뒤 5줄도 보여줌	Select-String의 -Pattern은 기본적으로 정규식이며, lessonFiles|python_realworld는 두 표현 중 하나에 매칭한다. -Context의 첫 수는 매칭 전 줄 수, 둘째 수는 매칭 후 줄 수이므로 0,5는 앞줄 없이 매칭 줄과 그 뒤 최대 5줄을 함께 보여 준다. 파일 끝에 가까우면 뒤쪽 줄은 5개보다 적을 수 있다.	app.js에 lesson 파일이 잘 연결됐는지 확인할 때 쓰인다.	meaning_choice	"[""powershell"",""search"",""regex""]"
7	python_realworld_expansion_v8.json	PY8_L07_utf8_bom_error_001	UTF-8 BOM 오류 읽기	JSON 검증 중 BOM 때문에 파서가 실패한 로그를 읽는다.	Unexpected UTF-8 BOM (decode using utf-8-sig): line 1 column 1 (char 0)	해결 방향에 가까운 것은?	utf-8-sig로 읽거나 BOM 없는 UTF-8로 저장	UTF-8 BOM은 파일 맨 앞에 놓일 수 있는 바이트 표시이며, 오류의 line 1 column 1은 파서가 첫 위치의 BOM을 JSON 내용으로 받아들이지 못했음을 가리킨다. Python에서 파일을 열 때 encoding='utf-8-sig'를 지정하면 디코더가 시작 BOM을 소비한다. utf-8-sig는 별도 모듈 이름이 아니라 인코딩 이름이다. 또는 파일을 BOM 없는 UTF-8로 다시 저장하되, 내용의 JSON 문법도 별도로 유효해야 한다.	PowerShell Set-Content와 JSON 검증에서 실제로 겪은 유형이다.	meaning_choice	"[""encoding"",""utf8"",""bom"",""json""]"
7	python_refactoring_maintainability_v40.json	PY40_L07_duplicate_code_001	duplicate code 읽기	반복 코드가 왜 유지보수 위험을 높이는지 이해한다.	validateLesson(v38)\nvalidateLesson(v39)\nvalidateLesson(v40)	반복 코드의 위험은?	한 곳만 고치고 다른 곳을 놓칠 수 있다	같은 규칙이 여러 곳에 복사되면 한 군데만 수정해 동작이 어긋날 위험이 있다. 정말 같은 이유로 함께 변해야 하는 로직이면 공통 함수가 수정 지점을 줄인다. 겉모양만 비슷하고 앞으로 독립적으로 변할 코드까지 성급히 묶으면 잘못된 abstraction이 되므로 변경 이유를 먼저 비교한다.	검증 루틴이나 lessonFiles 추가 로직이 반복될 때 함수화 후보가 된다.	meaning_choice	"[""duplicate_code"",""DRY"",""maintenance""]"
7	python_refactoring_maintainability_v40.json	PY40_L07_function_extraction_001	function extraction 읽기	반복되는 코드를 함수로 뽑아내는 이유를 이해한다.	before:\n  check duplicate ids here\n  check duplicate ids there\n\nafter:\n  function checkDuplicateIds(cards)	function extraction의 장점은?	같은 로직을 한 함수로 재사용할 수 있다	function extraction은 긴 코드에서 의미 있는 부분을 함수로 뽑아 이름을 붙이는 리팩터링이다. 이름이 생기면 읽기 쉽고 수정 위치도 줄어든다. 추출한 함수가 한 가지 책임만 가지면 테스트와 재사용도 쉬워진다. 따라서 정답은 ‘같은 로직을 한 함수로 재사용할 수 있다’이다.	ANSWER NOT IN CHOICES 검증 같은 로직은 재사용 함수로 만들기 좋다.	meaning_choice	"[""function_extraction"",""refactoring"",""reuse""]"
7	python_resume_safe_pipeline_checkpoint_v46.json	PY46_L07_done_marker_001	done marker 읽기	작업 완료를 별도 marker로 표시하는 이유를 이해한다.	output.jsonl\noutput.done	output.done 같은 done marker를 따로 두는 이유는?	출력 파일이 존재하는 것과 정상 완료를 구분하기 위해	output 존재만으로는 완성을 알 수 없으므로 검증된 완료 상태를 별도 marker로 표현한다. marker에는 output hash·row count·version을 연결하고 output을 durable하게 닫은 뒤 atomic하게 publish해야 한다. 빈 output.done 파일만 따로 생기면 stale marker가 될 수 있다.	node_pass output이 존재한다고 바로 완료로 보면 partial output 위험이 생긴다.	meaning_choice	"[""done_marker"",""completion_flag"",""job_status""]"
7	python_resume_safe_pipeline_checkpoint_v46.json	PY46_L07_output_exists_skip_risk_001	output exists skip 위험 읽기	파일 존재만으로 skip하는 방식의 위험을 이해한다.	if output_path.exists():\n    skip_job()  # risky	이 skip 방식이 위험한 이유는?	깨진 출력이나 일부 출력도 완료로 착각할 수 있기 때문	skip 조건은 파일 존재가 아니라 검증 통과나 done marker 기준이어야 안전하다. output exists skip은 결과 파일이 있다는 이유만으로 작업을 건너뛰는 위험을 말한다. 파일이 완성본인지, 중간에 깨진 출력인지 검증해야 한다. 따라서 정답은 ‘깨진 출력이나 일부 출력도 완료로 착각할 수 있기 때문’이다.	이전에 '이미 아웃풋 있다고 스킵하면 안 됨'이라고 점검한 문제와 연결된다.	meaning_choice	"[""if"",""output_exists"",""skip_risk"",""validation""]"
7	python_resume_safe_pipeline_checkpoint_v46.json	PY46_L07_partial_output_001	partial output 읽기	중간에 끊긴 출력 파일이 정상 결과처럼 보일 수 있음을 이해한다.	result.jsonl exists\nbut only 57 / 200 rows written	partial output이 위험한 이유는?	파일은 있어도 결과가 끝까지 쓰이지 않았을 수 있기 때문	partial output은 작업이 중간에 끊겨 일부만 저장된 산출물이다. 파일 존재 여부만 보면 완료 파일로 오해할 수 있어 내용 검증이 필요하다. 완료 플래그나 검증 통과 기록을 함께 저장하면 중간 산출물과 최종 산출물을 구분하기 쉽다. 따라서 정답은 ‘파일은 있어도 결과가 끝까지 쓰이지 않았을 수 있기 때문’이다.	AWS/로컬 shard가 중간에 멈췄을 때 output exists skip만 쓰면 누락이 생길 수 있다.	meaning_choice	"[""partial_output"",""incomplete_file"",""crash""]"
7	python_search_embedding_rag_flow_v43.json	PY43_L07_embedding_vector_001	embedding vector 읽기	문장을 숫자 벡터로 바꾸어 의미 검색에 쓰는 흐름을 이해한다.	text = 'RAG retrieves evidence before answering'\nvector = embedding_model.encode(text)	embedding vector는 무엇에 가까운가?	텍스트 의미를 숫자 배열로 표현한 것	embedding model은 text를 학습된 숫자 vector로 encode한다. 비슷한 학습 패턴의 text가 선택한 metric에서 가까워지도록 만들어 의미 검색에 유용하지만, 모든 의미·사실·언어에서 가까움을 보장하지 않는다. model과 version이 바뀌면 document와 query vector를 같은 공간에서 다시 맞춰야 한다.	노드 설명, 문서 chunk, 사용자 질문을 벡터로 바꿔 유사한 근거를 찾을 수 있다.	meaning_choice	"[""embedding"",""vector"",""semantic_search""]"
7	python_search_embedding_rag_flow_v43.json	PY43_L07_keyword_search_001	keyword search 읽기	키워드 기반 검색이 단어 일치를 중심으로 작동한다는 점을 이해한다.	if 'embedding' in document_text:\n    candidates.append(document)	keyword search가 강한 경우는?	정확한 용어, 코드명, 파일명, 문서명이 중요할 때	이 코드는 document_text 안에 소문자 문자열 embedding이 연속 부분 문자열로 있는지 case-sensitive하게 확인한다. token 경계, 활용형, 대문자 Embedding은 처리하지 않는다. 정확한 오류문·ID에는 keyword search가 강하지만 실제 검색기는 tokenizer, normalization, ranking 규칙을 명시해야 한다.	doc_id, node_id, 파일명, 표준 문서명처럼 정확한 이름을 찾을 때 유용하다.	meaning_choice	"[""if"",""keyword_search"",""term_match"",""BM25""]"
7	python_search_embedding_rag_flow_v43.json	PY43_L07_vector_search_topk_001	vector search top_k 읽기	벡터 검색에서 top_k가 상위 몇 개 후보를 가져오는 값임을 이해한다.	results = vector_db.search(query_vector, top_k=5)	RAG 후보 검색에서 top_k=5의 의미는?	가장 가까운 후보 5개를 가져온다	top_k=5는 index가 사용하는 거리·유사도와 filter 기준에 따라 가장 높은 순위 후보를 최대 5개 요청한다. approximate index라면 전역적으로 정확한 최근접 5개가 아닐 수 있고 결과가 5개보다 적을 수도 있다. k는 retrieval recall, latency, reranking·context 예산으로 평가해 정한다.	RAG에서 너무 적게 가져오면 근거가 빠지고, 너무 많이 가져오면 context가 지저분해질 수 있다.	meaning_choice	"[""vector_search"",""top_k"",""nearest_neighbors""]"
7	python_tag_filter_advanced_search_v55.json	PY55_L07_clear_filter_001	clear filter 읽기	필터를 한 번에 초기화하는 clear filter UX를 이해한다.	clearButton.onclick = () => {\n  filterState = structuredClone(defaultFilterState);\n  syncUrlAndRender(filterState);\n};	clear filter 버튼의 목적은?	적용된 검색과 필터 조건을 기본값으로 되돌리기 위해	default object의 새 copy로 state를 초기화해 이후 mutation이 기본값 자체를 바꾸지 않게 한다. state만 대입하고 끝내지 말고 URL, control value와 결과 rendering을 같은 값으로 동기화해야 화면과 실제 filter가 일치한다.	감사 v2에서 TAG_FILTER_ADVANCED_SEARCH가 0 hits였으므로, v55는 대량 카드 학습앱에서 원하는 카드를 빠르게 찾는 검색/필터 UX를 보강한다.	meaning_choice	"[""clear_filter"",""reset"",""UX""]"
7	python_tag_filter_advanced_search_v55.json	PY55_L07_filter_state_001	filter state 읽기	현재 선택된 검색/필터 조건을 상태로 저장하는 방식을 이해한다.	filterState = {\n  query: 'json',\n  levelMin: 7,\n  concept: 'validation'\n}	filter state에 들어갈 수 있는 값은?	검색어, 최소 난이도, 선택한 concept	filter state는 현재 어떤 필터 조건이 켜져 있는지 저장한 상태값이다. 상태가 명확해야 화면 표시와 검색 결과가 일관되게 움직인다. 필터 상태를 URL이나 저장소와 연결하면 새로고침 후에도 같은 검색 조건을 복원할 수 있다. 따라서 정답은 ‘검색어, 최소 난이도, 선택한 concept’이다.	감사 v2에서 TAG_FILTER_ADVANCED_SEARCH가 0 hits였으므로, v55는 대량 카드 학습앱에서 원하는 카드를 빠르게 찾는 검색/필터 UX를 보강한다.	meaning_choice	"[""filter_state"",""UI_state"",""search""]"
7	python_tag_filter_advanced_search_v55.json	PY55_L07_multi_filter_001	multi filter 읽기	검색어, level, concept를 함께 적용하는 multi filter를 이해한다.	filtered = cards\n  .filter(matchQuery)\n  .filter(matchLevel)\n  .filter(matchConcept)	multi filter가 필요한 이유는?	여러 조건을 동시에 적용해 원하는 카드를 좁히기 위해	예를 들어 level 8 이상이면서 validation 개념이 들어간 카드만 볼 수 있다. multi filter는 여러 조건을 동시에 적용해 목록을 좁히는 기능이다. 태그, 난이도, 키워드 조건이 AND인지 OR인지 확인해야 결과를 이해할 수 있다.	감사 v2에서 TAG_FILTER_ADVANCED_SEARCH가 0 hits였으므로, v55는 대량 카드 학습앱에서 원하는 카드를 빠르게 찾는 검색/필터 UX를 보강한다.	meaning_choice	"[""multi_filter"",""combined_filter"",""search""]"
7	python_tests_regression_quality_gate_v47.json	PY47_L07_golden_file_001	golden file 읽기	정답 기준 파일과 실제 출력을 비교하는 golden file 테스트를 이해한다.	expected = read('golden.json')\nactual = build_output()\nassert actual == expected	golden file의 역할은?	기대 출력의 기준값으로 실제 결과와 비교한다	golden file은 의도적으로 승인한 기대 output의 exact 기준이다. 차이가 나면 regression일 수도 있고 올바른 요구사항 변경일 수도 있으므로 diff를 사람이 검토한 뒤 별도 절차로 golden을 갱신한다. 실행마다 바뀌는 timestamp·순서 같은 값은 normalize하지 않으면 불필요한 실패를 만든다.	카드 생성 결과나 manifest 출력 형식을 안정적으로 유지할 때 쓸 수 있다.	meaning_choice	"[""golden_file"",""expected_output"",""comparison""]"
7	python_tests_regression_quality_gate_v47.json	PY47_L07_regression_test_001	regression test 읽기	예전에 되던 기능이 새 변경 후에도 계속 되는지 확인하는 회귀검증을 이해한다.	before: 923 cards OK\nafter v47: old cards still OK + new cards OK	regression test의 목적은?	새 변경이 기존 정상 기능을 깨뜨리지 않았는지 확인한다	regression test는 새 작업 때문에 기존 기능이 망가지지 않았는지 확인하는 검증이다. 카드 수, 파일 로딩, 정답 일관성처럼 이미 통과하던 기준을 다시 본다.	v47을 추가해도 v1~v46 카드의 answer, concepts, side_card_ids가 여전히 정상이어야 한다.	meaning_choice	"[""regression_test"",""bug_prevention"",""repeat_check""]"
7	python_tests_regression_quality_gate_v47.json	PY47_L07_smoke_test_001	smoke test 읽기	큰 검증 전에 앱이 최소한 켜지고 핵심 파일이 로드되는지 보는 smoke test를 이해한다.	run server\nrequest core files and expect 200\nopen index.html in a browser\nverify main screen renders with no console errors	smoke test에 가까운 것은?	앱이 기본적으로 켜지고 핵심 파일이 로드되는지 빠르게 확인하는 것	smoke test는 깊은 기능 검사 전에 핵심 경로가 기본적으로 작동하는지 빠르게 본다. 파일의 200 status만으로 JavaScript 실행과 rendering을 증명할 수 없으므로 기본 화면과 console error도 확인한다. 통과해도 모든 기능과 data 의미가 옳다는 보장은 아니다.	run_local_server.ps1 실행 후 새 lesson JSON이 200으로 뜨는지 보는 단계다.	meaning_choice	"[""smoke_test"",""basic_check"",""quick_test""]"
7	python_tests_validation_regression_v24.json	PY24_L07_duplicate_id_check_001	중복 ID 검사 코드 읽기	이미 본 id를 set에 넣고 중복을 찾는 검증 코드를 읽는다.	"seen = set()\nduplicates = []\nfor card in cards:\n    if card[""id""] in seen:\n        duplicates.append(card[""id""])\n    seen.add(card[""id""])"	duplicates list에는 무엇이 기록되는가?	첫 등장 뒤 다시 나온 각 card id	seen에 이미 든 id가 다시 나오면 duplicates에 append한 뒤 seen에는 그대로 id를 넣는다. 같은 id가 세 번 나오면 두 번째와 세 번째 등장 때 각각 append되어 duplicates에도 두 번 들어간다. 중복된 고유 id 목록만 필요하면 duplicates도 set으로 만들 수 있다.	매번 보강 후 DUPLICATE IDS: OK를 확인하는 검증과 연결된다.	meaning_choice	"[""if"",""for"",""validation"",""duplicate_id"",""set"",""quality""]"
7	python_tests_validation_regression_v24.json	PY24_L07_pytest_assert_001	pytest assert 기본 읽기	함수 결과가 기대값과 같은지 검사하는 기본 테스트를 읽는다.	"def normalize(text):\n    return text.strip().lower()\n\ndef test_normalize():\n    assert normalize("" LiDAR "") == ""lidar"""	assert 조건이 False이면 무슨 일이 일어나는가?	테스트가 실패한다	pytest는 test_ 함수 안의 assert가 실패하면 테스트 실패로 표시한다. pytest assert는 기대값과 실제값을 비교해 테스트 실패를 알려 준다. 실패 메시지를 읽을 때는 어떤 값이 예상과 달랐는지 먼저 확인해야 한다. 따라서 반환/호출 결과는 ‘테스트가 실패한다’이다.	정규화, ID 생성, side card 매칭 같은 작은 함수부터 검증할 수 있다.	meaning_choice	"[""def"",""function"",""return"",""pytest"",""assert"",""test""]"
7	python_tests_validation_regression_v34.json	PY34_L07_regression_test_001	regression test 읽기	새 변경이 기존 기능을 깨뜨리지 않았는지 확인하는 회귀 테스트를 이해한다.	새 v34를 추가한 뒤에도:\nv1 lesson 200\nv20 lesson 200\nv33 lesson 200\nside_cards 200	이 확인이 regression test인 이유는?	새 v34가 기존 v1~v33 로딩을 깨지 않았는지 보기 때문	regression test는 새 변경 뒤에도 이미 보장하던 동작이 유지되는지 확인한다. 이 예시는 기존 lesson과 side_cards 요청이 계속 성공하는지를 보는 좁은 회귀 검사다. HTTP 200은 내용의 의미까지 검증하지 않으므로 기존 렌더링이나 퀴즈 동작에는 별도 테스트가 필요하다.	v34 추가 후 v1~v34 전체 lesson 200을 보는 이유다.	meaning_choice	"[""regression_test"",""existing_feature"",""bug_prevention""]"
7	python_tests_validation_regression_v34.json	PY34_L07_validation_test_001	validation test 읽기	데이터가 정해진 규칙을 만족하는지 검사하는 validation test를 이해한다.	DUPLICATE IDS: OK\nANSWER NOT IN CHOICES: OK\nBAD LEVELS: OK	이 검증 결과가 의미하는 것은?	카드 데이터의 기본 규칙을 통과했다	중복 id, 정답/선택지 불일치, 잘못된 level 같은 데이터 품질 문제를 확인한다. validation test는 데이터 구조와 필수 조건이 깨지지 않았는지 확인하는 검사다. 앱 실행 전 JSON, 참조, 정답 형식을 먼저 점검하는 역할을 한다. 따라서 결과는 ‘카드 데이터의 기본 규칙을 통과했다’이다.	새 lesson을 추가할 때 매번 보는 핵심 품질 체크다.	meaning_choice	"[""validation"",""data_quality"",""test""]"
7	python_user_notes_bookmarks_v56.json	PY56_L07_bookmark_schema_001	bookmark schema 읽기	북마크 목록을 card id 기준으로 저장하는 방식을 이해한다.	bookmarks = ['PY55_L06_tag_filter_001', 'PY54_L07_touch_target_001']	bookmark schema에서 card id를 쓰는 이유는?	어떤 카드를 북마크했는지 안정적으로 찾기 위해	bookmark schema는 북마크 정보를 어떤 카드 id와 함께 저장할지 정한 구조다. 제목은 바뀔 수 있지만 id는 안정적인 식별자로 쓰기 좋다. id를 기준으로 저장하면 제목을 다듬거나 번역해도 같은 카드와 북마크를 계속 연결할 수 있다. 따라서 정답은 ‘어떤 카드를 북마크했는지 안정적으로 찾기 위해’이다.	감사 v2에서 USER_NOTES_BOOKMARKS 축이 거의 비어 있었으므로, v56은 사용자가 중요한 카드와 자기 메모를 남겨 개인화 복습에 활용하는 기능을 보강한다.	meaning_choice	"[""bookmark_schema"",""card_id"",""data_model""]"
7	python_user_notes_bookmarks_v56.json	PY56_L07_note_schema_001	note schema 읽기	메모를 저장하기 위한 간단한 데이터 구조를 이해한다.	note = {\n  cardId: card.id,\n  text: memo,\n  schemaVersion: 1,\n  updatedAt: new Date().toISOString()\n}	note schema에 들어갈 값은?	cardId, text, updatedAt 같은 메모 정보	cardId, text, schemaVersion과 timezone-aware updatedAt을 저장하면 연결·migration·충돌 비교가 가능하다. createdAt과 device/user ID가 필요한 sync model도 있다. text 길이와 허용 형식을 검증하고 timestamp만으로 모든 동시 편집 충돌이 해결된다고 보지 않는다.	감사 v2에서 USER_NOTES_BOOKMARKS 축이 거의 비어 있었으므로, v56은 사용자가 중요한 카드와 자기 메모를 남겨 개인화 복습에 활용하는 기능을 보강한다.	meaning_choice	"[""note_schema"",""localStorage"",""data_model""]"
7	python_user_notes_bookmarks_v56.json	PY56_L07_user_note_001	user note 읽기	사용자가 카드마다 자기만의 메모를 남기는 user note를 이해한다.	notes[card.id] = '이 부분은 다시 복습하기'	user note의 목적은?	카드에 개인 학습 메모를 남기기 위해	user note는 사용자가 카드에 직접 남기는 개인 메모다. 같은 카드라도 헷갈린 지점은 사람마다 다르므로 개인 기록이 학습에 도움된다. 개인 메모는 공통 해설과 별도로 사용자의 오답 이유나 기억할 점을 남기는 보조 학습 데이터가 된다.	감사 v2에서 USER_NOTES_BOOKMARKS 축이 거의 비어 있었으므로, v56은 사용자가 중요한 카드와 자기 메모를 남겨 개인화 복습에 활용하는 기능을 보강한다.	meaning_choice	"[""user_note"",""personal_note"",""learning_memory""]"
7	python_web_http_api_flow_v35.json	PY35_L07_get_method_001	GET 요청 읽기	서버에서 데이터를 가져오는 GET 요청을 이해한다.	GET /data/lessons/python_web_http_api_flow_v35.json	GET 요청의 일반적인 목적은?	데이터나 파일을 가져오기	GET은 서버의 리소스 표현을 조회할 때 쓰는 HTTP 메서드다. 쿼리 문자열로 조회 조건을 전달하는 경우가 많으며, 규약상 같은 요청을 반복해도 의도한 서버 상태가 바뀌지 않는 안전한 메서드로 구현해야 한다. 주소창 테스트는 인증·헤더가 필요 없는 단순 GET에만 적합하다.	PWA가 lesson JSON 파일을 가져올 때 GET 요청이 사용된다.	meaning_choice	"[""GET"",""HTTP_method"",""read""]"
7	python_web_http_api_flow_v35.json	PY35_L07_post_method_001	POST 요청 읽기	서버에 새 데이터나 요청 본문을 보내는 POST 요청을 이해한다.	"POST /api/search\nContent-Type: application/json\n\n{""query"": ""RAG""}"	POST 요청에서 body에 들어간 것은?	검색어 query JSON	POST method는 서버에 새 데이터나 처리 요청을 보낼 때 자주 쓰는 HTTP 방식이다. body에 JSON 같은 데이터를 담아 전달할 수 있다. 조회 중심의 GET과 달리 POST는 생성, 제출, 분석 요청처럼 본문이 필요한 작업에 자주 쓰인다. 따라서 정답은 ‘검색어 query JSON’이다.	나중에 FastAPI 검색 API에 질문을 보낼 때 자주 쓰는 방식이다.	meaning_choice	"[""POST"",""HTTP_method"",""body""]"
8	cards_seed_v1.json	L08_reverse_import_001	import 목록으로 기능 추론하기	import 목록을 보고 프로그램이 어떤 종류의 일을 하는지 추론한다.	import json\nimport argparse\nfrom pathlib import Path	이 import 목록을 보고 가장 그럴듯한 프로그램 기능은?	파일 경로와 명령어 옵션을 받아 JSON 데이터를 처리하는 스크립트	json은 JSON 변환, argparse는 명령어 옵션 처리, Path는 파일 경로 탐색에 자주 쓰인다. 세 모듈을 함께 가져왔으므로 보기 중에서는 ‘파일 경로와 명령어 옵션을 받아 JSON 데이터를 처리하는 스크립트’가 가장 그럴듯하다. import는 이후에 사용할 기능의 단서이지 실제 동작을 확정하는 증거는 아니므로, 최종 판단은 함수 호출 부분까지 확인해야 한다.	코드 전체를 읽기 전에 import만 봐도 대략적인 기능을 예측할 수 있다.	reverse_inference	"[""import"",""pathlib"",""json"",""argparse""]"
8	python_accessibility_a11y_ui_v52.json	PY52_L08_color_contrast_001	color contrast 읽기	글자와 배경의 대비가 충분해야 읽기 쉽다는 점을 이해한다.	.card {\n  color: #111;\n  background: #fff;\n}	color contrast가 부족하면 생기는 문제는?	글자가 배경과 구분되지 않아 읽기 어려워진다	#111 text와 #fff 배경은 높은 대비를 제공한다. 실제 접근성은 WCAG 기준에 따라 text 크기별 contrast ratio와 hover, focus, disabled, high-contrast mode까지 측정해야 한다. 색만으로 정답·오답이나 상태를 구분하지 않고 text·icon을 함께 제공한다.	카드 수가 1000장을 넘었으므로, 이제 학습앱 UI를 더 많은 사용자가 안정적으로 쓸 수 있게 하는 접근성 품질이 중요하다.	meaning_choice	"[""color_contrast"",""readability"",""accessibility""]"
8	python_accessibility_a11y_ui_v52.json	PY52_L08_form_label_001	form label 읽기	입력창에는 label이 필요하다는 점을 이해한다.	"<label for=""search"">카드 검색</label>\n<input id=""search"" />"	form label이 필요한 이유는?	입력창의 목적을 사용자와 보조기기가 알 수 있게 하기 위해	form label은 검색창, 필터, 난이도 선택 같은 입력 UI가 무엇을 뜻하는지 알려주는 이름이다. 명확한 label이 있어야 보조기기도 의미를 읽을 수 있다. 따라서 정답은 ‘입력창의 목적을 사용자와 보조기기가 알 수 있게 하기 위해’이다.	카드 수가 1000장을 넘었으므로, 이제 학습앱 UI를 더 많은 사용자가 안정적으로 쓸 수 있게 하는 접근성 품질이 중요하다.	meaning_choice	"[""form_label"",""input"",""accessibility""]"
8	python_accessibility_a11y_ui_v52.json	PY52_L08_reduced_motion_001	reduced motion 읽기	움직임을 줄이길 원하는 사용자 설정을 존중하는 방식을 이해한다.	@media (prefers-reduced-motion: reduce) {\n  .card-transition {\n    animation-duration: 0.01ms;\n    animation-iteration-count: 1;\n    transition-duration: 0.01ms;\n  }\n}	prefers-reduced-motion을 쓰는 이유는?	움직임에 민감한 사용자를 위해 애니메이션을 줄이기 위해	사용자가 reduced motion을 요청하면 nonessential card transition을 사실상 제거한다. 모든 * animation을 무조건 none으로 만들면 progress나 상태 전달에 필요한 동작까지 깨질 수 있으므로 target을 정하고 움직임 없는 대체 표현을 제공한다.	카드 수가 1000장을 넘었으므로, 이제 학습앱 UI를 더 많은 사용자가 안정적으로 쓸 수 있게 하는 접근성 품질이 중요하다.	meaning_choice	"[""reduced_motion"",""CSS_media_query"",""accessibility""]"
8	python_accessibility_a11y_ui_v52.json	PY52_L08_skip_link_001	skip link 읽기	반복되는 메뉴를 건너뛰고 본문으로 바로 이동하는 skip link를 이해한다.	"<a class=""skip-link"" href=""#main"">본문으로 건너뛰기</a>"	skip link의 역할은?	키보드 사용자가 반복 메뉴를 건너뛰고 본문으로 이동하게 한다	skip link는 키보드 사용자가 반복되는 상단 메뉴를 건너뛰고 바로 본문으로 이동하게 해 주는 링크다. 카드 앱에서 Tab 이동 부담을 줄인다. 마우스 없이 키보드만 쓰는 사용자에게는 반복 영역을 건너뛰는 기능이 실제 사용성을 크게 높인다.	카드 수가 1000장을 넘었으므로, 이제 학습앱 UI를 더 많은 사용자가 안정적으로 쓸 수 있게 하는 접근성 품질이 중요하다.	meaning_choice	"[""skip_link"",""keyboard_navigation"",""accessibility""]"
8	python_advanced_expansion_v5.json	PY5_L08_numpy_axis_001	numpy axis 읽기	axis=0이 열 방향 집계라는 것을 읽는다.	import numpy as np\n\nx = np.array([[1, 2, 3], [4, 5, 6]])\nprint(x.sum(axis=0))	출력에 가까운 것은?	[5 7 9]	x의 shape는 (2, 3)으로 2개 행과 3개 열이다. sum(axis=0)은 0번 축인 행 축을 없애면서 위아래 값을 더하므로, 각 열에서 1+4, 2+5, 3+6을 계산한다. 그래서 결과는 열마다 하나씩 남은 [5 7 9]다. 반대로 axis=1이면 각 행 안에서 더해 [6 15]가 된다.	임베딩/텐서/수치 데이터 shape를 읽는 데 필요하다.	output_prediction	"[""import"",""print"",""numpy"",""axis"",""array""]"
8	python_advanced_expansion_v5.json	PY5_L08_numpy_broadcast_001	broadcasting 읽기	작은 배열이 큰 배열의 각 행에 맞춰 더해지는 구조를 읽는다.	import numpy as np\n\nx = np.array([[1, 2, 3], [4, 5, 6]])\ny = np.array([10, 20, 30])\nprint(x + y)	y는 x에 어떻게 더해지는가?	각 행에 반복 적용된다	x의 shape는 (2, 3), y의 shape는 (3,)이다. NumPy는 오른쪽 끝 차원부터 비교하므로 두 배열의 길이 3이 맞고, y를 x의 각 행에 대응시켜 원소별로 더할 수 있다. 결과는 [[11, 22, 33], [14, 25, 36]]이다. y가 실제로 두 번 복사되는 것은 아니며, 끝 차원 크기가 같거나 한쪽이 1이라는 broadcasting 조건을 만족하지 않으면 ValueError가 난다.	모델 입력, 벡터 연산, 정규화 코드를 읽을 때 중요하다.	meaning_choice	"[""import"",""print"",""numpy"",""broadcasting"",""array""]"
8	python_advanced_expansion_v5.json	PY5_L08_pandas_concat_001	pandas concat 읽기	두 DataFrame을 세로로 이어 붙이는 코드를 읽는다.	combined = pd.concat([df_old, df_new], ignore_index=True)\nprint(len(combined))	concat의 목적에 가까운 것은?	두 표를 이어 붙인다	axis를 생략한 pd.concat은 기본값 axis=0을 사용해 df_old 아래에 df_new의 행을 이어 붙인다. ignore_index=True는 기존 행 인덱스를 버리고 결과에 0부터 새 인덱스를 붙인다. 컬럼 이름이 다르면 없는 칸에는 결측값이 생길 수 있으며, concat 자체는 중복 행을 제거하지 않는다.	기존 수집 결과와 신규 수집 결과를 합칠 때 자주 쓴다.	meaning_choice	"[""print"",""pandas"",""concat"",""dataframe""]"
8	python_advanced_expansion_v5.json	PY5_L08_pandas_drop_duplicates_001	drop_duplicates 읽기	특정 컬럼 기준으로 중복 행을 제거하는 코드를 읽는다.	"clean = df.drop_duplicates(subset=[""url""])"	subset=['url']의 의미는?	url 기준으로 중복 제거	"subset=[""url""]은 다른 컬럼 값과 관계없이 url 값만 비교해 중복을 판단하라는 뜻이다. 같은 url이 여러 번 나오면 기본값 keep=""first""에 따라 첫 행을 남기고 뒤의 행을 제거하며, 원본 df가 아니라 결과 DataFrame을 clean에 저장한다. 최신 행을 남기고 싶다면 정렬 순서와 keep 값을 별도로 정해야 한다."	기사/문서/소스 URL 중복 제거에 직접 연결된다.	meaning_choice	"[""pandas"",""dedup"",""url""]"
8	python_advanced_expansion_v5.json	PY5_L08_pandas_pivot_001	pivot_table 읽기	그룹별 평균 같은 요약표를 만드는 코드를 읽는다.	"table = df.pivot_table(index=""domain"", values=""score"", aggfunc=""mean"")"	이 코드는 무엇을 계산하는가?	domain별 score 평균	"pivot_table은 domain의 고유값을 결과 행(index)으로 만들고, 각 domain에 속한 score들을 aggfunc=""mean""으로 평균 낸다. 따라서 결과는 domain별 score 평균표다. 단순 pivot과 달리 pivot_table은 같은 그룹에 여러 행이 있어도 집계 함수로 하나의 요약값을 만들 수 있다."	도메인별 품질/점수/현황 요약에 유용하다.	meaning_choice	"[""pandas"",""pivot"",""aggregation""]"
8	python_ai_learning_methods_v14.json	PY14_L08_epoch_batch_lr_001	epoch / batch size / learning rate 비교	학습 로그에서 자주 보는 세 단어를 함께 이해한다.	epoch: 전체 학습 데이터를 몇 바퀴 볼지\nbatch_size: 한 번에 몇 샘플씩 처리할지\nlearning_rate: 한 번 업데이트할 때 얼마나 크게 움직일지	learning rate가 너무 크면 생길 수 있는 문제는?	학습이 불안정하게 튈 수 있다	learning rate는 optimizer가 파라미터를 얼마나 크게 업데이트할지 정하는 값이다. epoch, batch size, learning rate는 학습 반복 횟수, 한 번에 처리하는 데이터 수, 가중치 변경 폭을 뜻한다. 셋은 속도와 안정성에 함께 영향을 준다. 따라서 정답은 ‘학습이 불안정하게 튈 수 있다’이다.	학습 설정표와 training log를 읽는 기본이다.	meaning_choice	"[""epoch"",""batch_size"",""learning_rate"",""training""]"
8	python_ai_learning_methods_v14.json	PY14_L08_full_finetune_lora_compare_001	Full fine-tuning과 LoRA 비교	전체 가중치 조정과 작은 adapter 조정의 차이를 이해한다.	Full fine-tuning: 모델 전체 파라미터를 업데이트한다.\nLoRA/PEFT: 작은 adapter 파라미터만 학습해 비용과 저장공간을 줄인다.	LoRA의 장점에 가장 가까운 것은?	전체 모델보다 적은 파라미터만 학습해 비용을 줄인다	LoRA는 원본 모델에 작은 저랭크 adapter를 붙여 학습하는 PEFT 방식이다. Full fine-tuning은 모델 전체를 조정하고, LoRA는 작은 추가 가중치만 학습하는 방식이다. 비용, 속도, 저장 용량을 비교하며 선택해야 한다. 따라서 정답은 ‘전체 모델보다 적은 파라미터만 학습해 비용을 줄인다’이다.	로컬 LoRA 학습/추론 전략을 이해하는 핵심 카드다.	meaning_choice	"[""full_fine_tuning"",""lora"",""peft"",""adapter""]"
8	python_ai_learning_methods_v14.json	PY14_L08_overfitting_001	overfitting 개념 읽기	훈련 데이터에는 잘 맞지만 새 데이터에 약한 상태를 이해한다.	train_loss: 계속 감소\nvalidation_loss: 어느 순간 증가\n# 과적합 신호일 수 있음	과적합 설명으로 가장 가까운 것은?	훈련 데이터에는 잘 맞지만 새 데이터 일반화가 약하다	overfitting은 training data에 대한 error는 낮지만 같은 목표 분포의 보지 않은 data에서는 성능이 충분히 일반화되지 않는 상태다. train loss가 계속 줄면서 validation loss가 반복적으로 나빠지는 것은 한 신호지만 단 한 번의 변동만으로 확정하지 않는다. train/validation 분포, leakage, metric, 여러 epoch와 seed를 함께 확인한다.	LoRA를 너무 오래/좁게 학습할 때도 고려해야 한다.	meaning_choice	"[""comment"",""overfitting"",""generalization"",""validation_loss""]"
8	python_ai_learning_methods_v14.json	PY14_L08_pretrain_finetune_compare_001	Pretraining과 Fine-tuning 비교	대량 일반학습과 목적별 추가학습을 비교해 이해한다.	Pretraining: 대량 일반 데이터로 기본 언어/패턴 능력을 만든다.\nFine-tuning: 특정 과제/스타일/도메인 데이터로 이미 만든 모델을 조정한다.	Fine-tuning의 설명으로 가장 맞는 것은?	기존 모델을 특정 과제나 도메인에 맞게 추가 조정한다	pretrain은 넓은 데이터로 기본 능력을 먼저 배우는 단계다. finetune은 이미 학습된 모델을 특정 작업이나 목적에 맞게 조정하는 단계다. 넓은 기반 능력 위에 특정 데이터나 형식을 더 맞추는 흐름으로 이해하면 된다.	네 LoRA/도메인 모델 전략의 기본 구분이다.	meaning_choice	"[""pretraining"",""fine_tuning"",""llm"",""dataset""]"
8	python_ai_learning_methods_v14.json	PY14_L08_prompt_tuning_compare_001	Prompting / RAG / LoRA / Full fine-tuning 비교	문제 상황에 따라 어떤 조정 방법이 적절한지 비교한다.	Prompting: 학습 없이 사람이 작성한 지시문으로 조정\nPrompt tuning: 작은 학습 가능 soft-prompt vector를 학습\nRAG: 외부 지식 검색 결과를 요청에 포함\nLoRA: 선택한 module에 작은 trainable adapter를 학습\nFull fine-tuning: 전체 또는 대부분의 model weight를 조정	외부 문서 근거를 매번 붙여 답하게 하고 싶을 때 가장 가까운 방식은?	RAG	Prompting은 사람이 읽을 수 있는 지시문을 작성하는 것이고, prompt tuning은 base model을 고정한 채 입력 앞에 붙는 작은 continuous prompt parameter를 학습하는 PEFT 방식이다. 둘 다 매 요청마다 최신 외부 문서를 검색해 근거로 붙이는 RAG와 다르다. 따라서 질문처럼 외부 문서 근거가 핵심이면 RAG가 가장 가깝고, 필요하면 prompting이나 fine-tuning과 조합한다.	서비스 설계에서 fine-tuning과 RAG를 헷갈리지 않게 해준다.	meaning_choice	"[""prompting"",""rag"",""lora"",""full_fine_tuning"",""strategy""]"
8	python_ai_learning_methods_v14.json	PY14_L08_quantization_compare_001	양자화 fp32/fp16/int8/4bit 비교	정밀도와 메모리 사용량의 trade-off를 비교한다.	fp32: 넓은 정밀도, 가중치당 메모리 큼\nfp16/bfloat16: reduced precision, 지원 GPU의 학습·추론에서 흔함\nint8/4bit quantization: 가중치 메모리를 더 줄일 수 있으나 지원·품질·속도 검증 필요	4bit 양자화의 주된 목적은?	모델 메모리 사용량을 크게 줄인다	4-bit quantization의 주된 목적은 지원되는 model weight를 적은 bit로 표현해 memory footprint를 크게 줄이는 것이다. fp16·bfloat16 사용은 흔히 mixed/reduced precision이라 부르며 int8·4bit 양자화와 구현 방식이 같다고 볼 수 없다. 낮은 bit가 항상 더 빠른 것도 아니고 일부 layer·activation·compute dtype은 더 높은 정밀도를 유지할 수 있으므로 hardware 지원, 실제 memory, latency와 품질을 측정한다.	로컬 LLM 실행에서 모델 크기와 VRAM을 맞추는 데 중요하다.	meaning_choice	"[""quantization"",""fp32"",""fp16"",""int8"",""4bit"",""vram""]"
8	python_ai_learning_methods_v14.json	PY14_L08_rag_vs_finetune_001	RAG와 Fine-tuning 비교	지식을 외부 검색으로 넣을지, 모델 가중치에 반영할지 구분한다.	RAG: 질문 때 관련 문서를 검색해 근거와 함께 prompt에 넣는다.\nFine-tuning: 학습 데이터로 model의 응답 행동·형식·과제 수행 방식을 조정한다.	최신 문서를 자주 바꿔야 할 때 일반적으로 먼저 고려할 방식은?	RAG	최신 문서가 자주 바뀌면 문서 저장소와 index를 갱신해 요청 때 근거를 찾는 RAG를 먼저 고려하기 쉽다. fine-tuning은 응답 형식이나 특정 과제 행동을 조정하는 데 유용하지만 새 사실의 정확한 저장·출처 제시·즉시 갱신을 보장하지 않는다. RAG도 검색 실패와 오래된 문서를 검증해야 하며, 요구에 따라 두 방법을 함께 쓸 수 있다.	네 KG/RAG/LoRA 역할 분담과 직접 연결된다.	meaning_choice	"[""rag"",""fine_tuning"",""retrieval"",""knowledge_update""]"
8	python_ai_learning_methods_v14.json	PY14_L08_reinforcement_learning_001	강화학습 흐름 읽기	행동과 보상을 통해 정책을 개선하는 구조를 이해한다.	state, info = env.reset()\naction = policy(state)\nnext_state, reward, terminated, truncated, info = env.step(action)\ndone = terminated or truncated	reward의 역할은?	행동이 좋았는지 나빴는지 알려주는 신호	agent는 state에서 action을 선택하고 environment는 다음 state와 reward를 돌려준다. reward는 한 행동 직후의 숫자 feedback이며, policy의 목표는 보통 한 번의 reward가 아니라 시간에 걸친 누적 return을 크게 하는 것이다. terminated는 과제가 끝난 경우, truncated는 시간 제한 같은 외부 조건으로 episode가 끊긴 경우라서 둘 중 하나면 reset을 준비한다.	로봇/자율주행/게임/정책 최적화 설명을 읽을 때 필요하다.	meaning_choice	"[""reinforcement_learning"",""reward"",""policy"",""agent""]"
8	python_ai_learning_methods_v14.json	PY14_L08_rlhf_dpo_compare_001	RLHF와 DPO 비교	LLM 정렬 학습에서 사람 선호 데이터를 쓰는 두 흐름을 비교한다.	RLHF example: human preferences -> reward model -> policy optimization\nDPO: preferred/rejected answer pairs -> direct preference objective with a reference policy	DPO 설명으로 가장 가까운 것은?	선호 답변 쌍을 이용해 모델을 직접 조정한다	RLHF는 사람 feedback을 이용해 model을 조정하는 넓은 계열이며, 대표 pipeline은 preference로 reward model을 학습한 뒤 reinforcement-learning algorithm으로 policy를 최적화한다. DPO는 같은 종류의 chosen/rejected pair와 reference policy를 사용해 별도 reward model과 online RL loop 없이 preference objective를 직접 최적화한다. 둘 다 data 품질과 기준 model에 따라 결과가 달라지며 선호 사실이 곧 진실·안전을 보장하지는 않는다.	LLM alignment/후처리 학습 설명을 읽는 데 필요하다.	meaning_choice	"[""rlhf"",""dpo"",""preference_learning"",""alignment""]"
8	python_ai_learning_methods_v14.json	PY14_L08_self_supervised_001	자기지도학습 개념 읽기	원본 데이터 자체에서 학습 신호를 만드는 방식을 이해한다.	# 예: 문장 일부를 가리고 맞히기, 다음 토큰 예측하기\n# 대량 원문만 있어도 표현을 학습할 수 있다.	자기지도학습 설명으로 가장 가까운 것은?	데이터 안에서 문제/정답을 만들어 표현을 배운다	자기지도학습은 데이터 안에서 학습 신호를 만들어 쓰는 방식이다. LLM 사전학습은 대량 텍스트에서 다음 토큰 예측으로 표현을 배운다. 사람이 직접 정답 라벨을 붙이지 않아도 입력 일부를 가리고 맞히는 식으로 학습 문제를 만들 수 있다.	LLM pretraining과 embedding model을 이해하는 기초다.	meaning_choice	"[""comment"",""self_supervised_learning"",""pretraining"",""representation""]"
8	python_ai_learning_methods_v14.json	PY14_L08_train_val_test_001	train/validation/test 분리	학습용/튜닝용/최종평가용 데이터를 나누는 이유를 이해한다.	train: 모델을 학습하는 데이터\nvalidation: 설정/하이퍼파라미터를 고르는 데이터\ntest: 마지막에 성능을 확인하는 데이터	validation set의 역할은?	설정 선택과 중간 성능 확인	test set을 반복해서 보면 평가가 오염될 수 있으므로 validation을 따로 둔다. train, validation, test 분리는 데이터를 학습용, 조정용, 최종 평가용으로 나누는 방식이다. 같은 데이터로 학습과 평가를 반복하면 성능을 과대평가할 수 있다. 따라서 정답은 ‘설정 선택과 중간 성능 확인’이다.	대회/모델평가/LoRA 실험 관리에 필요하다.	meaning_choice	"[""train_set"",""validation_set"",""test_set"",""evaluation""]"
8	python_ai_toolchain_expansion_v12.json	PY12_L08_cv2_imread_001	OpenCV cv2.imread 읽기	OpenCV로 이미지를 읽는 코드를 이해한다.	"import cv2\n\nimg = cv2.imread(""page.png"")\nif img is None:\n    raise FileNotFoundError(""page.png could not be decoded"")\nprint(img.shape)"	cv2.imread는 무엇을 하는가?	이미지를 배열 형태로 읽는다	cv2.imread는 기본적으로 이미지를 BGR 채널 순서의 NumPy 배열로 디코딩한다. 파일이 없거나 지원 형식으로 읽지 못하면 예외 대신 None을 반환할 수 있으므로 shape 접근 전에 검사한다. 정상이라면 color 이미지의 shape는 보통 (높이, 너비, 채널 수)다. 질문의 정답은 imread의 역할이며 실제 print 값은 page.png의 크기에 따라 달라진다.	OCR 전처리, 영상/이미지 분석 코드에서 자주 보인다.	meaning_choice	"[""if"",""import"",""print"",""opencv"",""cv2"",""image""]"
8	python_ai_toolchain_expansion_v12.json	PY12_L08_cv2_threshold_001	OpenCV threshold 읽기	이미지를 흑백에 가깝게 나눠 OCR 전처리에 쓰는 코드를 읽는다.	gray = cv2.cvtColor(img, cv2.COLOR_BGR2GRAY)\n_, binary = cv2.threshold(gray, 180, 255, cv2.THRESH_BINARY)	threshold 처리의 목적에 가까운 것은?	픽셀을 기준값으로 나눠 이진화한다	먼저 cvtColor가 BGR 이미지를 1채널 grayscale로 바꾼다. THRESH_BINARY에서 픽셀 값이 임계값 180보다 크면 255, 그렇지 않으면 0이 되어 binary 배열에 저장된다. 반환값의 첫 항목은 사용된 임계값이라 이 코드는 _로 무시한다. 이진화가 OCR을 항상 개선하는 것은 아니며 조명·배경에 따라 임계값이나 adaptive/Otsu 방식을 비교해야 한다.	문서 이미지 OCR 품질 개선에서 자주 만난다.	meaning_choice	"[""opencv"",""threshold"",""ocr""]"
8	python_ai_toolchain_expansion_v12.json	PY12_L08_docker_run_001	docker run 기본 읽기	컨테이너로 앱을 실행하는 명령의 의미를 읽는다.	docker run -p 8000:8000 my-api	-p 8000:8000의 의미는?	호스트와 컨테이너의 8000 포트를 연결한다	-p의 형식은 [호스트 주소:]호스트 포트:컨테이너 포트다. 따라서 호스트의 8000으로 들어온 TCP 연결을 my-api 컨테이너의 8000으로 전달한다. 호스트 주소를 생략하면 Docker 설정에 따라 모든 호스트 인터페이스에 공개될 수 있다. 컨테이너 안 앱이 실제로 8000에서 적절한 인터페이스로 수신해야 하며, 포트 매핑 자체가 앱을 실행하거나 방화벽·인증을 설정하지는 않는다.	API 서버 배포와 개발환경 고정에 필요하다.	meaning_choice	"[""docker"",""container"",""server""]"
8	python_ai_toolchain_expansion_v12.json	PY12_L08_fastapi_cors_001	FastAPI CORS middleware 읽기	다른 출처의 웹앱 요청을 허용하는 CORS 설정을 읽는다.	"app.add_middleware(\n    CORSMiddleware,\n    allow_origins=[""*""],\n    allow_methods=[""*""],\n)"	CORS 설정의 목적은?	브라우저의 다른 출처 요청 허용과 관련된다	CORS는 브라우저가 현재 페이지와 다른 scheme·host·port의 서버 응답을 JavaScript에 공개할지 정하는 정책이다. 이 설정은 모든 origin과 method를 허용해 브라우저 교차 출처 호출 범위를 넓힌다. 서버 인증·권한 검사나 방화벽이 아니므로 curl·서버 간 요청을 차단하지 않는다. credentials를 허용할 때는 wildcard 대신 명시적 origin·method·header를 사용해야 하며 실제 프론트 주소만 최소 허용한다.	정적 앱 + 로컬 API 연결에서 중요하다.	meaning_choice	"[""fastapi"",""cors"",""middleware"",""web""]"
8	python_ai_toolchain_expansion_v12.json	PY12_L08_fastapi_static_001	FastAPI StaticFiles 읽기	정적 파일 폴더를 웹에서 제공하는 코드를 읽는다.	"from fastapi.staticfiles import StaticFiles\n\napp.mount(""/static"", StaticFiles(directory=""static""), name=""static"")"	app.mount('/static', ...)의 목적은?	static 폴더 파일을 /static 경로로 제공한다	FastAPI static 설정은 HTML, CSS, JS, 이미지 같은 정적 파일을 서버에서 제공하게 한다. 간단한 웹 앱 배포에 자주 쓰인다. URL 경로와 실제 폴더를 연결하는 설정이므로 배포 후 파일 경로가 맞는지 확인해야 한다.	데모 앱/로컬 서버 구성에서 자주 보인다.	meaning_choice	"[""import"",""fastapi"",""static_files"",""web""]"
8	python_ai_toolchain_expansion_v12.json	PY12_L08_github_actions_yaml_001	GitHub Actions workflow 읽기	push 때 자동 작업이 실행되는 workflow 구조를 읽는다.	on: [push]\njobs:\n  test:\n    runs-on: ubuntu-latest	GitHub Actions YAML에서 on: [push]의 의미는?	push 이벤트 때 workflow를 실행한다	GitHub Actions YAML은 테스트, 빌드, 배포 자동화 절차를 적는 설정 파일이다. push나 pull request 같은 이벤트에 맞춰 실행된다. 자동화 조건을 명확히 적어 두면 언제 검증이 실행되는지 팀원이 쉽게 알 수 있다.	GitHub Pages/자동 검사/배포 루틴과 연결된다.	meaning_choice	"[""github_actions"",""yaml"",""ci""]"
8	python_ai_toolchain_expansion_v12.json	PY12_L08_gradio_001	gradio Interface 읽기	함수를 웹 데모 UI로 감싸는 gradio 구조를 읽는다.	"import gradio as gr\n\ndef greet(name):\n    return ""hello "" + name\n\ngr.Interface(fn=greet, inputs=""text"", outputs=""text"").launch()"	gr.Interface의 목적은?	함수를 간단한 웹 UI로 실행한다	gr.Interface는 text 입력을 greet 함수의 인자로 넘기고 반환 문자열을 text 출력에 표시하는 UI 구성을 만든다. 이어진 launch()가 로컬 서버를 시작해 브라우저에서 사용할 수 있게 한다. Interface 생성만으로 함수가 즉시 호출되는 것은 아니며 사용자가 입력을 제출할 때 실행된다. 외부 공유·인증·입력 검증은 별도 설정이므로 임시 데모를 그대로 공개 서비스로 보지 않는다.	AI 기능 MVP 데모 제작에 연결된다.	meaning_choice	"[""def"",""function"",""return"",""import"",""gradio"",""ui"",""demo""]"
8	python_ai_toolchain_expansion_v12.json	PY12_L08_model_eval_001	model.eval 읽기	모델을 평가/추론 모드로 바꾸는 코드를 읽는다.	model.eval()	model.eval()의 목적은?	모델을 평가/추론 모드로 전환한다	model.eval()은 Module의 training 플래그를 False로 바꿔 dropout과 batch normalization처럼 train/eval 모드에 따라 달라지는 층을 평가 방식으로 동작시킨다. 파라미터를 고정하거나 gradient 기록을 끄는 명령은 아니므로, 일반 추론에서는 torch.no_grad() 또는 inference_mode()를 별도로 사용한다. 다시 학습할 때는 model.train()으로 되돌린다.	추론 스크립트에서 거의 항상 확인해야 하는 줄이다.	meaning_choice	"[""torch"",""model"",""eval"",""inference""]"
8	python_ai_toolchain_expansion_v12.json	PY12_L08_model_to_device_001	model.to(device) 읽기	모델을 CPU/GPU 장치로 옮기는 코드를 읽는다.	model = model.to(device)	model.to(device)의 의미는?	모델을 지정한 CPU/GPU 장치로 옮긴다	model.to(device)는 모델 파라미터를 CPU나 GPU 같은 실행 장치로 옮긴다. 모델과 입력 텐서가 같은 device에 있어야 연산된다. 모델은 GPU에 있고 입력은 CPU에 있으면 device mismatch 오류가 날 수 있다.	CUDA 관련 오류를 읽을 때 중요한 코드다.	meaning_choice	"[""torch"",""model"",""device"",""cuda""]"
8	python_ai_toolchain_expansion_v12.json	PY12_L08_no_grad_001	torch.no_grad 읽기	추론 때 gradient 계산을 끄는 코드를 읽는다.	with torch.no_grad():\n    output = model(input_ids)	torch.no_grad()의 목적은?	추론 중 gradient 계산을 끈다	with torch.no_grad() 안의 연산은 자동미분 그래프 기록을 끄므로 일반적인 추론에서 메모리와 계산을 줄인다. 하지만 model을 평가 모드로 바꾸지는 않으므로 dropout·batch normalization 동작은 model.eval()로 별도 전환해야 한다. 이 블록의 output으로 나중에 backward를 수행해야 하는 학습 코드에는 사용하면 안 된다.	LLM/분류 모델 추론 코드에서 자주 보인다.	meaning_choice	"[""torch"",""no_grad"",""inference""]"
8	python_ai_toolchain_expansion_v12.json	PY12_L08_nvidia_smi_001	nvidia-smi 로그 읽기	nvidia-smi로 GPU 사용량과 메모리 상태를 확인하는 명령을 읽는다.	nvidia-smi	nvidia-smi로 주로 확인하는 것은?	GPU 사용률, 메모리 사용량, 드라이버/CUDA 정보	nvidia-smi는 NVIDIA 드라이버가 인식한 GPU, 사용률, 메모리 점유, 온도와 실행 중인 GPU 프로세스 등을 보여 준다. 화면의 CUDA Version은 보통 현재 드라이버가 지원하는 최대 CUDA 호환 버전이며, 로컬에 설치된 CUDA Toolkit 버전과 같다고 단정할 수 없다. 또한 순간 측정값이므로 학습이 실제로 계속 GPU에서 수행되는지는 반복 관찰과 프레임워크 확인을 함께 한다.	EC2/워크스테이션에서 LLM/LoRA 작업 상태 점검에 필요하다.	meaning_choice	"[""nvidia_smi"",""gpu"",""vram"",""cuda""]"
8	python_ai_toolchain_expansion_v12.json	PY12_L08_pdfplumber_extract_001	pdfplumber extract_text 읽기	pdfplumber로 PDF 페이지 텍스트를 읽는 코드를 이해한다.	"import pdfplumber\n\nwith pdfplumber.open(""report.pdf"") as pdf:\n    text = pdf.pages[0].extract_text()"	extract_text의 목적은?	PDF 페이지에서 텍스트를 추출한다	pdfplumber는 PDF에서 텍스트와 표를 추출할 때 자주 쓰는 라이브러리다. 표 구조를 실험적으로 확인할 때 특히 유용하다. 추출 결과가 None일 수 있으므로 실제 파이프라인에서는 페이지별 성공 여부와 빈 텍스트를 함께 점검한다.	정책자료/공고/PDF 추출 코드에 연결된다.	meaning_choice	"[""import"",""pdfplumber"",""pdf"",""text_extract""]"
8	python_ai_toolchain_expansion_v12.json	PY12_L08_pil_open_001	PIL Image.open 읽기	이미지 파일을 여는 Pillow 코드를 읽는다.	"from PIL import Image\n\nimage = Image.open(""page.png"")\nprint(image.size)"	Image.open의 목적은?	이미지 파일을 연다	"Image.open(""page.png"")은 파일 형식을 식별하고 Image 객체를 반환하지만 픽셀 데이터는 필요할 때까지 지연해서 읽는다. image.size는 (width, height) tuple을 돌려준다. 파일이 없으면 FileNotFoundError, 이미지로 식별할 수 없으면 UnidentifiedImageError가 날 수 있다. 많은 파일을 처리할 때는 with Image.open(...) as image처럼 파일 수명을 관리하고, 색상 모드는 convert로 명시한다."	OCR/이미지 전처리 코드의 시작점이다.	meaning_choice	"[""import"",""print"",""pillow"",""image"",""ocr""]"
8	python_ai_toolchain_expansion_v12.json	PY12_L08_poppler_pdfimages_001	poppler pdfimages 명령 읽기	PDF 내부 이미지를 추출하는 외부 도구 명령을 읽는다.	pdfimages -png report.pdf out/page	이 명령의 목적은?	PDF 안의 이미지를 PNG로 추출한다	pdfimages는 PDF 페이지를 통째로 렌더링하는 명령이 아니라 문서 안에 저장된 raster image 객체를 추출한다. -png는 지원되는 추출 이미지를 PNG로 변환하고 out/page는 디렉터리가 아니라 출력 파일 이름의 접두사다. 부모 폴더가 먼저 있어야 한다. 스캔 PDF의 경우 OCR 입력을 얻는 데 유용하지만, 벡터 글자나 페이지 배치가 그대로 한 이미지로 보존된다고 단정할 수 없다.	공모전/PDF 이미지 DPI 확인 작업과 연결된다.	meaning_choice	"[""poppler"",""pdfimages"",""pdf"",""subprocess""]"
8	python_ai_toolchain_expansion_v12.json	PY12_L08_pymupdf_extract_001	PyMuPDF fitz.open 읽기	PDF에서 페이지 텍스트를 추출하는 흐름을 읽는다.	"import fitz\n\nwith fitz.open(""paper.pdf"") as doc:\n    if doc.page_count == 0:\n        raise ValueError(""PDF has no pages"")\n    text = doc[0].get_text()"	doc[0].get_text()의 목적은?	첫 페이지 텍스트를 추출한다	fitz.open은 PDF 문서를 열고 with 종료 시 닫는다. 페이지가 하나 이상이면 0 기반 인덱스 doc[0]이 첫 페이지를 가리키고 get_text()가 그 페이지의 추출 가능한 텍스트를 문자열로 반환한다. 스캔 이미지만 있는 페이지에서는 빈 문자열에 가까울 수 있으며 OCR을 자동 수행하지 않는다. 암호화·손상 파일과 빈 문서도 별도 처리해야 한다.	논문/PDF 자료 텍스트 추출 파이프라인에 중요하다.	meaning_choice	"[""if"",""import"",""pymupdf"",""fitz"",""pdf"",""text_extract""]"
8	python_ai_toolchain_expansion_v12.json	PY12_L08_pytesseract_001	pytesseract OCR 읽기	이미지에서 글자를 추출하는 OCR 호출을 읽는다.	"import pytesseract\nfrom PIL import Image\n\ntext = pytesseract.image_to_string(Image.open(""page.png""), lang=""kor+eng"")"	이 코드는 무엇을 시도하는가?	이미지에서 한글/영어 텍스트를 OCR한다	pytesseract.image_to_string은 외부 Tesseract 엔진에 이미지를 넘기고 kor+eng 언어 모델로 인식한 문자열을 받는다. Python 패키지만 설치해서는 부족하고 Tesseract 실행 파일과 해당 언어 데이터가 있어야 한다. 결과는 원문 보장이 아니라 OCR 추정치이므로 이미지 전처리, 빈 결과·오류 처리, 사람 또는 기준 데이터와의 검증이 필요하다.	PDF/이미지 자료 텍스트화에서 자주 쓰인다.	meaning_choice	"[""import"",""pytesseract"",""ocr"",""image""]"
8	python_ai_toolchain_expansion_v12.json	PY12_L08_streamlit_001	streamlit 앱 실행 흐름	간단한 데이터/AI 데모 UI 코드를 읽는다.	"import streamlit as st\n\nst.title(""Python Reading Trainer"")\nst.write(""hello"")"	st.title의 목적은?	앱 화면에 제목을 표시한다	Streamlit이 이 스크립트를 실행하는 세션에서 st.title은 큰 제목 요소를 화면에 추가하고 st.write는 그 아래 내용을 렌더링한다. 일반적으로 streamlit run app.py처럼 실행해야 브라우저 앱이 열리며, st.title 자체가 웹서버를 새로 구성하거나 모델을 실행하는 것은 아니다. 사용자가 상호작용하면 Streamlit이 스크립트를 다시 실행할 수 있으므로 무거운 작업의 캐시 여부도 확인한다.	프로토타입/데모 UI 제작에 유용하다.	meaning_choice	"[""import"",""streamlit"",""app"",""ui""]"
8	python_ai_toolchain_expansion_v12.json	PY12_L08_subprocess_tool_001	subprocess로 외부 도구 호출	파이썬에서 외부 CLI 도구를 호출하는 패턴을 읽는다.	"import subprocess\n\nresult = subprocess.run([""nvidia-smi""], capture_output=True, text=True)\nprint(result.returncode)"	이 코드는 무엇을 하는가?	nvidia-smi 명령을 실행하고 종료코드를 출력한다	subprocess.run은 인자 목록대로 nvidia-smi 프로세스를 시작하고 종료할 때까지 기다린 뒤 CompletedProcess를 반환한다. capture_output=True라서 표준출력과 표준오류는 화면에 바로 나오지 않고 result.stdout·stderr에 저장된다. print는 종료 코드만 보여 주며 보통 0은 정상 종료, 0이 아니면 실패를 뜻한다. 명령 자체를 찾지 못하면 returncode가 아니라 FileNotFoundError가 발생할 수 있다.	poppler, git, nvidia-smi, ffmpeg 같은 도구 호출에 자주 쓰인다.	meaning_choice	"[""import"",""print"",""subprocess"",""cli"",""toolchain""]"
8	python_ai_toolchain_expansion_v12.json	PY12_L08_torch_cuda_available_001	torch.cuda.is_available 읽기	PyTorch가 GPU를 사용할 수 있는지 확인하는 코드를 읽는다.	import torch\n\nprint(torch.cuda.is_available())	True가 나오면 의미는?	PyTorch에서 CUDA GPU를 사용할 수 있다	torch.cuda.is_available()이 True이면 현재 PyTorch 빌드와 NVIDIA 드라이버 환경에서 CUDA 장치를 초기화해 사용할 수 있다는 뜻이다. 모델이 이미 GPU에 올라갔거나 메모리가 충분하다는 뜻은 아니며, 실제 장치 수·이름·여유 VRAM과 모델·tensor의 device는 따로 확인해야 한다. False이면 CPU 전용 PyTorch, 드라이버 문제, 장치 비노출 같은 원인을 나누어 본다.	로컬/서버에서 GPU 추론 가능 여부를 보는 첫 검사다.	meaning_choice	"[""import"",""print"",""torch"",""cuda"",""gpu"",""device""]"
8	python_ai_toolchain_expansion_v12.json	PY12_L08_torch_device_001	cuda/cpu device 선택	GPU가 있으면 cuda, 없으면 cpu를 선택하는 코드를 읽는다.	"import torch\n\ndevice = ""cuda"" if torch.cuda.is_available() else ""cpu""\nprint(device)"	이 코드의 목적은?	가능하면 GPU를 쓰고 아니면 CPU를 쓰도록 device를 정한다	"조건식은 CUDA 사용 가능 여부에 따라 문자열 device를 ""cuda"" 또는 ""cpu""로 정한다. 이 줄은 사용할 대상만 선택하며 모델이나 tensor를 실제로 이동시키지는 않는다. 뒤에서 model.to(device), tensor.to(device)를 호출해 같은 장치에 놓아야 연산할 수 있다. ""cuda""는 기본 CUDA 장치를 뜻하므로 여러 GPU 중 특정 장치를 쓰려면 cuda:1처럼 명시한다."	PyTorch/Transformers 추론 코드를 읽는 기본이다.	meaning_choice	"[""import"",""print"",""torch"",""cuda"",""cpu"",""device""]"
8	python_ai_toolchain_expansion_v12.json	PY12_L08_torch_tensor_001	torch.tensor 기본 읽기	리스트를 PyTorch 텐서로 바꾸는 코드를 읽는다.	import torch\n\nx = torch.tensor([1, 2, 3])\nprint(x.shape)	torch.tensor([1,2,3])는 무엇을 만드는가?	PyTorch tensor	torch.tensor([1, 2, 3])은 세 정수를 가진 1차원 PyTorch tensor를 만들고 x에 대입한다. tensor에는 값 외에도 dtype, device, shape 정보가 있다. 이 예제의 질문 대상은 생성 결과이고, 실제 print(x.shape)는 원소가 3개인 한 축을 뜻하는 torch.Size([3])을 출력한다. tensor를 만들었다고 자동으로 GPU로 이동하거나 gradient를 추적하는 것은 아니다.	모델 입력/출력 코드를 읽기 위한 기초다.	meaning_choice	"[""import"",""print"",""torch"",""tensor"",""array""]"
8	python_ai_toolchain_expansion_v12.json	PY12_L08_uvicorn_001	uvicorn 실행 명령 읽기	FastAPI 앱을 로컬 서버로 실행하는 명령을 읽는다.	uvicorn search_api:app --reload --port 8000	search_api:app의 의미에 가까운 것은?	search_api 모듈 안의 app 객체를 불러와 실행한다	search_api:app에서 search_api는 현재 import 경로에서 찾을 모듈이고 app은 그 모듈 안의 ASGI 애플리케이션 객체다. 반드시 같은 폴더의 search_api.py만 뜻하는 것은 아니며 패키지 모듈일 수도 있다. --port 8000은 수신 포트를 정하고 --reload는 소스 변경 시 재시작하는 개발 편의 기능이므로 일반 운영 배포에서는 보통 사용하지 않는다.	로컬 RAG/search API 서버 실행과 직접 연결된다.	meaning_choice	"[""uvicorn"",""fastapi"",""server""]"
8	python_analytics_privacy_optin_v60.json	PY60_L08_anonymous_id_001	anonymous id 읽기	개인 식별 정보 대신 익명 ID를 쓰는 방식을 이해한다.	userId = createAnonymousId()	anonymous id의 목적은?	개인을 직접 식별하지 않고 사용 흐름을 묶어 보기 위해	이처럼 무작위 ID로 여러 이벤트를 연결하면 이름이나 이메일을 직접 쓰는 위험은 줄어든다. 그러나 반복 행동을 같은 ID로 묶을 수 있으므로 엄밀히는 익명이라기보다 가명 처리된 식별자에 가깝고, 다른 정보와 결합하면 다시 식별될 가능성도 있다. 동의, 접근 제한, 회전 주기와 보존 기간을 함께 적용해야 한다.	감사 v2에서 ANALYTICS_PRIVACY_OPT_IN이 0 hits였으므로, v60은 학습앱 분석, 이벤트 추적, 개인정보 동의/거부 UX를 보강한다.	meaning_choice	"[""anonymous_id"",""privacy"",""analytics""]"
8	python_analytics_privacy_optin_v60.json	PY60_L08_event_schema_001	event schema 읽기	분석 이벤트의 이름과 필드를 일정하게 정의하는 event schema를 이해한다.	event = {\n  name: 'card_answered',\n  properties: { cardId, level, isCorrect }\n}	event schema의 역할은?	이벤트 이름과 속성 구조를 일관되게 관리한다	event schema는 이벤트 이름, 시각, 카드 id, action 같은 분석 필드 구조다. 스키마가 없으면 같은 행동도 여러 이름으로 기록되어 분석이 어려워진다. 따라서 정답은 ‘이벤트 이름과 속성 구조를 일관되게 관리한다’이다.	감사 v2에서 ANALYTICS_PRIVACY_OPT_IN이 0 hits였으므로, v60은 학습앱 분석, 이벤트 추적, 개인정보 동의/거부 UX를 보강한다.	meaning_choice	"[""event_schema"",""analytics"",""data_model""]"
8	python_analytics_privacy_optin_v60.json	PY60_L08_minimal_event_data_001	minimal event data 읽기	이벤트에는 필요한 최소 정보만 담아야 한다는 원칙을 이해한다.	trackEvent('card_answered', { cardId, isCorrect })	minimal event data 원칙은?	개선에 필요한 최소한의 정보만 수집하는 것	minimal event data는 정해 둔 개선 목적에 필요한 속성만 수집하는 원칙이다. 예시는 카드 ID와 정답 여부만 보내지만, 카드 ID 자체가 민감한 학습 주제를 드러내는지도 검토해야 한다. 검색어와 메모 원문, 계정 식별자처럼 목적에 불필요한 값은 보내지 않고 보존 기간도 짧게 정한다.	감사 v2에서 ANALYTICS_PRIVACY_OPT_IN이 0 hits였으므로, v60은 학습앱 분석, 이벤트 추적, 개인정보 동의/거부 UX를 보강한다.	meaning_choice	"[""minimal_data"",""event_tracking"",""privacy""]"
8	python_analytics_privacy_optin_v60.json	PY60_L08_no_personal_note_tracking_001	no personal note tracking 읽기	사용자 메모 같은 개인 내용을 분석 이벤트에 넣지 않는 원칙을 이해한다.	trackEvent('note_saved', { length: note.length })\n// note text itself is not sent	개인 메모를 그대로 추적하면 안 되는 이유는?	사용자의 사적인 학습 기록이 포함될 수 있기 때문에	개인 메모 원문에는 건강, 업무, 계정 정보 같은 사적인 내용이 섞일 수 있으므로 분석 이벤트에 보내지 않는다. 글자 수는 원문보다 위험이 낮지만 완전히 무해한 값은 아니며 목적이 없으면 수집하지 않는 편이 낫다. 분석 목적과 보존 기간을 먼저 정한 뒤 꼭 필요한 파생값만 사용한다.	감사 v2에서 ANALYTICS_PRIVACY_OPT_IN이 0 hits였으므로, v60은 학습앱 분석, 이벤트 추적, 개인정보 동의/거부 UX를 보강한다.	meaning_choice	"[""personal_note"",""privacy"",""analytics_guard""]"
8	python_architecture_layers_patterns_v41.json	PY41_L08_adapter_001	adapter 읽기	외부 도구나 API를 내부 코드에 맞게 감싸는 adapter 개념을 읽는다.	class QwenAdapter:\n    def generate(self, prompt):\n        return call_qwen_api(prompt)	adapter의 역할은?	외부 API나 도구의 복잡한 사용법을 내부에서 쓰기 좋은 모양으로 감싼다	adapter는 외부 Qwen 호출 방식을 앱이 기대하는 generate(prompt) interface로 변환한다. 효과적인 adapter라면 입력·출력 형식뿐 아니라 timeout, 외부 예외, rate limit 같은 공급자 차이도 내부의 일관된 결과나 오류로 바꾼다. 외부 서비스 교체가 쉬워지는 정도는 호출이 이 경계를 실제로 지키는지에 달려 있다.	Qwen, GPT, 검색 라우터, 임베딩 모델을 붙일 때 adapter 계층이 있으면 교체가 쉽다.	meaning_choice	"[""def"",""function"",""return"",""class"",""adapter"",""wrapper"",""external_service""]"
8	python_architecture_layers_patterns_v41.json	PY41_L08_dto_001	DTO 읽기	DTO가 내부 객체와 외부 응답 사이의 전달용 구조라는 점을 이해한다.	internal Card object\n  -> CardResponseDTO\n  -> JSON response	DTO를 쓰는 이유에 가장 가까운 것은?	외부로 보내는 데이터 모양을 안정적으로 정하기 위해	DTO는 계층이나 프로세스 경계를 넘어 전달할 데이터 모양을 명시한다. CardResponseDTO가 필요한 필드만 선택하고 validation·serialization 규칙을 가지면 내부 Card 변경이 곧바로 API 노출 변경이 되는 것을 줄일 수 있다. 외부 형식의 안정성은 DTO 이름만이 아니라 versioning과 호환성 정책으로 유지한다.	학습앱 API가 나중에 생기면 Card 내부 데이터와 화면 응답 DTO를 분리하는 것이 안전하다.	meaning_choice	"[""DTO"",""data_transfer_object"",""api_response""]"
8	python_architecture_layers_patterns_v41.json	PY41_L08_interface_001	interface 읽기	interface가 실제 구현보다 먼저 정하는 약속이라는 점을 이해한다.	SearchEngine interface:\n  search(query) -> results\n\nVectorSearch implements SearchEngine\nKeywordSearch implements SearchEngine	interface의 핵심은?	구현체가 달라도 같은 방식으로 호출할 수 있는 약속을 만든다	interface는 search(query)가 받는 입력, 돌려주는 결과, 오류와 의미를 구현체들이 지켜야 한다는 계약이다. 같은 메서드 이름만 갖는 것으로 충분하지 않고 KeywordSearch와 VectorSearch가 호출자가 기대하는 결과 구조와 동작을 만족해야 교체할 수 있다.	키워드 검색, 벡터 검색, GraphRAG 검색을 같은 search(query) 형태로 묶을 수 있다.	meaning_choice	"[""interface"",""contract"",""implementation""]"
8	python_async_batch_queue_v26.json	PY26_L08_asyncio_gather_001	asyncio.gather 병렬 요청 읽기	여러 비동기 작업을 동시에 실행하고 결과를 모으는 구조를 읽는다.	import asyncio\n\nasync def main(ids):\n    tasks = [fetch_item(x) for x in ids]\n    results = await asyncio.gather(*tasks)\n    return results	asyncio.gather(*tasks)의 역할은?	여러 비동기 작업을 함께 실행하고 결과를 모은다	gather는 coroutine들을 schedule하고 모두 성공하면 입력 순서와 같은 순서의 result list를 반환한다. 기본 설정에서 하나가 exception을 내면 await하는 caller에 그 exception이 전달되지만 다른 awaitable이 모두 자동 취소되는 것으로 가정하면 안 된다. 부분 실패 정책이 필요하면 TaskGroup, return_exceptions 또는 개별 error handling을 선택한다.	여러 URL/API/문서를 동시에 처리할 때 쓰는 기본 비동기 패턴이다.	meaning_choice	"[""return"",""import"",""asyncio"",""gather"",""concurrency""]"
8	python_async_batch_queue_v26.json	PY26_L08_batch_loop_001	batch loop 읽기	큰 목록을 일정 크기의 배치로 나누어 처리하는 코드를 읽는다.	def chunks(items, size):\n    for i in range(0, len(items), size):\n        yield items[i:i + size]\n\nfor batch in chunks(rows, 100):\n    process_batch(batch)	rows가 250개이고 size가 100이면 배치는 몇 번 나오는가?	3	range는 0, 100, 200에서 시작하므로 slice가 100, 100, 50개인 세 batch를 만든다. size가 0이면 range가 ValueError를 내고 음수이면 이 입력에서는 batch가 나오지 않으므로 positive integer를 먼저 검증해야 한다. batch는 memory peak를 줄일 수 있지만 process_batch의 failure와 resume 경계도 설계해야 한다.	대량 카드/청크/노드 후보를 한 번에 다 처리하지 않고 나누는 방식이다.	meaning_choice	"[""for"",""def"",""function"",""range"",""batch"",""loop"",""chunking""]"
8	python_async_batch_queue_v26.json	PY26_L08_shard_range_001	shard range 처리 읽기	큰 작업을 shard 번호 범위로 나누어 실행하는 구조를 이해한다.	start_shard = 31\nend_shard = 100\n\nfor shard_id in range(start_shard, end_shard + 1):\n    run_shard(shard_id)	이 루프가 처리하는 마지막 shard_id는?	100	shard range는 큰 작업을 번호 구간으로 나눠 처리하는 방식이다. range(start, end + 1)을 쓰면 마지막 번호까지 포함할 수 있다. 구간을 명확히 기록하면 여러 PC나 실행에서 작업 범위가 겹치지 않게 나눌 수 있다. 따라서 정답은 ‘100’이다.	노드패스/샤드 처리 상태를 읽을 때 직접 연결되는 패턴이다.	meaning_choice	"[""for"",""shard"",""range"",""batch_job""]"
8	python_async_queue_batch_jobs_v36.json	PY36_L08_batch_001	batch 처리 읽기	많은 작업을 묶어서 처리하는 batch 개념을 이해한다.	batch = cards[0:100]\n\nfor card in batch:\n    validate(card)	batch = cards[0:100]의 의미는?	카드 중 앞의 100개를 한 묶음으로 잡는다	cards[0:100]은 전체 cards 중 인덱스 0부터 99까지, 최대 첫 100개만 새 리스트로 선택한다. 이 한 조각을 batch로 처리하는 예시이며 전체 데이터를 모두 batch로 순회하려면 시작 인덱스를 100씩 늘리는 바깥 반복이 추가로 필요하다.	노드패스 shard, 카드 검증, 대량 API 호출에서 자주 쓰는 사고방식이다.	meaning_choice	"[""for"",""batch"",""bulk_processing"",""shard""]"
8	python_async_queue_batch_jobs_v36.json	PY36_L08_queue_basic_001	queue 기초 읽기	처리할 일을 줄 세워 worker가 하나씩 가져가는 queue 구조를 이해한다.	queue:\n  shard_001\n  shard_002\n  shard_003\n\nworker takes shard_001	queue의 역할로 가장 가까운 것은?	처리할 작업을 순서대로 보관한다	queue는 생산자가 넣은 미처리 작업을 worker가 꺼낼 때까지 보관한다. 이 그림은 먼저 들어온 shard를 먼저 꺼내는 FIFO 큐를 나타낸다. 모든 큐가 반드시 FIFO인 것은 아니며 priority queue처럼 선택 규칙이 다른 구현도 있다.	KG/LoRA shard 처리, 카드 생성 batch, API 호출 대기열에 모두 적용된다.	meaning_choice	"[""queue"",""job"",""FIFO""]"
8	python_async_queue_batch_jobs_v36.json	PY36_L08_worker_001	worker 읽기	queue에서 작업을 꺼내 실제 처리하는 worker의 역할을 이해한다.	while queue_has_items():\n    job = queue.get()\n    try:\n        process(job)\n    except Exception as error:\n        mark_failed(job, error)\n    else:\n        mark_done(job)	worker가 하는 일은?	queue에서 job을 꺼내 처리하고 완료 표시한다	worker는 큐에서 작업을 가져와 실제 처리를 수행하는 실행 주체다. 성공한 작업만 done으로 표시하고 실패는 별도 상태와 재시도 정책으로 넘겨야 한다. 여러 worker가 같은 작업을 가져가지 않도록 queue의 claim·acknowledgement 방식도 필요하다.	샤드 여러 개를 서버에서 돌릴 때 worker 개념으로 이해하면 쉽다.	meaning_choice	"[""else"",""while"",""try_except"",""worker"",""queue"",""job_processing""]"
8	python_auth_security_tokens_permissions_v38.json	PY38_L08_api_key_001	API key 읽기	외부 서비스나 서버 API를 호출할 때 쓰는 API key 개념을 이해한다.	"headers = {\n  ""X-API-Key"": ""sk_live_...""\n}"	API key를 코드에 그대로 공개하면 위험한 이유는?	다른 사람이 내 권한으로 API를 호출할 수 있기 때문	API key는 외부 서비스나 서버 기능을 사용할 수 있게 해 주는 비밀값이다. 공개 저장소나 프론트엔드 코드에 넣으면 유출 위험이 크다. 키가 노출되면 다른 사람이 비용을 발생시키거나 권한 있는 API를 호출할 수 있으므로 서버 쪽에서 보호해야 한다.	OpenAI/Bedrock/Supabase 키 같은 값은 서버 측이나 env로 관리해야 한다.	meaning_choice	"[""API_key"",""secret"",""service_auth""]"
8	python_auth_security_tokens_permissions_v38.json	PY38_L08_jwt_001	JWT 읽기	JWT payload의 sub·role·exp가 각각 무엇을 나타내며, payload가 암호화된 비밀 공간은 아니라는 점을 이해한다.	"JWT payload:\n{\n  ""sub"": ""u1"",\n  ""role"": ""student"",\n  ""exp"": 1893456000\n}"	sub 필드는 보통 무엇을 나타내는가?	사용자 식별자	sub(subject)는 토큰이 가리키는 주체의 식별자이며 이 예시에서는 사용자 u1이다. exp는 Unix 시간 기준 만료 시각이다. 서명된 JWT의 payload는 기본적으로 암호화되지 않으므로 비밀값을 넣지 말고, 서버는 서명뿐 아니라 허용 algorithm, issuer, audience, exp 같은 claim도 검증해야 한다.	서버가 user_id를 토큰에서 읽어 사용자별 progress를 저장할 수 있다.	meaning_choice	"[""JWT"",""token"",""claims""]"
8	python_auth_security_tokens_permissions_v38.json	PY38_L08_refresh_token_001	refresh token 읽기	짧게 만료되는 access token을 새로 받기 위한 refresh token을 이해한다.	access_token expires in 15 minutes\nrefresh_token expires in 30 days\n\nPOST /auth/refresh	refresh token의 역할로 맞는 것은?	새 access token을 발급받는 데 사용한다	refresh token은 access token이 만료될 때 인증 서버에서 새 access token을 받는 데 사용한다. 수명이 긴 만큼 access token보다 더 엄격하게 보호하고, 브라우저 앱에서는 보통 JavaScript가 읽지 못하는 보안 cookie 같은 저장 방식을 검토한다. 회전·재사용 탐지·서버 측 폐기 정책도 필요하다.	사용자가 매번 로그인하지 않게 만들 때 필요한 개념이다.	meaning_choice	"[""refresh_token"",""token_refresh"",""session""]"
8	python_auth_security_tokens_v22.json	PY22_L08_bearer_header_001	Bearer token header 읽기	API 요청에서 Authorization 헤더로 토큰을 보내는 구조를 읽는다.	"headers = {\n    ""Authorization"": f""Bearer {access_token}"",\n    ""Content-Type"": ""application/json"",\n}"	Authorization: Bearer ... 헤더의 목적은?	요청자가 가진 접근 토큰을 서버에 전달한다	Authorization: Bearer는 token을 소지한 client가 server에 그대로 제시하는 형식이다. Bearer는 이름처럼 소지자에게 권한이 생길 수 있으므로 HTTPS로 전송하고 URL·log·오류 메시지에 남기지 않아야 한다. server는 signature, issuer, audience, expiry와 필요한 scope를 검증해야 하며 header를 보내는 것만으로 인증이 완료되지는 않는다.	프론트에서 FastAPI나 외부 API를 호출할 때 자주 등장한다.	meaning_choice	"[""bearer_token"",""authorization_header"",""api_auth""]"
8	python_auth_security_tokens_v22.json	PY22_L08_fastapi_header_token_001	FastAPI Authorization header 읽기	FastAPI endpoint에서 Authorization 헤더를 읽는 구조를 이해한다.	"from fastapi import Header, HTTPException\n\n@app.get(""/me"")\ndef me(authorization: str | None = Header(default=None)):\n    if authorization is None:\n        raise HTTPException(status_code=401, detail=""missing token"")\n    return {""auth"": authorization}"	authorization이 None이면 어떤 상태 코드가 반환되는가?	401	"authorization header 자체가 없으면 이 code는 401을 발생시킨다. 하지만 header가 있다는 사실만 검사하고 ""Bearer"" scheme, token signature, expiry, 권한을 전혀 검증하지 않으며 오히려 raw credential을 response로 돌려준다. 실제 private endpoint는 token을 검증하고 credential을 response나 log에 노출하지 않아야 한다."	로그인된 사용자만 접근 가능한 API를 만들 때 기본이 되는 구조다.	meaning_choice	"[""if"",""def"",""function"",""return"",""import"",""fastapi"",""header"",""authorization"",""token""]"
8	python_auth_security_tokens_v22.json	PY22_L08_jwt_parts_001	점으로 나눈 예시 token 읽기	JWT가 점(.)으로 구분된 세 부분으로 구성된다는 것을 이해한다.	"token = ""header.payload.signature""\nparts = token.split(""."")\nprint(len(parts))"	출력은?	3	주어진 문자열은 점 두 개로 구분된 세 부분이라 split 결과 길이가 3이다. 서명된 compact JWT(JWS)는 흔히 protected header, payload, signature 세 부분이지만 암호화된 compact JWE는 다섯 부분일 수 있고, 단순히 세 부분이라고 유효한 JWT는 아니다. payload는 보통 암호화되지 않으므로 민감 정보를 넣지 말고 검증된 library로 signature와 claims를 확인한다.	토큰을 볼 때 원문 전체를 외우기보다 구조를 먼저 파악하는 훈련이다.	output_prediction	"[""print"",""jwt"",""header"",""payload"",""signature""]"
8	python_broad_expansion_v3.json	PY3_L08_numpy_argmax_001	numpy argmax 읽기	numpy 배열에서 가장 큰 값의 위치를 찾는 코드를 읽는다.	import numpy as np\n\nscores = np.array([0.2, 0.9, 0.4])\nidx = np.argmax(scores)\nprint(idx)	출력은?	1	argmax는 배열에서 가장 큰 값이 있는 위치의 인덱스를 반환한다. 값 0.9가 가장 크고 그 위치가 1번이면 결과는 1이다. 가장 큰 값 자체가 아니라 그 위치를 돌려준다는 점 때문에 후속 코드에서 인덱스로 다시 접근할 수 있다.	분류 결과, 점수 후보, 최고 유사도 선택에서 자주 쓴다.	output_prediction	"[""import"",""print"",""numpy"",""argmax"",""score""]"
8	python_broad_expansion_v3.json	PY3_L08_pandas_apply_001	pandas apply 읽기	각 행이나 값에 함수를 적용하는 코드를 읽는다.	"import pandas as pd\n\ndf = pd.DataFrame({""label"": ["" LiDAR "", "" Radar ""]})\ndf[""norm""] = df[""label""].apply(lambda x: x.strip().lower())\nprint(df[""norm""].tolist())"	출력은?	"[""lidar"", ""radar""]"	"apply는 각 행이나 각 값에 함수를 적용한다. 이 코드에서는 label마다 strip과 lower를 적용해 정규화된 norm 컬럼을 만든다. apply는 편하지만 행마다 파이썬 함수를 호출하므로 큰 데이터에서는 속도도 함께 고려해야 한다. 따라서 출력은 ‘[""lidar"", ""radar""]’이다."	라벨 정규화, 텍스트 전처리, 피처 생성에 자주 쓴다.	output_prediction	"[""import"",""print"",""pandas"",""apply"",""lambda""]"
8	python_broad_expansion_v3.json	PY3_L08_pandas_isna_001	pandas 결측값 필터 읽기	비어 있는 값을 찾아 필터링하거나 보정하는 pandas 코드를 읽는다.	"missing = df[df[""doc_id""].isna()]"	missing에는 어떤 행이 들어가는가?	doc_id가 결측값인 행	df['doc_id'].isna()는 각 행의 doc_id가 None, NaN 같은 결측값이면 True인 불리언 Series를 만든다. 그 Series로 df를 필터링하므로 missing에는 결측값인 행만 들어간다. 빈 문자열 ''은 기본적으로 결측값으로 간주되지 않으므로, 공백이나 빈 문자열까지 찾으려면 별도 조건이 필요하다.	누락 필드 점검과 데이터 품질 검증에 중요하다.	meaning_choice	"[""pandas"",""isna"",""missing_value""]"
8	python_broad_expansion_v3.json	PY3_L08_pandas_merge_001	pandas merge 읽기	두 표를 공통 key 기준으로 합치는 코드를 읽는다.	"import pandas as pd\n\nnodes = pd.read_csv(""nodes.csv"")\nscores = pd.read_csv(""scores.csv"")\nmerged = nodes.merge(scores, on=""id"", how=""left"")"	on='id'는 무엇을 의미하는가?	id 컬럼을 기준으로 합친다	on='id'는 양쪽 DataFrame의 id 값이 같은 행끼리 연결하라는 뜻이다. how='left'이므로 왼쪽 nodes의 모든 행을 유지하고, 일치하는 scores 정보가 없으면 오른쪽 컬럼은 결측값이 된다. 어느 한쪽 id가 중복되면 결과 행이 여러 개로 늘어날 수 있으므로 key의 유일성도 확인해야 한다.	노드 테이블과 점수/메타 테이블을 합칠 때 자주 쓰인다.	meaning_choice	"[""import"",""pandas"",""merge"",""join""]"
8	python_card_authoring_pipeline_v58.json	PY58_L08_card_diff_001	card diff 읽기	카드 수정 전후 차이를 비교하는 card diff 개념을 이해한다.	diff(oldCard, newCard)	card diff의 목적은?	카드에서 무엇이 바뀌었는지 확인하기 위해	card diff는 카드가 이전 버전과 어떻게 달라졌는지 비교하는 정보다. 질문, 정답, 해설 변경은 학습 품질에 영향을 주므로 확인이 필요하다. diff를 보면 의도한 카드만 바뀌었는지, 실수로 다른 필드가 바뀌었는지 확인할 수 있다. 따라서 정답은 ‘카드에서 무엇이 바뀌었는지 확인하기 위해’이다.	감사 v2에서 CONTENT_AUTHORING_PIPELINE이 0 hits였으므로, v58은 카드 제작, 검토, 검증, 배포 흐름을 보강한다.	meaning_choice	"[""card_diff"",""review"",""versioning""]"
8	python_card_authoring_pipeline_v58.json	PY58_L08_content_pipeline_001	content pipeline 읽기	자료에서 카드까지 이어지는 콘텐츠 제작 파이프라인을 이해한다.	source -> extract -> draftCards -> humanReview -> validate -> publish	content pipeline의 목적은?	원자료에서 학습 카드까지의 제작 흐름을 단계화하기 위해	source에서 text를 추출해 draft를 만들고 사람의 의미 검토와 자동 schema·reference validation을 거친 뒤 publish한다. 자동 validate는 사실 정확성과 pedagogical quality를 모두 판단하지 못하므로 humanReview를 code 흐름에도 명시했다. 각 stage의 provenance와 version을 남긴다.	감사 v2에서 CONTENT_AUTHORING_PIPELINE이 0 hits였으므로, v58은 카드 제작, 검토, 검증, 배포 흐름을 보강한다.	meaning_choice	"[""content_pipeline"",""pipeline"",""card_creation""]"
8	python_card_authoring_pipeline_v58.json	PY58_L08_draft_status_001	draft status 읽기	카드 상태를 draft, review, approved처럼 나누어 관리하는 방식을 이해한다.	card.status = 'draft'	draft status를 두는 이유는?	아직 검토되지 않은 카드를 배포 카드와 구분하기 위해	draft status는 카드가 초안인지 검토 중인지 확정본인지 나타내는 상태다. 초안과 확정본을 섞으면 품질 문제가 앱에 바로 들어갈 수 있다. 상태값이 있으면 자동 배포나 검증 스크립트가 아직 공개하면 안 되는 카드를 걸러낼 수 있다.	감사 v2에서 CONTENT_AUTHORING_PIPELINE이 0 hits였으므로, v58은 카드 제작, 검토, 검증, 배포 흐름을 보강한다.	meaning_choice	"[""draft_status"",""content_state"",""workflow""]"
8	python_card_authoring_pipeline_v58.json	PY58_L08_editor_workflow_001	editor workflow 읽기	작성자와 검토자가 카드 내용을 수정하고 승인하는 흐름을 이해한다.	editor edits card\nreviewer approves card	editor workflow가 필요한 이유는?	카드 품질을 여러 단계에서 확인하기 위해	editor workflow는 작성자나 검토자가 카드를 수정하고 승인하는 절차다. 카드가 많아질수록 한 사람이 모든 오류를 잡기 어렵다. 초안, 검토, 승인, 배포 단계를 나누면 품질 기준을 통과한 카드만 앱에 넣기 쉽다. 따라서 정답은 ‘카드 품질을 여러 단계에서 확인하기 위해’이다.	감사 v2에서 CONTENT_AUTHORING_PIPELINE이 0 hits였으므로, v58은 카드 제작, 검토, 검증, 배포 흐름을 보강한다.	meaning_choice	"[""editor_workflow"",""review"",""authoring""]"
8	python_class_object_datamodel_v31.json	PY31_L08_instance_variable_001	instance variable 읽기	객체마다 따로 저장되는 인스턴스 변수의 역할을 읽는다.	"a = Card(""c1"", ""A"")\nb = Card(""c2"", ""B"")\n\nprint(a.title)\nprint(b.title)"	a.title과 b.title이 다를 수 있는 이유는?	각 object가 자기 instance variable을 따로 갖기 때문	같은 Card 클래스로 만들었어도 각 객체는 자기 id/title 값을 따로 가진다. instance variable은 객체마다 따로 가지는 값이다. 같은 클래스에서 만든 객체라도 각 객체의 상태가 다를 수 있다는 점을 확인해야 한다.	카드 676장이 같은 구조를 공유하지만 각 카드 내용은 다른 것과 비슷하다.	meaning_choice	"[""print"",""instance_variable"",""state"",""object""]"
8	python_class_object_datamodel_v31.json	PY31_L08_method_001	method 읽기	class 안에 정의된 함수인 method를 이해한다.	"class Card:\n    def __init__(self, title):\n        self.title = title\n\n    def display_title(self):\n        return f""카드: {self.title}"""	display_title은 무엇인가?	Card 객체가 사용할 수 있는 method	method는 class 안에 정의되어 객체와 함께 동작하는 함수다. self를 받으면 객체 자신의 상태나 속성에 접근할 수 있다. display_title 같은 이름은 객체의 데이터를 보기 좋은 제목 형태로 만들어 주는 동작으로 해석할 수 있다. 따라서 반환/호출 결과는 ‘Card 객체가 사용할 수 있는 method’이다.	카드 객체가 자기 표시문구를 만드는 식의 구조를 읽을 때 필요하다.	meaning_choice	"[""def"",""function"",""return"",""method"",""class"",""behavior""]"
8	python_class_object_datamodel_v31.json	PY31_L08_self_001	self 읽기	self가 현재 객체 자신을 가리킨다는 점을 이해한다.	class Progress:\n    def __init__(self):\n        self.seen = set()\n\n    def mark_seen(self, card_id):\n        self.seen.add(card_id)	self.seen은 무엇을 의미하는가?	현재 Progress 객체가 가진 seen 상태	self는 이 메서드를 호출한 객체 자신이다. self.seen은 그 객체의 상태다. self는 메서드가 어느 객체의 데이터를 다루는지 알려 주는 이름이다. self.name처럼 쓰이면 현재 객체 안의 name 속성을 읽거나 바꾸는 흐름이다.	진행률을 객체로 관리할 때 seen/correct/confused 같은 상태를 self에 둔다.	meaning_choice	"[""def"",""function"",""class"",""self"",""method"",""instance""]"
8	python_compute_concepts_v13.json	PY13_L08_branching_cpu_001	분기가 많은 코드는 CPU 쪽	if/else가 많고 작업 종류가 다양한 코드는 GPU보다 CPU 제어 흐름에 가깝다는 점을 이해한다.	"for row in rows:\n    if row[""status""] == ""ok"":\n        save(row)\n    elif row[""status""] == ""retry"":\n        enqueue(row)\n    else:\n        log_error(row)"	이 코드는 어떤 성격에 가까운가?	CPU가 조율하기 좋은 분기/제어 코드	이 Python loop는 각 row의 상태에 따라 서로 다른 Python 함수를 호출하는 제어·조율 코드라서 보통 CPU가 실행한다. GPU도 조건 연산을 할 수 있지만 많은 thread가 서로 다른 분기를 택하면 효율이 떨어질 수 있고, 개별 Python 함수 호출을 자동으로 GPU가 맡지는 않는다. 다만 save나 enqueue 내부의 실제 작업 성격은 이 조각만으로 알 수 없다.	배치/큐/재시도/저장 흐름은 GPU보다 CPU 병목일 수 있다.	meaning_choice	"[""if"",""else"",""for"",""cpu"",""branch"",""control_flow""]"
8	python_compute_concepts_v13.json	PY13_L08_cpu_gpu_pipeline_001	CPU와 GPU가 함께 일하는 흐름	CPU가 준비하고 GPU가 무거운 텐서 연산을 처리하는 흐름을 읽는다.	"# CPU side\ntext = load_text(""prompt.txt"")\ninputs = tokenizer(text, return_tensors=""pt"")\n\n# GPU side\ninputs = {k: v.to(""cuda"") for k, v in inputs.items()}\noutputs = model.generate(**inputs)"	이 코드 흐름으로 가장 맞는 설명은?	CPU가 텍스트/입력을 준비하고 GPU가 모델 연산을 처리한다	load_text와 tokenizer는 보통 CPU에서 입력 tensor를 만들고, dict comprehension이 각 tensor를 CUDA memory로 옮긴다. model도 이미 같은 CUDA 장치에 있다는 전제에서 generate의 tensor 연산은 GPU에서 수행된다. model이 CPU에 남아 있으면 device mismatch가 날 수 있다. CPU↔GPU 복사에는 시간이 들므로 loop마다 불필요하게 왕복하지 않는지와 결과를 언제 CPU로 가져오는지 확인한다.	모델 추론이 왜 데이터 준비와 GPU 연산으로 나뉘는지 이해한다.	meaning_choice	"[""comment"",""cpu"",""gpu"",""pipeline"",""device""]"
8	python_compute_concepts_v13.json	PY13_L08_data_transfer_001	CPU↔GPU 데이터 이동 비용	GPU를 쓰더라도 데이터를 자주 옮기면 느려질 수 있다는 점을 이해한다.	"for batch in batches:\n    batch = batch.to(""cuda"")\n    output = model(batch)"	batch.to('cuda')는 무엇에 가까운가?	CPU 쪽 데이터를 GPU 메모리로 옮긴다	"batch가 CPU tensor라면 batch.to(""cuda"")는 CUDA 장치의 tensor를 반환하고, 재대입한 batch가 model 입력으로 쓰인다. 원래 CPU tensor 자체를 그 자리에서 바꾸는 것이 아니다. 이미 같은 장치와 dtype이면 복사가 생략될 수도 있다. host↔device 전송이 계산보다 자주·작게 일어나면 병목이 되므로 batch 묶음, pinned memory와 non_blocking 조건도 측정해서 판단한다."	GPU가 있는데도 느린 경우 데이터 이동/전처리 병목을 의심할 수 있다.	meaning_choice	"[""for"",""cpu"",""gpu"",""data_transfer"",""device""]"
8	python_compute_concepts_v13.json	PY13_L08_parallelism_001	병렬 처리에 어울리는 연산	같은 계산을 많은 데이터에 반복할 때 GPU가 유리한 이유를 읽는다.	# many independent scores\nscores = embeddings @ query_vector	이 연산이 GPU에 어울리는 이유는?	많은 벡터 점수를 한꺼번에 계산할 수 있기 때문	parallelism은 여러 계산을 동시에 처리하는 방식이다. 벡터와 행렬 연산은 같은 형태의 계산이 반복되어 병렬화하기 좋다. 독립적인 작은 계산을 여러 개로 쪼갤 수 있을수록 병렬 처리의 이점이 커진다. 따라서 정답은 ‘많은 벡터 점수를 한꺼번에 계산할 수 있기 때문’이다.	벡터검색/임베딩 유사도 계산이 GPU와 잘 맞는 이유다.	meaning_choice	"[""comment"",""parallel"",""gpu"",""matrix"",""batch""]"
8	python_core_expansion_v1.json	PY_L08_import_alias_001	import 별칭 읽기	import pandas as pd에서 pd가 pandas의 별칭임을 읽는다.	"import pandas as pd\n\ndf = pd.read_csv(""items.csv"")"	pd는 무엇의 별칭인가?	pandas	import pandas as pd에서 as pd는 pandas를 짧은 이름 pd로 부르겠다는 뜻이다. 긴 라이브러리 이름을 반복해서 쓰지 않아도 된다. pd, np처럼 널리 쓰이는 별칭은 코드 예제를 읽을 때 라이브러리를 빠르게 알아보게 해 준다.	데이터 처리 코드에서 pd, np 같은 별칭을 자주 본다.	meaning_choice	"[""import"",""alias"",""pandas""]"
8	python_core_expansion_v1.json	PY_L08_pandas_filter_001	pandas 필터링 읽기	"df[df[""kind""] == ""Sensor""]가 조건에 맞는 행만 고르는 구조임을 읽는다."	"import pandas as pd\n\ndf = pd.read_csv(""nodes.csv"")\nsensors = df[df[""kind""] == ""Sensor""]"	sensors에는 어떤 행이 들어가는가?	kind가 Sensor인 행	pandas 필터링은 조건식이 True인 행만 남긴다. 예를 들어 df[df['kind'] == 'Sensor']는 kind가 Sensor인 행만 선택한다. 조건식은 각 행마다 참거짓을 만들고, pandas는 참인 행만 새 표로 반환한다.	CSV 기반 라벨/노드 검토에서 많이 쓰인다.	meaning_choice	"[""import"",""pandas"",""DataFrame"",""filter""]"
8	python_core_expansion_v1.json	PY_L08_subprocess_001	subprocess로 외부 명령 실행	Python 코드에서 외부 명령을 실행하는 구조를 읽는다.	"import subprocess\n\nsubprocess.run([""python"", ""script.py""], check=True)"	이 코드는 무엇을 하는가?	외부 명령으로 script.py를 실행한다	subprocess.run은 파이썬 코드에서 별도의 외부 프로세스를 실행하고 끝날 때까지 기다린다. 이 코드는 python 명령에 script.py를 인자로 넘겨 실행한다. check=True이므로 종료 코드가 0이 아니면 subprocess.CalledProcessError가 발생한다. 표준 출력을 코드에서 사용하려면 capture_output=True 같은 옵션을 별도로 지정해야 한다.	여러 스크립트를 순차 실행하는 자동화에서 보일 수 있다.	meaning_choice	"[""import"",""subprocess"",""cli"",""command""]"
8	python_daily_review_expansion_v9.json	PY9_REVIEW_PSPATCH_001	[오늘의 코드리뷰 1/5] PowerShell 패치 스크립트 전체 목적	마커 기반으로 app.js 기능 블록을 교체/추가하는 스크립트 흐름을 읽는다.	"Set-Location ""D:\projects\python-reading-trainer""\n$ErrorActionPreference = ""Stop""\n$appPath = "".\src\pwa\app.js""\n$app = Get-Content $appPath -Raw -Encoding UTF8\n$markerStart = ""// === FEATURE START ===""\n$markerEnd = ""// === FEATURE END ===""\n$featureBlock = ""// === FEATURE START ===\nfunction sayHello() {\n  console.log('hello');\n}\n// === FEATURE END ===""\nif ($app.Contains($markerStart)) {\n  $pattern = [regex]::Escape($markerStart) + ""[\s\S]*?"" + [regex]::Escape($markerEnd)\n  $app = [regex]::Replace($app, $pattern, $featureBlock.Trim())\n} else {\n  $app = $app.TrimEnd() + ""`r`n"" + $featureBlock\n}\nSet-Content $appPath -Value $app -Encoding UTF8\nSelect-String -Path $appPath -Pattern ""FEATURE START|sayHello"" -Context 0,2"	이 스크립트의 전체 목적은?	app.js에 FEATURE 블록을 추가하거나 기존 블록을 교체한다	스크립트는 app.js 전체를 문자열로 읽고, 시작 마커가 있으면 시작·끝 마커를 포함하는 비탐욕 정규식으로 featureBlock 교체를 시도하며, 없으면 파일 끝에 블록을 붙인다. 그 뒤 Set-Content로 파일을 다시 쓰고 Select-String 결과를 표시한다. 시작 마커만 있고 끝 마커가 없으면 정규식이 매칭되지 않아 교체 없이 원문을 다시 쓸 수 있으며, 여러 완전한 블록이 있으면 Regex.Replace가 모두 바꿀 수 있다.	SWAP-IN/패치 스크립트 독해에 직접 연결된다.	review_choice	"[""powershell"",""patch"",""marker"",""review""]"
8	python_daily_review_expansion_v9.json	PY9_REVIEW_PSPATCH_002	[오늘의 코드리뷰 2/5] ErrorActionPreference 의미	스크립트 중간 에러를 무시하지 않도록 하는 설정을 읽는다.	"Set-Location ""D:\projects\python-reading-trainer""\n$ErrorActionPreference = ""Stop""\n$appPath = "".\src\pwa\app.js""\n$app = Get-Content $appPath -Raw -Encoding UTF8\n$markerStart = ""// === FEATURE START ===""\n$markerEnd = ""// === FEATURE END ===""\n$featureBlock = ""// === FEATURE START ===\nfunction sayHello() {\n  console.log('hello');\n}\n// === FEATURE END ===""\nif ($app.Contains($markerStart)) {\n  $pattern = [regex]::Escape($markerStart) + ""[\s\S]*?"" + [regex]::Escape($markerEnd)\n  $app = [regex]::Replace($app, $pattern, $featureBlock.Trim())\n} else {\n  $app = $app.TrimEnd() + ""`r`n"" + $featureBlock\n}\nSet-Content $appPath -Value $app -Encoding UTF8\nSelect-String -Path $appPath -Pattern ""FEATURE START|sayHello"" -Context 0,2"	ErrorActionPreference = Stop의 목적은?	에러가 나면 스크립트를 멈추게 한다	$ErrorActionPreference = 'Stop'은 PowerShell cmdlet의 비종료 오류를 종료 오류처럼 처리해 일반 흐름을 중단하게 한다. 이미 종료 오류인 예외에도 중단 흐름이 적용된다. 그러나 모든 외부 실행 파일의 비정상 종료 코드를 자동 예외로 바꾸거나 이전 파일 변경을 rollback하는 트랜잭션은 아니다. 따라서 오류 뒤 계속 실행될 위험은 줄이지만 별도 검증·백업·원자적 쓰기를 대신하지 않는다.	대량 패치에서 실패한 줄 이후가 계속 실행되는 위험을 줄인다.	review_choice	"[""powershell"",""error"",""script""]"
8	python_daily_review_expansion_v9.json	PY9_REVIEW_PSPATCH_003	[오늘의 코드리뷰 3/5] 마커 탐지 분기	기존 블록이면 교체를 시도하고 없으면 추가하는 조건문을 읽는다.	"Set-Location ""D:\projects\python-reading-trainer""\n$ErrorActionPreference = ""Stop""\n$appPath = "".\src\pwa\app.js""\n$app = Get-Content $appPath -Raw -Encoding UTF8\n$markerStart = ""// === FEATURE START ===""\n$markerEnd = ""// === FEATURE END ===""\n$featureBlock = ""// === FEATURE START ===\nfunction sayHello() {\n  console.log('hello');\n}\n// === FEATURE END ===""\nif ($app.Contains($markerStart)) {\n  $pattern = [regex]::Escape($markerStart) + ""[\s\S]*?"" + [regex]::Escape($markerEnd)\n  $app = [regex]::Replace($app, $pattern, $featureBlock.Trim())\n} else {\n  $app = $app.TrimEnd() + ""`r`n"" + $featureBlock\n}\nSet-Content $appPath -Value $app -Encoding UTF8\nSelect-String -Path $appPath -Pattern ""FEATURE START|sayHello"" -Context 0,2"	이미 FEATURE START가 있으면 어떤 경로로 가는가?	regex Replace 경로로 들어가 교체를 시도한다	app.Contains(markerStart)가 참이면 if 분기에서 pattern을 만들고 Regex.Replace를 호출한다. 그러나 Contains는 시작 마커 하나만 확인한다. 끝 마커가 없거나 순서가 잘못되어 pattern이 매칭되지 않으면 교체되지 않으며, 이 코드에는 매칭 수 확인이 없다. 따라서 같은 패치를 여러 번 실행해도 항상 정확히 한 블록만 남는다고 보장할 수 없다.	같은 패치를 여러 번 실행해도 중복 블록이 안 쌓이게 하는 구조다.	review_choice	"[""powershell"",""if"",""marker""]"
8	python_daily_review_expansion_v9.json	PY9_REVIEW_PSPATCH_004	[오늘의 코드리뷰 4/5] 없으면 append	기존 마커가 없을 때 파일 끝에 새 블록을 붙이는 코드를 읽는다.	"Set-Location ""D:\projects\python-reading-trainer""\n$ErrorActionPreference = ""Stop""\n$appPath = "".\src\pwa\app.js""\n$app = Get-Content $appPath -Raw -Encoding UTF8\n$markerStart = ""// === FEATURE START ===""\n$markerEnd = ""// === FEATURE END ===""\n$featureBlock = ""// === FEATURE START ===\nfunction sayHello() {\n  console.log('hello');\n}\n// === FEATURE END ===""\nif ($app.Contains($markerStart)) {\n  $pattern = [regex]::Escape($markerStart) + ""[\s\S]*?"" + [regex]::Escape($markerEnd)\n  $app = [regex]::Replace($app, $pattern, $featureBlock.Trim())\n} else {\n  $app = $app.TrimEnd() + ""`r`n"" + $featureBlock\n}\nSet-Content $appPath -Value $app -Encoding UTF8\nSelect-String -Path $appPath -Pattern ""FEATURE START|sayHello"" -Context 0,2"	markerStart가 없으면 어떤 일이 일어나는가?	파일 끝에 featureBlock을 붙인다	시작 마커가 없으면 TrimEnd()가 app 문자열 끝의 공백과 줄바꿈을 제거하고, CRLF 한 개와 featureBlock을 이어 붙인다. 이후 공통 Set-Content가 app.js 전체를 다시 쓴다. 이는 추가 경로의 문자열 결과를 설명할 뿐 JavaScript 문법이나 삽입 위치의 적절성을 검증하지 않는다. 또한 -Encoding UTF8의 BOM 동작은 Windows PowerShell과 최신 PowerShell에서 다를 수 있어 대상 실행 환경을 확인해야 한다.	새 기능을 처음 추가할 때의 패치 흐름이다.	review_choice	"[""powershell"",""append"",""string""]"
8	python_data_governance_copyright_v57.json	PY57_L08_data_manifest_001	data manifest 읽기	데이터 파일 목록과 출처/라이선스 정보를 manifest로 관리하는 방식을 이해한다.	manifest.append({\n  file: path,\n  sourceUrl: url,\n  license: license\n})	data manifest의 역할은?	데이터 파일별 출처와 사용 조건을 한곳에 정리한다	파일이 많아질수록 manifest가 있어야 나중에 검증과 제출 문서 작성이 쉬워진다. data manifest는 데이터셋의 출처, 파일명, 라이선스, 처리 상태를 정리하는 목록이다. 나중에 제출하거나 검증할 때 근거 추적에 도움이 된다. 따라서 정답은 ‘데이터 파일별 출처와 사용 조건을 한곳에 정리한다’이다.	감사 v2에서 DATA_GOVERNANCE_COPYRIGHT가 0 hits였으므로, v57은 학습앱 데이터의 출처, 라이선스, 출처표기, 제출 근거 관리를 보강한다.	meaning_choice	"[""data_manifest"",""metadata"",""governance""]"
8	python_data_governance_copyright_v57.json	PY57_L08_derived_data_001	derived data 읽기	원자료를 가공해 만든 파생 데이터에도 출처와 조건 관리가 필요함을 이해한다.	derived = {\n  sourceId: original.id,\n  transform: 'summary'\n}	derived data에서 sourceId가 필요한 이유는?	가공 데이터가 어떤 원자료에서 나왔는지 추적하기 위해	summary·chunk·card 같은 derived item은 sourceId뿐 아니라 source version, transform code·date와 applicable license를 이어받아 provenance를 유지해야 한다. 가공했다고 원자료의 저작권·license 의무가 자동으로 사라지는 것은 아니다. 원문 삭제·정정 요청을 파생물에 전파할 수 있게 한다.	감사 v2에서 DATA_GOVERNANCE_COPYRIGHT가 0 hits였으므로, v57은 학습앱 데이터의 출처, 라이선스, 출처표기, 제출 근거 관리를 보강한다.	meaning_choice	"[""derived_data"",""transformation"",""copyright""]"
8	python_data_governance_copyright_v57.json	PY57_L08_open_license_001	open license 읽기	오픈 라이선스 자료도 조건에 따라 표기나 제한이 있을 수 있음을 이해한다.	if license.requiresAttribution:\n  showAttribution(source)	open license에서 확인할 수 있는 조건은?	출처표기, 변경 가능 여부, 상업적 이용 가능 여부 같은 조건	open license는 정확한 license 이름과 version에 따라 reuse 조건을 미리 부여한다. attribution, commercial restriction, no-derivatives, share-alike와 database rights를 구분하고, 여러 source를 결합할 때 license compatibility도 확인한다. 단순 requiresAttribution flag로 모든 조건을 표현할 수 없다.	감사 v2에서 DATA_GOVERNANCE_COPYRIGHT가 0 hits였으므로, v57은 학습앱 데이터의 출처, 라이선스, 출처표기, 제출 근거 관리를 보강한다.	meaning_choice	"[""if"",""open_license"",""reuse"",""attribution""]"
8	python_data_governance_copyright_v57.json	PY57_L08_public_data_001	public data 읽기	공공데이터도 사용 조건과 출처를 확인해야 함을 이해한다.	dataset = {\n  type: 'public_data',\n  sourceUrl: url,\n  license: licenseText\n}	public data를 쓸 때도 확인해야 하는 것은?	출처와 사용 조건	공개적으로 접근 가능한 public data도 자동으로 무제한 재사용 가능한 것은 아니다. 각 dataset page의 이용허락범위, 출처표시, commercial·derivative 조건, 개인정보·제3자 권리와 API 약관을 확인한다. 같은 portal 안에서도 dataset별 조건이 다를 수 있다.	감사 v2에서 DATA_GOVERNANCE_COPYRIGHT가 0 hits였으므로, v57은 학습앱 데이터의 출처, 라이선스, 출처표기, 제출 근거 관리를 보강한다.	meaning_choice	"[""public_data"",""open_data"",""reuse""]"
8	python_data_processing_pandas_jsonl_v42.json	PY42_L08_chunksize_001	chunksize 읽기	큰 파일을 한 번에 다 읽지 않고 조각 단위로 처리하는 방식을 이해한다.	for chunk in pd.read_csv('large.csv', chunksize=10000):\n    process(chunk)	chunksize를 쓰는 주된 이유는?	큰 파일을 메모리에 한 번에 올리지 않기 위해	pd.read_csv(..., chunksize=10000)은 TextFileReader를 돌려주고 반복할 때 최대 약 10,000행씩 DataFrame을 읽으므로 전체 파일을 동시에 메모리에 둘 필요가 없다. 다만 global sort, dedup, groupby처럼 chunk 경계를 넘는 연산은 중간 집계나 외부 저장을 별도로 설계해야 한다.	수십만 줄 JSONL/CSV 결과를 검증할 때 메모리 폭발을 줄이는 방식이다.	meaning_choice	"[""for"",""chunksize"",""large_file"",""memory""]"
8	python_data_processing_pandas_jsonl_v42.json	PY42_L08_missing_value_001	missing value 읽기	빈 값과 NaN을 확인하는 기본 방식을 이해한다.	missing_count = df['label'].isna().sum()\nprint(missing_count)	df['label'].isna().sum()은 무엇을 세는가?	label column의 NaN·None 같은 결측값 개수	isna()는 각 값이 pandas에서 missing으로 인식되는 NaN, None, NaT 등인지 Boolean으로 만들고 sum()은 True 개수를 센다. 일반적인 빈 문자열 ''은 기본적으로 이 계산에서 missing이 아닐 수 있으므로 공백 제거와 빈 문자열 규칙은 별도로 정해야 한다.	라벨링 결과에서 label, reason, decision 누락을 찾을 때 쓴다.	meaning_choice	"[""print"",""missing_value"",""NaN"",""isna""]"
8	python_data_processing_pandas_jsonl_v42.json	PY42_L08_schema_check_001	schema check 읽기	데이터에 필요한 필드가 모두 있는지 검사하는 schema check를 이해한다.	"required = {'id', 'title', 'answer'}\nmissing = required - row.keys()\nif missing:\n    raise ValueError(f""missing fields: {sorted(missing)}"")\nif not isinstance(row['id'], str):\n    raise TypeError(""id must be a string"")"	schema check의 목적은?	필수 컬럼이나 필드 누락을 빨리 찾는 것	첫 검사는 필수 key 누락을 찾고, 두 번째 검사는 id type을 확인한다. key 존재만 확인하면 null, 빈 문자열, 잘못된 type까지 잡지는 못한다. 실제 schema validation은 각 field의 type, 허용값, 중첩 구조와 추가 field 정책을 함께 정의해야 한다.	lesson JSON의 id, choices, answer, concepts 검증과 같은 원리다.	meaning_choice	"[""if"",""schema"",""required_fields"",""validation""]"
8	python_data_processing_pandas_jsonl_v42.json	PY42_L08_streaming_jsonl_001	streaming JSONL 읽기	JSONL을 한 줄씩 읽는 memory-safe 패턴을 이해한다.	import json\n\nwith open('output.jsonl', encoding='utf-8') as f:\n    for line in f:\n        row = json.loads(line)\n        process(row)	이 코드가 대용량 JSONL에 적합한 이유는?	파일 전체를 한 번에 메모리에 올리지 않기 때문이다	파일 반복은 한 줄씩 읽으므로 전체 JSONL을 메모리에 올리지 않는다. 각 non-empty line이 유효한 JSON인지 줄 번호와 함께 오류를 처리해야 하며, process 결과를 저장한 뒤 checkpoint를 원자적으로 갱신해야 안전하게 resume할 수 있다. 줄 단위라는 사실만으로 중단 재개가 자동 제공되지는 않는다.	node_pass shard 결과와 LLM 응답 로그를 검증할 때 매우 중요하다.	meaning_choice	"[""for"",""import"",""streaming"",""JSONL"",""memory_safe""]"
8	python_data_structures_json_v29.json	PY29_L08_dict_get_default_001	dict.get 기본값 읽기	필드가 없을 때 기본값을 쓰는 get 패턴을 이해한다.	"card = {""id"": ""c1"", ""title"": ""len 읽기""}\n\nlevel = card.get(""level"", 1)\nsummary = card.get(""summary"", """")\n\nprint(level)"	level 값은?	1	card에는 level key가 없으므로 get이 default 1을 반환해 print한다. get의 default는 key가 없을 때만 사용되며 key가 존재하고 value가 None이면 None을 그대로 반환한다. 필수 field 누락을 조용히 숨기면 안 되므로 default가 domain상 타당한 optional field에만 사용한다.	카드/사이드카드 필드가 일부 비어 있어도 앱이 깨지지 않게 하는 패턴이다.	meaning_choice	"[""print"",""dict_get"",""default_value"",""missing_field""]"
8	python_data_structures_json_v29.json	PY29_L08_missing_field_guard_001	missing field 방어 읽기	여러 후보 필드 중 있는 값을 순서대로 사용하는 fallback 구조를 읽는다.	"def get_side_text(sc):\n    return (\n        sc.get(""body"") or sc.get(""summary"")\n        or sc.get(""description"") or sc.get(""detail"") or """"\n    )\n\ntext = get_side_text({""summary"": ""짧은 설명""})\nprint(text)"	출력되는 값은?	짧은 설명	body가 missing이라 falsy이고 summary는 non-empty string이므로 그 값을 반환한다. or는 key 누락뿐 아니라 empty string, 0, False에서도 fallback하므로 유효한 falsy value를 보존해야 하는 schema에는 주의해야 한다. 여러 field 지원은 migration 호환용일 수 있지만 invalid data를 숨기지 않도록 schema warning도 남긴다.	예전에 side card가 제목만 보였던 문제를 고칠 때 핵심이었던 방식이다.	meaning_choice	"[""def"",""function"",""return"",""print"",""missing_field"",""guard"",""fallback""]"
8	python_data_structures_json_v29.json	PY29_L08_set_dedup_001	set으로 중복 제거 읽기	중복 id를 제거하거나 이미 본 값을 확인하는 set 구조를 이해한다.	"ids = [""c1"", ""c2"", ""c1"", ""c3""]\nunique_ids = set(ids)\n\nprint(len(unique_ids))"	출력되는 값은?	3	set은 중복을 하나로 취급한다. c1이 두 번 있어도 unique id는 c1, c2, c3 세 개다. set으로 중복 제거를 할 때는 순서가 보존되지 않을 수 있다. 중복 없는 값만 필요한지, 원래 순서도 유지해야 하는지 먼저 확인해야 한다.	카드 id 중복 검증, side_card id 검증에서 자주 쓰는 개념이다.	meaning_choice	"[""print"",""set"",""dedup"",""id""]"
8	python_database_sql_repository_v21.json	PY21_L08_insert_commit_001	INSERT와 commit 읽기	새 행을 DB에 넣고 commit으로 저장을 확정하는 흐름을 이해한다.	"conn.execute(\n    ""INSERT INTO items(id, title) VALUES (?, ?)"",\n    (""item_001"", ""LiDAR basics"")\n)\nconn.commit()"	conn.commit()의 역할은?	변경사항을 DB에 확정 저장한다	INSERT나 UPDATE 같은 변경 작업은 데이터베이스에 쓰기 작업을 만든다. commit을 해야 변경이 확정되어 이후 조회에서도 안정적으로 보인다. commit 전 오류가 나면 rollback할 수 있어 여러 변경을 하나의 트랜잭션처럼 다룰 수 있다. 따라서 정답은 ‘변경사항을 DB에 확정 저장한다’이다.	수집 item, run log, progress 저장 코드를 읽을 때 중요하다.	meaning_choice	"[""insert"",""commit"",""transaction"",""sqlite""]"
8	python_database_sql_repository_v21.json	PY21_L08_not_null_001	NOT NULL 제약 읽기	DB 컬럼이 비어 있으면 안 되는 제약을 이해한다.	CREATE TABLE runs (\n  id TEXT PRIMARY KEY,\n  job_name TEXT NOT NULL,\n  status TEXT NOT NULL\n);	job_name TEXT NOT NULL이 직접 금지하는 것은?	NULL 값	"NOT NULL은 해당 column에 SQL NULL이 저장되는 것을 금지한다. 빈 문자열 """"이나 공백 문자열까지 막는 제약은 아니므로 실제 job name이 비어 있지 않아야 한다면 CHECK(length(trim(job_name)) > 0) 같은 규칙이나 application validation이 추가로 필요하다."	run 상태 기록에서 필수 필드 누락을 막는 DB 제약이다.	meaning_choice	"[""not_null"",""constraint"",""schema"",""sql""]"
8	python_database_sql_repository_v21.json	PY21_L08_rollback_001	rollback 예외 처리 읽기	DB 작업 실패 시 변경을 되돌리는 패턴을 읽는다.	"try:\n    conn.execute(""INSERT INTO items(id, title) VALUES (?, ?)"", (id, title))\n    conn.commit()\nexcept Exception:\n    conn.rollback()\n    raise"	except에서 rollback을 하는 이유는?	실패한 트랜잭션 변경을 되돌리기 위해	execute나 commit이 Exception을 내면 rollback이 현재 connection의 아직 commit되지 않은 transaction 변경을 되돌린 뒤 bare raise가 원래 오류를 다시 알린다. 이미 commit된 변경이나 다른 connection의 transaction은 되돌리지 않는다. 실제 코드에서는 예상 DB 예외 범위를 정하고 connection context manager로 commit·rollback 경계를 명확히 할 수 있다.	runs, items, curations 같은 테이블에 쓰기 작업을 할 때 필요한 방어 패턴이다.	meaning_choice	"[""rollback"",""transaction"",""try_except"",""database""]"
8	python_database_sql_repository_v21.json	PY21_L08_schema_create_table_001	CREATE TABLE schema 읽기	테이블 생성 SQL에서 컬럼과 primary key를 읽는다.	CREATE TABLE IF NOT EXISTS items (\n  id TEXT PRIMARY KEY NOT NULL,\n  title TEXT NOT NULL,\n  source_url TEXT,\n  created_at TEXT NOT NULL\n);	PRIMARY KEY가 붙은 id의 의미에 가장 가까운 것은?	각 행을 구분하는 고유 식별자	PRIMARY KEY는 row를 고유하게 찾는 key이며 중복을 허용하지 않는다. 이 예시는 id에 NOT NULL도 명시해 SQLite rowid table에서 null identifier가 들어갈 수 있는 예외를 피한다. title과 created_at도 NULL을 금지하지만, empty string이나 올바른 날짜 형식까지 자동 검증하는 것은 아니다.	D1/Supabase/SQLite schema.sql을 읽는 기본 훈련이다.	meaning_choice	"[""schema"",""create_table"",""primary_key"",""sql""]"
8	python_database_storage_crud_v37.json	PY37_L08_crud_001	CRUD 읽기	데이터 앱의 기본 조작인 CRUD를 이해한다.	Create: 새 진행률 기록 추가\nRead: 오늘의 학습 기록 조회\nUpdate: 맞힌 횟수 증가\nDelete: 오래된 임시 기록 삭제	Update에 해당하는 예시는?	맞힌 횟수 증가	CRUD는 Create, Read, Update, Delete의 줄임말이다. 대부분의 데이터 저장 앱은 이 네 가지 기본 동작을 반복해서 구현한다. 예를 들어 오답 노트를 추가하고, 조회하고, 수정하고, 삭제하는 흐름도 CRUD로 설명할 수 있다. 따라서 정답은 ‘맞힌 횟수 증가’이다.	학습앱이 로컬 상태를 넘어 DB 저장으로 가면 CRUD가 핵심이 된다.	meaning_choice	"[""CRUD"",""Create"",""Read"",""Update"",""Delete""]"
8	python_database_storage_crud_v37.json	PY37_L08_insert_001	INSERT 읽기	SQL에서 새 row를 추가하는 INSERT 문을 이해한다.	INSERT INTO progress (user_id, card_id, correct_count)\nVALUES ('u1', 'c101', 1);	이 SQL은 무엇을 하는가?	progress에 새 기록을 추가한다	INSERT는 테이블에 새 row를 추가하는 SQL 명령이다. 새 사용자, 새 카드, 새 기록처럼 저장할 데이터를 처음 넣을 때 사용한다. INSERT문은 컬럼 순서와 넣는 값의 순서가 맞아야 하므로 어떤 필드에 어떤 값이 들어가는지 함께 봐야 한다. 따라서 정답은 ‘progress에 새 기록을 추가한다’이다.	처음 푼 카드의 진행률 기록을 만들 때 쓸 수 있다.	meaning_choice	"[""INSERT"",""SQL"",""create""]"
8	python_database_storage_crud_v37.json	PY37_L08_select_001	SELECT 읽기	SQL에서 데이터를 조회하는 SELECT 문을 이해한다.	SELECT *\nFROM progress\nWHERE user_id = 'u1';	이 SQL의 목적은?	u1 사용자의 progress 기록을 조회한다	SELECT는 데이터베이스에서 데이터를 읽는 SQL 명령이다. WHERE 조건을 함께 쓰면 필요한 row만 골라 조회할 수 있다. SELECT 뒤에는 가져올 컬럼이 오고 FROM 뒤에는 읽을 테이블이 온다는 기본 순서를 먼저 확인하면 된다. 따라서 정답은 ‘u1 사용자의 progress 기록을 조회한다’이다.	사용자별 오늘 학습 현황을 불러올 때 필요한 패턴이다.	meaning_choice	"[""SELECT"",""SQL"",""read""]"
8	python_debug_logs_cache_git_v17.json	PY17_L08_app_data_version_001	APP_DATA_VERSION 함수 읽기	데이터 파일 fetch URL에 버전을 자동으로 붙이는 함수를 읽는다.	"const APP_DATA_VERSION = ""20260529_v16"";\nfunction withDataVersion(path) {\n  if (path.indexOf(""?"") >= 0) return path + ""&v="" + APP_DATA_VERSION;\n  return path + ""?v="" + APP_DATA_VERSION;\n}"	APP_DATA_VERSION 캐시버스터에서 path에 이미 ?가 있으면 왜 &v=를 붙이는가?	URL에서 두 번째 파라미터부터는 &로 이어야 하기 때문에	URL의 query는 첫 매개변수 앞에 ?를 쓰고 그 뒤 매개변수는 &로 구분하므로, 이미 ?가 있는 일반 경로에는 &v=를 붙인다. 그러나 문자열 이어 붙이기는 #fragment 뒤에 query를 잘못 붙이거나 기존 v를 중복시킬 수 있다. 다양한 URL을 처리하는 실무 코드에서는 URL과 URLSearchParams로 v를 설정하는 편이 안전하다.	lesson과 side-card JSON 요청에 데이터 버전을 붙이는 캐시 갱신 구조다.	meaning_choice	"[""return"",""cache_bust"",""function"",""string"",""fetch""]"
8	python_debug_logs_cache_git_v17.json	PY17_L08_fetch_log_sequence_001	fetch 로그 순서 읽기	서버 로그에서 앱이 어떤 파일들을 순서대로 요청했는지 읽는다.	GET /src/pwa/index.html 200\nGET /src/pwa/app.js?v=20260529_force1 200\nGET /data/curriculum/curriculum_v1.json?v=20260529_v16 200\nGET /data/lessons/python_rag_kg_pipeline_review_v16.json?v=20260529_v16 200	이 로그로 확실히 알 수 있는 것은?	v16 lesson 요청에 서버가 200으로 응답했다	마지막 줄은 브라우저가 v16 lesson URL을 요청했고 서버가 HTTP 200으로 응답했음을 보여 준다. 하지만 200만으로 응답 본문이 기대한 JSON인지, 파싱됐는지, 화면에 렌더링됐는지는 알 수 없다. 그 단계는 Network 응답 본문과 Console 오류, 앱 상태를 추가로 확인해야 한다.	lesson과 side-card 요청의 서버 응답 상태를 확인하는 네트워크 로그 독해다.	meaning_choice	"[""fetch"",""json"",""static_server"",""debugging""]"
8	python_debug_logs_cache_git_v17.json	PY17_L08_json_parse_check_001	JSON parse 검증 루프 읽기	여러 JSON 파일을 열어 파싱 가능한지 검증하는 PowerShell 흐름을 읽는다.	"Get-ChildItem "".\data\lessons"" -File -Filter ""*.json"" | ForEach-Object {\n  try {\n    Get-Content $_.FullName -Raw -Encoding UTF8 | ConvertFrom-Json | Out-Null\n    ""OK  $($_.Name)""\n  } catch {\n    ""BAD $($_.Name) :: $($_.Exception.Message)""\n  }\n}"	ConvertFrom-Json에서 실패하면 어떤 쪽이 실행되는가?	catch 블록	JSON parse check는 문자열이 올바른 JSON인지 확인하는 검사다. try 안에서 파싱 오류가 나면 catch로 이동해 BAD 메시지를 출력한다. 파싱 검증을 자동화하면 깨진 JSON 파일이 앱 로딩 단계까지 넘어가는 일을 막을 수 있다. 따라서 정답은 ‘catch 블록’이다.	lesson JSON이 깨지면 앱 로딩이 멈출 수 있으므로 먼저 확인하는 검증 루틴이다.	meaning_choice	"[""json"",""validation"",""try_except"",""powershell""]"
8	python_debug_logs_cache_git_v17.json	PY17_L08_select_string_001	Select-String으로 코드 위치 찾기	파일 안에서 함수명이나 설정명을 검색하는 명령을 읽는다.	"Select-String -Path "".\src\pwa\app.js"" `\n  -Pattern ""APP_DATA_VERSION|lessonFiles|renderSideCards"" `\n  -Context 0,3"	-Context 0,3의 의미는?	매칭 줄 이후 3줄을 함께 보여준다	Context는 검색 결과 주변 줄을 함께 보여주는 옵션이다. 앞 0줄, 뒤 3줄을 표시한다. Select-String은 PowerShell에서 파일 안의 특정 문자열을 찾는 명령이다. 코드 위치, 버전 문자열, 파일 참조를 빠르게 확인할 때 유용하다.	renderSideCards 위치를 찾고 SWAP-IN 교체 지점을 확인할 때 사용했다.	meaning_choice	"[""search"",""regex"",""powershell"",""debugging""]"
8	python_debugging_error_routines_v28.json	PY28_L08_file_not_found_001	FileNotFoundError 읽기	파일이 없다는 오류에서 현재 폴더와 상대경로를 확인하는 습관을 익힌다.	"with open(""data/input.json"", ""r"", encoding=""utf-8"") as f:\n    text = f.read()\n\n# FileNotFoundError: [Errno 2] No such file or directory: ""data/input.json"""	가장 먼저 확인할 것은?	현재 작업 폴더와 data/input.json의 실제 존재 여부	상대경로는 현재 작업 폴더 기준으로 해석된다. Set-Location 위치가 중요하다. FileNotFoundError는 코드가 찾으려는 파일 경로에 실제 파일이 없을 때 발생한다. 현재 작업 폴더와 상대경로 기준을 함께 확인해야 한다.	D:\projects 아래에서 스크립트를 실행할 때 루트 위치가 틀리면 자주 난다.	meaning_choice	"[""comment"",""FileNotFoundError"",""path"",""working_directory""]"
8	python_debugging_error_routines_v28.json	PY28_L08_json_decode_error_001	JSONDecodeError 읽기	JSON 문법 오류가 났을 때 쉼표/따옴표/빈 파일을 의심하는 법을 익힌다.	"import json\n\nraw = '{""id"": 1, ""title"": }'\ndata = json.loads(raw)\n\n# JSONDecodeError: Expecting value"	이 JSON에서 문제에 가까운 부분은?	title 뒤에 값이 비어 있음	JSON은 key 뒤에 올바른 값이 있어야 한다. 빈 값, 빠진 쉼표, 잘못된 따옴표가 흔한 원인이다. JSONDecodeError는 문자열이나 파일 내용이 올바른 JSON 형식이 아닐 때 발생한다. 따옴표, 쉼표, 중괄호, 빈 파일 여부를 먼저 확인해야 한다.	lesson JSON이나 side_cards JSON 검증에서 직접 필요한 오류 독해다.	meaning_choice	"[""comment"",""import"",""JSONDecodeError"",""json"",""parse""]"
8	python_debugging_error_routines_v28.json	PY28_L08_unicode_decode_error_001	UnicodeDecodeError 읽기	파일 인코딩이 맞지 않을 때 나는 오류를 이해한다.	"text = open(""report.csv"", encoding=""utf-8"").read()\n# UnicodeDecodeError: ""utf-8"" codec can't decode byte"	한국어 Windows CSV에서 다음으로 시도해볼 만한 인코딩은?	cp949	한국어 Windows 환경의 오래된 CSV는 cp949인 경우가 있다. UTF-8 실패 시 후보가 된다. UnicodeDecodeError는 파일을 읽을 때 인코딩이 맞지 않아 생기는 오류다. UTF-8, UTF-8-SIG, CP949 중 실제 저장 방식을 확인해야 한다.	공공데이터/엑셀 저장 CSV/한글 파일 목록 처리에서 자주 만난다.	meaning_choice	"[""comment"",""UnicodeDecodeError"",""encoding"",""utf8"",""cp949""]"
8	python_debugging_error_routines_v28.json	PY28_L08_value_error_001	ValueError 읽기	타입 변환은 시도했지만 값 자체가 형식에 맞지 않는 오류를 이해한다.	"raw = ""twenty""\nage = int(raw)\n# ValueError: invalid literal for int() with base 10: ""twenty"""	TypeError가 아니라 ValueError인 이유는?	int 변환 대상 값이 숫자 모양이 아니기 때문	함수 사용 자체는 맞지만 값이 변환 가능한 형식이 아니면 ValueError가 난다. ValueError는 값의 형식이나 범위가 함수가 기대한 것과 맞지 않을 때 자주 난다. 어떤 입력값이 문제였는지와 변환 과정을 먼저 확인해야 한다.	사용자 입력, CSV 값, 환경변수를 숫자로 바꿀 때 자주 본다.	meaning_choice	"[""comment"",""ValueError"",""parse"",""conversion""]"
8	python_deep_expansion_v4.json	PY4_L08_checkpoint_001	checkpoint 저장 흐름 읽기	중간 진행 상태를 파일에 저장해 재개할 수 있게 하는 구조를 읽는다.	"import json\nfrom pathlib import Path\n\nstate = {""last_shard"": 42}\nPath(""checkpoint.json"").write_text(json.dumps(state), encoding=""utf-8"")"	checkpoint.json의 목적은?	어디까지 처리했는지 저장한다	state를 JSON 문자열로 바꿔 checkpoint.json에 쓰므로 마지막 처리 shard가 42라는 정보를 남긴다. 실제 재개 기능이 되려면 시작할 때 이 파일을 다시 읽고 다음 shard를 계산하는 코드도 필요하다. 중요한 진행 상태라면 쓰기 도중 손상되지 않도록 임시 파일 후 교체 같은 원자적 저장 방식도 고려해야 한다.	긴 노드패스/샤드 처리에서 꼭 필요한 운영 패턴이다.	meaning_choice	"[""import"",""checkpoint"",""resume"",""json""]"
8	python_deep_expansion_v4.json	PY4_L08_logging_level_001	logging level 읽기	INFO와 ERROR 같은 로그 레벨의 의미를 읽는다.	"import logging\n\nlogging.basicConfig(level=logging.INFO)\nlogging.info(""started"")\nlogging.error(""failed"")"	logging.error는 보통 무엇을 나타내는가?	실패나 심각한 문제	로그 레벨은 메시지의 중요도를 구분한다. DEBUG, INFO, WARNING, ERROR처럼 나누면 필요한 수준의 실행 기록만 골라 볼 수 있다. 운영 중에는 ERROR와 WARNING을 우선 보고, 디버깅할 때 DEBUG를 켜는 식으로 조절한다. 따라서 정답은 ‘실패나 심각한 문제’이다.	서버 로그와 배치 로그를 읽을 때 필수다.	meaning_choice	"[""import"",""logging"",""level"",""debug""]"
8	python_deep_expansion_v4.json	PY4_L08_resume_filter_001	이미 처리한 항목 건너뛰기	완료된 id 집합을 보고 남은 작업만 고르는 코드를 읽는다.	"all_ids = [""001"", ""002"", ""003""]\ndone = {""001"", ""002""}\npending = [id for id in all_ids if id not in done]\nprint(pending)"	출력은?	"[""003""]"	resume filter는 이미 끝난 항목을 제외하고 남은 항목만 다시 처리하게 한다. done에 없는 003만 pending에 남는 이유가 여기에 있다. 재시작 가능한 파이프라인에서는 완료 목록과 남은 목록을 분리해 중복 실행을 줄이는 것이 중요하다.	실패 재개, 샤드 재처리 방지, 중복 실행 방지에 중요하다.	output_prediction	"[""print"",""resume"",""set"",""filter""]"
8	python_deploy_pwa_cache_storage_v23.json	PY23_L08_cache_bust_asset_001	정적 리소스 cache bust 읽기	CSS/JS URL 뒤에 버전 쿼리를 붙여 캐시를 우회하는 구조를 이해한다.	style.css?v=20260529_force1\napp.js?v=20260529_force1	?v=20260529_force1을 붙이는 이유는?	브라우저가 이전 파일과 다른 URL로 인식하게 하려고	query 값이 바뀌면 전체 URL이 달라져 일반 browser나 CDN cache에서 별도 resource key로 취급될 수 있다. 그래서 새 asset을 요청하게 만드는 데 쓰지만 server, CDN, service worker가 query를 무시하는 설정이면 보장되지 않는다. 매 배포마다 임의 문자열보다 content hash나 일관된 version policy를 쓰는 편이 추적하기 쉽다.	배포 뒤 오래된 JavaScript와 CSS가 재사용되는 문제를 줄이는 versioned asset URL 패턴이다.	meaning_choice	"[""cache_bust"",""query_string"",""browser_cache"",""asset""]"
8	python_deploy_pwa_cache_storage_v23.json	PY23_L08_data_version_fetch_001	데이터 fetch 버전 붙이기	lesson JSON과 side card JSON 요청에 APP_DATA_VERSION을 붙이는 함수를 읽는다.	"const APP_DATA_VERSION = ""20260529_v22"";\nfunction withDataVersion(path) {\n  if (path.indexOf(""?"") >= 0) return path + ""&v="" + APP_DATA_VERSION;\n  return path + ""?v="" + APP_DATA_VERSION;\n}"	데이터 fetch URL에서 path에 이미 ?가 있으면 왜 &v=를 붙이는가?	두 번째 쿼리 파라미터부터는 &로 이어야 하기 때문에	"일반 URL의 첫 query parameter는 ?로 시작하고 이후에는 &를 쓰므로 기존 query가 있으면 &v=를 붙인다. 하지만 문자열 이어 붙이기는 #fragment 뒤에 parameter를 넣거나 기존 v를 중복시킬 수 있다. URL과 URLSearchParams의 set(""v"", APP_DATA_VERSION)를 사용하면 기존 구조를 보존하며 값을 교체하기 쉽다."	lesson JSON 요청에 data version을 붙이는 cache 갱신 구조다.	meaning_choice	"[""return"",""fetch"",""data_version"",""json"",""cache_bust""]"
8	python_deploy_pwa_cache_storage_v23.json	PY23_L08_http_log_304_001	304 로그 해석하기	서버 로그에서 304가 실패가 아니라 캐시 관련 응답임을 이해한다.	"127.0.0.1 ""GET /src/pwa/index.html HTTP/1.1"" 304 -\n127.0.0.1 ""GET /src/pwa/app.js?v=20260529_force1 HTTP/1.1"" 200 -"	index.html 304는 무엇에 가까운가?	브라우저 캐시를 써도 된다는 응답	304 Not Modified는 browser가 validator를 포함한 conditional request를 보냈고 server가 resource가 바뀌지 않았다고 응답해 body를 다시 보내지 않은 경우다. browser는 기존 cached body를 사용할 수 있다. 오류는 아니지만 cache 내용이 원하는 배포인지, service worker가 다른 response를 제공하는지는 이 status만으로 확정할 수 없다.	로컬 서버 검증 로그에서 304와 200을 구분하는 실전 독해다.	meaning_choice	"[""http_status"",""304"",""cache"",""network_log""]"
8	python_dev_environment_foundation_v103_a1.json	PY103_L08_activate_deactivate_001	activate와 deactivate 흐름 읽기	가상환경을 현재 터미널에 연결하고 해제하는 흐름을 이해한다.	.\.venv\Scripts\Activate.ps1\npython -m pip --version\ndeactivate	deactivate의 역할은?	현재 터미널에서 켜진 가상환경을 빠져나온다	activate는 현재 터미널의 PATH 등을 바꿔 가상환경의 python을 기본으로 쓰게 하고, deactivate는 그 변경을 되돌린다. venv 폴더가 존재한다고 자동으로 활성화되는 것은 아니다. 활성화 전후에 python -m pip --version과 PowerShell의 Get-Command python 또는 Windows의 where.exe python으로 실제 실행 경로를 확인하면 설치와 실행 환경 불일치를 줄일 수 있다.	PowerShell과 Bash에서 venv를 다룰 때 필요한 카드다.	meaning_choice	"[""activate"",""deactivate"",""venv""]"
8	python_dev_environment_foundation_v103_a1.json	PY103_L08_apt_vs_pip_001	apt와 pip 차이 읽기	운영체제 패키지와 Python 패키지를 구분한다.	sudo apt install poppler-utils\npython -m pip install pdfplumber	두 줄의 차이로 가장 적절한 것은?	첫 줄은 시스템 도구 설치, 둘째 줄은 Python 패키지 설치	apt와 pip는 모두 설치처럼 보이지만 대상이 다르다. apt는 Ubuntu 시스템 패키지를 설치하고, pip는 현재 Python 환경에 패키지를 설치한다. PDF 처리에서는 poppler 같은 외부 도구와 pdfplumber 같은 Python 라이브러리가 함께 필요할 수 있다. 오류 메시지가 command not found인지 ModuleNotFoundError인지 구분하면 어느 설치 도구를 봐야 할지 더 빨리 판단할 수 있다.	서버 환경과 Python 프로젝트 환경을 구분하는 카드다.	meaning_choice	"[""apt"",""pip"",""dependency""]"
8	python_dev_environment_foundation_v103_a1.json	PY103_L08_chmod_executable_001	chmod +x 의미 읽기	스크립트 실행 권한을 추가하는 명령을 이해한다.	chmod +x run.sh\n./run.sh	chmod +x의 목적은?	run.sh를 직접 실행할 수 있게 실행 권한을 추가한다	chmod +x는 Linux/Ubuntu에서 파일에 실행 권한을 추가하는 명령이다. ./run.sh처럼 파일을 직접 실행하려면 실행 권한이 필요할 수 있다. 하지만 모든 파일에 777 권한을 주는 식으로 넓게 열면 보안상 좋지 않다. 권한 문제를 볼 때는 현재 권한, 필요한 권한, 대상 파일을 먼저 확인하고 최소한의 변경만 하는 것이 안전하다. 권한을 바꾸기 전에는 ls -l로 현재 권한을 보고, 실행 권한만 필요한지 쓰기 권한까지 필요한지 나누어 판단해야 과도한 권한 부여를 피할 수 있다.	서버 스크립트 실행과 권한 오류를 연결한다.	meaning_choice	"[""chmod"",""permission"",""executable""]"
8	python_dev_environment_foundation_v103_a1.json	PY103_L08_git_diff_add_commit_001	diff, add, commit 순서 읽기	커밋 전 변경 확인과 staging 흐름을 이해한다.	"git diff --stat\ngit add src/pwa/app.js\ngit commit -m ""Update version"""	git diff --stat을 먼저 보는 이유는?	어떤 파일이 얼마나 바뀌었는지 확인하기 위해	git diff --stat은 파일별 변경 규모를 보여 준다. 커밋 전에 diff를 보면 의도하지 않은 파일이나 큰 변경이 섞였는지 확인할 수 있다. git add는 다음 커밋에 포함할 파일을 고르는 단계이고, git commit은 그 변경 묶음을 기록으로 저장한다. 검증 없이 커밋하거나 전체 add를 습관적으로 쓰면 임시 파일이 섞일 수 있다. 이 루틴은 코드 수정뿐 아니라 JSON 데이터 보강에서도 중요하며, 검증 결과와 실제 변경 파일이 서로 맞는지 확인한 뒤 커밋하는 습관으로 이어진다. 따라서 정답은 ‘어떤 파일이 얼마나 바뀌었는지 확인하기 위해’이다.	A13까지 사용한 commit 전 점검 루틴과 연결된다.	meaning_choice	"[""git_diff"",""git_add"",""git_commit""]"
8	python_dev_environment_foundation_v103_a1.json	PY103_L08_git_tag_push_001	tag와 push 흐름 읽기	검증 통과 지점을 tag로 고정하고 원격에 올린다.	git tag quality-v103-dev-env-a1-20260602\ngit push origin quality-v103-dev-env-a1-20260602	두 번째 줄에서 태그 이름을 명시해 push하는 이유는?	방금 만든 특정 태그만 원격에 올리기 위해	tag는 특정 commit에 붙이는 이름이다. 로컬에서 tag를 만든 것만으로 원격에 생기지는 않으므로 별도 push가 필요하다. git push origin <태그 이름>은 지정한 태그 하나를 전송해, 로컬의 의도하지 않은 다른 태그까지 보내는 --tags보다 범위가 분명하다. 브랜치 commit도 올려야 한다면 현재 브랜치의 push 여부를 따로 확인한다.	검증 통과 단위마다 commit/tag/push하는 운영 규칙과 연결된다.	meaning_choice	"[""git_tag"",""git_push"",""remote""]"
8	python_dev_environment_foundation_v103_a1.json	PY103_L08_gpu_cuda_driver_001	GPU, driver, CUDA 구분하기	GPU 실행환경의 층을 나누어 이해한다.	"nvidia-smi\npython -c ""import torch; print(torch.cuda.is_available())"""	nvidia-smi가 된다고 바로 보장되지 않는 것은?	현재 PyTorch가 CUDA GPU를 사용할 수 있는지	GPU, NVIDIA driver, CUDA, PyTorch CUDA build는 서로 다른 층이다. nvidia-smi는 GPU와 드라이버 상태를 보여 주지만, 현재 venv에 설치된 PyTorch가 CUDA 지원 빌드인지는 별도 확인해야 한다. 그래서 nvidia-smi와 torch.cuda.is_available()을 함께 본다. 환경 문제는 하드웨어, 드라이버, Python 패키지, 코드 device 선택을 나누어 확인해야 한다.	GPU 서버와 로컬 AI 실행환경 점검의 기본이다.	meaning_choice	"[""print"",""gpu"",""driver"",""cuda"",""pytorch""]"
8	python_dev_environment_foundation_v103_a1.json	PY103_L08_nvidia_smi_001	nvidia-smi 출력 읽기	GPU 사용률과 VRAM 상태를 확인한다.	nvidia-smi	이 명령으로 주로 확인하는 것은?	GPU 상태와 메모리 사용량	nvidia-smi는 NVIDIA GPU 상태를 확인하는 기본 명령이다. GPU 사용률, VRAM 사용량, 실행 중인 프로세스를 볼 수 있다. 작업이 느릴 때 GPU가 실제로 사용 중인지, 다른 프로세스가 메모리를 차지하고 있는지 확인하는 데 도움이 된다. 단, 이것만으로 PyTorch CUDA 사용 가능 여부가 완전히 보장되지는 않으므로 torch.cuda 확인도 함께 해야 한다.	LoRA, 임베딩, 모델 추론 작업의 장비 상태 확인과 연결된다.	meaning_choice	"[""nvidia-smi"",""gpu"",""vram""]"
8	python_dev_environment_foundation_v103_a1.json	PY103_L08_python_m_pip_001	python -m pip 읽기	현재 Python에 연결된 pip를 쓰는 이유를 이해한다.	python -m pip install requests\npython -m pip --version	python -m pip를 쓰는 장점은?	현재 python과 연결된 pip를 더 확실히 사용한다	python -m pip는 현재 실행하는 Python으로 pip 모듈을 실행한다는 뜻이다. 그냥 pip 명령은 PATH 상태에 따라 다른 환경의 pip가 잡힐 수 있다. 특히 venv나 여러 Python 버전이 섞인 환경에서는 python과 pip가 같은 환경을 가리키는지 확인해야 한다. python -m pip --version은 pip가 어느 경로와 연결됐는지 보여 주므로 설치 문제 디버깅에 유용하다.	패키지를 설치했는데 import가 실패하는 상황을 줄이는 카드다.	meaning_choice	"[""python_m_pip"",""pip"",""venv""]"
8	python_dev_environment_foundation_v103_a1.json	PY103_L08_requirements_install_001	requirements.txt 설치 읽기	requirements.txt가 Python 패키지 목록을 제공하지만 전체 실행환경까지 모두 고정하는 것은 아님을 이해한다.	python -m pip install -r requirements.txt	이 명령으로 패키지를 설치한 뒤에도 별도로 확인해야 할 항목으로 가장 적절한 것은?	Python 버전과 필요한 시스템 도구	requirements.txt는 pip가 설치할 Python 패키지 목록을 제공한다. 하지만 Python 자체의 버전이나 apt로 설치하는 시스템 도구까지 기록하지는 않는다. 새 환경에서는 패키지 설치 후 Python 버전, 외부 도구, import와 프로젝트 검증도 함께 확인해야 한다.	새 장비에서 requirements.txt를 설치한 뒤 실제 실행환경이 충분히 재현됐는지 확인하는 카드다.	meaning_choice	"[""requirements.txt"",""pip"",""dependency""]"
8	python_dev_environment_foundation_v103_a1.json	PY103_L08_torch_cuda_available_001	torch.cuda.is_available 읽기	PyTorch가 CUDA GPU를 사용할 수 있는지 확인한다.	import torch\nprint(torch.cuda.is_available())\nprint(torch.version.cuda)	torch.cuda.is_available()이 확인하는 것은?	현재 PyTorch가 CUDA GPU를 사용할 수 있는지	torch.cuda.is_available()은 현재 프로세스의 PyTorch가 CUDA 장치를 사용할 수 있다고 판단하는지 bool로 반환한다. False의 원인은 GPU 부재, 드라이버 불일치, CPU 전용 PyTorch 빌드, 가려진 장치 등 여러 가지다. torch.version.cuda는 이 PyTorch 빌드가 대상으로 삼은 CUDA 버전 정보이며 실제 GPU 사용 성공이나 로컬 CUDA toolkit 설치를 단독으로 증명하지 않는다.	GPU가 있는 서버에서 PyTorch가 실제 GPU를 보는지 확인한다.	meaning_choice	"[""import"",""print"",""torch.cuda"",""pytorch"",""cuda""]"
8	python_dev_environment_foundation_v103_a1.json	PY103_L08_venv_reason_001	가상환경을 쓰는 이유	프로젝트별 Python 환경 분리의 필요성을 이해한다.	python -m venv .venv	이 명령을 쓰는 가장 중요한 이유는?	프로젝트별 Python 패키지 환경을 분리하기 위해	venv는 프로젝트마다 독립된 Python 실행환경을 만드는 도구다. 모든 패키지를 전역 Python에 섞어 설치하면 버전 충돌이 생기고, 어떤 프로젝트 때문에 환경이 바뀌었는지 추적하기 어렵다. .venv를 만들고 활성화한 뒤 필요한 패키지를 설치하면 프로젝트별 의존성을 분리할 수 있다. 이것은 재현 가능한 개발환경을 만드는 출발점이다. 특히 여러 프로젝트를 오가며 작업할 때는 같은 패키지 이름이라도 프로젝트마다 필요한 버전이 다를 수 있으므로, venv는 초급 단계부터 익혀야 하는 안전장치다.	로컬 앱, FastAPI, LoRA, PDF 처리 프로젝트를 분리하는 기본이다.	meaning_choice	"[""venv"",""virtual_environment"",""dependency""]"
8	python_error_recovery_retry_ux_v59.json	PY59_L08_cached_fallback_001	cached fallback 읽기	최신 데이터를 못 불러오면 캐시된 데이터를 임시로 보여주는 전략을 이해한다.	if networkFailed:\n  cards = loadFromCache()	cached fallback의 장점은?	네트워크 실패 시에도 이전 데이터를 보여줄 수 있다	cached fallback은 최신 데이터를 못 가져와도 이전에 저장한 데이터를 보여 주는 방식이다. 사용자는 학습을 계속할 수 있지만 캐시가 오래되었거나 비어 있을 수도 있다. 캐시 자료라는 점과 마지막 갱신 시각을 알리고, 연결이 돌아오면 새 버전을 확인하는 흐름이 필요하다.	감사 v2에서 ERROR_RECOVERY_USER_FACING이 0 hits였으므로, v59는 사용자가 오류 상황에서도 앱을 복구하고 학습을 이어갈 수 있는 UX를 보강한다.	meaning_choice	"[""if"",""cached_fallback"",""cache"",""offline""]"
8	python_error_recovery_retry_ux_v59.json	PY59_L08_network_error_001	network error 읽기	네트워크 오류와 서버 응답 오류를 구분해야 함을 이해한다.	try:\n  fetchData()\nexcept NetworkError:\n  showOfflineRetry()	network error에서 중요한 대응은?	네트워크 상태를 확인하고 다시 시도할 수 있게 하는 것	network error는 연결 끊김, DNS 실패, 서버 장애처럼 요청이 완료되지 못한 상황을 넓게 가리킨다. 연결 아이콘만으로 서버 도달 가능 여부를 확정할 수 없으므로 실제 요청 결과를 기준으로 처리한다. 캐시 대체 자료와 재시도 안내를 제공하되, 인증 오류나 잘못된 입력처럼 재시도로 해결되지 않는 실패는 별도로 안내해야 한다.	감사 v2에서 ERROR_RECOVERY_USER_FACING이 0 hits였으므로, v59는 사용자가 오류 상황에서도 앱을 복구하고 학습을 이어갈 수 있는 UX를 보강한다.	meaning_choice	"[""try_except"",""network_error"",""fetch"",""retry""]"
8	python_error_recovery_retry_ux_v59.json	PY59_L08_partial_failure_001	partial failure 읽기	일부 파일만 실패했을 때 전체 앱을 멈추지 않는 방식을 이해한다.	loaded = results.filter(r => r.ok)\nfailed = results.filter(r => !r.ok)	partial failure 대응의 핵심은?	성공한 데이터는 보여주고 실패한 데이터는 따로 안내하는 것	lesson 파일이 많으면 한 파일 실패 때문에 전체 앱을 막지 않는 전략이 필요하다. partial failure는 전체 작업 중 일부만 실패한 상태다. 성공한 항목을 유지하면서 실패한 항목만 재시도할 수 있는지 확인해야 한다.	감사 v2에서 ERROR_RECOVERY_USER_FACING이 0 hits였으므로, v59는 사용자가 오류 상황에서도 앱을 복구하고 학습을 이어갈 수 있는 UX를 보강한다.	meaning_choice	"[""partial_failure"",""data_loading"",""resilience""]"
8	python_error_recovery_retry_ux_v59.json	PY59_L08_timeout_retry_001	timeout retry 읽기	요청이 너무 오래 걸릴 때 실패 처리하고 재시도하는 흐름을 이해한다.	if elapsedMs > 5000:\n  showError('응답 시간이 너무 깁니다')	timeout 처리가 필요한 이유는?	무한히 기다리지 않고 실패와 재시도 흐름으로 넘기기 위해	이 코드는 정해진 시간을 넘긴 요청을 실패 상태로 전환하는 timeout 처리다. 실제 재시도를 하려면 요청 취소, 최대 횟수, 대기 간격을 별도로 구현해야 한다. 모든 작업을 자동 재시도하지 말고, 일시적 실패이며 반복해도 안전한 요청에만 backoff를 적용해야 서버 과부하와 중복 처리를 막을 수 있다.	감사 v2에서 ERROR_RECOVERY_USER_FACING이 0 hits였으므로, v59는 사용자가 오류 상황에서도 앱을 복구하고 학습을 이어갈 수 있는 UX를 보강한다.	meaning_choice	"[""if"",""timeout"",""retry"",""resilience""]"
8	python_fastapi_api_server_v20.json	PY20_L08_http_exception_001	HTTPException 읽기	조건이 맞지 않을 때 HTTP 오류를 반환하는 코드를 읽는다.	"from fastapi import HTTPException\n\n@app.get(""/items/{item_id}"")\ndef get_item(item_id: str):\n    item = db.get(item_id)\n    if item is None:\n        raise HTTPException(status_code=404, detail=""item not found"")\n    return item"	item이 없으면 어떤 HTTP 상태가 반환되는가?	404	HTTPException(status_code=404)는 찾을 수 없다는 응답을 만든다. HTTPException은 FastAPI에서 의도적으로 오류 응답을 돌려줄 때 쓰는 예외다. 상태 코드와 detail 메시지가 사용자에게 무엇을 알려 주는지 확인해야 한다.	카드/문서/노드 조회 API에서 없는 항목을 명확히 처리하는 방식이다.	meaning_choice	"[""if"",""def"",""function"",""return"",""import"",""http_exception"",""status_code"",""error_response""]"
8	python_fastapi_api_server_v20.json	PY20_L08_path_param_001	path parameter 읽기	URL 경로 일부가 함수 인자로 들어오는 구조를 읽는다.	"@app.get(""/cards/{card_id}"")\ndef get_card(card_id: str):\n    return {""card_id"": card_id}"	/cards/PY20_001로 요청하면 card_id는?	PY20_001	중괄호 {card_id} 위치의 URL 값이 함수 인자 card_id로 들어간다. path parameter는 URL 경로 안에 들어가는 값이다. 예를 들어 특정 id를 경로에서 받아 조회할 때 쓰며, 함수 인자로 어떻게 연결되는지 확인해야 한다. 따라서 반환/호출 결과는 ‘PY20_001’이다.	카드 상세, 문서 상세, 노드 상세 API에서 자주 쓰는 패턴이다.	meaning_choice	"[""def"",""function"",""return"",""fastapi"",""path_parameter"",""endpoint""]"
8	python_fastapi_api_server_v20.json	PY20_L08_post_body_pydantic_001	POST body와 Pydantic 모델 읽기	JSON 요청 본문이 Pydantic 모델로 검증되는 구조를 읽는다.	"from pydantic import BaseModel\n\nclass SearchRequest(BaseModel):\n    query: str\n    top_k: int = 5\n\n@app.post(""/search"")\ndef search(req: SearchRequest):\n    return {""query"": req.query, ""top_k"": req.top_k}"	요청 JSON에 top_k가 없으면 어떤 값이 쓰이는가?	5	Pydantic 모델에서 top_k: int = 5로 기본값을 지정했기 때문이다. POST body와 Pydantic 모델은 사용자가 보낸 JSON을 검증된 객체로 바꾸는 흐름이다. 필수 필드, 타입, 기본값이 어디서 정해지는지 보면 된다.	RAG 검색 요청, 노드 추출 요청, 교육용 질문 요청 body를 설계할 때 쓰는 구조다.	meaning_choice	"[""def"",""function"",""return"",""class"",""import"",""post"",""request_body"",""pydantic"",""validation""]"
8	python_fastapi_api_server_v20.json	PY20_L08_response_model_001	response_model 읽기	API 응답 형식을 Pydantic 모델로 제한하는 구조를 읽는다.	"class SearchResponse(BaseModel):\n    answer: str\n    citations: list[str]\n\n@app.post(""/answer"", response_model=SearchResponse)\ndef answer(req: SearchRequest):\n    return {""answer"": ""..."", ""citations"": [""doc1""]}"	response_model=SearchResponse의 목적은?	응답 형식을 SearchResponse 스키마에 맞춘다	FastAPI는 response_model을 OpenAPI 문서에 사용하고, 반환값을 SearchResponse에 맞게 검증·직렬화·필터링한다. 이 예시에서는 answer는 문자열이고 citations는 문자열 목록이어야 한다. 내부 객체에 다른 필드가 있어도 기본적으로 응답 model에 선언된 필드 중심으로 내보내 민감한 필드 노출을 줄일 수 있지만, 올바른 model을 지정해야 한다.	프론트 앱이 기대하는 응답 구조를 안정적으로 유지하는 데 중요하다.	meaning_choice	"[""def"",""function"",""return"",""class"",""fastapi"",""response_model"",""pydantic"",""schema""]"
8	python_file_data_processing_v19.json	PY19_L08_encoding_fallback_001	인코딩 fallback 읽기	UTF-8로 실패하면 CP949로 다시 읽는 코드를 이해한다.	"def read_text_fallback(path):\n    try:\n        return path.read_text(encoding=""utf-8"")\n    except UnicodeDecodeError:\n        return path.read_text(encoding=""cp949"")"	UnicodeDecodeError가 나면 무엇을 하는가?	cp949 인코딩으로 다시 읽는다	첫 UTF-8 decode가 실패할 때만 cp949로 다시 읽는다. 오래된 한국어 Windows 파일에는 도움이 될 수 있지만, 실제 encoding이 다른 파일도 cp949가 오류 없이 잘못된 글자로 해석할 수 있다. 출처의 encoding metadata나 탐지 결과를 우선하고, fallback을 썼다는 사실을 기록해 조용한 데이터 손상을 막아야 한다.	공공기관 자료, CSV, HWP/PDF 추출 텍스트에서 인코딩 문제가 자주 생긴다.	meaning_choice	"[""def"",""function"",""return"",""encoding"",""utf8"",""cp949"",""try_except""]"
8	python_file_data_processing_v19.json	PY19_L08_glob_sort_001	glob 결과 정렬 읽기	파일 목록을 항상 같은 순서로 처리하기 위해 정렬하는 코드를 읽는다.	"from pathlib import Path\n\nfiles = sorted(Path(""data/lessons"").glob(""*.json""))\nfor path in files:\n    print(path.name)"	sorted를 붙이는 이유는?	처리 순서를 안정적으로 만들기 위해	파일 시스템이 주는 순서는 항상 의도대로 보장되지 않을 수 있어 정렬이 유용하다. glob은 패턴에 맞는 파일 목록을 찾고, sort는 그 목록의 순서를 고정한다. 파일 처리 코드는 순서에 따라 결과가 달라질 수 있으므로 정렬 여부가 중요하다.	lesson 파일 검증, chunk parts 병합, clean pack 처리 순서를 안정화하는 데 중요하다.	meaning_choice	"[""for"",""import"",""print"",""glob"",""sort"",""pathlib"",""deterministic""]"
8	python_file_data_processing_v19.json	PY19_L08_path_join_mkdir_001	Path 결합과 폴더 생성 읽기	출력 폴더를 만들고 파일 경로를 조립하는 코드를 읽는다.	"from pathlib import Path\n\nout_dir = Path(""derived"") / ""clean"" / ""inbox""\nout_dir.mkdir(parents=True, exist_ok=True)\nout_file = out_dir / ""manifest.jsonl"""	parents=True의 의미는?	중간 폴더가 없어도 함께 만든다	Path의 / 연산자는 운영체제에 맞게 경로 요소를 결합한다. mkdir의 parents=True는 derived와 clean 같은 누락된 부모 디렉터리도 만들고, exist_ok=True는 목표 디렉터리가 이미 있을 때의 FileExistsError를 막는다. 같은 위치에 일반 파일이 있으면 여전히 실패하며, out_file은 경로만 만들 뿐 파일을 생성하지 않는다.	derived, tmp, reports 같은 산출물 폴더를 자동 생성할 때 자주 쓴다.	meaning_choice	"[""import"",""pathlib"",""mkdir"",""path_join"",""directory""]"
8	python_files_paths_project_structure_v32.json	PY32_L08_glob_get_child_item_001	glob / Get-ChildItem 읽기	특정 패턴의 파일 목록을 찾는 코드를 이해한다.	"Get-ChildItem "".\data\lessons"" -File -Filter ""*.json"""	이 명령이 찾는 파일은?	data/lessons 폴더의 JSON 파일	Get-ChildItem은 지정한 위치의 항목을 나열한다. -File은 폴더를 제외하고, -Filter '*.json'은 이름이 해당 패턴과 맞는 파일만 고른다. 하위 폴더까지 찾으려면 별도로 -Recurse가 필요하다.	전체 lesson 파일 검증 루틴의 시작점이다.	meaning_choice	"[""glob"",""Get-ChildItem"",""file_listing""]"
8	python_files_paths_project_structure_v32.json	PY32_L08_new_item_directory_001	폴더 생성 New-Item	없으면 만들고 있으면 넘어가는 폴더 생성 명령을 이해한다.	"New-Item -ItemType Directory -Force -Path "".\tmp\backup"" | Out-Null"	-Force의 의미로 가장 가까운 것은?	이미 있어도 오류 없이 진행하게 한다	New-Item -ItemType Directory는 폴더를 만든다. 이 경우 -Force를 쓰면 같은 폴더가 이미 있다는 이유만으로 실패하지 않고 기존 폴더를 사용할 수 있다. 다만 권한 문제나 같은 경로의 파일처럼 다른 오류까지 모두 무시한다는 뜻은 아니다.	백업 폴더, 출력 폴더, 임시 폴더를 만들 때 유용하다.	meaning_choice	"[""New-Item"",""directory"",""force""]"
8	python_files_paths_project_structure_v32.json	PY32_L08_test_path_001	파일 존재 확인 Test-Path	파일이나 폴더가 실제로 있는지 확인하는 명령을 읽는다.	"Test-Path "".\src\pwa\app.js""\nTest-Path "".\data\lessons\missing.json"""	Test-Path가 True를 반환하면?	해당 경로가 존재한다	Test-Path는 파일이나 폴더가 실제로 존재하는지 확인하는 명령이다. 존재 여부만 알려주므로 JSON 내용 품질 검증은 별도 단계가 필요하다. 파일을 읽기 전에 Test-Path로 guard를 두면 없는 파일 때문에 생기는 오류를 더 친절하게 처리할 수 있다. 따라서 반환/호출 결과는 ‘해당 경로가 존재한다’이다.	패치 전에 대상 파일이 있는지 확인할 때 쓴다.	meaning_choice	"[""Test-Path"",""exists"",""file_check""]"
8	python_foundation_expansion_v10.json	PY10_L08_argparse_store_true_001	argparse store_true 읽기	플래그가 있으면 True가 되는 CLI 옵션을 읽는다.	"import argparse\n\nparser = argparse.ArgumentParser()\nparser.add_argument(""--dry-run"", action=""store_true"")\nargs = parser.parse_args()"	--dry-run을 붙이면 args.dry_run은?	True	argparse의 store_true는 옵션이 명령어에 있으면 True로 저장하는 설정이다. 플래그형 옵션을 만들 때 자주 사용한다. 옵션을 붙이지 않으면 기본값은 보통 False가 되므로 실행 명령에 플래그가 있는지 먼저 보면 된다.	실행은 안 하고 계획만 보는 dry-run 옵션에 자주 쓰인다.	meaning_choice	"[""import"",""argparse"",""cli"",""flag""]"
8	python_foundation_expansion_v10.json	PY10_L08_copy_update_merge_001	copy 후 update 병합 읽기	원본 dict를 보존하면서 새 메타데이터를 합치는 코드를 읽는다.	def merge_meta(item, meta):\n    merged = dict(item)\n    merged.update(meta)\n    return merged	merged = dict(item)의 목적은?	item을 복사해 원본 변경을 줄인다	dict(item)은 item과 별도의 바깥 dict를 만든다. 이어서 merged.update(meta)가 같은 키의 값을 덮어쓰거나 새 키를 추가해도 원본 item의 바깥 키 구성은 바뀌지 않는다. 다만 이것은 얕은 복사라서 값 안에 list나 dict 같은 중첩 객체가 있으면 그 객체는 공유될 수 있다.	메타데이터 보강, score 병합, 설정 병합에 자주 쓰인다.	meaning_choice	"[""def"",""function"",""return"",""dict"",""copy"",""update"",""merge""]"
8	python_foundation_expansion_v10.json	PY10_L08_count_by_key_001	key별 count 집계 읽기	dict를 이용해 domain별 개수를 집계하는 코드를 읽는다.	"def count_by_domain(rows):\n    counts = {}\n    for row in rows:\n        domain = row.get(""domain"", ""unknown"")\n        counts[domain] = counts.get(domain, 0) + 1\n    return counts"	counts[domain] = counts.get(domain, 0) + 1의 의미는?	domain별 개수를 1 증가시킨다	각 row에서 domain을 읽고, 키가 없으면 문자열 unknown을 사용한다. counts.get(domain, 0)은 해당 domain의 기존 횟수를 가져오되 처음 등장한 값이면 0을 준다. 여기에 1을 더해 다시 같은 키에 저장하므로 domain별 횟수가 한 번씩 증가한다. domain 값이 실제로 0인 경우가 아니라 집계 dict에 키가 아직 없는 경우에만 기본값 0을 쓴다.	도메인/레벨/상태별 집계 코드에 자주 나온다.	meaning_choice	"[""for"",""def"",""function"",""return"",""dict"",""count"",""aggregation""]"
8	python_foundation_expansion_v10.json	PY10_L08_dataclass_basic_001	dataclass 기본 읽기	작은 데이터 구조를 class처럼 정의하는 코드를 읽는다.	"from dataclasses import dataclass\n\n@dataclass\nclass Item:\n    id: str\n    score: float\n\nitem = Item(id=""a"", score=0.7)\nprint(item.id)"	출력은?	a	dataclass는 데이터를 담는 클래스를 간단히 만들게 해 준다. 생성할 때 id에 a를 넣었으므로 item.id를 읽으면 a가 나온다. dataclass는 __init__ 같은 기본 메서드를 자동으로 만들어 주어 데이터 객체를 짧게 정의하게 해 준다.	노드/엣지/카드 row 같은 구조를 명확히 표현할 때 유용하다.	output_prediction	"[""import"",""print"",""dataclass"",""class"",""schema""]"
8	python_foundation_expansion_v10.json	PY10_L08_filter_rows_001	row 필터링 읽기	조건을 만족하는 row만 남기는 코드를 읽는다.	"rows = [{""id"": ""1"", ""ok"": True}, {""id"": ""2"", ""ok"": False}]\nvalid = [row for row in rows if row[""ok""]]\nprint(len(valid))"	출력은?	1	filter rows는 조건을 만족하는 행만 남기는 과정이다. ok 값이 True인 row만 통과시키면 결과에는 해당 row 하나만 남는다. 조건식이 True인 항목만 남는다고 보면 필터링 뒤 결과 개수와 내용을 쉽게 예측할 수 있다.	검증 통과 항목, 후보 항목, 실패 항목 분리에 자주 쓰인다.	output_prediction	"[""print"",""filter"",""list_comprehension"",""dict""]"
8	python_foundation_expansion_v10.json	PY10_L08_fstring_status_001	f-string 상태문 읽기	변수 값을 문자열에 넣어 상태 메시지를 만드는 코드를 읽는다.	"def format_status(done, total):\n    return f""{done}/{total} done""\n\nprint(format_status(3, 10))"	출력은?	3/10 done	f-string은 문자열 안에 변수 값을 바로 넣을 수 있는 문법이다. done과 total 값이 중괄호 위치에 들어가 상태 문장이 만들어진다. 반복 작업의 진행률이나 상태 로그를 만들 때 f-string을 쓰면 변수 값을 읽기 좋게 섞을 수 있다. 따라서 출력은 ‘3/10 done’이다.	진행률 로그, 큐 상태, shard 상태 메시지에 자주 보인다.	output_prediction	"[""def"",""function"",""return"",""print"",""f_string"",""format"",""status""]"
8	python_foundation_expansion_v10.json	PY10_L08_function_loop_result_001	함수 안 loop와 result 읽기	함수 내부에서 결과 리스트를 쌓아 반환하는 구조를 읽는다.	"def normalize_many(labels):\n    result = []\n    for label in labels:\n        result.append(label.strip().lower())\n    return result\n\nprint(normalize_many(["" LiDAR "", ""RADAR""]))"	출력은?	"[""lidar"", ""radar""]"	"반복문 안에서 각 label을 strip과 lower로 정리한 뒤 result에 추가한다. 여러 입력을 같은 규칙으로 정규화할 때 쓰는 흐름이다. 함수 안에서 결과 리스트를 만들면 입력 처리 규칙을 재사용 가능한 작은 단위로 묶을 수 있다. 따라서 출력은 ‘[""lidar"", ""radar""]’이다."	데이터 전처리 함수의 기본 패턴이다.	output_prediction	"[""def"",""return"",""print"",""function"",""for"",""list"",""normalization""]"
8	python_foundation_expansion_v10.json	PY10_L08_guard_clause_001	guard clause 읽기	빈 입력이면 일찍 반환하는 방어 코드를 읽는다.	"def summarize(items):\n    if not items:\n        return ""empty""\n    return f""count={len(items)}""\n\nprint(summarize([]))"	출력은?	empty	guard clause는 처리할 수 없는 경우를 함수 앞부분에서 먼저 반환하는 방식이다. items가 빈 리스트라 not items가 참이고 empty를 반환한다.	근거 없음, 검색결과 없음, 입력 없음 처리에 자주 쓰인다.	output_prediction	"[""def"",""function"",""print"",""guard_clause"",""if"",""return""]"
8	python_foundation_expansion_v10.json	PY10_L08_id_index_001	id index 만들기	row 리스트를 id로 바로 찾을 수 있는 dict로 바꾸는 코드를 읽는다.	"def build_index(rows):\n    return {row[""id""]: row for row in rows}\n\nindex = build_index([{""id"": ""n1"", ""label"": ""LiDAR""}])\nprint(index[""n1""][""label""])"	출력은?	LiDAR	id index는 id를 key로 삼아 row를 빠르게 찾기 위한 dict다. index['n1']은 해당 row를 반환하고 그 안의 label은 LiDAR다. 목록을 매번 반복 검색하지 않아도 되므로 카드나 노드가 많을 때 조회 속도를 높일 수 있다.	대량 데이터에서 특정 id를 빠르게 찾는 기본 패턴이다.	output_prediction	"[""def"",""function"",""return"",""print"",""dict"",""index"",""id""]"
8	python_foundation_expansion_v10.json	PY10_L08_if_elif_mode_001	mode 조건 분기 읽기	mode 값에 따라 다른 문자열을 반환하는 분기 코드를 읽는다.	"def select_mode(mode):\n    if mode == ""review"":\n        return ""daily_review""\n    if mode == ""all"":\n        return ""normal+review""\n    return ""normal"""	mode가 review이면 반환값은?	daily_review	"첫 번째 if에서 mode == ""review""가 참이므로 즉시 daily_review를 반환하고 함수가 끝난다. 따라서 아래의 두 번째 if와 마지막 return은 실행되지 않는다. 이 예제는 if/elif가 아니라 return으로 흐름을 끝내는 두 개의 독립된 if 문이지만, 위에서부터 조건을 확인한다는 점은 같다."	앱 필터, 실행 모드, 큐 모드 코드를 읽는 기초다.	meaning_choice	"[""def"",""function"",""return"",""if"",""mode"",""branch""]"
8	python_foundation_expansion_v10.json	PY10_L08_keyword_args_001	keyword argument 읽기	함수 호출에서 이름으로 인자를 넘기는 구조를 읽는다.	"def make_config(debug=False, limit=100):\n    return {\n        ""debug"": debug,\n        ""limit"": limit,\n    }\n\nprint(make_config(limit=10)[""limit""])"	출력은?	10	키워드 인자는 함수 호출에서 이름을 붙여 값을 전달하는 방식이다. limit=10은 기본값 100을 덮어써서 최대 개수를 10으로 바꾼다. 위치가 아니라 이름으로 값을 전달하므로 인자가 많아져도 어떤 설정을 바꾸는지 비교적 명확하게 보인다.	설정 객체와 실행 옵션 코드를 읽는 데 필요하다.	output_prediction	"[""def"",""return"",""print"",""function"",""keyword_argument"",""config""]"
8	python_foundation_expansion_v10.json	PY10_L08_non_empty_validation_001	빈 문자열 검증 읽기	공백만 있는 입력을 막는 검증 코드를 읽는다.	"def require_non_empty(text):\n    text = text.strip()\n    if not text:\n        raise ValueError(""empty text"")\n    return text"	text가 공백뿐이면?	ValueError를 발생시킨다	"먼저 strip()이 문자열 양끝의 공백을 제거한다. 공백뿐인 입력은 빈 문자열 """"이 되고 not text가 True이므로 ValueError(""empty text"")가 발생한다. 공백이 아닌 문자가 하나라도 있으면 예외 없이, 양끝 공백이 제거된 문자열을 반환한다."	질문 입력, 제목, 카드 필수 필드 검증에 중요하다.	meaning_choice	"[""if"",""def"",""function"",""return"",""validation"",""strip"",""raise""]"
8	python_foundation_expansion_v10.json	PY10_L08_pipeline_steps_001	pipeline steps 읽기	여러 함수를 순서대로 적용하는 파이프라인 구조를 읽는다.	def apply_pipeline(text, steps):\n    value = text\n    for step in steps:\n        value = step(value)\n    return value	이 함수의 핵심 흐름은?	text에 steps를 순서대로 적용한다	pipeline은 여러 처리 단계를 순서대로 연결한 구조다. value가 각 step을 거치며 계속 갱신되어 최종 결과로 이어진다. 각 단계가 입력을 받아 출력으로 넘기는 구조인지 보면 긴 처리 흐름도 작은 조각으로 나누어 읽을 수 있다. 따라서 반환/호출 결과는 ‘text에 steps를 순서대로 적용한다’이다.	수집→정제→청킹→검색 같은 파이프라인을 읽는 기초다.	meaning_choice	"[""def"",""return"",""pipeline"",""function"",""for""]"
8	python_foundation_expansion_v10.json	PY10_L08_raise_required_001	필수 key 없으면 raise	필수 필드 누락을 조용히 넘기지 않고 에러로 드러내는 코드를 읽는다.	def read_required(row, key):\n    if key not in row:\n        raise KeyError(key)\n    return row[key]	key가 row에 없으면?	KeyError를 발생시킨다	필수 필드가 없을 때 조용히 기본값을 쓰면 데이터 오류를 놓칠 수 있다. 그래서 raise로 명확한 예외를 내는 편이 더 안전한 경우가 있다. 필수 key 검증은 데이터가 다음 단계로 넘어가기 전에 형식 오류를 명확히 드러내는 역할을 한다. 따라서 반환/호출 결과는 ‘KeyError를 발생시킨다’이다.	데이터 품질 검증과 파이프라인 실패 원인 추적에 중요하다.	meaning_choice	"[""if"",""def"",""function"",""return"",""raise"",""KeyError"",""validation""]"
8	python_foundation_expansion_v10.json	PY10_L08_retry_once_001	간단 retry 함수 읽기	실패하면 한 번 더 실행하는 단순 재시도 코드를 읽는다.	def retry_once(fn):\n    try:\n        return fn()\n    except Exception:\n        return fn()	첫 번째 fn()이 실패하면?	except에서 fn()을 한 번 더 호출한다	첫 fn()이 정상 반환하면 그 값을 바로 돌려주고 재시도하지 않는다. 첫 호출이 Exception 계열 예외를 내면 except에서 fn()을 딱 한 번 더 호출한다. 두 번째 호출은 try 블록 밖이므로 다시 실패하면 그 예외가 호출자에게 전파된다. 모든 Exception을 재시도하면 코드 오류까지 반복할 수 있어 실제 코드에서는 재시도할 예외, 대기 시간, 로그를 좁혀 정한다.	API 호출/다운로드/배치 실행 안정화의 기초다.	meaning_choice	"[""def"",""return"",""retry"",""try_except"",""function""]"
8	python_frontend_state_storage_cache_v39.json	PY39_L08_cache_001	cache 읽기	이미 받은 파일을 다시 쓰는 cache 개념을 이해한다.	first visit:\n  GET app.js 200\n\nsecond visit:\n  use cached app.js	cache의 장점은?	같은 파일을 더 빠르게 다시 사용할 수 있다	cache는 이전 응답을 재사용해 전송 시간과 네트워크 사용을 줄일 수 있다. 두 번째 방문에 실제로 cache를 그대로 쓰는지, 서버에 재검증하는지, 다시 다운로드하는지는 Cache-Control, validator, service worker 전략에 따라 달라진다. 속도와 최신성의 기준을 함께 설계해야 한다.	PWA에서 app.js나 lesson JSON이 캐시에 남아 업데이트가 안 보일 수 있다.	meaning_choice	"[""cache"",""browser"",""performance""]"
8	python_frontend_state_storage_cache_v39.json	PY39_L08_cache_busting_001	cache busting 읽기	URL에 버전값을 붙여 새 파일 요청을 유도하는 cache busting을 이해한다.	"const APP_DATA_VERSION = ""20260529_v39""\n\nfunction withDataVersion(path) {\n  return path + ""?v="" + APP_DATA_VERSION\n}"	APP_DATA_VERSION을 바꾸는 이유는?	브라우저가 새 URL로 인식해 최신 데이터를 받게 하려고	버전 query가 달라지면 일반 HTTP cache는 보통 다른 URL로 취급해 이전 응답과 분리한다. 하지만 service worker가 query를 무시하는 custom cache key를 쓰거나 중간 cache가 잘못 설정되면 최신 본문이 보장되지 않는다. 내용 기반 파일명이나 명확한 cache 정책과 함께 사용하고 실제 응답 버전을 확인한다.	지금 app.js에서 v38, v39처럼 버전을 올리는 이유다.	meaning_choice	"[""return"",""cache_busting"",""version_query"",""APP_DATA_VERSION""]"
8	python_frontend_state_storage_cache_v39.json	PY39_L08_stale_data_001	stale data 읽기	캐시 때문에 오래된 데이터가 보이는 stale data 문제를 이해한다.	server has:\n  APP_DATA_VERSION = v39\n\nbrowser still shows:\n  APP_DATA_VERSION = v38	이 상황은 무엇에 가까운가?	브라우저가 오래된 캐시를 보고 있다	서버 파일은 새 버전인데 브라우저가 이전 파일을 들고 있으면 stale data가 된다. stale data는 화면이나 캐시에 남은 데이터가 최신 상태와 달라진 경우다. 새로고침, 재요청, 버전 키 변경이 필요한지 확인해야 한다. 따라서 정답은 ‘브라우저가 오래된 캐시를 보고 있다’이다.	새 v39가 반영되지 않을 때 강력 새로고침이나 버전 쿼리를 확인해야 한다.	meaning_choice	"[""stale_data"",""cache"",""freshness""]"
8	python_function_design_io_v30.json	PY30_L08_early_return_001	early return 흐름 읽기	조건별로 빨리 반환해서 복잡한 if 중첩을 줄이는 방식을 읽는다.	"def label_score(score):\n    if score >= 80:\n        return ""good""\n    if score >= 50:\n        return ""review""\n    return ""retry"""	label_score(65)의 반환값은?	review	65는 80 이상은 아니지만 50 이상이므로 두 번째 조건에서 review를 반환한다. early return은 더 진행할 필요가 없을 때 함수에서 일찍 빠져나오는 방식이다. 조건이 참일 때 바로 끝나는지, 이후 코드가 실행되지 않는지 확인해야 한다.	리스크 레벨, 카드 추천 레벨, 검증 결과 라벨링 함수에서 자주 쓰인다.	meaning_choice	"[""if"",""def"",""return"",""early_return"",""control_flow"",""function""]"
8	python_function_design_io_v30.json	PY30_L08_guard_clause_001	guard clause 읽기	조건이 맞지 않으면 함수 초반에 빠져나가는 guard clause를 이해한다.	"def render_card(card):\n    if not card:\n        return """"\n\n    return f""<h2>{card['title']}</h2>"""	"if not card: return """"의 동작은?"	card가 falsy이면 뒤 title 접근 없이 빈 문자열을 반환한다	None뿐 아니라 empty dict 같은 모든 falsy card에서 즉시 empty string을 반환하므로 아래 title access는 실행되지 않는다. empty card가 invalid input이라면 조용한 empty UI보다 ValueError나 explicit placeholder가 더 적절할 수 있다. guard clause는 early exit를 명확히 하지만 올바른 failure policy를 대신 정해 주지는 않는다.	앱에서 선택된 카드가 없거나 로딩 전일 때 화면이 깨지지 않게 하는 패턴이다.	meaning_choice	"[""if"",""def"",""function"",""return"",""guard_clause"",""early_return"",""validation""]"
8	python_function_design_io_v30.json	PY30_L08_pure_function_001	pure function 읽기	같은 입력이면 항상 같은 출력을 내는 pure function의 장점을 이해한다.	"def make_status(done, total):\n    return f""{done}/{total} 완료""\n\ntext = make_status(3, 10)"	순수 함수가 테스트하기 쉬운 이유는?	입력만 보면 출력이 결정되기 때문	pure function은 같은 입력에 항상 같은 출력을 만들고 외부 상태를 바꾸지 않는 함수다. 단위 테스트와 재사용이 쉬워지는 장점이 있다. 파일, 시간, 전역 변수에 덜 의존할수록 입력과 출력만 비교해 결과를 검증하기 쉽다. 따라서 반환/호출 결과는 ‘입력만 보면 출력이 결정되기 때문’이다.	상태 문구, 추천 요약, 검증 메시지를 만드는 함수는 pure function으로 두면 안정적이다.	meaning_choice	"[""def"",""function"",""return"",""pure_function"",""side_effect"",""testable""]"
8	python_git_github_workflow_v33.json	PY33_L08_git_diff_001	git diff 읽기	커밋 전 어떤 줄이 바뀌었는지 확인하는 diff를 이해한다.	git diff src/pwa/app.js	git diff를 커밋 전에 보는 이유는?	의도하지 않은 변경이 섞였는지 확인하기 위해	인자 없이 이 형태의 git diff는 app.js의 작업 트리와 index 사이, 즉 주로 아직 stage하지 않은 변경을 보여 준다. git add로 stage한 변경은 git diff --cached로 따로 확인해야 하므로 커밋 전에는 두 diff를 모두 검토하는 것이 안전하다.	app.js lessonFiles가 유지됐는지 확인할 때 유용하다.	meaning_choice	"[""git_diff"",""changes"",""review""]"
8	python_git_github_workflow_v33.json	PY33_L08_git_log_001	git log 읽기	커밋 이력을 확인하고 최신 커밋 해시를 읽는다.	git log --oneline -5\n\n0998190 Add files paths and project structure reading cards\n4d2080b Fix v31 dict object card answer	0998190은 무엇인가?	커밋을 가리키는 짧은 해시	git log --oneline은 각 커밋을 축약 해시와 제목으로 보여 준다. 0998190은 전체 객체 ID의 앞부분이며 저장소 안에서 충분히 고유할 때 특정 커밋을 가리킨다. 충돌 가능성이 있으면 Git이 요구하는 더 긴 해시나 전체 해시를 사용한다.	문제가 생겼을 때 어느 커밋부터 깨졌는지 추적할 수 있다.	meaning_choice	"[""git_log"",""history"",""commit_hash""]"
8	python_git_github_workflow_v33.json	PY33_L08_git_push_001	git push 읽기	로컬 커밋을 GitHub 원격 저장소로 올리는 명령을 이해한다.	git push\n\nTo https://github.com/user/repo.git\n   abc1234..def5678  main -> main	main -> main은 무엇을 뜻하는가?	로컬 main의 커밋이 원격 main에 반영됐다	이 출력은 로컬 main의 abc1234 이후 커밋이 해당 원격의 main 참조를 def5678로 갱신했다는 뜻이다. push 성공은 저장소 업데이트를 뜻할 뿐, GitHub Pages 배포 성공까지 보장하지 않는다. Pages는 별도의 설정된 빌드·배포가 끝났는지 확인해야 한다.	정적 사이트가 main을 배포 원본으로 사용하도록 설정된 경우 push 뒤 별도 배포가 시작될 수 있다.	meaning_choice	"[""git_push"",""remote"",""GitHub""]"
8	python_github_actions_ci_validation_v48.json	PY48_L08_cli_args_001	CLI 인자 읽기	검증 스크립트에 기대 버전이나 기대 카드 수를 인자로 넘기는 방식을 이해한다.	python tools/validate_lessons.py --expected-lesson-cards 956	CLI 인자를 쓰는 이유는?	검증 조건을 실행 시점에 지정할 수 있기 때문	CLI option은 같은 validator에 release별 expected count를 외부에서 전달한다. 값의 source가 실제 data에서 다시 계산되면 누락을 못 잡으므로 version 관리된 manifest나 독립 spec에서 가져와야 한다. argparse type과 범위 validation, help, 실패 message도 제공한다.	v48 로컬 검증에서는 expected app version과 expected lesson cards를 함께 확인한다.	meaning_choice	"[""CLI_args"",""argparse"",""expected_count""]"
8	python_github_actions_ci_validation_v48.json	PY48_L08_exit_code_001	exit code 읽기	검증 실패 시 0이 아닌 종료 코드가 CI 실패로 이어짐을 이해한다.	if errors:\n    raise SystemExit(1)	CI에서 exit code가 중요한 이유는?	실패를 자동화 시스템이 감지하는 기준이기 때문	exit code는 프로그램이 성공했는지 실패했는지 운영체제에 알려주는 숫자다. 0이 아니면 CI에서는 보통 실패로 처리한다. 자동화에서는 사람이 화면을 보지 않아도 exit code만으로 다음 단계를 진행할지 멈출지 결정한다. 따라서 정답은 ‘실패를 자동화 시스템이 감지하는 기준이기 때문’이다.	validate_lessons.py는 오류가 있으면 SystemExit로 중단해 CI 실패를 만들 수 있다.	meaning_choice	"[""if"",""exit_code"",""CI_fail"",""SystemExit""]"
8	python_github_actions_ci_validation_v48.json	PY48_L08_on_push_001	on push 트리거 읽기	push 이벤트가 workflow를 실행하는 조건이 될 수 있음을 이해한다.	on:\n  push:\n    branches: [ main ]	on: push의 의미는?	main 브랜치에 push될 때 workflow를 실행한다	on push는 GitHub Actions가 push 이벤트가 발생했을 때 실행되도록 하는 트리거다. 자동화가 언제 시작될지를 정하는 조건이다. main에 push될 때마다 검증을 돌리면 원격 저장소 기준의 품질 게이트를 만들 수 있다.	lesson 파일을 push하면 원격에서 검증이 자동으로 돌게 할 수 있다.	meaning_choice	"[""on_push"",""trigger"",""CI""]"
8	python_github_actions_ci_validation_v48.json	PY48_L08_validate_lessons_py_001	validate_lessons.py 고정화 읽기	매번 붙여넣던 검증 코드를 파일로 고정하는 이유를 이해한다.	python tools/validate_lessons.py	검증 스크립트를 파일로 고정하는 장점은?	매번 긴 코드를 붙여넣지 않고 같은 검증을 반복 실행할 수 있다	validate_lessons.py는 lesson 파일 수, 카드 수, 필수 필드, 정답 일관성을 확인하는 검증 도구다. 반복 검증은 도구 파일로 고정해야 누락을 줄일 수 있다.	v41~v47에서 반복한 full validation을 tools/validate_lessons.py로 분리한다.	meaning_choice	"[""validation_script"",""tooling"",""repeatable_check""]"
8	python_grouped_concepts_v15.json	PY15_L08_alias_redirect_canonical_001	Alias / Redirect / Canonical 비교	KG 정리에서 같은 개념을 다루는 세 용어를 구분한다.	Alias: 같은 대상을 가리키는 다른 이름이나 ID\nCanonical: 시스템이 대표로 선택한 이름이나 ID\nRedirect: 이전 ID나 alias에서 canonical ID로 보내는 매핑	대표 id로 삼는 값은?	Canonical	alias는 같은 대상을 부르는 다른 표기이고 canonical은 대표 표기다. redirect는 오래된 ID나 alias로 들어온 요청을 대표 ID에 연결한다. redirect가 순환하지 않게 검사하고, 대표 ID가 바뀌어도 기존 링크와 출처를 추적할 수 있게 이력을 남겨야 한다.	KG 중복 노드 정리와 node_pages 동기화에 필요하다.	meaning_choice	"[""alias"",""redirect"",""canonical"",""knowledge_graph""]"
8	python_grouped_concepts_v15.json	PY15_L08_cache_ttl_retry_timeout_001	Cache / TTL / Retry / Timeout 비교	운영 코드에서 자주 보는 안정화 개념을 묶어 이해한다.	Cache: 다시 계산하거나 요청하지 않도록 결과를 재사용해 저장\nTTL: 저장값을 유효하다고 볼 수 있는 기간\nRetry: 실패 조건과 횟수를 정해 작업을 다시 시도\nTimeout: 정한 시간 안에 완료되지 않으면 기다리기를 끝내고 실패로 처리	캐시가 유효한 시간을 나타내는 것은?	TTL	TTL이 지나면 저장값은 만료된 것으로 취급하지만 구현에 따라 즉시 삭제되지는 않는다. timeout이 발생해 호출자가 기다리기를 멈춰도 서버 작업이 자동으로 취소된다고 단정할 수 없다. retry는 일시적 실패에만 제한하고, 중복 실행이 안전한지 확인한 뒤 횟수 제한과 backoff·jitter를 둔다.	API 호출 비용 절감과 운영 안정화에 자주 쓰인다.	meaning_choice	"[""try_except"",""cache"",""ttl"",""retry"",""timeout"",""operation""]"
8	python_grouped_concepts_v15.json	PY15_L08_dtype_tensor_compare_001	Tensor dtype과 양자화 비트 수 비교	배열/텐서 내부 숫자 표현 방식이 메모리와 정밀도에 영향을 준다는 점을 이해한다.	float32: 텐서 원소 하나를 보통 32비트 부동소수점으로 저장\nfloat16/bfloat16: 원소당 비트 수를 줄이지만 범위와 정밀도 특성이 서로 다름\nint8/4-bit quantization: 값을 낮은 비트로 표현하고 scale 등의 메타데이터와 커널을 함께 사용	모델 가중치의 VRAM 사용량과 가장 직접 관련 있는 것은?	dtype와 양자화 비트 수	원소당 비트 수가 작아지면 같은 개수의 가중치가 차지하는 메모리를 줄일 수 있다. 다만 4-bit는 많은 라이브러리에서 일반 텐서 dtype이라기보다 압축된 저장 형식과 양자화 방식이며 scale 같은 추가 정보가 필요하다. 활성값, KV cache, 옵티마이저 상태까지 모두 같은 비율로 줄어드는 것도 아니다.	LLM 양자화와 fp16/bf16 설정을 이해하는 데 필요하다.	meaning_choice	"[""dtype"",""tensor_dtype"",""fp32"",""fp16"",""int8""]"
8	python_grouped_concepts_v15.json	PY15_L08_encryption_hashing_salt_001	Encryption / Hashing / Salt 비교	암호화, 해시, salt의 차이를 구분해 읽는다.	Encryption: 올바른 복호화 키가 있으면 원문을 복원할 수 있음\nHashing: 입력을 고정 길이 값으로 바꾸며 일반적으로 원문 복원을 목적으로 하지 않음\nSalt: 비밀번호마다 새로 만드는 랜덤값으로 같은 비밀번호의 저장 결과를 다르게 함	원문 복원이 어렵고 지문처럼 비교하는 방식은?	Hashing	암호화는 허가된 사용자가 원문을 다시 읽어야 할 때 쓰고, 해시는 입력 비교나 무결성 확인 등에 쓴다. 비밀번호는 빠른 일반 해시 한 번이 아니라 Argon2, bcrypt, scrypt, PBKDF2 같은 느린 비밀번호 해시 함수와 고유한 랜덤 salt로 저장해야 한다. salt는 비밀일 필요는 없지만 비밀번호마다 달라야 한다.	비밀번호/토큰/무결성 검증 설명을 읽을 때 중요하다.	meaning_choice	"[""encryption"",""hashing"",""salt"",""security""]"
8	python_grouped_concepts_v15.json	PY15_L08_evidence_provenance_lineage_001	Evidence / Provenance / Lineage 비교	evidence, provenance, lineage의 차이를 구분해 읽는다.	Evidence: 주장을 뒷받침하는 구체적인 자료나 관찰\nProvenance: 데이터의 출처, 생성 주체, 수집 방법 등 기원 정보\nLineage: 원천 데이터부터 산출물까지 거친 변환과 이동 경로\nCitation: 사용자가 근거 원문을 확인할 수 있게 표시한 인용이나 링크	데이터가 어떤 변환을 거쳤는지 추적하는 개념은?	Lineage	evidence는 주장을 뒷받침하는 자료이고 citation은 사용자가 그 자료를 확인하게 하는 표시다. provenance는 데이터의 기원과 생성 맥락을 기록하며, 시스템에 따라 변환 이력도 포함할 수 있다. lineage는 특히 데이터가 어느 단계를 거쳐 현재 결과가 되었는지를 추적한다.	evidence-first KG/RAG 구조에서 신뢰도를 지키는 핵심 개념이다.	meaning_choice	"[""evidence"",""provenance"",""lineage"",""citation""]"
8	python_grouped_concepts_v15.json	PY15_L08_extract_chunk_dedup_canonical_001	Extract / Chunk / Dedup / Canonicalization 비교	문서 처리 파이프라인의 주요 단계를 묶어 이해한다.	Extract: 원문에서 텍스트와 메타데이터를 추출\nChunk: 검색이나 모델 입력 단위로 텍스트를 분할\nDedup: 정한 동일성 기준에 따라 중복 항목을 제거하거나 병합\nCanonicalization: 여러 표기를 대표 이름이나 ID에 연결	LiDAR, lidar, LIDAR를 하나의 대표 label로 정리하는 과정은?	Canonicalization	extract, chunk, dedup, canonicalization은 서로 다른 파이프라인 단계다. LiDAR의 대소문자 표기를 하나로 연결하는 일은 canonicalization에 가깝다. 다만 단순 소문자 변환은 서로 다른 고유명사를 잘못 합칠 수 있으므로 alias 규칙과 원문 근거를 보존해야 한다.	KG 노드 정리와 데이터 파이프라인 품질에 중요하다.	meaning_choice	"[""extract"",""chunk"",""dedup"",""canonicalization"",""pipeline""]"
8	python_grouped_concepts_v15.json	PY15_L08_harness_compare_001	Test Harness / Wiring Harness / Safety Harness 비교	harness라는 단어가 분야에 따라 다르게 쓰인다는 점을 이해한다.	Test harness: 테스트 입력, 실행, 결과 수집, 검증을 자동화하는 틀\nWiring harness: 전원과 신호를 전달하는 전선·케이블·커넥터 묶음\nSafety harness: 추락이나 이탈을 막기 위해 몸을 지지하는 안전 장비	소프트웨어 테스트 자동화 맥락의 harness는?	Test harness	harness는 여러 요소를 묶어 함께 작동하게 하는 구조라는 공통 느낌이 있지만 분야마다 대상이 다르다. 코드와 테스트 결과가 나오면 test harness, 전선과 커넥터가 나오면 wiring harness, 사람의 추락 방지가 나오면 safety harness로 읽는다.	파이썬 테스트와 자율시스템 하드웨어 문서를 함께 볼 때 필요한 구분이다.	meaning_choice	"[""harness"",""test_harness"",""wiring_harness"",""safety_harness""]"
8	python_grouped_concepts_v15.json	PY15_L08_jsonld_001	JSON-LD 의미 읽기	JSON 형식에 의미 연결 정보를 붙이는 JSON-LD 개념을 이해한다.	"{\n  ""@context"": ""https://schema.org"",\n  ""@type"": ""Article"",\n  ""name"": ""UAM Safety Report""\n}"	@context의 목적에 가까운 것은?	필드 이름의 의미 기준을 연결한다	JSON-LD는 JSON에 Linked Data의 의미를 붙이는 형식이다. @context는 name 같은 짧은 용어를 어떤 IRI와 의미로 해석할지 연결한다. 이 연결은 필드의 의미를 알려 주지만, 데이터가 올바른지 자동으로 검증하는 schema와는 역할이 다르다.	웹 데이터/구조화 데이터/시맨틱 메타데이터를 읽는 데 필요하다.	meaning_choice	"[""json_ld"",""linked_data"",""semantic"",""json""]"
8	python_grouped_concepts_v15.json	PY15_L08_jwt_oauth_api_key_001	JWT / OAuth / API Key 비교	인증/연동에서 자주 만나는 토큰 종류를 비교한다.	API Key: 애플리케이션이나 프로젝트의 API 호출을 식별·허용하는 값\nJWT: claim을 담고 서명할 수 있는 토큰 형식이며 내용이 자동으로 암호화되지는 않음\nOAuth 2.0: 사용자가 비밀번호를 앱에 주지 않고 제한된 접근 권한을 위임하는 프레임워크	앱이 사용자의 Google API 접근 권한을 위임받는 흐름에 가까운 것은?	OAuth	OAuth 2.0은 사용자가 다른 앱에 제한된 접근 권한을 위임하는 표준 프레임워크다. Google 계정으로 사용자의 신원까지 확인하는 로그인은 보통 OAuth 2.0 위에 OpenID Connect를 함께 사용한다. JWT는 토큰 형식이고 API key는 서비스에 따라 프로젝트나 앱을 식별하는 값이므로 서로 같은 역할이 아니다.	네 서버/API 키 저장/로그인 구조와 직접 연결된다.	meaning_choice	"[""jwt"",""oauth"",""api_key"",""token"",""security""]"
8	python_grouped_concepts_v15.json	PY15_L08_leakage_compare_001	Credential/Secret Leakage / Data Leakage / Prompt Injection 비교	AI 앱에서 자주 나오는 누설/공격 개념을 묶어 이해한다.	Credential/secret leakage: API key, access token, 비밀번호 같은 비밀값이 노출됨\nData leakage: 사용자 정보나 내부 데이터가 허가되지 않은 곳에 노출됨\nPrompt injection: 입력이 모델의 상위 지시를 무시하게 하거나 허용되지 않은 도구 사용을 유도함	API key가 공개 GitHub 저장소에 올라간 상황은?	Credential/secret leakage	공개 저장소에 올라간 API key는 비밀 자격 증명이 노출된 경우다. 발견하면 파일에서 지우는 것만으로 끝내지 말고 키를 즉시 폐기하거나 회전하고, 커밋 기록과 사용 로그도 확인해야 한다. data leakage와 범위가 겹칠 수 있지만 이 질문은 특히 접근 자격 증명의 노출을 묻는다.	LLM/RAG 앱과 서버 운영에서 꼭 알아야 할 리스크다.	meaning_choice	"[""token_leakage"",""data_leakage"",""prompt_injection"",""security"",""leakage""]"
8	python_grouped_concepts_v15.json	PY15_L08_least_privilege_audit_001	Least Privilege / Audit Log 비교	권한 최소화와 감사 로그의 역할을 함께 구분해 읽는다.	Least privilege: 계정과 서비스에 작업에 필요한 최소 권한만 부여\nAudit log: 누가 언제 어떤 자원에 어떤 작업을 했고 결과가 어땠는지 기록	문제 발생 후 누가 어떤 작업을 했는지 추적하는 기록은?	Audit log	least privilege는 침해나 실수의 피해 범위를 줄이는 예방 원칙이다. audit log는 사건이 생긴 뒤 작업 흐름을 재구성하게 돕는다. 로그 자체에도 민감 정보 최소화, 접근 제한, 변조 방지, 보존 기간 같은 관리가 필요하다.	API key/사용자 요청/관리자 작업 기록 설계와 연결된다.	meaning_choice	"[""least_privilege"",""audit_log"",""access_control"",""security""]"
8	python_grouped_concepts_v15.json	PY15_L08_node_chunk_document_001	Document / Chunk / Node 비교	RAG와 KG에서 문서 단위를 어떻게 나누는지 이해한다.	Document: 저장하거나 처리하는 원문 파일, 페이지, 문서 단위\nChunk: 검색이나 모델 입력을 위해 원문에서 나눈 텍스트 조각\nNode: 이 예시의 KG에서 개념이나 개체를 나타내는 그래프 단위	검색을 위해 원문을 잘게 나눈 텍스트 조각은?	Chunk	document는 원문 단위이고, chunk는 검색이나 모델 입력에 쓰려고 원문을 나눈 조각이다. 여기서 node는 KG의 개념이나 개체를 나타낸다. 다만 일부 RAG 프레임워크는 chunk도 node라고 부르므로, 실제 코드에서는 라이브러리의 정의를 확인해야 한다.	네 청킹/노드패스/엣지패스 구조를 앱에서 설명하기 위한 카드다.	meaning_choice	"[""document"",""chunk"",""node"",""rag"",""knowledge_graph""]"
8	python_grouped_concepts_v15.json	PY15_L08_owl_shacl_sparql_001	OWL / SHACL / SPARQL 비교	시맨틱 웹 도구들의 역할을 한 번에 구분한다.	OWL: 클래스와 관계의 의미를 표현하고 추론을 지원하는 온톨로지 언어\nSHACL: RDF 그래프가 지정한 shape와 제약을 만족하는지 검증하는 언어\nSPARQL: RDF 그래프의 패턴을 질의하고 결과를 가져오는 언어	RDF 그래프를 조회하는 질의 언어는?	SPARQL	OWL, SHACL, SPARQL은 모두 RDF 생태계에서 쓰이지만 역할이 다르다. OWL은 의미 모델과 추론 규칙을 표현하고, SHACL은 실제 그래프 데이터가 정한 조건을 만족하는지 검사한다. SPARQL은 그래프에서 원하는 패턴을 조회하므로 이 문제의 정답이다.	KG 검증/질의/온톨로지 문서를 읽을 때 유용하다.	meaning_choice	"[""owl"",""shacl"",""sparql"",""ontology"",""semantic_web""]"
8	python_grouped_concepts_v15.json	PY15_L08_pii_secret_compare_001	PII / Secret / Credential 비교	민감정보와 인증정보를 분리해서 다뤄야 하는 이유를 읽는다.	PII: 이름, 이메일, 전화번호처럼 개인을 식별하거나 식별 가능하게 하는 정보\nSecret: 공개되면 안 되는 값의 넓은 분류\nCredential: 로그인이나 접근 권한을 증명하는 비밀번호, 키, 토큰 등의 정보	DB password를 가장 정확하게 분류한 것은?	Secret이면서 Credential	DB password는 접근 권한을 증명하므로 credential이고, 공개되면 안 되므로 secret이기도 하다. 한 값이 여러 보안 분류에 동시에 속할 수 있다. 코드나 로그에 직접 남기지 말고 비밀 저장소나 안전하게 관리되는 환경 변수에서 읽어야 한다.	로그/환경변수/설정 파일을 다룰 때 필요한 개념이다.	meaning_choice	"[""pii"",""secret"",""credential"",""security""]"
8	python_grouped_concepts_v15.json	PY15_L08_queue_worker_scheduler_001	Queue / Worker / Scheduler 비교	작업을 쌓고 처리하고 예약하는 운영 구조를 이해한다.	Queue: 처리할 작업 메시지를 생산자와 소비자 사이에 보관\nWorker: queue에서 작업을 가져와 실행하고 성공이나 실패를 기록\nScheduler: 정해진 시간이나 조건에 맞춰 작업을 직접 시작하거나 queue에 등록	정해진 시간에 작업을 시작하게 하는 역할은?	Scheduler	scheduler는 작업을 언제 시작할지 결정하고, queue는 대기 중인 작업을 보관하며, worker는 작업을 실제로 처리한다. 시스템에 따라 scheduler가 직접 실행하기도 하고 queue에 넣기만 하기도 한다. 실패 재시도와 중복 실행 처리 방식도 함께 정해야 한다.	하베스트/큐레이션/배치 작업 운영 구조와 직접 연결된다.	meaning_choice	"[""queue"",""worker"",""scheduler"",""pipeline""]"
8	python_grouped_concepts_v15.json	PY15_L08_rdf_triple_001	RDF Triple 읽기	RDF가 subject-predicate-object 구조로 의미를 표현한다는 점을 이해한다.	Subject: LiDAR\nPredicate: produces\nObject: PointCloud\n\nTriple: LiDAR --produces--> PointCloud	RDF triple의 세 구성요소는?	Subject / Predicate / Object	RDF는 하나의 사실을 subject, predicate, object의 세 부분으로 표현한다. 여기서는 LiDAR가 subject, produces가 둘 사이의 관계를 나타내는 predicate, PointCloud가 object다. 같은 자원이 다른 triple의 subject나 object로 다시 연결될 수 있다.	semantic web, ontology, linked data 설명을 읽을 때 필요하다.	meaning_choice	"[""rdf"",""triple"",""subject"",""predicate"",""object""]"
8	python_grouped_concepts_v15.json	PY15_L08_semantic_keyword_graph_search_001	Keyword / Semantic / Graph Search 비교	semantic, keyword, graph search의 차이를 비교해 읽는다.	Keyword search: 입력한 단어나 문자열이 포함되는지 찾음\nSemantic/vector search: 임베딩 벡터가 의미상 가까운 항목을 찾음\nGraph search: 노드와 관계를 따라 조건에 맞는 경로를 탐색함	노드 사이의 관계 경로를 따라 탐색하는 방식은?	Graph search	keyword search는 주로 글자 일치를 보고, semantic search는 임베딩의 유사도를 이용한다. graph search는 노드 사이의 엣지를 따라 경로나 이웃을 찾는다. graph search가 찾은 경로가 곧바로 믿을 만한 근거가 되는 것은 아니므로 출처와 증거는 별도로 확인해야 한다.	KG+RAG 검색 설계를 이해하는 핵심 비교다.	meaning_choice	"[""keyword_search"",""semantic_search"",""graph_search"",""vector_search""]"
8	python_grouped_concepts_v15.json	PY15_L08_sql_injection_xss_001	SQL Injection / XSS 비교	웹과 DB 보안 공격 유형이 어디서 발생하는지 구분한다.	SQL Injection: 입력이 SQL 문의 구조로 해석되어 의도하지 않은 질의를 실행하게 함\nXSS: 신뢰하지 않은 값이 브라우저에서 스크립트로 실행되게 함	사용자 입력이 SQL 쿼리 구조를 바꾸는 공격은?	SQL Injection	SQL injection은 사용자 입력이 데이터가 아니라 SQL 문법으로 해석될 때 생긴다. 값은 문자열 이어 붙이기 대신 매개변수 바인딩으로 전달하고, 동적인 테이블명 같은 식별자는 허용 목록으로 제한한다. XSS는 HTML, 속성, URL, JavaScript 등 출력 위치에 맞는 인코딩과 안전한 DOM API로 막아야 하며 SQL injection과 방어 위치가 다르다.	API/DB 코드리뷰에서 자주 확인해야 하는 보안 포인트다.	meaning_choice	"[""sql_injection"",""xss"",""security"",""web""]"
8	python_grouped_concepts_v15.json	PY15_L08_test_harness_001	Test harness 코드 흐름	입력과 기대값을 돌려 검증하는 테스트 틀을 읽는다.	"cases = [\n    {""input"": ""2+3"", ""expected"": 5},\n    {""input"": ""1+1"", ""expected"": 2},\n]\n\nfor case in cases:\n    assert run(case[""input""]) == case[""expected""]"	이 코드의 목적은?	여러 테스트 케이스를 자동 검증한다	cases의 각 딕셔너리에는 입력과 기대 결과가 들어 있다. 반복문은 각 입력을 run에 전달하고 실제 결과와 expected를 비교한다. 다르면 assert가 AssertionError를 일으켜 실패를 알린다. 단, assert는 Python의 -O 옵션에서 제거될 수 있으므로 운영 입력 검증 대신 테스트 코드에서 사용한다.	카드 품질검사/데이터셋 평가/모델 평가 스크립트와 연결된다.	meaning_choice	"[""for"",""test_harness"",""test"",""expected"",""validation""]"
8	python_grouped_concepts_v15.json	PY15_L08_thread_process_async_001	Thread / Process / Async 비교	thread, process, async의 차이를 한 번에 비교해 읽는다.	Thread: 한 프로세스의 메모리를 공유하는 여러 실행 흐름\nProcess: 보통 독립된 메모리 공간을 가진 실행 단위\nAsync: 작업이 I/O를 기다리는 동안 이벤트 루프가 다른 준비된 작업을 실행하는 방식	네트워크 요청처럼 기다리는 시간이 많은 작업에 자주 어울리는 방식은?	Async	네트워크처럼 대기 시간이 긴 작업은 비동기 API를 쓸 수 있을 때 async가 적합할 수 있다. thread도 블로킹 I/O를 겹쳐 처리할 수 있고, process는 격리나 Python CPU 연산의 병렬 처리에 자주 쓰인다. async를 쓴다고 CPU 계산 자체가 빨라지는 것은 아니며, 블로킹 함수를 이벤트 루프에서 직접 호출하면 다른 작업도 멈춘다.	API 수집기/웹서버/큐 처리 코드를 읽을 때 필요하다.	meaning_choice	"[""thread"",""process"",""async"",""concurrency""]"
8	python_grouped_concepts_v15.json	PY15_L08_wiring_harness_001	Wiring harness 개념	자율시스템에서 하네스가 센서/전원/통신 연결과 관련됨을 이해한다.	Sensor -> connector -> wiring harness -> ECU/controller\n전원선 + 신호선 + 차폐 + 커넥터를 물리적으로 묶고 관리	wiring harness의 역할에 가까운 것은?	센서/제어기/전원/통신선을 묶고 연결한다	wiring harness는 여러 전선과 커넥터를 정리해 센서, 제어기, 전원 사이에 전력과 신호를 전달한다. 차폐, 고정, 커넥터 선택은 노이즈와 진동, 정비성을 고려한다. 이름이 비슷한 software test harness와는 전혀 다른 물리 구성품이다.	로봇/자율차/UAM 시스템 문서에서 하네스 용어를 만날 때 필요하다.	meaning_choice	"[""wiring_harness"",""connector"",""sensor"",""actuator"",""system""]"
8	python_i18n_locale_language_toggle_v62.json	PY62_L08_date_format_001	locale date format 읽기	locale에 따라 날짜 표시가 달라질 수 있음을 이해한다.	date.toLocaleDateString(locale)	locale date format이 필요한 이유는?	사용자 지역에 맞게 날짜를 자연스럽게 보여주기 위해	같은 날짜도 ko-KR에서는 ‘2026. 5. 31.’, en-US에서는 ‘5/31/2026’처럼 다르게 표시될 수 있다. toLocaleDateString은 locale에 맞춘 표시를 돕지만 어떤 순간을 어느 날짜로 볼지는 timeZone 옵션에 따라 달라진다. streak처럼 날짜 경계가 중요한 기능은 사용자 시간대를 명시해야 한다.	감사 v2에서 I18N_LANGUAGE_TOGGLE이 0 hits였으므로, v62는 언어 설정, locale, 번역 dictionary, fallback, 다국어 학습 UX를 보강한다.	meaning_choice	"[""date_format"",""locale"",""UI""]"
8	python_i18n_locale_language_toggle_v62.json	PY62_L08_fallback_locale_001	fallback locale 읽기	선택한 언어의 문구가 없을 때 기본 언어로 대체하는 fallback locale을 이해한다.	text = messages.get(locale, {}).get(key) or messages['ko-KR'][key]	fallback locale의 목적은?	번역이 빠진 문구가 있어도 앱이 깨지지 않게 하기 위해	fallback locale은 선택한 locale 또는 key가 없을 때 기본 언어 문구를 보여 주는 전략이다. 먼저 빈 사전으로 안전하게 대체해야 지원하지 않는 locale에서도 조회 자체가 실패하지 않는다. 기본 언어에도 key가 없다면 개발 로그와 눈에 띄는 대체 문구를 남겨 누락을 조용히 숨기지 않아야 한다.	감사 v2에서 I18N_LANGUAGE_TOGGLE이 0 hits였으므로, v62는 언어 설정, locale, 번역 dictionary, fallback, 다국어 학습 UX를 보강한다.	meaning_choice	"[""fallback_locale"",""i18n"",""resilience""]"
8	python_i18n_locale_language_toggle_v62.json	PY62_L08_missing_translation_001	missing translation 읽기	번역이 빠진 key를 검출하는 missing translation 검사를 이해한다.	missing = requiredKeys - messages['en-US'].keys()	missing translation 검사의 목적은?	언어별로 빠진 번역 문구를 찾기 위해	필수 key 집합과 각 언어의 key 집합을 비교하면 빠진 번역을 배포 전에 찾을 수 있다. 실행 중 fallback은 화면이 깨지는 것을 막지만 번역 완료를 증명하지는 않는다. CI에서는 누락 key, 불필요해진 key, 변수 자리표시자가 언어별로 같은지도 함께 검사한다.	감사 v2에서 I18N_LANGUAGE_TOGGLE이 0 hits였으므로, v62는 언어 설정, locale, 번역 dictionary, fallback, 다국어 학습 UX를 보강한다.	meaning_choice	"[""missing_translation"",""quality_gate"",""i18n""]"
8	python_i18n_locale_language_toggle_v62.json	PY62_L08_number_format_001	number format 읽기	locale에 따라 숫자와 퍼센트 표시를 맞추는 방식을 이해한다.	new Intl.NumberFormat(locale).format(score)	number format의 목적은?	숫자를 사용자의 지역 형식에 맞게 보여주기 위해	Intl.NumberFormat(locale)의 기본 설정은 일반 숫자의 자릿수 구분과 소수점 표기를 locale에 맞춘다. 퍼센트나 통화를 표시하려면 style: 'percent' 또는 style: 'currency'와 통화 코드를 별도로 지정해야 한다. 값의 의미에 맞는 옵션 없이 기호만 붙이면 지역에 따라 잘못 보일 수 있다.	감사 v2에서 I18N_LANGUAGE_TOGGLE이 0 hits였으므로, v62는 언어 설정, locale, 번역 dictionary, fallback, 다국어 학습 UX를 보강한다.	meaning_choice	"[""number_format"",""locale"",""UI""]"
8	python_learning_streak_goal_habit_v63.json	PY63_L08_goal_completion_001	goal completion 읽기	오늘 목표를 달성했는지 판단하는 goal completion을 이해한다.	completed = completedToday >= dailyGoal.cards	goal completion의 기준은?	오늘 완료한 카드 수가 목표 카드 수 이상인지 여부	이 조건은 오늘 완료 수가 목표 카드 수 이상인지 계산할 뿐, 학습 내용을 이해했는지까지 판단하지 않는다. 달성 메시지나 선택적 배지를 보여 줄 수 있지만 streak 유지나 기능 접근을 강제로 묶지 않는 편이 좋다. 목표가 꺼져 있거나 0인 경우의 의미도 별도로 정의해야 한다.	감사 v2에서 LEARNING_STREAK_GOAL 축이 약했으므로, v63은 연속 학습, 하루 목표, 습관 루프, 목표 달성/복귀 UX를 보강한다.	meaning_choice	"[""goal_completion"",""daily_goal"",""reward""]"
8	python_learning_streak_goal_habit_v63.json	PY63_L08_habit_loop_001	habit loop 읽기	습관 형성의 단서, 행동, 보상 흐름을 학습앱에 적용하는 habit loop를 이해한다.	cue -> studyCards -> rewardMessage	habit loop의 기본 흐름은?	단서 → 학습 행동 → 작은 보상	habit loop는 단서, 행동, 피드백이 반복되는 구조다. 오늘 목표가 단서, 카드 풀이가 행동, 완료 안내가 피드백이 될 수 있다. 알림은 사용자가 동의한 경우에만 적절한 시간에 보내고, 보상이나 streak로 불안을 자극해 강제 접속을 유도하지 않아야 학습자가 통제권을 유지한다.	감사 v2에서 LEARNING_STREAK_GOAL 축이 약했으므로, v63은 연속 학습, 하루 목표, 습관 루프, 목표 달성/복귀 UX를 보강한다.	meaning_choice	"[""habit_loop"",""cue_routine_reward"",""learning_ux""]"
8	python_learning_streak_goal_habit_v63.json	PY63_L08_streak_freeze_001	streak freeze 읽기	하루 놓쳤을 때 연속 기록을 한 번 보호하는 streak freeze 개념을 이해한다.	if missedDay and freezeAvailable:\n  keepStreak()	streak freeze의 목적은?	하루 실패가 전체 습관을 포기하게 만들지 않도록 완충하기 위해	streak freeze는 쉬는 날 하나 때문에 모든 연속 기록이 사라졌다고 느끼지 않게 하는 완충 장치다. 조건을 어렵게 만들어 벌주기보다 사용자가 켜거나 끌 수 있는 휴식일·유예 규칙으로 설명하는 편이 낫다. freeze를 써도 실제 학습일과 보호된 날을 구분해 정직하게 보여 준다.	감사 v2에서 LEARNING_STREAK_GOAL 축이 약했으므로, v63은 연속 학습, 하루 목표, 습관 루프, 목표 달성/복귀 UX를 보강한다.	meaning_choice	"[""if"",""streak_freeze"",""habit"",""UX""]"
8	python_learning_streak_goal_habit_v63.json	PY63_L08_study_day_log_001	study day log 읽기	학습한 날짜를 기록해 streak 계산에 쓰는 study day log를 이해한다.	studyDays.add('2026-06-01')	study day log의 역할은?	학습한 날짜를 기록해 연속 학습 여부를 계산한다	study day log는 사용자가 학습한 날짜를 중복 없이 기록해 오늘 학습 여부와 연속 날짜를 계산하게 한다. 날짜 문자열은 앞 카드와 같은 time zone 규칙으로 만들어야 한다. 서버 동기화 때 같은 날짜를 합치고, 시간대 변경으로 하루가 빠지거나 두 번 세어지지 않는지 확인한다.	감사 v2에서 LEARNING_STREAK_GOAL 축이 약했으므로, v63은 연속 학습, 하루 목표, 습관 루프, 목표 달성/복귀 UX를 보강한다.	meaning_choice	"[""study_day_log"",""progress_history"",""habit""]"
8	python_learning_ux_review_algorithm_v49.json	PY49_L08_answer_history_001	answer history 읽기	사용자의 정답/오답 기록을 저장해야 복습 알고리즘을 만들 수 있음을 이해한다.	history.append({\n    'card_id': card_id,\n    'correct': correct,\n    'answered_at': now\n})	answer history가 필요한 이유는?	카드별로 얼마나 잘 맞혔는지 판단하기 위해	answer history는 학습자가 과거에 어떤 카드에 맞고 틀렸는지 남긴 기록이다. 복습 일정과 난이도 조절은 이 기록을 기반으로 계산할 수 있다. 최근 기록과 누적 기록을 함께 보면 일시적 실수와 반복 약점을 구분할 수 있다. 따라서 정답은 ‘카드별로 얼마나 잘 맞혔는지 판단하기 위해’이다.	localStorage나 DB에 card_id, correct, answered_at을 남기면 학습 패턴을 분석할 수 있다.	meaning_choice	"[""answer_history"",""learning_log"",""progress_data""]"
8	python_learning_ux_review_algorithm_v49.json	PY49_L08_difficulty_adjustment_001	difficulty adjustment 읽기	학습 결과에 따라 다음 카드 난이도를 조절하는 방식을 이해한다.	if recent_accuracy > 0.85:\n    next_level = level + 1\nelif recent_accuracy < 0.5:\n    next_level = max(1, level - 1)	difficulty adjustment의 목적은?	너무 쉽거나 어려운 카드만 계속 나오지 않게 조절하기 위해	recent_accuracy가 충분한 수의 최근 시도에서 계산됐다는 전제에서 높으면 level을 올리고 낮으면 최소 1까지 내린다. 적은 표본으로 매번 level을 바꾸면 출렁일 수 있으므로 최소 시도, hysteresis, 최고 level bound와 사용자 선택을 둔다. accuracy만으로 학습자의 능력을 단정하지 않는다.	초보자는 level 6 이전을 더 보고, 익숙해지면 level 9~10 카드로 올라가게 만들 수 있다.	meaning_choice	"[""if"",""difficulty_adjustment"",""adaptive_learning"",""level""]"
8	python_learning_ux_review_algorithm_v49.json	PY49_L08_mastery_score_001	mastery score 읽기	카드를 얼마나 익혔는지 나타내는 mastery score 개념을 이해한다.	mastery = correct_count / total_attempts if total_attempts else 0.0\nif total_attempts >= MIN_EVIDENCE and mastery < 0.6:\n    mark_as_weak(card_id)	mastery score는 무엇을 나타내나?	학습자가 해당 카드를 얼마나 익혔는지	이 mastery는 시도 중 정답 비율이며 시도가 0이면 0으로 처리한다. 표본이 적은 한 번의 결과를 확정적 숙련도로 부르지 않도록 최소 evidence를 둔다. 반응 시간, 최근성, hint 사용과 문제 난이도에 따라 실제 이해도와 정답률이 다를 수 있다.	카드별 숙련도를 계산하면 약한 개념을 다시 추천할 수 있다.	meaning_choice	"[""if"",""mastery_score"",""learning_state"",""score""]"
8	python_learning_ux_review_algorithm_v49.json	PY49_L08_weak_concept_review_001	weak concept review 읽기	오답이 많은 concept를 찾아 관련 카드를 다시 추천하는 흐름을 이해한다.	weak_concepts = count_wrong_by_concept(history)\nrecommend_cards(concepts=weak_concepts[:3])	weak concept review의 목적은?	자주 틀린 개념을 중심으로 다시 복습하게 하기 위해	concept별 wrong count는 약점 후보를 찾는 신호다. 많이 노출된 concept가 단순히 더 많이 틀릴 수 있으므로 attempts 대비 비율, 최근성, 문제 난이도와 tag 품질을 함께 본다. 한 카드의 오답이 선행 개념 부족을 자동으로 증명하지는 않는다.	concepts 필드가 이미 있으므로 오답 기록과 연결하면 약점 개념 추천이 가능하다.	meaning_choice	"[""weak_concept"",""concept_review"",""recommendation""]"
8	python_libraries_missing_topics_v11.json	PY11_L08_dotenv_pattern_001	dotenv 설정 읽기	.env 파일에서 설정값을 읽는 패턴을 이해한다.	"from dotenv import load_dotenv\nimport os\n\nload_dotenv()\napi_key = os.environ.get(""API_KEY"")"	load_dotenv()의 목적은?	.env 파일의 값을 환경변수로 불러오기 위해	"python-dotenv의 load_dotenv()는 찾은 .env 파일의 NAME=VALUE 항목을 os.environ에서 읽을 수 있게 불러온다. 기본 설정에서는 이미 존재하는 같은 이름의 환경변수를 덮어쓰지 않는다. 이어서 os.environ.get(""API_KEY"")가 값을 읽으며, 키가 없으면 None을 반환한다. 실제 비밀값이 든 .env는 보통 Git에서 제외하지만, 파일을 분리했다는 사실만으로 접근 권한이나 로그 노출까지 자동으로 안전해지는 것은 아니다."	API 키/설정값 관리에 자주 쓰인다.	meaning_choice	"[""import"",""dotenv"",""env"",""config""]"
8	python_libraries_missing_topics_v11.json	PY11_L08_os_path_exists_001	os/pathlib exists 읽기	파일이나 폴더가 있는지 확인하는 코드를 읽는다.	"from pathlib import Path\n\npath = Path(""config.json"")\nif path.exists():\n    print(""found"")\nelse:\n    print(""missing"")"	path.exists()는 무엇을 확인하는가?	경로가 실제로 존재하는지	os.path.exists는 파일이나 폴더가 실제로 있는지 확인한다. 결과에 따라 읽기, 생성, 스킵 같은 분기를 만들 때 자주 쓴다. True이면 이미 경로가 있다는 뜻이고 False이면 새로 만들거나 오류 처리해야 할 수 있다.	설정 파일, 산출물, 캐시 존재 여부 확인에 필요하다.	meaning_choice	"[""if"",""else"",""import"",""print"",""pathlib"",""exists"",""file""]"
8	python_libraries_missing_topics_v11.json	PY11_L08_pytest_assert_002	pytest 테스트 함수 읽기	테스트 함수가 기대 결과를 검증하는 구조를 읽는다.	def add(a, b):\n    return a + b\n\ndef test_add():\n    assert add(2, 3) == 5	test_add 함수의 목적은?	add(2,3)이 5인지 검증한다	pytest는 test_로 시작하는 함수를 테스트 함수로 인식한다. 함수 안의 assert가 참이면 통과하고, 거짓이면 실패로 기록된다. 테스트 이름과 assert 식을 함께 보면 무엇을 검증하려는 함수인지 빠르게 파악할 수 있다. 따라서 반환/호출 결과는 ‘add(2,3)이 5인지 검증한다’이다.	데이터 품질검사와 함수 동작검증 자동화에 필요하다.	meaning_choice	"[""def"",""function"",""return"",""pytest"",""test"",""assert""]"
8	python_libraries_missing_topics_v11.json	PY11_L08_queue_basic_001	queue 기본 흐름 읽기	Queue에 작업을 넣고 꺼내는 흐름을 읽는다.	"from queue import Queue\n\nq = Queue()\nq.put(""task1"")\nq.put(""task2"")\nprint(q.get())"	출력은?	task1	Queue는 작업을 순서대로 넣고 꺼내기 위한 자료구조다. 기본적으로 먼저 넣은 값이 먼저 나오는 FIFO 흐름으로 동작한다. 작업 큐에서는 생산자가 넣은 일을 소비자가 하나씩 꺼내 처리하는 흐름으로 자주 읽는다. 따라서 출력은 ‘task1’이다.	worker, batch, 비동기 처리 구조를 읽는 기본이다.	output_prediction	"[""import"",""print"",""queue"",""worker"",""fifo""]"
8	python_libraries_missing_topics_v11.json	PY11_L08_requests_status_001	requests status_code 읽기	HTTP 응답 상태코드로 성공/실패를 판단하는 코드를 읽는다.	"import requests\n\nres = requests.get(""https://example.com"", timeout=10)\nif res.status_code == 200:\n    print(""ok"")"	status_code == 200이 참이라는 것은?	해당 요청이 HTTP 200 OK 응답을 받았다는 의미	requests.get이 응답을 받으면 status_code에 HTTP 상태 코드가 들어간다. 값이 정확히 200이면 서버가 이 요청에 200 OK로 응답했다는 뜻이어서 이 예제는 ok를 출력한다. 201이나 204 같은 다른 2xx도 성공일 수 있으므로 모든 성공을 검사할 때 status_code == 200만 보면 부족할 수 있다. 연결 실패나 timeout은 응답 객체가 생기기 전에 예외가 날 수 있다.	수집기, API 클라이언트, 웹 요청 코드에서 기본이다.	meaning_choice	"[""if"",""import"",""print"",""requests"",""http"",""status_code""]"
8	python_libraries_missing_topics_v11.json	PY11_L08_sensor_csv_001	sensor 데이터 한 줄 읽기	센서 로그 문자열에서 시간과 값을 float로 바꾸는 코드를 읽는다.	"line = ""0.1,9.8""\ntime_s, accel = line.split("","")\nprint(float(accel))"	출력은?	9.8	CSV는 쉼표로 값을 나눈 텍스트 데이터 형식이다. 한 줄을 쉼표로 나눈 뒤 두 번째 값 accel을 float로 바꿔 숫자로 사용한다. 텍스트로 읽은 값은 그대로 계산하기 어렵기 때문에 필요한 컬럼을 고른 뒤 자료형 변환을 확인해야 한다. 따라서 출력은 ‘9.8’이다.	센서 CSV, 시계열 로그, 실험 데이터 처리의 기본이다.	output_prediction	"[""print"",""sensor"",""csv"",""float""]"
8	python_libraries_missing_topics_v11.json	PY11_L08_sql_parameter_001	SQL parameter binding 읽기	SQL에 값을 안전하게 전달하는 ? 바인딩을 읽는다.	"conn.execute(""SELECT * FROM items WHERE id = ?"", (item_id,))"	?와 (item_id,)를 쓰는 이유는?	값을 SQL 문자열에 직접 붙이지 않고 안전하게 전달하기 위해	SQL parameter는 값을 SQL 문자열에 직접 붙이지 않고 별도로 전달하는 방식이다. SQL injection 위험을 줄이는 기본적인 안전 패턴이다. 사용자 입력을 그대로 SQL에 섞지 않는 습관은 검색 기능과 로그인 기능 모두에서 중요하다.	로컬 DB 검색/저장 코드에서 중요하다.	meaning_choice	"[""sql"",""sqlite"",""parameter_binding""]"
8	python_libraries_missing_topics_v11.json	PY11_L08_yaml_config_001	yaml config 읽기	YAML 설정 파일을 dict로 읽는 코드를 이해한다.	"import yaml\n\nwith open(""config.yaml"", encoding=""utf-8"") as f:\n    config = yaml.safe_load(f)\nprint(config[""mode""])"	yaml.safe_load(f)는 무엇을 하는가?	YAML을 파이썬 값으로 파싱한다	"yaml.safe_load(f)는 파일의 YAML 문법을 읽어 mapping은 dict, sequence는 list, 숫자·문자열·bool은 대응하는 Python 값으로 파싱한다. 문서가 비어 있으면 None처럼 dict/list 이외의 결과도 가능하다. 따라서 이어지는 config[""mode""]가 성립하려면 이 파일의 최상위 값이 mode 키를 가진 mapping인지 별도로 확인해야 한다. safe_load는 임의 Python 객체 생성을 허용하는 yaml.load보다 안전한 선택이지만 데이터 스키마까지 검증하지는 않는다."	수집 소스, 모델 설정, 파이프라인 옵션 관리에 유용하다.	meaning_choice	"[""import"",""print"",""yaml"",""config"",""file""]"
8	python_llm_api_prompt_validation_v44.json	PY44_L08_json_mode_001	JSON 형식 응답 읽기	LLM 응답을 JSON으로 받아 파싱하는 단계와, 필요한 필드를 별도로 검증하는 단계를 구분한다.	"prompt = '반드시 JSON으로 답하라: {""answer"": ..., ""reason"": ...}'\nparsed = json.loads(model_text)"	JSON 형식의 응답을 요구하는 주된 이유는?	앱이 모델 출력을 안정적으로 파싱하기 위해	JSON 형식으로 받으면 앱이 model_text를 dict 같은 구조로 바꿔 answer와 reason을 각각 사용할 수 있다. 따라서 주된 이유는 ‘앱이 모델 출력을 안정적으로 파싱하기 위해’이다. 하지만 프롬프트에 JSON을 요구했다고 해서 항상 올바른 JSON이 오는 것은 아니며, json.loads()가 성공해도 필수 필드가 있다는 뜻은 아니다. 파싱 오류 처리와 answer·reason 필드 검증을 따로 둬야 한다.	교육앱에서 answer, hint, followup_question을 분리해 화면에 넣을 때 중요하다.	meaning_choice	"[""JSON_output"",""structured_response"",""parser""]"
8	python_llm_api_prompt_validation_v44.json	PY44_L08_output_parser_001	output parser 읽기	모델 출력 문자열을 앱이 쓰는 데이터 구조로 바꾸는 parser를 이해한다.	try:\n    data = json.loads(model_text)\nexcept json.JSONDecodeError:\n    data = fallback_parse(model_text)	output parser가 필요한 이유는?	모델 출력 문자열을 코드가 쓸 수 있는 구조로 바꾸기 위해	json.loads는 JSON text를 Python 구조로 바꾸고 JSONDecodeError를 구분한다. fallback_parse가 잘못된 출력을 억지로 해석하면 의미가 바뀔 수 있으므로 허용 범위를 좁히고 결과에 동일한 schema validation을 적용해야 한다. 복구할 수 없으면 명확히 실패하거나 model에 형식 수정을 요청한다.	Qwen 응답을 교육앱 카드, 힌트, 추천 필드로 나누어 넣는 단계다.	meaning_choice	"[""try_except"",""output_parser"",""json_loads"",""parse_error""]"
8	python_llm_api_prompt_validation_v44.json	PY44_L08_output_validation_001	output validation 읽기	모델 응답을 그대로 쓰기 전에 검증하는 이유를 이해한다.	if 'answer' not in data:\n    raise ValueError('missing answer')\nif forbidden_term in data['answer']:\n    reject(data)	output validation의 역할은?	필수 필드 누락이나 정책 위반을 잡는다	첫 조건은 answer field 누락을 실패시키고, 둘째는 정의된 forbidden_term의 단순 포함 여부를 검사한다. 이런 문자열 검사는 철자 변형·우회·문맥을 놓칠 수 있어 완전한 정책 집행 장치가 아니다. schema, type·길이, allowlist, 근거 검사와 위험도에 맞는 독립 검토를 조합한다.	초3 답변에 금지 개념이 섞이거나 JSON 필드가 빠지는 문제를 막는 단계다.	meaning_choice	"[""if"",""output_validation"",""schema_check"",""guardrail""]"
8	python_llm_api_prompt_validation_v44.json	PY44_L08_response_schema_001	response schema 읽기	모델 답변이 가져야 할 필드 구조를 미리 정하는 response schema를 이해한다.	class ModelOutput(BaseModel):\n    answer: str\n    used_concepts: list[str]\n    student_check: str\n\nparsed = ModelOutput.model_validate_json(model_text)	response schema의 목적은?	모델 출력에 필요한 필드가 있는지 확인하기 위해	response schema는 필요한 field와 type을 선언하고 model_text가 그 구조를 만족하는지 검증한다. Python dict에 type 객체를 적는 것만으로 검증되지는 않으므로 이 예시는 Pydantic model_validate_json을 실제로 호출한다. 길이, 허용값, 추가 field, 업무 의미는 필요에 따라 더 검증한다.	Learning Coach Prompt Contract의 answer, used_concepts, blocked_terms 같은 필드 검증과 연결된다.	meaning_choice	"[""class"",""response_schema"",""structured_output"",""required_fields""]"
8	python_logging_monitoring_ops_v25.json	PY25_L08_run_id_trace_001	run_id 추적 읽기	한 번의 실행을 run_id로 묶어 여러 단계 로그를 연결하는 구조를 이해한다.	"run_id = ""run_20260529_001""\nlogging.info(""start harvest run_id=%s"", run_id)\nitems = harvest(run_id=run_id)\nlogging.info(""finish harvest run_id=%s count=%s"", run_id, len(items))"	run_id를 여러 로그에 넣는 이유는?	같은 실행의 로그를 나중에 묶어 찾기 위해	같은 run_id를 시작·처리·종료 log와 downstream call에 전달하면 한 실행의 사건을 묶어 찾을 수 있다. 실제 run_id는 여러 worker와 시간대에서 충돌하지 않게 생성하고, user가 임의로 넣은 값을 신뢰하지 않으며, request/job context 전체에 일관되게 전파해야 한다.	수집→정제→큐레이션→서빙 과정의 감사로그와 연결된다.	meaning_choice	"[""run_id"",""trace"",""pipeline"",""audit""]"
8	python_logging_monitoring_ops_v25.json	PY25_L08_structured_log_001	structured logging 읽기	문자열 로그 대신 key-value 형태로 상태를 남기는 구조를 이해한다.	"log = {\n    ""event"": ""curate_done"",\n    ""run_id"": run_id,\n    ""items_seen"": 120,\n    ""items_written"": 20,\n}\nprint(json.dumps(log, ensure_ascii=False))"	structured log의 장점에 가장 가까운 것은?	나중에 event/run_id/items_written 같은 필드로 검색하기 쉽다	json object를 한 줄로 기록하면 collector가 event, run_id, count field를 parse해 filter와 aggregate하기 쉽다. 이 예시는 JSON 한 줄만 print하며 timestamp, severity, schema version과 destination 관리가 없다. 값이 JSON 직렬화 가능한지 확인하고 token·개인정보를 제외하며 log size와 retention policy를 정해야 한다.	home-curator의 run_id, stats, 상태 요약과 연결된다.	meaning_choice	"[""print"",""structured_logging"",""json_log"",""run_id""]"
8	python_logging_monitoring_ops_v25.json	PY25_L08_traceback_reading_001	traceback 줄번호 읽기	에러 로그에서 파일명과 줄번호를 찾아 원인 위치로 이동하는 법을 익힌다.	"Traceback (most recent call last):\n  File ""jobs/curate.py"", line 42, in run_curate\n    rows = load_items()\n  File ""jobs/curate.py"", line 18, in load_items\n    return json.loads(raw)\njson.decoder.JSONDecodeError: Expecting value"	가장 직접적인 에러 발생 위치는?	jobs/curate.py line 18의 json.loads(raw)	traceback의 아래쪽으로 갈수록 실제 예외가 발생한 위치에 가까운 경우가 많다. traceback은 오류가 어디서 시작되어 어떤 함수들을 거쳐 발생했는지 보여 주는 기록이다. 가장 아래쪽 오류 메시지와 파일명, 줄번호를 먼저 확인하면 된다. 따라서 반환/호출 결과는 ‘jobs/curate.py line 18의 json.loads(raw)’이다.	붙여넣은 오류 로그에서 원인 줄을 찾는 훈련이다.	meaning_choice	"[""return"",""traceback"",""debugging"",""line_number""]"
8	python_mobile_touch_responsive_ux_v54.json	PY54_L08_mobile_scroll_001	mobile scroll 읽기	긴 카드 설명을 모바일에서 자연스럽게 스크롤하도록 만드는 흐름을 이해한다.	.card-body {\n  overflow-wrap: anywhere;\n  line-height: 1.6;\n}	mobile scroll에서 중요한 점은?	긴 코드와 설명이 화면 밖으로 깨지지 않고 읽히게 하는 것	overflow-wrap:anywhere는 일반 card text의 긴 token이 container를 넘는 것을 줄인다. Python code는 임의 wrap이 indentation과 line 이해를 어렵게 할 수 있으므로 pre 영역에 가로 scroll, wrap toggle 또는 line-specific layout을 별도로 제공한다. font zoom 200%와 긴 URL·identifier로 test한다.	감사 v2에서 MOBILE_TOUCH_RESPONSIVE_UX가 0 hits였으므로, v54는 모바일 화면과 터치 조작에서 학습앱을 편하게 쓰게 하는 UX를 보강한다.	meaning_choice	"[""mobile_scroll"",""content_flow"",""UX""]"
8	python_mobile_touch_responsive_ux_v54.json	PY54_L08_one_hand_ux_001	one hand UX 읽기	한 손 사용을 고려해 자주 누르는 버튼 위치를 정하는 방식을 이해한다.	.primary-action {\n  position: sticky;\n  bottom: 16px;\n}	one hand UX에서 중요한 것은?	자주 쓰는 버튼을 엄지로 누르기 쉬운 위치에 두는 것	자주 쓰는 action을 bottom 쪽 reachable area에 두면 한 손 조작이 쉬울 수 있다. sticky button이 card content, browser UI나 onscreen keyboard를 가리지 않도록 bottom padding과 viewport 변화를 처리한다. 왼손·오른손, device 크기와 사용자 설정 차이도 있다.	감사 v2에서 MOBILE_TOUCH_RESPONSIVE_UX가 0 hits였으므로, v54는 모바일 화면과 터치 조작에서 학습앱을 편하게 쓰게 하는 UX를 보강한다.	meaning_choice	"[""one_hand_ux"",""thumb_zone"",""mobile_ux""]"
8	python_mobile_touch_responsive_ux_v54.json	PY54_L08_thumb_zone_001	thumb zone 읽기	엄지손가락이 닿기 쉬운 영역을 고려하는 thumb zone 개념을 이해한다.	placePrimaryButton(bottomCenter)	thumb zone을 고려하는 이유는?	모바일에서 자주 쓰는 조작을 더 편하게 만들기 위해	thumb zone은 엄지손가락이 편하게 닿는 화면 영역이다. 검색보다 다음 카드, 정답 확인 같은 반복 조작이 더 쉽게 닿아야 한다. 모바일에서는 손가락이 닿기 어려운 곳의 버튼 사용률이 떨어질 수 있어 핵심 버튼 위치를 먼저 점검한다.	감사 v2에서 MOBILE_TOUCH_RESPONSIVE_UX가 0 hits였으므로, v54는 모바일 화면과 터치 조작에서 학습앱을 편하게 쓰게 하는 UX를 보강한다.	meaning_choice	"[""thumb_zone"",""mobile_touch"",""layout""]"
8	python_mobile_touch_responsive_ux_v54.json	PY54_L08_touch_feedback_001	touch feedback 읽기	터치했을 때 눌렸다는 피드백을 주는 UI를 이해한다.	.choice-button:active {\n  transform: scale(0.98);\n}	touch feedback의 역할은?	사용자가 버튼을 눌렀다는 느낌을 받을 수 있게 한다	:active scale은 press 중 짧은 시각 feedback을 주지만 reduced-motion 설정을 존중하고 layout을 흔들지 않아야 한다. keyboard에는 :focus-visible, 처리 중에는 disabled·busy 상태와 text feedback이 필요하다. 시각 변화만으로 action 성공을 단정하게 하지 않는다.	감사 v2에서 MOBILE_TOUCH_RESPONSIVE_UX가 0 hits였으므로, v54는 모바일 화면과 터치 조작에서 학습앱을 편하게 쓰게 하는 UX를 보강한다.	meaning_choice	"[""touch_feedback"",""active_state"",""mobile_touch""]"
8	python_offline_first_sync_conflict_v61.json	PY61_L08_cloud_sync_001	cloud sync 읽기	여러 기기에서 같은 학습 기록을 이어가기 위한 cloud sync를 이해한다.	await uploadProgress(localProgress)	cloud sync의 목적은?	여러 기기에서 학습 기록을 이어서 쓰기 위해	cloud sync는 여러 기기의 로컬 기록을 같은 서버 계정과 맞춰 이어서 쓰게 한다. upload 한 번만으로 동기화가 끝나는 것은 아니다. 인증, 다운로드, 서버 승인 확인, 중복 방지, 삭제 전파와 충돌 해결 규칙을 함께 설계해야 한 기기의 변경이 다른 기기 자료를 조용히 덮어쓰지 않는다.	감사 v2에서 OFFLINE_FIRST_CONFLICT_SYNC가 0 hits였으므로, v61은 오프라인 우선 저장, 동기화 큐, 충돌 해결, 클라우드 동기화 개념을 보강한다.	meaning_choice	"[""cloud_sync"",""account"",""multi_device""]"
8	python_offline_first_sync_conflict_v61.json	PY61_L08_dirty_record_001	dirty record 읽기	로컬에서 바뀌었지만 아직 서버에 반영되지 않은 dirty record를 이해한다.	record.dirty = true	dirty record의 의미는?	로컬 변경은 있지만 아직 동기화되지 않은 데이터	dirty record는 로컬에서 수정됐지만 서버가 아직 확인하지 않은 기록이다. dirty 플래그도 변경 내용과 함께 영속적으로 저장해야 재실행 뒤 전송 대상을 잃지 않는다. 서버 성공 응답을 받은 뒤에만 플래그를 지우고, 전송 도중 다시 수정된 기록까지 잘못 깨끗한 상태로 만들지 않도록 버전도 비교한다.	감사 v2에서 OFFLINE_FIRST_CONFLICT_SYNC가 0 hits였으므로, v61은 오프라인 우선 저장, 동기화 큐, 충돌 해결, 클라우드 동기화 개념을 보강한다.	meaning_choice	"[""dirty_record"",""sync"",""state""]"
8	python_offline_first_sync_conflict_v61.json	PY61_L08_sync_status_badge_001	sync status badge 읽기	현재 저장/동기화 상태를 사용자에게 보여주는 sync status badge를 이해한다.	status = '저장됨 / 동기화 대기 / 동기화 완료'	sync status badge의 역할은?	사용자에게 현재 기록 저장 상태를 알려준다	사용자는 자신의 메모나 진도가 저장됐는지 불안해할 수 있으므로 상태 표시가 중요하다. sync status badge는 현재 데이터가 저장됨, 동기화 중, 실패 상태인지 보여 주는 작은 표시다. 사용자가 안심하고 상태를 알 수 있게 만드는 UX 장치다.	감사 v2에서 OFFLINE_FIRST_CONFLICT_SYNC가 0 hits였으므로, v61은 오프라인 우선 저장, 동기화 큐, 충돌 해결, 클라우드 동기화 개념을 보강한다.	meaning_choice	"[""sync_status"",""UI"",""offline""]"
8	python_offline_first_sync_conflict_v61.json	PY61_L08_updated_at_001	updated_at 읽기	동기화 충돌 판단에 필요한 updatedAt 시각을 이해한다.	note.updatedAt = new Date().toISOString()	updatedAt이 중요한 이유는?	어느 쪽 데이터가 더 최근에 수정됐는지 판단하기 위해	updatedAt은 마지막 수정 시각을 보여 주는 유용한 메타데이터지만 이것만으로 어느 변경이 옳거나 더 최신인지 확정할 수는 없다. 기기 시계가 어긋나거나 같은 시각에 수정될 수 있기 때문이다. 충돌 판정에는 서버가 관리하는 revision이나 ETag 같은 버전을 함께 쓰고, 시각은 사용자에게 비교 정보를 보여 주는 보조 기준으로 사용한다.	감사 v2에서 OFFLINE_FIRST_CONFLICT_SYNC가 0 hits였으므로, v61은 오프라인 우선 저장, 동기화 큐, 충돌 해결, 클라우드 동기화 개념을 보강한다.	meaning_choice	"[""updated_at"",""timestamp"",""sync""]"
8	python_packaging_env_dependencies_v27.json	PY27_L08_pip_freeze_001	pip freeze 읽기	현재 환경에 설치된 패키지 목록을 파일로 저장하는 명령을 이해한다.	python -m pip freeze > requirements.txt	이 명령의 결과는?	현재 설치된 패키지 목록이 requirements.txt에 저장된다	현재 environment에서 pip가 인식한 설치 distribution과 version 목록을 stdout으로 내고 >가 requirements.txt를 덮어쓴다. direct와 transitive, 실험용 package와 platform-specific entry가 모두 섞일 수 있어 project dependency intent나 cross-platform lock과 같지 않다. 생성 diff를 review하고 목적에 맞는 lock tool을 선택한다.	작업이 잘 되는 환경을 나중에 재현하려면 의존성 스냅샷이 필요하다.	meaning_choice	"[""pip_freeze"",""requirements"",""dependency_snapshot""]"
8	python_packaging_env_dependencies_v27.json	PY27_L08_pip_install_requirements_001	requirements.txt 설치 읽기	requirements.txt에 적힌 패키지를 한 번에 설치하는 명령을 이해한다.	python -m pip install -r requirements.txt	-r requirements.txt의 의미는?	requirements.txt 파일을 읽어 패키지를 설치한다	-r은 requirements file의 각 requirement를 읽어 resolver가 package와 dependencies를 설치하게 한다. python -m pip 형태는 현재 선택한 Python environment의 pip를 사용한다는 점을 명확히 한다. file이 exact lock이 아니면 platform과 index 시점에 따라 다른 transitive version이 설치될 수 있다.	새 PC나 GPU 서버에서 같은 실행환경을 재현할 때 필요하다.	meaning_choice	"[""pip"",""requirements"",""dependency""]"
8	python_packaging_env_dependencies_v27.json	PY27_L08_version_pin_001	패키지 버전 고정 읽기	requirements.txt에서 패키지 버전을 고정하는 표기를 읽는다.	fastapi==0.115.0\nuvicorn>=0.30.0\nrequests	fastapi==0.115.0의 의미는?	FastAPI를 정확히 0.115.0 버전으로 설치한다	==0.115.0은 해당 FastAPI release만 허용한다. 반면 uvicorn>=0.30.0은 상한이 없고 requests는 version 제약이 없어 미래 incompatible release가 선택될 수 있다. direct pin만으로 transitive dependency와 artifact hash가 고정되는 것은 아니므로 tested lock과 update process를 함께 둔다.	모델/라이브러리 조합이 민감할 때 버전 고정이 중요하다.	meaning_choice	"[""version_pin"",""dependency"",""requirements""]"
8	python_performance_large_card_ux_v53.json	PY53_L08_filtering_performance_001	filtering performance 읽기	필터링 성능을 위해 검색용 텍스트를 미리 만들어두는 방식을 이해한다.	card.searchText = (card.title + ' ' + card.concepts.join(' ')).toLowerCase()	검색용 searchText를 미리 만드는 이유는?	매번 검색할 때 문자열 조합을 반복하지 않기 위해	title과 concepts를 lower-case searchText로 미리 만들어 query마다 join·lowercase를 반복하지 않는다. title이나 concepts가 바뀌면 index도 갱신해야 하고 locale·Unicode normalization 정책을 정해야 한다. memory 증가와 실제 profiling 결과를 보고 적용한다.	카드 수가 1000장을 넘었으므로, 이제 대량 카드 로딩/검색/렌더링 성능과 사용자 피드백이 중요하다.	meaning_choice	"[""filtering"",""performance"",""search_index""]"
8	python_performance_large_card_ux_v53.json	PY53_L08_render_cost_001	render cost 읽기	화면에 요소를 많이 만들수록 렌더링 비용이 커진다는 점을 이해한다.	for (const card of visibleCards) {\n  renderCard(card)\n}	render cost가 커지는 대표 상황은?	많은 카드 DOM을 한 번에 만드는 상황	render cost는 화면에 요소를 그리는 데 드는 브라우저 처리 비용이다. 보이지 않는 카드까지 모두 DOM에 넣으면 렌더링 부담이 커진다. 카드가 많을 때는 페이지네이션이나 가상 목록으로 실제 그리는 요소 수를 줄이는 방식이 필요하다. 따라서 정답은 ‘많은 카드 DOM을 한 번에 만드는 상황’이다.	카드 수가 1000장을 넘었으므로, 이제 대량 카드 로딩/검색/렌더링 성능과 사용자 피드백이 중요하다.	meaning_choice	"[""render_cost"",""DOM"",""performance""]"
8	python_performance_large_card_ux_v53.json	PY53_L08_search_debounce_001	search debounce 읽기	검색 입력마다 바로 실행하지 않고 잠시 기다렸다 실행하는 debounce를 이해한다.	clearTimeout(timer)\ntimer = setTimeout(() => runSearch(query), 250)	debounce를 쓰는 이유는?	사용자가 입력을 멈춘 뒤 검색을 실행해 불필요한 반복 처리를 줄이기 위해	timer를 취소하고 마지막 입력 250ms 뒤 search를 시작해 CPU filter와 요청 수를 줄인다. 이미 시작된 비동기 search는 clearTimeout으로 취소되지 않으므로 AbortController나 request sequence를 사용해 오래된 결과가 최신 query를 덮지 않게 한다.	카드 수가 1000장을 넘었으므로, 이제 대량 카드 로딩/검색/렌더링 성능과 사용자 피드백이 중요하다.	meaning_choice	"[""debounce"",""search"",""performance""]"
8	python_performance_large_card_ux_v53.json	PY53_L08_virtual_list_001	virtual list 읽기	보이는 항목만 렌더링하는 virtual list 개념을 이해한다.	visibleRows = getRowsInViewport(scrollTop)\nrender(visibleRows)	virtual list의 핵심은?	화면에 보이는 항목만 렌더링하는 것	virtual list는 viewport 주변 row만 DOM에 두어 긴 목록 rendering과 memory를 줄인다. dynamic height, scroll 위치, keyboard focus, screen-reader가 전체 목록 위치를 이해하는 방법을 함께 구현해야 한다. 단순히 offscreen node를 제거하면 focus가 사라질 수 있다.	카드 수가 1000장을 넘었으므로, 이제 대량 카드 로딩/검색/렌더링 성능과 사용자 피드백이 중요하다.	meaning_choice	"[""virtual_list"",""large_list"",""rendering""]"
8	python_powershell_automation_reliable_scripts_v45.json	PY45_L08_expected_version_guard_001	expected version guard 읽기	수정 전 app.js가 예상 버전인지 확인하는 이유를 이해한다.	"if 'const APP_DATA_VERSION = ""20260531_v44"";' not in app:\n    raise SystemExit('unexpected version')"	expected version guard가 필요한 이유는?	다른 사람이 이미 수정했거나 현재 기준이 다를 때 중단하기 위해	exact baseline string을 확인하면 예상하지 않은 version에서 단순 replace하는 일을 막을 수 있다. 하지만 formatting 차이에도 실패하고 version만 같아도 주변 구조가 같다는 보장은 없다. patch 전 target anchor가 정확히 한 번 있는지와 diff를 함께 확인하고, 실패를 cache 문제로 해석하지 않는다.	v45는 v44 상태에서만 적용되어야 하므로 APP_DATA_VERSION guard가 필요하다.	meaning_choice	"[""if"",""version_guard"",""APP_DATA_VERSION"",""precondition""]"
8	python_powershell_automation_reliable_scripts_v45.json	PY45_L08_prevent_overwrite_001	overwrite 방지 읽기	이미 생성된 파일이나 app.js 링크가 있으면 중단하는 안전장치를 이해한다.	if lesson_path.exists():\n    raise SystemExit('already exists')\n\nif 'v45.json' in app:\n    raise SystemExit('already linked')	overwrite guard의 목적은?	이미 적용된 작업을 중복 적용하거나 덮어쓰는 사고를 막기 위해	첫 guard는 target file이 이미 있으면 덮어쓰지 않고, 둘째는 app text에 v45.json 문자열이 있으면 중복 link를 피한다. 문자열 포함 검사는 comment나 다른 경로도 match할 수 있으므로 구조를 parse하거나 정확한 anchor와 match count를 검증해야 한다. 재실행 시 기존 결과가 원하는 내용인지도 확인해야 진정한 idempotency가 된다.	v42~v44 스크립트는 lesson file exists, app already contains 같은 guard를 넣었다.	meaning_choice	"[""if"",""overwrite_guard"",""idempotent_script"",""safety_check""]"
8	python_powershell_automation_reliable_scripts_v45.json	PY45_L08_temp_python_script_001	임시 Python 스크립트 방식 읽기	긴 Python 코드를 PowerShell 변수 대신 임시 파일로 저장해 실행하는 방식을 이해한다.	"$script = Join-Path ([IO.Path]::GetTempPath()) ([IO.Path]::GetRandomFileName() + '.py')\ntry {\n  @'\nprint('hello')\n'@ | Set-Content -Path $script -Encoding UTF8\n  python $script\n  if ($LASTEXITCODE -ne 0) { throw ""Python failed"" }\n} finally {\n  Remove-Item -LiteralPath $script -ErrorAction SilentlyContinue\n}"	임시 Python 파일 방식의 장점은?	긴 코드가 PowerShell 변수 상태에 덜 휘둘린다	고유한 임시 Python file은 긴 code의 quoting·indentation을 눈에 보이는 script로 분리한다. try/finally로 성공과 실패 모두에서 정확한 literal path를 정리하고 Python exit code를 검사한다. 임시 code도 실행 전 검토하며 장기 유지할 automation이면 repository의 정식 script로 두는 편이 낫다.	v42~v44 확장에서 사용한 안정 패턴이다.	meaning_choice	"[""print"",""temp_script"",""Python"",""automation""]"
8	python_powershell_automation_reliable_scripts_v45.json	PY45_L08_utf8_set_content_001	Set-Content -Encoding UTF8 읽기	한글과 JSON을 안전하게 저장하기 위해 UTF-8 인코딩을 지정하는 이유를 이해한다.	Set-Content -Path $script -Value $text -Encoding UTF8	UTF-8 인코딩을 지정하는 이유는?	한글과 특수문자가 깨질 위험을 줄이기 위해	-Encoding UTF8은 기본 encoding 차이로 생기는 한글·특수문자 손상을 줄인다. 다만 Windows PowerShell 5.1은 UTF8에 BOM을 쓰고 PowerShell 7의 utf8은 기본적으로 BOM이 없으므로 consumer 요구와 실행 version을 확인해야 한다. JSON text 자체가 유효한지는 encoding과 별도다.	lesson JSON에는 한글 설명이 많기 때문에 UTF-8 저장이 필수다.	meaning_choice	"[""UTF8"",""Set-Content"",""encoding""]"
8	python_practical_expansion_v2.json	PY2_L08_numpy_shape_001	numpy shape 읽기	numpy 배열의 행과 열 구조를 확인하는 코드를 읽는다.	import numpy as np\n\nx = np.array([[1, 2, 3], [4, 5, 6]])\nprint(x.shape)	출력은?	(2, 3)	numpy 배열의 shape은 배열의 구조를 튜플로 보여 준다. 2행 3열 배열이라면 shape은 (2, 3)이 된다. numpy shape은 배열의 차원과 각 차원의 길이를 나타낸다. 이미지, 표, 벡터 데이터를 다룰 때 shape를 확인하면 입력 구조를 빠르게 이해할 수 있다.	임베딩, 텐서, 모델 입력 형태를 볼 때 shape 확인이 중요하다.	output_prediction	"[""import"",""print"",""numpy"",""array"",""shape""]"
8	python_practical_expansion_v2.json	PY2_L08_pandas_groupby_001	pandas groupby 읽기	특정 컬럼 기준으로 묶어 개수를 세는 코드를 읽는다.	"import pandas as pd\n\ndf = pd.read_csv(""nodes.csv"")\nsummary = df.groupby(""kind"").size()"	summary는 무엇에 가까운가?	kind별 행 개수	groupby('kind').size()는 kind 값이 같은 행끼리 묶은 뒤 각 묶음의 개수를 센다. 분류별 개수를 빠르게 확인할 때 쓴다. groupby 결과는 데이터 분포를 요약하므로 이상하게 적거나 많은 분류가 있는지도 함께 볼 수 있다. 따라서 정답은 ‘kind별 행 개수’이다.	노드 종류별 개수, 라벨 분포, 실패 유형 집계에 자주 쓴다.	meaning_choice	"[""import"",""pandas"",""groupby"",""count""]"
8	python_practical_expansion_v2.json	PY2_L08_pytest_001	pytest 테스트 코드 읽기	assert로 기대 결과를 검증하는 테스트 코드를 읽는다.	"def normalize(label):\n    return label.strip().lower()\n\ndef test_normalize():\n    assert normalize("" LiDAR "") == ""lidar"""	assert는 무엇을 확인하는가?	기대 결과가 맞는지	pytest에서 assert는 결과가 기대와 같은지 확인한다. assert 조건이 False가 되면 테스트가 실패해 코드 문제를 빨리 발견할 수 있다. 작은 assert를 많이 두면 수정 후 핵심 동작이 그대로 유지되는지 자동으로 확인할 수 있다.	코드 수정 후 기존 기능이 깨지지 않았는지 확인하는 데 중요하다.	meaning_choice	"[""def"",""function"",""return"",""pytest"",""assert"",""test""]"
8	python_practical_expansion_v2.json	PY2_L08_regex_search_001	re.search() 정규식 읽기	텍스트에서 특정 패턴을 찾는 코드임을 읽는다.	"import re\n\ntext = ""node_id=n001""\nmatch = re.search(r""node_id=(\w+)"", text)\nprint(match.group(1))"	출력은?	n001	re.search는 문자열 전체에서 첫 번째로 맞는 구간을 찾는다. (\w+)의 괄호는 캡처 그룹을 만들고, \w+는 문자·숫자·밑줄이 한 개 이상 이어진 n001을 잡는다. match.group(1)은 첫 번째 괄호 그룹인 n001을 반환한다. 다른 입력에서 패턴을 못 찾으면 match는 None이므로 group을 호출하기 전에 일치 여부를 확인해야 한다.	파일명, 로그, 텍스트에서 ID나 패턴을 추출할 때 쓰인다.	output_prediction	"[""import"",""print"",""regex"",""re.search"",""text""]"
8	python_practical_expansion_v2.json	PY2_L08_type_hint_001	type hint 읽기	함수 입력과 출력의 예상 타입을 표시하는 type hint 코드를 읽는다.	def normalize(label: str) -> str:\n    return label.strip().lower()	-> str은 무엇을 뜻하는가?	문자열을 반환할 것으로 예상	type hint는 변수나 함수 인자의 예상 자료형을 표시한다. 실행을 강제하진 않지만 코드 이해, 자동완성, 정적 분석에 도움을 준다. -> str은 함수가 문자열을 반환할 의도로 작성되었다는 표시이므로 호출부에서 결과 사용 방식을 예상할 수 있다.	대형 코드에서 함수의 의도를 빠르게 읽는 데 도움이 된다.	meaning_choice	"[""def"",""return"",""type_hint"",""function"",""str"",""list""]"
8	python_progress_score_mistake_note_v50.json	PY50_L08_attempt_count_001	attempt count 읽기	카드를 몇 번 풀었는지 저장해 숙련도 판단에 쓰는 흐름을 읽는다.	row = progress.setdefault(card_id, {'attempts': 0})\nrow['attempts'] += 1	attempt count가 필요한 이유는?	카드를 몇 번 시도했는지 알기 위해	setdefault로 card row와 attempts 초기값을 만든 뒤 한 번의 실제 제출마다 증가시킨다. 화면 새로고침이나 중복 network event를 시도로 세지 않도록 event ID를 둘 수 있다. server 동시 update에서는 atomic increment나 transaction이 필요하다.	v49의 복습 알고리즘 다음 단계로, 실제 학습 진도와 오답 기록을 저장하는 기능 설계와 연결된다.	meaning_choice	"[""attempt_count"",""answer_attempt"",""learning_state""]"
8	python_progress_score_mistake_note_v50.json	PY50_L08_concept_mastery_001	concept mastery 읽기	카드 정답률이 아니라 개념별 숙련도를 계산하는 이유를 읽는다.	attempts = total_dict_cards\nconcept_score['dict'] = (correct_dict_cards / attempts\n                         if attempts else None)	concept mastery가 카드 점수와 다른 점은?	여러 카드 결과를 모아 개념 단위 숙련도를 본다	여러 dict 관련 시도의 정답 비율을 concept 신호로 묶고 시도가 없으면 unknown인 None으로 둔다. 카드 난이도, 여러 concept tag, 반복 노출이 달라 단순 비율이 이해도를 완전히 나타내지는 않는다. 표본 수와 최근성을 함께 표시한다.	v49의 복습 알고리즘 다음 단계로, 실제 학습 진도와 오답 기록을 저장하는 기능 설계와 연결된다.	meaning_choice	"[""concept_mastery"",""concept_score"",""weak_concept""]"
8	python_progress_score_mistake_note_v50.json	PY50_L08_last_answered_at_001	last answered at 읽기	마지막 풀이 시각이 복습 간격 계산에 쓰이는 방식을 이해한다.	progress[card_id]['last_answered_at'] = now_iso	last_answered_at이 필요한 이유는?	마지막 풀이 시점 기준으로 다음 복습일을 계산하기 위해	last_answered_at은 마지막 제출 시각을 저장해 elapsed time과 다음 review를 계산하게 한다. now_iso가 timezone을 포함한 UTC timestamp인지 정의하고 server 기준 시각을 선호한다. device clock 변경과 여러 device의 늦게 도착한 update를 처리해야 한다.	v49의 복습 알고리즘 다음 단계로, 실제 학습 진도와 오답 기록을 저장하는 기능 설계와 연결된다.	meaning_choice	"[""last_answered_at"",""timestamp"",""review_schedule""]"
8	python_progress_score_mistake_note_v50.json	PY50_L08_score_history_001	score history 읽기	세션별 점수 기록으로 학습 변화 흐름을 추적하는 방식을 읽는다.	score_history.append({'date': today, 'solved': 20, 'correct': 16, 'accuracy': 0.8})	score history가 있으면 좋은 점은?	시간에 따른 학습 성과 변화를 볼 수 있다	score history는 세션별 점수와 변화 흐름을 저장한 기록이다. 오늘 점수뿐 아니라 지난 학습과 비교해 성장 여부를 볼 수 있다. 단일 점수보다 시간 흐름이 있어야 어려운 주제에서 점차 나아지는지 확인할 수 있다.	v49의 복습 알고리즘 다음 단계로, 실제 학습 진도와 오답 기록을 저장하는 기능 설계와 연결된다.	meaning_choice	"[""score_history"",""learning_metric"",""progress""]"
8	python_project_expansion_v6.json	PY6_L08_accuracy_001	accuracy 계산 읽기	예측값과 정답을 같은 위치끼리 비교해 정확도를 계산하는 코드를 읽는다.	def compute_accuracy(preds, labels):\n    correct = 0\n    for pred, label in zip(preds, labels):\n        if pred == label:\n            correct += 1\n    return correct / len(labels)	zip(preds, labels)는 무엇을 하는가?	예측과 정답을 짝지어 반복	zip(preds, labels)는 같은 위치의 예측과 정답을 (pred, label) 쌍으로 묶어 두 목록 중 짧은 쪽 길이까지만 반복한다. 같은 쌍일 때 correct를 1 올리고 마지막에 label 수로 나눈다. 따라서 두 목록 길이가 다르면 일부 값이 비교되지 않아 의도와 다른 지표가 될 수 있고, labels가 비면 ZeroDivisionError가 난다. 실제 평가 함수라면 길이 일치와 비어 있지 않음을 먼저 검증해야 한다.	모델/규칙/분류기 성능 평가를 읽는 기본이다.	meaning_choice	"[""if"",""for"",""def"",""function"",""return"",""accuracy"",""eval"",""zip""]"
8	python_project_expansion_v6.json	PY6_L08_dataset_split_001	dataset split 코드 읽기	학습/검증/테스트 데이터를 나누는 슬라이싱 코드를 읽는다.	def split_dataset(rows):\n    train = rows[:80]\n    valid = rows[80:90]\n    test = rows[90:]\n    return train, valid, test	test에는 어떤 인덱스 범위가 들어가는가?	인덱스 90부터 끝까지	슬라이스의 시작 인덱스는 포함되므로 rows[90:]은 인덱스 90, 즉 91번째 원소부터 끝까지를 test에 넣는다. train은 인덱스 0~79, valid는 80~89라서 세 구간은 겹치지 않는다. 다만 이 코드는 80/10/나머지처럼 고정 개수로 자를 뿐 비율 분할이나 무작위 섞기를 하지 않으므로, 원래 정렬 순서에 편향이 있으면 평가도 치우칠 수 있다.	LoRA 학습 데이터와 평가셋을 구분하는 기본 개념이다.	meaning_choice	"[""def"",""function"",""return"",""dataset"",""train"",""valid"",""test"",""slice""]"
8	python_project_expansion_v6.json	PY6_L08_github_actions_001	GitHub Actions 트리거 읽기	main 브랜치 push 때 자동 작업이 실행되는 구조를 읽는다.	# GitHub Actions workflow 일부\non:\n  push:\n    branches: [main]\n\njobs:\n  test:\n    runs-on: ubuntu-latest	이 workflow는 언제 실행되는가?	main 브랜치에 push될 때	GitHub Actions는 저장소 이벤트에 맞춰 자동 작업을 실행한다. on: push: branches: [main]은 main 브랜치 push 때 실행하라는 조건이다. 따라서 정답은 ‘main 브랜치에 push될 때’이다.	배포/테스트 자동화 로그를 읽기 위한 기본이다.	meaning_choice	"[""comment"",""github_actions"",""ci"",""yaml""]"
8	python_project_expansion_v6.json	PY6_L08_js_fetch_json_001	fetch로 JSON 읽기	브라우저가 JSON 파일을 가져와 배열 길이를 확인하는 흐름을 읽는다.	"fetch(""../../data/lessons/cards_seed_v1.json"")\n  .then(function(res) { return res.json(); })\n  .then(function(cards) { console.log(cards.length); });"	res.json()은 무엇을 하는가?	응답 본문을 JS 객체/배열로 변환	fetch(...)는 Promise를 반환하고 첫 번째 then의 res는 HTTP Response 객체다. res.json()은 응답 본문을 끝까지 읽어 JSON으로 파싱한 뒤, 그 JavaScript 값으로 resolve되는 또 다른 Promise를 반환한다. 그래서 다음 then의 cards에서 배열 길이를 읽는다. JSON은 객체나 배열뿐 아니라 문자열·숫자 같은 값도 될 수 있으며, res.json() 자체는 404 같은 HTTP 실패 상태를 검사하지 않으므로 보통 res.ok 확인과 파싱 오류 처리가 필요하다.	현재 앱이 lesson JSON을 읽어 카드로 보여주는 방식이다.	meaning_choice	"[""javascript"",""fetch"",""json""]"
8	python_project_expansion_v6.json	PY6_L08_js_localstorage_001	localStorage JS 코드 읽기	브라우저 저장소에 JSON 문자열로 상태를 저장하는 코드를 읽는다.	"const raw = localStorage.getItem(""progress"") || ""{}"";\nconst progress = JSON.parse(raw);\nprogress.seen = progress.seen || {};\nlocalStorage.setItem(""progress"", JSON.stringify(progress));"	localStorage에는 어떤 형태로 저장되는가?	문자열	localStorage는 브라우저에 간단한 문자열 데이터를 저장한다. 객체는 바로 저장할 수 없으므로 JSON.stringify로 문자열로 바꿔 넣는다. 꺼낼 때는 JSON.parse로 다시 객체로 복원해야 하며 깨진 문자열에 대한 방어도 필요하다.	현재 학습앱의 진도/메모 저장 구조와 직접 연결된다.	meaning_choice	"[""javascript"",""localStorage"",""json""]"
8	python_project_expansion_v6.json	PY6_L08_manifest_tsv_001	manifest TSV 로딩 읽기	탭으로 구분된 manifest TSV 파일의 컬럼 구조를 읽는다.	"def load_manifest(path):\n    rows = []\n    with open(path, ""r"", encoding=""utf-8"") as f:\n        for line in f:\n            doc_id, file_path = line.rstrip(""\n"").split(""\t"")\n            rows.append({""doc_id"": doc_id, ""path"": file_path})\n    return rows"	split('\\t')는 무엇을 기준으로 나누는가?	탭	"split(""\t"")는 각 줄을 탭 문자 기준으로 나누므로 정답은 ‘탭’이다. 왼쪽과 오른쪽 두 값을 doc_id와 file_path에 대입하려면 모든 줄에 탭으로 구분된 필드가 정확히 2개 있어야 하며, 부족하거나 더 많으면 ValueError가 난다. 따옴표·필드 안 탭·헤더 같은 실제 TSV 규칙이 필요하면 문자열 split보다 csv 모듈의 delimiter=""\t"" 설정을 쓰는 편이 안전하다."	문서 레지스트리, KG evidence map, 파일 목록 처리와 연결된다.	meaning_choice	"[""for"",""def"",""function"",""return"",""manifest"",""tsv"",""file""]"
8	python_project_expansion_v6.json	PY6_L08_settings_class_001	Settings 클래스 읽기	환경변수를 설정 객체로 모아 읽는 구조를 이해한다.	"import os\n\nclass Settings:\n    api_key = os.environ.get(""OPENAI_API_KEY"")\n    model = os.environ.get(""MODEL"", ""gpt-4o-mini"")\n\nsettings = Settings()\nprint(settings.model)"	MODEL 환경변수가 없으면 model은?	gpt-4o-mini	"Settings 클래스 본문이 실행될 때 os.environ.get(""MODEL"", ""gpt-4o-mini"")가 환경변수를 읽는다. MODEL이 없으므로 클래스 속성 model에는 기본값 ""gpt-4o-mini""가 저장되고 settings.model도 그 값을 읽어 출력한다. 이 코드는 인스턴스를 만들 때마다 환경변수를 다시 읽는 구조가 아니며, api_key가 없어도 None인 채로 넘어가므로 필수 설정 검증은 별도로 필요하다."	API 서버와 LLM 앱에서 설정을 한 곳에 모으는 패턴이다.	meaning_choice	"[""import"",""print"",""settings"",""env"",""class""]"
8	python_project_expansion_v6.json	PY6_L08_top_items_001	상위 N개 선택 읽기	점수순으로 정렬해 상위 일부만 선택하는 흐름을 읽는다.	"def select_top_items(items, limit=20):\n    items = sorted(items, key=lambda x: x[""score""], reverse=True)\n    return items[:limit]"	items[:limit]의 의미는?	앞에서 limit개만 선택	sorted(..., reverse=True)가 score가 큰 항목부터 새 리스트를 만들고, items[:limit]가 그 앞에서 최대 limit개를 반환한다. 원본 리스트 자체는 이 코드에서 정렬되지 않는다. 항목 수가 limit보다 적으면 있는 항목만 모두 반환하며, score key가 없는 항목은 정렬 중 KeyError가 난다. limit이 음수일 때는 ‘상위 N개’ 의미와 달라지므로 입력 검증이 필요하다.	홈 큐레이션, 랭킹, 추천 결과 선별에 자주 쓰인다.	meaning_choice	"[""def"",""function"",""return"",""ranking"",""sorted"",""slice""]"
8	python_project_structure_imports_v18.json	PY18_L08_config_settings_001	config.py 설정값 읽기	여러 파일에서 공통으로 쓰는 설정값을 분리하는 구조를 읽는다.	"# config.py\nDATA_DIR = ""data""\nBATCH_SIZE = 32\nTOP_K = 5\n\n# pipeline.py\nfrom .config import DATA_DIR, TOP_K"	설정값을 config.py에 두는 이유에 가장 가까운 것은?	여러 코드에서 같은 값을 일관되게 쓰고 바꾸기 쉽게 하려고	config settings는 코드 안에 흩어진 설정값을 따로 모아 관리하는 방식이다. batch size, 경로, top_k 같은 값을 바꾸기 쉬워진다. 설정 분리는 실험값을 바꿀 때 핵심 로직을 건드리지 않게 해 준다.	RAG/KG 파이프라인에서 경로와 모델명을 여러 곳에 하드코딩하지 않는 방식이다.	meaning_choice	"[""comment"",""import"",""config"",""settings"",""constant""]"
8	python_project_structure_imports_v18.json	PY18_L08_env_loading_001	.env 환경변수 로딩 읽기	API 키 같은 값을 코드에 직접 쓰지 않고 환경변수에서 읽는 구조를 이해한다.	"import os\nfrom dotenv import load_dotenv\n\nload_dotenv()\napi_key = os.getenv(""OPENAI_API_KEY"")"	os.getenv('OPENAI_API_KEY')의 목적은?	환경변수에서 API 키 값을 읽는다	load_dotenv는 기본적으로 .env 값을 읽어 아직 설정되지 않은 환경 변수에 넣고, 이미 설정된 값은 override=True가 아니면 덮어쓰지 않는다. os.getenv는 해당 이름이 없으면 None을 반환하므로 API 호출 전에 필수값 검사가 필요하다. .env는 편리한 로컬 설정 방식이지만 비밀값이 든 파일은 Git에 커밋하지 말고 운영 환경에서는 비밀 저장소도 고려한다.	API 키/토큰/DB URL을 다루는 프로젝트에서 중요한 보안 습관이다.	meaning_choice	"[""import"",""env"",""secret"",""os.environ"",""config""]"
8	python_project_structure_imports_v18.json	PY18_L08_pyproject_001	pyproject.toml 기본 구조 읽기	현대 Python 프로젝트 설정 파일의 기본 구조를 읽는다.	"[project]\nname = ""kg-tools""\nversion = ""0.1.0""\ndependencies = [""pydantic"", ""fastapi""]"	dependencies 항목은 무엇을 나타내는가?	프로젝트가 필요로 하는 패키지	이 [project] 표에서는 배포할 프로젝트의 이름과 버전, 실행에 필요한 dependencies를 선언한다. pyproject.toml은 이 밖에도 [build-system]이나 각 도구 전용 표를 담을 수 있다. dependencies에 이름만 적으면 허용 버전 범위가 제한되지 않으므로 재현성과 호환성 정책은 별도로 정해야 한다.	requirements.txt 대신 pyproject.toml을 쓰는 프로젝트도 많아지고 있다.	meaning_choice	"[""pyproject"",""metadata"",""dependency""]"
8	python_project_structure_imports_v18.json	PY18_L08_requirements_001	requirements.txt 읽기	프로젝트가 필요로 하는 Python 패키지 목록을 읽는다.	fastapi==0.111.0\nuvicorn==0.30.0\npydantic>=2.0	pydantic>=2.0의 의미는?	pydantic 2.0 이상 버전을 허용한다	==0.111.0은 해당 버전만 허용하고 >=2.0은 2.0 이상 버전에 상한을 두지 않는다. 따라서 pydantic의 미래 major 버전도 조건에 들어올 수 있어 호환성이 자동으로 보장되지는 않는다. 재현 가능한 설치가 필요하면 테스트한 범위, lock 파일, hash 같은 정책을 함께 사용한다.	서버나 워크스테이션 세팅 시 어떤 패키지를 설치해야 하는지 파악하는 파일이다.	meaning_choice	"[""requirements"",""dependency"",""pip""]"
8	python_pwa_install_update_ux_v51.json	PY51_L08_offline_notice_001	offline notice 읽기	네트워크가 끊겼을 때 사용자에게 오프라인 상태를 알려주는 UX를 이해한다.	window.addEventListener('offline', () => {\n  showNotice('오프라인 상태입니다')\n})	offline notice의 목적은?	네트워크 문제로 데이터가 안 바뀌는 상황을 사용자에게 알려주기 위해	offline event는 browser가 network 연결이 없다고 판단했다는 신호다. 반대로 online이라고 실제 API가 reachable하다는 보장은 없으므로 요청 실패를 직접 처리해야 한다. offline notice에는 cached 기능 범위, 저장 대기 상태와 마지막 sync 시간을 알려 준다.	v50에서 학습 진도 저장을 다뤘으므로, v51은 PWA 설치와 업데이트 과정에서 사용자가 혼란 없이 최신 앱을 쓰게 하는 UX와 연결된다.	meaning_choice	"[""offline_notice"",""network_state"",""PWA""]"
8	python_pwa_install_update_ux_v51.json	PY51_L08_online_recovered_notice_001	online recovered notice 읽기	네트워크가 다시 연결됐을 때 사용자에게 복구 상태를 알려주는 흐름을 이해한다.	window.addEventListener('online', () => {\n  showNotice('다시 연결되었습니다')\n})	online 이벤트 후 보여주면 좋은 메시지는?	다시 연결되었음을 알려주는 메시지	online event는 network interface가 돌아왔다는 신호이므로 다시 연결을 시도할 계기가 된다. 즉시 sync 성공이라고 표시하지 말고 health request와 pending write 결과를 확인한 뒤 성공·충돌·실패 상태를 알려야 한다.	v50에서 학습 진도 저장을 다뤘으므로, v51은 PWA 설치와 업데이트 과정에서 사용자가 혼란 없이 최신 앱을 쓰게 하는 UX와 연결된다.	meaning_choice	"[""online_event"",""network_recovery"",""PWA""]"
8	python_pwa_install_update_ux_v51.json	PY51_L08_refresh_to_update_001	refresh to update 읽기	새 앱 버전 적용을 위해 새로고침을 유도하는 UX를 이해한다.	updateButton.onclick = () => {\n  location.reload()\n}	refresh to update 버튼의 역할은?	사용자가 새로고침해서 새 버전을 적용하게 돕는다	location.reload()은 현재 page를 다시 load하지만 새 service worker가 아직 waiting이면 곧바로 새 worker가 control한다고 보장하지 않는다. 앱은 waiting worker에 명시적 activation message를 보내거나 기존 client 종료 정책을 정하고 controllerchange 뒤 한 번만 reload해야 한다. 저장되지 않은 작업도 먼저 처리한다.	v50에서 학습 진도 저장을 다뤘으므로, v51은 PWA 설치와 업데이트 과정에서 사용자가 혼란 없이 최신 앱을 쓰게 하는 UX와 연결된다.	meaning_choice	"[""refresh_to_update"",""PWA_update"",""reload""]"
8	python_pwa_install_update_ux_v51.json	PY51_L08_version_display_001	version display UX 읽기	현재 앱 데이터 버전을 화면에 표시하는 이유를 이해한다.	footer.textContent = 'data version: ' + APP_DATA_VERSION	version display가 있으면 좋은 점은?	사용자가 현재 최신 버전을 보고 있는지 확인할 수 있다	APP_DATA_VERSION을 표시하면 현재 load한 data bundle version을 진단하는 데 도움이 된다. 이것이 app code, service worker, API schema version과 같다는 보장은 없으므로 label을 정확히 쓰고 build commit이나 app version을 별도로 표시할 수 있다. 화면 숫자만으로 cache 최신성을 증명하지는 않는다.	v50에서 학습 진도 저장을 다뤘으므로, v51은 PWA 설치와 업데이트 과정에서 사용자가 혼란 없이 최신 앱을 쓰게 하는 UX와 연결된다.	meaning_choice	"[""version_display"",""APP_DATA_VERSION"",""debug_ux""]"
8	python_rag_kg_pipeline_review_v16.json	PY16_L08_manifest_load_001	문서 manifest 로딩 흐름 읽기	JSONL manifest를 한 줄씩 읽어 문서 목록으로 만드는 코드를 읽는다.	"import json\nfrom pathlib import Path\n\nrows = []\nfor line in Path(""manifest.jsonl"").read_text(encoding=""utf-8"").splitlines():\n    if not line.strip():\n        continue\n    rows.append(json.loads(line))\n\nprint(len(rows))"	이 코드의 목적에 가장 가까운 것은?	manifest.jsonl의 각 줄을 JSON 객체로 읽어 rows에 모은다	JSONL은 보통 한 줄에 JSON 값 하나를 저장하는 형식이다. 이 코드는 파일 전체를 read_text로 메모리에 읽고, 빈 줄을 건너뛴 뒤 각 줄을 json.loads로 파싱해 rows에 모두 저장한다. 따라서 줄 단위로 파싱하지만 메모리를 절약하는 스트리밍 코드는 아니다. 큰 파일은 open으로 연 파일 객체를 직접 반복하고 필요한 줄을 즉시 처리해야 한다.	수집 문서 목록, chunk manifest, node/edge 후보 목록을 읽는 기본 패턴이다.	meaning_choice	"[""if"",""for"",""import"",""print"",""continue"",""manifest"",""jsonl"",""file"",""pipeline""]"
8	python_rag_kg_pipeline_review_v16.json	PY16_L08_metadata_normalize_001	메타데이터 정규화 함수 읽기	문서마다 다른 메타 필드를 하나의 공통 스키마로 맞추는 코드를 읽는다.	"def normalize_doc(row):\n    return {\n        ""doc_id"": str(row.get(""doc_id"") or row.get(""id"")),\n        ""title"": (row.get(""title"") or """").strip(),\n        ""source_url"": row.get(""url"") or row.get(""source_url""),\n        ""lane"": row.get(""lane"", ""B""),\n    }"	row.get('doc_id') or row.get('id')의 실제 동작은?	doc_id가 truthy이면 쓰고, 아니면 id 값을 대신 쓴다	"or는 앞 값이 None일 때만이 아니라 빈 문자열, 0, False처럼 falsy인 모든 경우에 뒤 값을 선택한다. 따라서 두 필드명이 다른 입력을 합치는 데 쓸 수 있지만, 두 값이 모두 없으면 str(None)이 되어 문자열 ""None""이 생긴다. doc_id가 필수라면 대체값을 고른 뒤 None과 빈 문자열을 명시적으로 검사해야 한다."	A/B lane 문서, 수집 소스, PDF 추출본을 하나의 처리 흐름에 태울 때 필요한 코드다.	meaning_choice	"[""def"",""function"",""return"",""metadata"",""normalization"",""dict"",""get""]"
8	python_realworld_expansion_v8.json	PY8_L08_appjs_confused_001	모르겠음 상태 저장 읽기	카드 id를 key로 하여 confused 상태를 저장하는 흐름을 읽는다.	function markConfused(cardId) {\n  const progress = loadProgress();\n  progress.confused[cardId] = true;\n  saveProgress(progress);\n}	progress.confused[cardId] = true의 의미는?	해당 카드를 모르겠음으로 표시	대괄호 표기법으로 progress.confused 객체의 cardId 속성을 true로 만들거나 기존 값을 true로 덮어쓴 뒤 saveProgress에 전달한다. 이 코드가 실행되려면 loadProgress()의 결과에 confused 객체가 이미 있어야 하며, 없으면 속성을 설정하는 줄에서 TypeError가 난다. 또한 이 함수는 false로 해제하는 동작이나 saveProgress 내부의 실제 저장 성공까지 보장하지 않는다.	복습 우선 모드와 오늘 큐 기준을 이해하는 데 중요하다.	meaning_choice	"[""javascript"",""progress"",""dict""]"
8	python_realworld_expansion_v8.json	PY8_L08_appjs_next_modulo_001	다음 카드 modulo 읽기	마지막 카드 다음에 다시 처음으로 돌아가는 구조를 읽는다.	function nextCard() {\n  currentIndex = (currentIndex + 1) % cards.length;\n  renderCard();\n}	% cards.length의 목적은?	끝에서 처음으로 순환	cards.length가 0보다 크고 currentIndex가 0부터 마지막 인덱스 사이에 있다고 가정한다. 마지막 인덱스에 1을 더하면 cards.length가 되고, 이를 cards.length로 나눈 나머지는 0이어서 첫 카드로 돌아간다. %는 나눗셈 자체가 아니라 나머지 연산이다. 빈 배열이면 0으로 나머지를 구해 currentIndex가 NaN이 되므로 이 코드만으로 빈 배열까지 안전하게 처리하지는 않는다.	카드 앱의 순환 이동 로직을 읽는 데 중요하다.	meaning_choice	"[""javascript"",""modulo"",""navigation""]"
8	python_realworld_expansion_v8.json	PY8_L08_appjs_progress_load_001	app.js 진도 로딩 읽기	localStorage에서 진도 JSON을 읽고 기본값을 쓰는 흐름을 읽는다.	"const progressKey = ""python-reading-trainer-progress-v1"";\nconst raw = localStorage.getItem(progressKey);\nconst progress = raw ? JSON.parse(raw) : { seen: {} };"	저장된 항목이 없어 raw가 null이면 progress는 무엇이 되는가?	{ seen: {} } 기본값	localStorage.getItem은 해당 key가 없으면 null을 반환한다. null은 falsy이므로 삼항연산자는 JSON.parse(raw)를 실행하지 않고 { seen: {} }를 progress에 넣는다. 저장된 값이 빈 문자열이어도 같은 기본값 경로를 탄다. 반면 truthy인 문자열이 잘못된 JSON이면 JSON.parse가 예외를 던지며, 이 코드에는 그 예외나 파싱 결과의 구조를 검사하는 처리가 없다.	현재 앱의 진도 저장 구조를 직접 읽는 카드다.	meaning_choice	"[""javascript"",""localStorage"",""progress""]"
8	python_realworld_expansion_v8.json	PY8_L08_appjs_sort_cards_001	카드 정렬 함수 읽기	레벨 우선, id 보조 기준으로 카드를 정렬하는 코드를 읽는다.	cards.sort(function(a, b) {\n  if (a.level !== b.level) {\n    return a.level - b.level;\n  }\n  return a.id.localeCompare(b.id);\n});	level이 같으면 무엇으로 정렬하는가?	id 문자열	level이 다르면 a.level - b.level의 부호에 따라 숫자가 작은 level부터 정렬한다. level이 같을 때만 localeCompare로 id 문자열의 로캘 기준 순서를 비교한다. sort()는 정렬된 복사본을 만드는 것이 아니라 cards 배열 자체의 순서를 바꾼다. 또한 localeCompare는 문자열 비교 방법이지, 같은 비교값의 원래 순서를 보존한다는 의미의 ‘안정 정렬’을 보장하는 함수는 아니다.	카드가 앱에서 어떤 순서로 표시되는지 이해한다.	meaning_choice	"[""return"",""javascript"",""sort"",""level""]"
8	python_realworld_expansion_v8.json	PY8_L08_cost_estimate_001	API 비용 추정 코드 읽기	요청 수와 단가로 총 비용을 계산하는 코드를 읽는다.	def estimate_cost(num_requests, cost_per_request):\n    return num_requests * cost_per_request\n\nprint(estimate_cost(1000, 0.02))	출력은?	20.0	함수는 요청 수 1000과 요청당 단가 0.02를 곱하므로 20.0을 출력한다. 결과에는 통화 단위가 없고, 모든 요청의 가격이 같다는 단순한 가정을 사용한다. 실제 API가 입력·출력 토큰, 모델, 캐시, 도구 호출 등에 따라 과금한다면 해당 사용량과 단가를 항목별로 계산해야 하며, 청구 금액처럼 정확한 소수 계산에는 float 대신 Decimal이나 정수 최소 단위를 고려한다.	LLM API/Bedrock batch 비용 판단과 연결된다.	output_prediction	"[""def"",""function"",""return"",""print"",""cost"",""api"",""estimate""]"
8	python_realworld_expansion_v8.json	PY8_L08_js_json_parse_catch_001	JSON.parse catch 읽기	저장된 JSON이 깨졌을 때 기본값으로 복구하는 코드를 읽는다.	try {\n  const parsed = JSON.parse(raw);\n  return parsed;\n} catch {\n  return {};\n}	JSON.parse(raw)가 예외를 던지면 이 try/catch를 포함한 함수는 무엇을 반환하는가?	빈 객체	JSON.parse 자체는 잘못된 JSON을 반환값으로 처리하지 않고 SyntaxError를 던진다. 그 예외를 주변 catch가 잡아 이 함수가 빈 객체 {}를 반환한다. 따라서 ‘JSON.parse가 {}를 반환한다’고 이해하면 안 된다. 또한 호출부가 seen이나 confused 같은 속성을 기대한다면 빈 객체만으로는 부족할 수 있고, 원인 로그도 남기지 않아 손상 데이터를 알아채기 어렵다.	localStorage 기반 앱에서 방어 코드가 중요하다.	meaning_choice	"[""return"",""javascript"",""json"",""try_catch""]"
8	python_realworld_expansion_v8.json	PY8_L08_powershell_marker_patch_001	마커 기반 패치 읽기	이미 패치가 있으면 교체하고 없으면 뒤에 추가하는 구조를 읽는다.	"if ($app.Contains($markerStart)) {\n  $app = [regex]::Replace($app, $pattern, $patchBlock.Trim())\n} else {\n  $app = $app.TrimEnd() + ""`r`n"" + $patchBlock\n}"	markerStart가 포함되어 있으면 어느 경로를 실행하는가?	정규식으로 기존 블록 교체를 시도	Contains($markerStart)가 참이면 if 분기로 들어가 [regex]::Replace를 실행하고, 거짓일 때만 파일 끝에 patchBlock을 덧붙인다. 시작 마커가 있다는 사실만으로 $pattern이 끝 마커까지 정확히 매칭된다는 보장은 없다. 패턴이 매칭되지 않으면 Replace 결과는 원문과 같아질 수 있으므로, 실제 패치 도구라면 교체 횟수나 시작·끝 마커의 유일성을 검증해야 한다.	SWAP-IN과 비슷하게 안전한 반복 패치 구조를 이해한다.	meaning_choice	"[""powershell"",""regex"",""patch"",""marker""]"
8	python_realworld_expansion_v8.json	PY8_L08_powershell_utf8_nobom_001	BOM 없는 UTF-8 저장 읽기	System.Text.UTF8Encoding(false)로 BOM 없는 파일을 저장하는 의미를 읽는다.	$utf8NoBom = New-Object System.Text.UTF8Encoding($false)\n[System.IO.File]::WriteAllText($lessonPath, $json, $utf8NoBom)	UTF8Encoding($false)의 $false는 무엇을 뜻하는가?	BOM을 쓰지 않음	UTF8Encoding($false)의 인자는 인코딩 객체가 UTF-8 BOM을 제공할지 정하며, false이므로 BOM 없는 UTF-8을 사용한다. WriteAllText는 $json 문자열을 그 인코딩으로 $lessonPath에 쓰고 기존 파일이 있으면 내용을 덮어쓴다. BOM을 빼는 것은 파일 앞 표시를 제어할 뿐, $json의 JSON 문법이 올바른지까지 검사하지는 않는다.	JSON 파일 생성 시 python -m json.tool 오류를 피하는 데 중요하다.	meaning_choice	"[""powershell"",""encoding"",""utf8""]"
8	python_realworld_expansion_v8.json	PY8_L08_sidecard_filter_001	사이드카드 필터 읽기	반복 노출 횟수와 관련성 조건으로 사이드카드를 고르는 흐름을 읽는다.	const pool = sideCards.filter(function(sc) {\n  return seenCount < 3 && (hasOverlap || isGeneral);\n});	pool에 들어가는 조건은?	3회 미만이고 관련 있거나 일반 카드	괄호 때문에 먼저 hasOverlap || isGeneral을 계산하고, 그 결과와 seenCount < 3이 모두 참일 때 현재 요소를 pool에 남긴다. 즉 ‘3회 미만’이면서 동시에 ‘관련 카드이거나 일반 카드’여야 한다. 이 조각에서는 콜백 매개변수 sc를 전혀 사용하지 않고 세 값도 바깥에서 가져오므로, 필터 실행 중 값이 같다면 sideCards의 모든 요소가 함께 남거나 함께 빠진다. 카드마다 판정하려는 코드라면 sc로부터 조건값을 계산하는 위치를 확인해야 한다.	학습앱의 보조 설명 노출 로직과 연결된다.	meaning_choice	"[""return"",""javascript"",""filter"",""side_card""]"
8	python_realworld_expansion_v8.json	PY8_L08_throttle_limit_001	슬라이스로 배치 수 제한 읽기	전체 항목 중 일부만 처리해 비용/시간을 제한하는 코드를 읽는다.	def throttle(items, limit):\n    for item in items[:limit]:\n        process(item)	items[:limit]의 역할은?	앞에서 limit개만 처리	items가 슬라이싱 가능한 시퀀스이고 limit이 양수라면 items[:limit]은 앞에서 최대 limit개를 골라 그 항목들에만 process를 호출한다. 이는 한 번의 배치 크기를 자르는 코드이지 초당 호출 수나 호출 간격을 조절하는 rate throttle은 아니다. limit이 음수이면 ‘0개’가 아니라 뒤에서 |limit|개를 뺀 앞부분이 선택되고, generator처럼 슬라이싱할 수 없는 입력은 TypeError가 나므로 입력 조건을 명시해야 한다.	크레딧/시간 제한 안에서 배치 실행할 때 중요하다.	meaning_choice	"[""for"",""def"",""function"",""limit"",""throttle"",""batch""]"
8	python_realworld_expansion_v8.json	PY8_L08_unique_id_validation_001	중복 id 검증 읽기	전체 id 개수와 set 개수를 비교해 중복 여부를 판단하는 코드를 읽는다.	"def validate_unique_ids(cards):\n    ids = [card[""id""] for card in cards]\n    return len(ids) == len(set(ids))"	False가 나오면 무엇을 의미하는가?	중복 id가 있음	먼저 모든 card['id']를 ids에 모으고, set(ids)가 같은 값의 중복을 제거한 뒤 두 길이를 비교한다. 결과가 False라면 적어도 하나의 id 값이 중복되었다는 뜻이다. 다만 id key가 없으면 KeyError, id가 리스트처럼 hash할 수 없는 값이면 TypeError가 나며, 빈 cards는 길이 0과 0이 같아 True다. 이 검사는 형식·빈 문자열·대소문자 규칙까지 검증하지 않는다.	카드 대량 확장 시 앱 오류를 막는 검증이다.	meaning_choice	"[""def"",""function"",""return"",""validation"",""set"",""id""]"
8	python_refactoring_maintainability_v40.json	PY40_L08_dependency_001	dependency 읽기	한 코드가 다른 코드에 의존하는 dependency 개념을 이해한다.	renderCard(card, progressStore)\n\nrenderCard depends on:\n  card data\n  progressStore	dependency가 많아질수록 생길 수 있는 문제는?	수정 영향 범위가 커질 수 있다	dependency는 코드가 다른 값, 모듈, 서비스의 동작에 기대는 관계다. 문제는 단순 개수보다 결합도와 변경 방향이다. renderCard가 progressStore의 구체적인 저장 방식을 알아야 하면 수정 영향이 커지므로 필요한 작은 interface를 전달하고 의존성을 명시하면 테스트와 교체가 쉬워진다.	프론트 UI, 로컬 저장, API 저장이 서로 강하게 묶이지 않게 해야 한다.	meaning_choice	"[""dependency"",""coupling"",""module""]"
8	python_refactoring_maintainability_v40.json	PY40_L08_naming_001	naming 읽기	이름이 코드 의미를 전달하는 중요한 도구임을 이해한다.	bad:\n  x = get()\n\nbetter:\n  lessonFiles = loadLessonFileList()	lessonFiles라는 이름이 좋은 이유는?	값의 의미를 더 잘 설명한다	naming은 변수, 함수, 파일 이름으로 코드의 의도를 드러내는 작업이다. 좋은 이름은 주석 없이도 코드가 무엇을 하는지 읽게 해준다. lessonFiles처럼 대상과 용도가 함께 드러나는 이름은 파일 목록을 다루는 변수라는 점을 바로 알려 준다. 따라서 정답은 ‘값의 의미를 더 잘 설명한다’이다.	app.js의 lessonFiles처럼 핵심 배열 이름은 명확해야 한다.	meaning_choice	"[""naming"",""readability"",""code_style""]"
8	python_refactoring_maintainability_v40.json	PY40_L08_single_responsibility_001	single responsibility 읽기	하나의 함수/모듈이 한 가지 책임을 갖는 설계를 이해한다.	bad:\n  loadCardsAndRenderAndSaveProgress()\n\nbetter:\n  loadCards()\n  renderCards()\n  saveProgress()	better 구조의 장점은?	각 함수의 책임이 분리된다	load, render, save를 별도 함수로 나누면 각 작업의 입력·출력과 실패 범위를 독립적으로 이해하고 테스트하기 쉬워진다. 다만 이름을 세 개로 나눈 것만으로 책임 분리가 완성되지는 않는다. 각 함수가 숨은 전역 상태나 서로의 세부 구현에 강하게 의존하지 않는지도 확인해야 한다.	카드 로딩, 화면 표시, 진행률 저장을 분리하면 앱 확장이 쉬워진다.	meaning_choice	"[""single_responsibility"",""module_design"",""function_design""]"
8	python_resume_safe_pipeline_checkpoint_v46.json	PY46_L08_atomic_write_001	atomic write 읽기	임시 파일에 먼저 쓰고 성공 후 최종 파일명으로 바꾸는 패턴을 이해한다.	tmp = output.with_suffix('.tmp')\nwrite_result(tmp)\ntmp.replace(output)	temp file then rename 패턴의 장점은?	중간에 끊긴 파일이 최종 output 이름으로 남는 위험을 줄인다	같은 filesystem의 임시 파일을 완전히 쓰고 검증한 뒤 replace하면 최종 이름에 partial content가 보이는 window를 줄일 수 있다. rename의 atomicity와 overwrite 동작은 OS·filesystem에 달려 있고, 전원 장애 내구성에는 flush/fsync와 directory sync가 추가로 필요할 수 있다. 임시 파일 정리도 고려한다.	대용량 JSONL, manifest, audit TSV를 쓸 때 안전한 출력 패턴이다.	meaning_choice	"[""atomic_write"",""temp_file"",""rename""]"
8	python_resume_safe_pipeline_checkpoint_v46.json	PY46_L08_idempotent_job_001	idempotent job 읽기	같은 작업을 다시 실행해도 결과가 꼬이지 않는 idempotent 개념을 이해한다.	upsert(item)\n# run once or twice -> final state is same	idempotent job의 의미는?	여러 번 실행해도 최종 상태가 불필요하게 중복되지 않는다	idempotent 작업은 같은 입력과 idempotency key로 한 번 또는 여러 번 적용해도 관찰되는 최종 상태가 같다. upsert도 올바른 UNIQUE key와 update 의미가 있어야 하고 email 전송 같은 외부 side effect는 별도 dedup 기록이 필요하다. 완료 항목을 skip하는 것은 최적화이지 idempotence 정의 자체는 아니다.	v41~v45 스크립트의 already exists, already linked guard가 idempotent 안전장치다.	meaning_choice	"[""comment"",""idempotent"",""rerun_safe"",""automation""]"
8	python_resume_safe_pipeline_checkpoint_v46.json	PY46_L08_retry_queue_001	retry queue 읽기	실패한 항목만 따로 모아 다시 처리하는 retry queue를 이해한다.	if job_failed(item):\n    retry_queue.append(item_id)	retry queue의 목적은?	실패한 항목만 다시 실행하기 위해	retry queue는 transient 실패 항목을 전체 작업과 분리해 다시 실행한다. item_id만 저장하면 input version이나 attempt 정보가 사라질 수 있으므로 payload reference, 오류, attempts, next retry time을 함께 둔다. 최대 횟수 뒤에는 dead-letter 또는 사람 검토로 보내고 idempotency를 보장한다.	node extraction, edge promotion, lesson validation에서 실패 목록만 재처리할 수 있다.	meaning_choice	"[""if"",""retry_queue"",""failed_items"",""rerun""]"
8	python_resume_safe_pipeline_checkpoint_v46.json	PY46_L08_validate_before_done_001	validate before mark done 읽기	완료 표시 전에 결과를 검증해야 하는 이유를 이해한다.	run_job()\nvalidate_output()\nwrite_done_marker()	done marker를 언제 써야 가장 안전한가?	출력 검증이 통과한 뒤	run_job의 output을 완전히 기록·닫고 validation을 통과한 뒤 done marker를 atomic하게 publish한다. validation 범위가 schema와 예상 count·hash를 포함하는지도 확인한다. output과 marker가 다른 storage에 있으면 둘 사이 crash를 reconcile하는 복구 절차가 필요하다.	lesson 카드 확장에서도 JSON 생성 후 중복 ID, answer, side_card 참조를 검증한 뒤 커밋했다.	meaning_choice	"[""validation"",""done_marker"",""quality_gate""]"
8	python_search_embedding_rag_flow_v43.json	PY43_L08_chunking_for_search_001	chunking for search 읽기	문서를 검색하기 좋은 작은 단위로 나누는 chunking을 이해한다.	document\n  -> chunk_001\n  -> chunk_002\n  -> chunk_003	RAG에서 chunk를 만드는 이유는?	긴 문서를 검색과 context 투입에 맞는 작은 단위로 나누기 위해	긴 document를 chunk로 나누면 관련 부분을 작은 retrieval·context 단위로 찾을 수 있다. 너무 크면 여러 주제가 섞여 signal과 token 예산이 희석되고, 너무 작으면 필요한 문맥이 끊긴다. 문장·section 경계, overlap, 제목, source·offset provenance를 함께 보존하고 실제 retrieval 평가로 크기를 정한다.	PDF-derived text, clean text, root docs를 KG/RAG에 넣기 전 chunk 품질이 중요하다.	meaning_choice	"[""chunking"",""retrieval_unit"",""context_window""]"
8	python_search_embedding_rag_flow_v43.json	PY43_L08_hybrid_search_001	hybrid search 읽기	키워드 검색과 벡터 검색을 함께 쓰는 이유를 이해한다.	keyword_hits = keyword_search(query)\nvector_hits = vector_search(query)\ncandidates = deduplicate_and_fuse(keyword_hits, vector_hits)	hybrid search의 장점은?	정확한 단어 매칭과 의미 기반 검색을 함께 활용할 수 있다	hybrid search는 정확한 용어에 강한 keyword 결과와 표현 변화에 강한 vector 결과를 결합한다. 두 목록을 단순 연결하면 중복과 서로 다른 score scale 문제가 생길 수 있으므로 RRF, score normalization, learned ranker 같은 fusion 규칙과 dedup key를 명시해야 한다.	표준명, doc_id, 기술용어는 키워드로 잡고 설명형 질문은 벡터 검색으로 보완할 수 있다.	meaning_choice	"[""hybrid_search"",""keyword_search"",""vector_search""]"
8	python_search_embedding_rag_flow_v43.json	PY43_L08_index_build_query_time_001	index build vs query time 읽기	미리 만드는 인덱스와 질문 시 실행하는 검색을 구분한다.	offline:\n  build embeddings index\n\nonline:\n  search index for user query	embedding index를 미리 만들어두는 이유는?	질문이 올 때마다 전체 문서를 다시 임베딩하지 않기 위해	문서 embedding을 offline에 계산해 index에 저장하면 query 때는 질문만 encode하고 기존 vector를 검색하면 된다. 문서 내용, chunking, embedding model 또는 normalization version이 바뀌면 해당 vector와 index를 갱신해야 한다. query와 document가 같은 호환 embedding 공간을 사용해야 한다.	KG 노드/문서 chunk가 커질수록 offline index build와 online retrieval을 분리해야 한다.	meaning_choice	"[""index_build"",""query_time"",""precompute""]"
8	python_search_embedding_rag_flow_v43.json	PY43_L08_similarity_score_001	similarity score 읽기	검색 후보가 질문과 얼마나 가까운지 점수로 비교하는 방식을 이해한다.	score = cosine_similarity(query_vector, chunk_vector)\nif score > 0.75:\n    keep(chunk)	similarity score가 높다는 뜻은?	질문과 chunk의 의미가 더 가깝다고 판단된다는 뜻	이 code에서는 cosine score가 0.75보다 큰 chunk만 남기므로, 같은 embedding model과 전처리 안에서는 더 높은 값이 query 방향과 더 비슷함을 뜻한다. threshold의 의미와 score 분포는 model·domain마다 달라 0.75를 보편 기준으로 쓸 수 없다. 높은 similarity도 관련 사실이나 정답성을 보장하지 않는다.	simindex, semanticTop, embedding 검색 결과를 해석할 때 점수의 의미를 구분해야 한다.	meaning_choice	"[""if"",""similarity_score"",""cosine_similarity"",""ranking""]"
8	python_tag_filter_advanced_search_v55.json	PY55_L08_advanced_search_001	advanced search 읽기	단순 문자열 검색보다 조건을 더 세밀하게 지정하는 advanced search를 이해한다.	query = {\n  text: 'json',\n  concept: 'validation',\n  levelRange: [7, 10]\n}	advanced search의 목적은?	검색 조건을 더 세밀하게 지정하기 위해	advanced search는 제목뿐 아니라 개념, level, 태그, 설명까지 함께 찾는 검색 기능이다. 카드가 많아질수록 단순 제목 검색만으로는 부족하다. 검색 범위를 넓히되 필드별 가중치를 두면 관련 없는 결과가 너무 많이 나오는 일을 줄일 수 있다. 따라서 정답은 ‘검색 조건을 더 세밀하게 지정하기 위해’이다.	감사 v2에서 TAG_FILTER_ADVANCED_SEARCH가 0 hits였으므로, v55는 대량 카드 학습앱에서 원하는 카드를 빠르게 찾는 검색/필터 UX를 보강한다.	meaning_choice	"[""advanced_search"",""query"",""search_ux""]"
8	python_tag_filter_advanced_search_v55.json	PY55_L08_search_highlight_001	search highlight 읽기	검색어가 카드 어디에 걸렸는지 표시하는 search highlight를 이해한다.	highlight(card.title, query)	search highlight의 목적은?	검색어가 결과에서 어디에 매칭됐는지 보여주기 위해	highlight는 일치 구간을 보여 결과 이유를 이해하게 한다. query를 HTML string에 직접 삽입하면 XSS나 markup 손상이 생길 수 있으므로 text node와 안전한 range를 사용하고, 대소문자·Unicode normalization을 ranking과 같게 맞춘다. 색만이 아니라 mark 의미와 contrast도 제공한다.	감사 v2에서 TAG_FILTER_ADVANCED_SEARCH가 0 hits였으므로, v55는 대량 카드 학습앱에서 원하는 카드를 빠르게 찾는 검색/필터 UX를 보강한다.	meaning_choice	"[""search_highlight"",""result_ui"",""UX""]"
8	python_tag_filter_advanced_search_v55.json	PY55_L08_search_ranking_001	search ranking 읽기	검색 결과에 관련도 점수를 매겨 순서를 정하는 search ranking을 이해한다.	function scoreCard(card, query) {\n  return titleMatch(card, query) * 3\n       + conceptMatch(card, query) * 2\n       + bodyMatch(card, query);\n}\nresults.sort((a, b) => scoreCard(b, query) - scoreCard(a, query));	search ranking의 핵심은?	검색어와 더 관련 높은 카드를 위에 보여주는 것	각 card와 query의 title, concept, body match를 계산해 weighted score로 내림차순 정렬한다. 3·2·1은 예시 weight이며 field 길이와 match 빈도를 normalize하지 않으면 긴 본문이 유리할 수 있다. labeled query와 click·학습 outcome으로 ranking을 평가한다.	감사 v2에서 TAG_FILTER_ADVANCED_SEARCH가 0 hits였으므로, v55는 대량 카드 학습앱에서 원하는 카드를 빠르게 찾는 검색/필터 UX를 보강한다.	meaning_choice	"[""return"",""search_ranking"",""relevance"",""search""]"
8	python_tag_filter_advanced_search_v55.json	PY55_L08_sort_order_001	sort order 읽기	카드 결과를 최신순, 난이도순, 관련도순으로 정렬하는 sort order를 이해한다.	const sortedCards = [...cards].sort((a, b) =>\n  (Number(b.level) || 0) - (Number(a.level) || 0)\n);	sort order의 역할은?	검색 결과를 사용자가 원하는 기준으로 정렬한다	원본 cards를 mutate하지 않도록 copy를 만든 뒤 numeric level 내림차순으로 정렬한다. missing·invalid level은 여기서 0 fallback하지만 data validation에서 별도 보고하는 편이 좋다. 같은 level의 tie-break가 필요하면 stable한 id나 relevance 규칙을 명시한다.	감사 v2에서 TAG_FILTER_ADVANCED_SEARCH가 0 hits였으므로, v55는 대량 카드 학습앱에서 원하는 카드를 빠르게 찾는 검색/필터 UX를 보강한다.	meaning_choice	"[""sort_order"",""sorting"",""UX""]"
8	python_tests_regression_quality_gate_v47.json	PY47_L08_edge_case_001	edge case 읽기	평범하지 않은 경계 상황을 따로 테스트해야 하는 이유를 이해한다.	cases = [\n  empty_file,\n  duplicate_id,\n  missing_answer,\n  broken_json\n]	edge case의 예시는?	빈 파일, 중복 ID, 깨진 JSON 같은 경계 상황	edge case는 비어 있는 값, 경계 숫자, 특수 문자처럼 놓치기 쉬운 입력 상황이다. 실제 운영에서는 정상 입력만 오지 않으므로 따로 테스트해야 한다. edge case를 미리 넣어 두면 평소에는 잘 보이지 않는 오류를 배포 전에 잡을 수 있다.	lesson JSON 검증에서는 빈 concepts, answer not in choices, missing side refs가 edge case다.	meaning_choice	"[""edge_case"",""boundary_condition"",""robustness""]"
8	python_tests_regression_quality_gate_v47.json	PY47_L08_expected_actual_001	expected vs actual 읽기	테스트에서 기대값과 실제값을 비교하는 기본 구조를 이해한다.	expected = 923\nactual = len(lesson_cards)\nassert actual == expected	expected와 actual을 비교하는 이유는?	실제 결과가 기대한 결과와 같은지 확인하기 위해	expected/actual 비교는 테스트의 기본 구조다. 기대한 값과 실제 나온 값을 나란히 비교하면 어디에서 결과가 어긋났는지 빠르게 찾을 수 있다. 차이가 났을 때 expected가 틀렸는지 actual 로직이 틀렸는지 다시 확인해야 한다.	v42/v44처럼 expected count가 틀리면 실제 데이터가 정상이어도 검증 실패처럼 보일 수 있다.	meaning_choice	"[""expected"",""actual"",""assertion""]"
8	python_tests_regression_quality_gate_v47.json	PY47_L08_snapshot_test_001	snapshot test 읽기	현재 출력 상태를 snapshot으로 저장해 이후 변경을 감지하는 테스트를 이해한다.	snapshot = render_card(card)\ncompare_with_saved_snapshot(snapshot)	snapshot test가 유용한 경우는?	출력 모양이나 구조가 갑자기 바뀌었는지 보고 싶을 때	snapshot test는 이전에 검토한 rendering이나 구조 output과 새 결과를 비교해 예상 밖 변화를 찾는다. 큰 snapshot을 생각 없이 갱신하면 bug도 승인될 수 있으므로 작은 의미 단위의 diff를 검토하고, 접근성·동작은 별도 assertion으로 검사한다.	PWA 카드 화면이나 JSON 카드 구조가 바뀌었는지 확인하는 데 쓸 수 있다.	meaning_choice	"[""snapshot_test"",""ui_state"",""output_change""]"
8	python_tests_regression_quality_gate_v47.json	PY47_L08_test_fixture_001	test fixture 읽기	테스트에 쓰는 고정 샘플 데이터인 fixture를 이해한다.	fixture_card = {\n  'id': 'TEST_001',\n  'answer': 'A',\n  'choices': ['A', 'B']\n}	test fixture의 역할은?	반복 가능한 테스트용 입력 데이터를 제공한다	fixture_card는 이 코드만 보면 반복 가능한 sample input이다. 넓은 의미의 test fixture라고 할 수 있지만 pytest fixture라면 보통 @pytest.fixture로 등록하고 test에 주입한다. 공통 data를 공유할 때 test 간 mutation이 새어 나오지 않도록 매번 새 객체를 만들거나 복사한다.	정상 카드, answer 누락 카드, side_card 참조 오류 카드 같은 샘플을 만들어 검증기를 테스트할 수 있다.	meaning_choice	"[""test_fixture"",""sample_data"",""repeatable_test""]"
8	python_tests_validation_regression_v24.json	PY24_L08_answer_in_choices_001	정답이 choices 안에 있는지 검사	객관식 카드의 answer가 choices 안에 실제로 있는지 확인하는 코드를 읽는다.	"bad = []\nfor card in cards:\n    if card[""answer""] not in card[""choices""]:\n        bad.append(card[""id""])"	bad에 들어간 카드의 문제는?	정답이 선택지 안에 없다	앱에서 정답 버튼을 고르게 하려면 answer 값이 choices 안에 있어야 한다. 정답이 choices 안에 있는지 검사하는 코드는 객관식 카드의 기본 무결성을 확인한다. 정답 문자열과 선택지 문자열이 정확히 같은지 비교해야 한다.	ANSWER NOT IN CHOICES: OK 검증 항목과 직접 연결된다.	meaning_choice	"[""if"",""for"",""validation"",""answer"",""choices"",""quality""]"
8	python_tests_validation_regression_v24.json	PY24_L08_missing_side_card_check_001	누락 side_card 참조 검사	카드가 참조하는 side_card_id가 실제 side card 목록에 있는지 확인한다.	"side_ids = {side[""id""] for side in side_cards}\nmissing = []\nfor card in cards:\n    for sid in card.get(""side_card_ids"", []):\n        if sid not in side_ids:\n            missing.append((card[""id""], sid))"	missing에 들어가는 것은?	존재하지 않는 side_card_id 참조	카드가 없는 side card를 가리키면 오른쪽 보조 설명 렌더링에서 문제가 생길 수 있다. 누락 side_card 참조 검사는 lesson이 연결한 side card가 실제 데이터에 있는지 확인한다. 없는 id가 있으면 관련 읽을거리 표시가 깨질 수 있다. 따라서 정답은 ‘존재하지 않는 side_card_id 참조’이다.	MISSING SIDE CARD REFERENCES: OK 검증 항목과 연결된다.	meaning_choice	"[""if"",""for"",""validation"",""side_card"",""reference"",""integrity""]"
8	python_tests_validation_regression_v24.json	PY24_L08_schema_required_fields_001	필수 필드 schema 검사 읽기	카드 JSON에 필수 필드가 모두 있는지 확인하는 코드를 읽는다.	"required = {""id"", ""level"", ""title"", ""question"", ""choices"", ""answer""}\nfor card in cards:\n    missing = required - set(card.keys())\n    if missing:\n        print(card.get(""id""), missing)"	required - set(card.keys())는 무엇을 찾는가?	카드에 없는 필수 필드	required와 card.keys()의 set difference는 필수 이름 중 dictionary key로 존재하지 않는 항목을 찾는다. missing이 있으면 id와 missing set을 출력한다. 이 검사는 key 존재만 확인하므로 value가 None이나 빈 문자열인지, level과 choices type이 맞는지, 추가 field가 허용되는지는 별도 schema validation이 필요하다.	카드가 많아질수록 schema 검증을 자동화해야 한다.	meaning_choice	"[""if"",""for"",""print"",""schema"",""required_fields"",""validation""]"
8	python_tests_validation_regression_v34.json	PY34_L08_expected_output_001	expected output 읽기	입력에 대해 기대하는 결과를 명확히 적는 테스트 방식을 이해한다.	"result = filter_by_level(cards, 1)\nexpected = [""c1"", ""c3""]\n\nassert [c[""id""] for c in result] == expected"	expected는 무엇인가?	테스트가 기대하는 정답 결과	expected output은 테스트에서 기대하는 정답 결과다. 실제 결과와 기대 결과를 비교하면 함수가 의도대로 동작하는지 확인할 수 있다. 테스트에서는 expected와 actual을 나란히 비교해야 어떤 부분이 달라졌는지 빠르게 알 수 있다.	오늘 큐 추천 결과가 의도한 순서인지 확인할 때 쓸 수 있다.	meaning_choice	"[""expected_output"",""test"",""assert""]"
8	python_tests_validation_regression_v34.json	PY34_L08_fixture_001	테스트 데이터와 fixture 구분	일반 예시 데이터와 테스트 프레임워크가 제공하는 fixture를 구분한다.	"sample_cards = [\n    {""id"": ""c1"", ""level"": 1},\n    {""id"": ""c2"", ""level"": 2},\n]"	sample_cards의 테스트 관점 역할은?	테스트용 예시 데이터	sample_cards는 이 코드만 보면 테스트에 사용할 예시 데이터다. 넓은 뜻으로 준비 데이터라고 부를 수 있지만, pytest의 fixture라고 하려면 보통 @pytest.fixture로 등록해 테스트 함수에 주입하는 구조가 보여야 한다. fixture는 데이터뿐 아니라 준비와 정리 과정도 제공할 수 있다.	카드 필터, 추천 큐, 검증 함수를 작은 예시 데이터로 테스트할 때 필요하다.	meaning_choice	"[""fixture"",""test_data"",""sample""]"
8	python_tests_validation_regression_v34.json	PY34_L08_unit_test_001	unit test 읽기	작은 함수 하나를 독립적으로 검사하는 unit test를 이해한다.	def add(a, b):\n    return a + b\n\ndef test_add():\n    assert add(2, 3) == 5	assert add(2, 3) == 5의 의미는?	add 함수 결과가 5인지 검사한다	unit test는 작은 함수나 로직 하나를 다른 요소와 가능한 한 분리해 검사한다. 이 pytest 스타일 테스트에서 assert 조건이 거짓이면 테스트가 실패한다. Python을 -O로 직접 실행하면 일반 assert가 제거될 수 있으므로 테스트는 pytest 같은 테스트 실행기로 수행해야 한다.	filterCards나 makeTodayQueue 같은 작은 함수를 분리하면 unit test하기 쉬워진다.	meaning_choice	"[""def"",""return"",""unit_test"",""function"",""assert""]"
8	python_user_notes_bookmarks_v56.json	PY56_L08_auto_save_note_001	auto save note 읽기	메모 입력 후 자동 저장하되 너무 자주 저장하지 않는 흐름을 이해한다.	debouncedSaveNote(card.id, textarea.value)	auto save note에 debounce가 유용한 이유는?	입력할 때마다 너무 자주 저장하는 일을 줄이기 위해	debounce는 입력이 잠시 멈춘 뒤 저장해 write 횟수를 줄인다. 이미 진행 중인 async save의 순서, tab 종료 전 pending change와 실패를 처리하고 저장 중·저장됨·실패 상태를 보여야 한다. debounce만으로 data loss가 방지되지는 않는다.	감사 v2에서 USER_NOTES_BOOKMARKS 축이 거의 비어 있었으므로, v56은 사용자가 중요한 카드와 자기 메모를 남겨 개인화 복습에 활용하는 기능을 보강한다.	meaning_choice	"[""auto_save"",""debounce"",""user_note""]"
8	python_user_notes_bookmarks_v56.json	PY56_L08_load_notes_001	load notes 읽기	저장된 메모를 앱 시작 시 다시 불러오는 흐름을 이해한다.	let notes = {};\ntry {\n  notes = validateNotes(JSON.parse(localStorage.getItem('userNotes') || '{}'));\n} catch (error) {\n  showNotesRecovery(error);\n}	load notes의 목적은?	이전에 저장한 개인 메모를 다시 화면에 복원하기 위해	JSON parse와 schema validation을 try/catch해 malformed 또는 낡은 data가 app 시작을 깨뜨리지 않게 한다. 조용히 {}로 덮어쓰면 유일한 note를 잃을 수 있으므로 원본을 보존하고 recovery·migration을 제공한다.	감사 v2에서 USER_NOTES_BOOKMARKS 축이 거의 비어 있었으므로, v56은 사용자가 중요한 카드와 자기 메모를 남겨 개인화 복습에 활용하는 기능을 보강한다.	meaning_choice	"[""load_notes"",""JSON_parse"",""state_restore""]"
8	python_user_notes_bookmarks_v56.json	PY56_L08_localstorage_notes_001	localStorage notes 읽기	개인 메모를 브라우저 localStorage에 저장하는 방식을 이해한다.	localStorage.setItem('userNotes', JSON.stringify(notes))	localStorage notes의 장점은?	서버 없이 브라우저에 개인 메모를 저장할 수 있다	localStorage는 server 없이 같은 browser origin에 note JSON 문자열을 남길 수 있다. device sync가 없고 quota·private mode·XSS·storage 삭제 위험이 있으므로 저장 예외, schema validation과 export를 제공한다. 민감한 note에는 더 강한 보호가 필요할 수 있다.	감사 v2에서 USER_NOTES_BOOKMARKS 축이 거의 비어 있었으므로, v56은 사용자가 중요한 카드와 자기 메모를 남겨 개인화 복습에 활용하는 기능을 보강한다.	meaning_choice	"[""localStorage"",""user_note"",""browser_storage""]"
8	python_user_notes_bookmarks_v56.json	PY56_L08_note_editor_001	note editor 읽기	카드 아래에 개인 메모 입력창을 제공하는 note editor UX를 이해한다.	"<textarea placeholder=""내 메모""></textarea>"	note editor의 역할은?	사용자가 카드에 대한 자기 생각을 입력하게 한다	메모 입력창은 작지만 학습자가 자신의 이해 상태를 기록하는 핵심 UI가 될 수 있다. note editor는 사용자가 직접 적은 학습 메모를 만들고 수정하는 화면이다. 저장 버튼, 입력값 검증, 기존 노트 불러오기 흐름을 함께 확인하면 된다. 따라서 정답은 ‘사용자가 카드에 대한 자기 생각을 입력하게 한다’이다.	감사 v2에서 USER_NOTES_BOOKMARKS 축이 거의 비어 있었으므로, v56은 사용자가 중요한 카드와 자기 메모를 남겨 개인화 복습에 활용하는 기능을 보강한다.	meaning_choice	"[""note_editor"",""textarea"",""UX""]"
8	python_web_http_api_flow_v35.json	PY35_L08_headers_001	HTTP headers 읽기	요청/응답의 부가정보를 담는 header의 역할을 이해한다.	Content-Type: application/json\nCache-Control: no-cache\nAuthorization: Bearer token	Content-Type: application/json은 무엇을 알려주는가?	본문이 JSON 형식임을 알려준다	HTTP headers는 요청이나 응답에 붙는 부가정보 영역이다. 데이터 형식, 인증 토큰, 캐시 정책처럼 본문 밖에서 필요한 정보를 전달한다. 본문을 읽기 전에 header를 보면 서버가 어떤 형식으로 응답했는지 먼저 판단할 수 있다. 따라서 정답은 ‘본문이 JSON 형식임을 알려준다’이다.	API 서버와 프론트엔드가 JSON을 주고받을 때 중요한 정보다.	meaning_choice	"[""headers"",""content_type"",""metadata""]"
8	python_web_http_api_flow_v35.json	PY35_L08_query_string_001	query string 읽기	URL 뒤에 붙는 물음표 파라미터를 이해한다.	/data/curriculum/curriculum_v1.json?v=20260529_v35	v=20260529_v35의 역할로 가장 가까운 것은?	버전 값을 붙여 캐시된 파일 대신 새 요청을 유도한다	URL의 query string은 ? 뒤에 key=value 형태로 붙는 추가 정보다. 이 예시처럼 버전 값이 바뀌면 캐시는 다른 URL로 인식해 이전 응답을 재사용하지 않는 경우가 많다. 다만 실제 재검증·저장 동작은 응답의 Cache-Control과 중간 캐시 정책에도 좌우되므로 query 값만으로 항상 새 본문을 보장하지는 않는다.	APP_DATA_VERSION으로 캐시 문제를 줄이는 구조와 직접 연결된다.	meaning_choice	"[""query_string"",""URL"",""cache_busting""]"
8	python_web_http_api_flow_v35.json	PY35_L08_status_codes_001	HTTP status code 읽기	200, 404, 500 같은 대표 상태코드의 의미를 구분한다.	200 OK\n404 Not Found\n500 Internal Server Error	404 Not Found의 의미는?	요청한 경로의 리소스를 찾지 못했다	status code는 HTTP 응답의 처리 결과를 숫자로 알려 주는 값이다. 404는 경로, 파일명, 라우트가 틀렸을 때 자주 보이는 오류다. 404를 보면 서버 전체 장애보다 요청한 URL이 실제로 존재하는지부터 확인하는 흐름이 좋다. 따라서 정답은 ‘요청한 경로의 리소스를 찾지 못했다’이다.	favicon.ico 404는 앱 핵심 파일이 아니라서 보통 무시 가능했다.	meaning_choice	"[""status_code"",""200"",""404"",""500""]"
9	cards_seed_v1.json	L09_function_selection_001	기능 목표에서 필요한 함수 고르기	요구 기능을 파일 찾기·JSON 파싱·중복 제거·CSV 저장 단계로 나누고, 파일 찾기 단계에 필요한 함수를 고른다.	"from pathlib import Path\nimport json\n\nfiles = list(Path(""data"").glob(""*.json""))\nrows = []\nfor path in files:\n    rows.append(json.loads(path.read_text(encoding=""utf-8"")))\nprint(len(rows))"	data 폴더에서 여러 .json 파일을 찾는 단계에 필요한 함수를 고르시오.	Path.glob()	"Path(""data"").glob(""*.json"")이 data 폴더에서 패턴에 맞는 파일 경로를 찾으므로 정답은 Path.glob()이다. json.loads()는 찾은 파일의 JSON 문자열을 파싱하고, set()은 중복 제거에 쓸 수 있다. summary.csv 저장에는 csv 모듈이나 pandas 같은 별도 도구가 필요하다. 하나의 요구사항을 단계별 도구로 나누어 읽어야 한다."	PM 관점에서 요구 기능을 구현 부품으로 쪼개는 훈련이다.	function_selection	"[""for"",""import"",""print"",""Path.glob"",""json.loads"",""set"",""csv"",""pandas""]"
9	python_accessibility_a11y_ui_v52.json	PY52_L09_error_message_accessibility_001	error message accessibility 읽기	오류 메시지를 입력창과 연결해 읽을 수 있게 하는 방식을 이해한다.	"<input aria-describedby=""error1"" />\n<p id=""error1"">파일 형식이 올바르지 않습니다</p>"	aria-describedby의 목적은?	입력창과 설명 또는 오류 메시지를 연결하기 위해	aria-describedby는 input의 accessible description에 error text를 연결한다. validation 실패 때 aria-invalid=true를 설정하고 focus 이동이나 live region으로 새 오류 발생을 알리며, message에 문제와 수정 방법을 적는다. 연결만으로 동적으로 생긴 오류가 즉시 announcement된다고 보장할 수 없다.	카드 수가 1000장을 넘었으므로, 이제 학습앱 UI를 더 많은 사용자가 안정적으로 쓸 수 있게 하는 접근성 품질이 중요하다.	meaning_choice	"[""error_message"",""aria_describedby"",""accessibility""]"
9	python_accessibility_a11y_ui_v52.json	PY52_L09_focus_trap_001	modal focus trap 읽기	모달이 열렸을 때 포커스가 모달 안에 머물러야 하는 이유를 이해한다.	if modalOpen:\n  keepFocusInside(modal)	focus trap이 필요한 상황은?	모달이 열린 동안 키보드 포커스가 모달 밖으로 빠지지 않게 할 때	modal dialog가 열린 동안 Tab focus를 modal의 interactive 요소 안에서 순환시키고 background를 inert하게 한다. Escape와 명시적 닫기 버튼을 제공하고 닫을 때 focus를 modal을 연 control로 돌려준다. 단순 trap만으로 올바른 dialog name과 role이 생기지는 않는다.	카드 수가 1000장을 넘었으므로, 이제 학습앱 UI를 더 많은 사용자가 안정적으로 쓸 수 있게 하는 접근성 품질이 중요하다.	meaning_choice	"[""if"",""focus_trap"",""modal"",""accessibility""]"
9	python_accessibility_a11y_ui_v52.json	PY52_L09_live_region_001	live region 읽기	동적으로 바뀌는 상태를 화면낭독기에 알려주는 live region을 이해한다.	"<div aria-live=""polite"">정답입니다</div>"	aria-live의 역할은?	화면이 바뀐 내용을 보조기기에 알려준다	aria-live=polite인 region이 DOM에 먼저 존재한 뒤 text가 바뀌면 보조기기가 보통 적절한 때 announcement한다. 초기 HTML text나 같은 문구 반복이 항상 읽히는 것은 아니다. 중요한 긴급 오류만 assertive를 고려하고 과도한 announcement를 피한다.	카드 수가 1000장을 넘었으므로, 이제 학습앱 UI를 더 많은 사용자가 안정적으로 쓸 수 있게 하는 접근성 품질이 중요하다.	meaning_choice	"[""aria_live"",""dynamic_update"",""accessibility""]"
9	python_accessibility_a11y_ui_v52.json	PY52_L09_tab_order_001	tab order 읽기	Tab 이동 순서가 화면의 자연스러운 흐름과 맞아야 함을 이해한다.	Header -> Search -> Card -> Choices -> Next Button	tab order가 자연스러워야 하는 이유는?	키보드 사용자가 예측 가능한 순서로 이동해야 하기 때문에	tab order는 Tab 키를 눌렀을 때 포커스가 이동하는 순서다. 카드 선택지보다 다음 버튼이 먼저 잡히면 학습 흐름이 어색해질 수 있다. 키보드 사용자는 tab order만 따라 화면을 이동하므로 시각적 흐름과 포커스 순서가 맞아야 한다. 따라서 정답은 ‘키보드 사용자가 예측 가능한 순서로 이동해야 하기 때문에’이다.	카드 수가 1000장을 넘었으므로, 이제 학습앱 UI를 더 많은 사용자가 안정적으로 쓸 수 있게 하는 접근성 품질이 중요하다.	meaning_choice	"[""tab_order"",""focus_order"",""keyboard_navigation""]"
9	python_advanced_expansion_v5.json	PY5_L09_custom_context_001	직접 만든 context manager 읽기	with 진입과 종료 시 실행되는 메서드를 읽는다.	"class Timer:\n    def __enter__(self):\n        print(""start"")\n        return self\n\n    def __exit__(self, exc_type, exc, tb):\n        print(""end"")\n\nwith Timer():\n    print(""work"")"	출력 순서에 가까운 것은?	start → work → end	"with Timer()에 들어갈 때 __enter__가 먼저 실행되어 ""start""를 출력한다. 그다음 들여쓴 블록이 ""work""를 출력하고, 블록을 빠져나갈 때 __exit__가 실행되어 ""end""를 출력한다. 따라서 순서는 start → work → end다. __exit__는 블록에서 예외가 나도 호출되므로 파일 닫기나 락 해제 같은 정리 작업에 쓰이며, 이 코드처럼 None을 반환하면 발생한 예외를 숨기지는 않는다."	파일, DB 연결, 락, 세션 관리 코드를 읽는 데 연결된다.	meaning_choice	"[""def"",""function"",""return"",""print"",""context_manager"",""with"",""class""]"
9	python_advanced_expansion_v5.json	PY5_L09_decorator_wrapper_001	decorator wrapper 흐름 읽기	데코레이터가 원래 함수 실행 전에 동작을 추가하는 구조를 읽는다.	"def log_call(fn):\n    def wrapper():\n        print(""before"")\n        fn()\n    return wrapper\n\n@log_call\ndef run():\n    print(""run"")\n\nrun()"	run() 실행 전 먼저 출력되는 것은?	before	"@log_call은 함수 정의가 끝난 뒤 run = log_call(run)을 적용한 것과 같다. 따라서 이름 run은 반환된 wrapper를 가리킨다. run()을 호출하면 wrapper가 먼저 ""before""를 출력한 뒤 fn으로 보관한 원래 run을 호출해 ""run""을 출력한다. 이 예제는 실행 전 동작만 추가하며, 실행 후 동작을 넣으려면 fn() 다음에 코드를 더 써야 한다."	FastAPI, click, pytest fixture 등에서 데코레이터를 자주 만난다.	meaning_choice	"[""def"",""return"",""print"",""decorator"",""function"",""wrapper""]"
9	python_advanced_expansion_v5.json	PY5_L09_fastapi_cors_001	FastAPI CORS 설정 읽기	브라우저의 다른 출처 요청 허용 설정을 읽는다.	"from fastapi.middleware.cors import CORSMiddleware\n\napp.add_middleware(\n    CORSMiddleware,\n    allow_origins=[""https://example.com""],\n    allow_methods=[""GET"", ""POST""]\n)"	allow_origins는 무엇을 정하는가?	허용할 웹 출처	origin은 프로토콜·호스트·포트의 조합이다. allow_origins에는 브라우저 프론트엔드가 교차 출처로 API를 사용할 때 서버가 허용할 origin을 정확히 적는다. 이 미들웨어는 허용된 origin과 method에 맞는 CORS 응답 헤더를 보내고 preflight 요청을 처리한다. CORS는 브라우저가 응답 사용을 허용할지 정하는 규칙이지 로그인이나 API 권한 검사가 아니며, 브라우저가 아닌 클라이언트의 접근을 막는 방화벽도 아니다.	GitHub Pages 프론트와 별도 API 서버를 붙일 때 자주 만난다.	meaning_choice	"[""import"",""cors"",""fastapi"",""middleware""]"
9	python_advanced_expansion_v5.json	PY5_L09_fastapi_post_body_001	FastAPI POST body 읽기	POST 요청 본문이 Pydantic 모델로 들어오는 구조를 읽는다.	"from fastapi import FastAPI\nfrom pydantic import BaseModel\n\napp = FastAPI()\n\nclass Question(BaseModel):\n    text: str\n\n@app.post(""/api/ask"")\ndef ask(body: Question):\n    return {""question"": body.text}"	body.text는 어디서 온 값인가?	요청 본문	POST body는 클라이언트가 서버로 보내는 본문 데이터다. FastAPI는 이를 Question 모델로 파싱하고 text 필드를 읽게 해 준다. 요청 본문 구조가 모델과 맞지 않으면 검증 오류가 나므로 API 입력 스키마를 먼저 확인해야 한다.	학습앱 API, RAG 질문 API, 내부 서버 코드에 직접 연결된다.	meaning_choice	"[""def"",""function"",""return"",""class"",""import"",""fastapi"",""post"",""pydantic"",""request_body""]"
9	python_advanced_expansion_v5.json	PY5_L09_fastapi_status_001	FastAPI status_code 읽기	엔드포인트가 성공 상태코드를 명시하는 구조를 읽는다.	"@app.get(""/api/items"", status_code=200)\ndef list_items():\n    return [{""id"": 1, ""title"": ""A""}]"	status_code=200은 무엇에 가까운가?	성공 응답 상태	HTTP status code는 서버 요청 결과를 숫자로 알려준다. 200은 일반적으로 요청이 성공했고 응답을 정상적으로 처리해도 된다는 뜻이다. 다만 200이라고 해서 응답 내용이 항상 올바른 것은 아니므로 body 구조 검증도 따로 필요하다.	API 서버 응답과 클라이언트 오류 추적에 필요하다.	meaning_choice	"[""def"",""function"",""return"",""fastapi"",""status_code"",""endpoint""]"
9	python_advanced_expansion_v5.json	PY5_L09_inheritance_001	상속과 메서드 재정의 읽기	자식 클래스가 부모 메서드를 덮어쓰는 흐름을 읽는다.	"class Animal:\n    def speak(self):\n        return ""sound""\n\nclass Dog(Animal):\n    def speak(self):\n        return ""bark""\n\npet = Dog()\nprint(pet.speak())"	출력은?	bark	"pet은 Dog로 만든 객체이므로 pet.speak()를 호출하면 Python은 먼저 Dog에서 speak 메서드를 찾는다. Dog가 같은 이름의 메서드를 다시 정의했기 때문에 부모 Animal의 speak 대신 Dog.speak가 실행되어 ""bark""를 반환한다. 이것이 메서드 재정의(override)다. Dog에 speak가 없었다면 상속받은 Animal.speak가 실행되어 ""sound""가 나왔을 것이다."	클래스 기반 앱/서버 코드와 라이브러리 구조를 읽는 데 필요하다.	output_prediction	"[""def"",""function"",""return"",""print"",""class"",""inheritance"",""method""]"
9	python_advanced_expansion_v5.json	PY5_L09_property_001	@property 읽기	메서드를 속성처럼 읽게 만드는 @property 구조를 이해한다.	"class Config:\n    def __init__(self, mode):\n        self.mode = mode\n\n    @property\n    def is_fast(self):\n        return self.mode == ""fast""\n\ncfg = Config(""fast"")\nprint(cfg.is_fast)"	출력은?	True	"Config(""fast"")가 self.mode에 ""fast""를 저장한다. 이후 cfg.is_fast를 읽으면 괄호를 쓰지 않아도 @property가 붙은 is_fast 메서드가 실행되고, self.mode == ""fast"" 비교 결과인 True를 반환한다. mode처럼 객체에 저장된 값과 달리 is_fast는 접근할 때마다 계산되는 속성이다."	설정 객체나 모델 객체에서 계산된 속성을 읽을 때 자주 보인다.	output_prediction	"[""def"",""function"",""return"",""print"",""class"",""property"",""method""]"
9	python_advanced_expansion_v5.json	PY5_L09_sql_parameter_001	SQL parameter binding 읽기	문자열 직접 결합 대신 파라미터로 SQL 값을 넘기는 구조를 읽는다.	"query = ""SELECT * FROM items WHERE source = ?""\nrows = conn.execute(query, (source_name,)).fetchall()"	?와 튜플 인자의 목적은?	SQL 값 안전 전달	?는 SQL 값이 들어갈 자리표시자이고 (source_name,)은 그 한 자리에 바인딩할 값 하나를 담은 튜플이다. sqlite 드라이버가 값을 SQL 문법과 분리해 처리하므로 문자열 이어 붙이기보다 SQL injection 위험을 줄이고 따옴표도 알맞게 다룬다. 이 방식은 값에 사용하는 것이며 테이블명이나 컬럼명 같은 SQL 구조를 대신 바인딩하지는 못한다.	사용자 입력으로 DB를 조회하는 서버 코드에서 중요하다.	meaning_choice	"[""sql"",""parameter"",""security""]"
9	python_advanced_expansion_v5.json	PY5_L09_sqlite_insert_001	sqlite INSERT 읽기	DB에 새 행을 넣고 commit하는 흐름을 읽는다.	"import sqlite3\n\nconn = sqlite3.connect(""app.db"")\nconn.execute(\n    ""INSERT INTO notes(title, body) VALUES (?, ?)"",\n    (""memo"", ""hello"")\n)\nconn.commit()"	conn.commit()의 목적은?	변경사항 저장	INSERT는 DB 테이블에 새 행을 추가하는 SQL이다. SQLite에서는 실행 후 commit을 해야 변경사항이 실제 DB에 확정된다. commit 전에는 연결 안의 작업으로 남아 있을 수 있으므로 저장을 확정하는 시점을 구분해야 한다.	메모, 진행상황, 큐레이션 결과를 DB에 저장하는 코드와 연결된다.	meaning_choice	"[""import"",""sqlite"",""sql"",""insert"",""commit""]"
9	python_ai_learning_methods_v14.json	PY14_L09_checkpoint_resume_001	checkpoint와 resume 학습	중간 저장점에서 학습을 이어가는 구조를 이해한다.	"checkpoint = torch.load(""checkpoint.pt"", map_location=device)\nmodel.load_state_dict(checkpoint[""model""])\noptimizer.load_state_dict(checkpoint[""optimizer""])\nstart_step = checkpoint[""step""]"	이 코드의 목적은?	저장된 학습 상태를 불러와 이어서 학습한다	checkpoint dict에서 model weight, optimizer 내부 상태와 step을 복원해 이어갈 출발점을 만든다. model·optimizer 객체는 호환되는 구조로 먼저 생성돼 있어야 하고, optimizer state tensor의 device도 확인한다. 정확한 재현에는 scheduler·AMP scaler·random generator·data sampler 상태 등이 더 필요할 수 있다. torch.load는 신뢰할 수 없는 checkpoint에 사용하지 않는다.	긴 shard/batch 학습에서 중단 복구와 연결된다.	meaning_choice	"[""checkpoint"",""resume"",""training"",""state_dict""]"
9	python_ai_learning_methods_v14.json	PY14_L09_distillation_001	Knowledge distillation 개념	큰 teacher 모델의 출력을 작은 student 모델이 배우는 방식을 이해한다.	with torch.no_grad():\n    teacher_logits = teacher_model(x)\nstudent_logits = student_model(x)\nloss = distill_loss(student_logits, teacher_logits)	distillation의 목적에 가까운 것은?	큰 모델의 행동을 작은 모델이 배우게 한다	teacher model의 logits 같은 soft target을 student 출력과 비교하는 loss를 만들고 student를 학습시키는 흐름이다. teacher는 보통 고정하므로 no_grad로 graph를 만들지 않는다. 실제 distillation은 정답 loss와 teacher loss의 가중치, temperature, 같은 입력·tokenizer 호환성을 함께 정한다. 작은 student가 항상 teacher 성능을 그대로 보존하는 것은 아니다.	작은 로컬 모델을 만들거나 빠른 추론 모델을 고민할 때 필요하다.	meaning_choice	"[""distillation"",""teacher_model"",""student_model"",""compression""]"
9	python_ai_learning_methods_v14.json	PY14_L09_embedding_model_vs_llm_001	Embedding model과 LLM 비교	검색용 벡터 모델과 생성형 언어모델의 역할을 구분한다.	Embedding model: text -> vector\nLLM: prompt -> generated text	문서 검색에서 query와 문서를 벡터로 바꾸는 모델은?	Embedding model	embedding model은 query와 document를 같은 vector space의 숫자 배열로 바꿔 similarity search에 사용한다. LLM은 prompt token을 바탕으로 다음 token을 생성한다. RAG에서는 embedding 또는 다른 retriever가 근거 후보를 찾고 LLM이 선택된 context로 답을 만들지만, vector가 가깝다는 사실이나 LLM 출력이 정답을 보장하지 않으므로 retrieval·generation을 각각 평가한다.	RAG 파이프라인의 retrieval과 generation 역할 분담을 이해한다.	meaning_choice	"[""embedding_model"",""llm"",""vector_search"",""generation""]"
9	python_ai_learning_methods_v14.json	PY14_L09_freeze_layers_001	freeze와 trainable parameter 읽기	일부 레이어만 학습시키는 freeze 설정 흐름을 읽는다.	for param in base_model.parameters():\n    param.requires_grad = False	requires_grad=False의 의미는?	해당 파라미터를 학습 업데이트하지 않는다	각 parameter의 requires_grad를 False로 바꾸면 이후 autograd가 그 parameter용 gradient를 만들지 않아 일반적인 optimizer가 update하지 않는다. 이는 parameter gradient를 freeze하는 것이지 model.eval()을 호출하거나 dropout·batchnorm buffer의 train-mode 동작까지 고정하는 것은 아니다. optimizer를 만들 때 trainable parameter만 포함됐는지도 확인한다.	PEFT 학습 스크립트에서 매우 자주 확인하는 개념이다.	meaning_choice	"[""for"",""freeze"",""trainable_parameters"",""fine_tuning"",""lora""]"
9	python_ai_learning_methods_v14.json	PY14_L09_gradient_accumulation_001	gradient accumulation 개념	VRAM이 부족할 때 작은 batch를 여러 번 모아 업데이트하는 방식을 이해한다.	optimizer.zero_grad()\nfor step, batch in enumerate(loader, start=1):\n    loss = compute_loss(batch) / accumulation_steps\n    loss.backward()\n    if step % accumulation_steps == 0 or step == len(loader):\n        optimizer.step()\n        optimizer.zero_grad()	gradient accumulation의 목적에 가까운 것은?	작은 batch 여러 번을 모아 큰 batch처럼 업데이트한다	각 micro-batch loss를 accumulation_steps로 나눠 backward하면 gradient가 parameter.grad에 누적된다. 지정 횟수 또는 마지막 남은 batch에서만 optimizer.step을 호출하고 그 뒤 gradient를 비운다. 이 방식은 한 번에 큰 batch를 올리지 않고 비슷한 effective batch를 만들지만 activation memory는 줄여도 model·optimizer memory는 그대로이며, loss scaling·scheduler step·gradient clipping 위치를 일관되게 맞춰야 한다.	저사양 GPU LoRA 학습 설정에서 자주 보인다.	meaning_choice	"[""if"",""for"",""gradient_accumulation"",""batch_size"",""vram"",""training""]"
9	python_ai_learning_methods_v14.json	PY14_L09_lora_code_001	LoRA 설정 코드 읽기	LoRA 설정에서 r, target_modules 같은 필드를 읽는다.	"from peft import LoraConfig\n\nconfig = LoraConfig(\n    r=16,\n    lora_alpha=32,\n    target_modules=[""q_proj"", ""v_proj""]\n)"	target_modules의 의미는?	LoRA를 붙일 모델 내부 모듈 이름	target_modules는 base model에서 LoRA의 low-rank update를 삽입할 module 이름을 고른다. q_proj와 v_proj는 일부 transformer architecture의 attention projection 이름이지만 모든 model이 같은 이름을 쓰지는 않는다. 이름이 실제 module과 일치하는지와 지원 type을 확인해야 한다. r은 adapter rank, lora_alpha는 update scale에 관여하며 learning rate는 trainer·optimizer에서 별도로 정한다.	PEFT 학습 스크립트 코드리뷰에 직접 필요하다.	meaning_choice	"[""import"",""lora"",""peft"",""rank"",""target_modules""]"
9	python_ai_learning_methods_v14.json	PY14_L09_loss_metric_compare_001	loss와 metric 비교	학습에 쓰는 loss와 사람이 해석하는 metric을 구분한다.	loss = loss_fn(pred, y)    # gradient를 만들 학습 objective\naccuracy = correct / total  # 해석·보고에 쓰는 metric 예	loss의 역할은?	optimizer가 줄이려고 하는 학습 목표값	loss는 backward가 미분해 optimizer update 방향을 만드는 objective다. prediction error 외에 regularization이나 여러 항의 가중합을 포함할 수 있으므로 단순히 틀린 개수와 같지는 않다. metric은 accuracy처럼 사람이 목표 성능을 해석·비교하도록 계산하며 미분 가능할 필요가 없다. 두 값의 정의가 다르면 항상 같은 방향으로 움직이지 않는다.	training log와 leaderboard 점수를 구분하는 데 중요하다.	meaning_choice	"[""loss"",""metric"",""evaluation"",""training""]"
9	python_ai_learning_methods_v14.json	PY14_L09_qlora_quant_compare_001	QLoRA와 양자화 관계	QLoRA가 4bit 양자화와 LoRA를 함께 쓰는 흐름임을 이해한다.	# QLoRA 감각\n# base model: 4bit로 메모리 절약\n# trainable part: LoRA adapter 중심으로 학습	QLoRA 설명으로 가장 가까운 것은?	양자화된 base model 위에 LoRA를 학습해 메모리를 줄인다	QLoRA는 양자화와 LoRA를 함께 써서 메모리 사용량을 줄이는 파인튜닝 방식이다. 제한된 VRAM에서 LLM을 조정할 때 자주 등장한다. 기본 모델은 낮은 비트로 올리고 학습 가능한 작은 어댑터만 조정하는 구조로 이해하면 된다. 따라서 정답은 ‘양자화된 base model 위에 LoRA를 학습해 메모리를 줄인다’이다.	8GB/24GB GPU에서 LLM 학습 가능성을 판단하는 데 중요하다.	meaning_choice	"[""comment"",""qlora"",""quantization"",""4bit"",""lora""]"
9	python_ai_toolchain_expansion_v12.json	PY12_L09_attention_mask_001	attention_mask 의미 읽기	패딩 토큰과 실제 토큰을 구분하는 mask 개념을 읽는다.	"inputs = tokenizer(texts, padding=True, truncation=True, return_tensors=""pt"")\nprint(inputs[""attention_mask""].shape)"	attention_mask의 역할에 가까운 것은?	모델이 실제 토큰과 padding을 구분하도록 돕는다	tokenizer는 길이가 다른 texts를 padding해 같은 tensor 크기로 만들고, attention_mask에 일반적으로 실제 token 위치는 1, padding 위치는 0으로 표시한다. 모델은 이 mask를 사용해 padding을 attention 계산에서 제외한다. truncation=True는 모델 한도에 맞춰 긴 입력을 자를 수 있으므로 mask가 원문 보존 여부까지 보장하지는 않는다. print는 mask 내용이 아니라 batch 크기와 sequence 길이를 담은 shape를 출력한다.	Transformers batch 추론 코드 이해에 필요하다.	meaning_choice	"[""print"",""transformers"",""attention_mask"",""tokenizer""]"
9	python_ai_toolchain_expansion_v12.json	PY12_L09_backward_step_001	zero_grad, backward, optimizer.step	PyTorch 학습 루프의 gradient 초기화·계산·업데이트 흐름을 읽는다.	optimizer.zero_grad()\nloss.backward()\noptimizer.step()	이 세 줄의 핵심 흐름은?	기존 gradient를 비우고 새 gradient를 계산해 파라미터를 업데이트한다	optimizer.zero_grad()는 이전 반복에서 parameter.grad에 누적된 gradient를 비운다. loss.backward()가 현재 loss의 gradient를 계산해 parameter.grad에 채우고, optimizer.step()이 그 값을 사용해 파라미터를 갱신한다. 의도적인 gradient accumulation을 하지 않는 일반 루프에서 zero_grad를 빼면 이전 batch의 gradient가 더해져 다른 업데이트가 된다.	학습 코드와 추론 코드의 차이를 읽는 데 중요하다.	meaning_choice	"[""torch"",""backward"",""optimizer"",""training""]"
9	python_ai_toolchain_expansion_v12.json	PY12_L09_batch_size_vram_001	batch_size와 VRAM 감각	batch_size가 커질수록 GPU 메모리를 더 쓰는 이유를 이해한다.	loader = DataLoader(dataset, batch_size=8)	batch_size=8의 의미는?	한 번에 8개 샘플을 처리한다	DataLoader는 한 번 반복할 때 최대 8개 샘플을 묶어 batch로 내놓는다. 데이터 수가 8의 배수가 아니고 drop_last=False인 기본 설정이면 마지막 batch는 8개보다 적을 수 있다. batch를 키우면 장치 활용도와 처리량이 좋아질 수 있지만 activation 등의 메모리도 늘며, 학습 결과와 최적화 특성까지 달라질 수 있어 장비와 모델별로 검증한다.	GPU 서버에서 처리 속도와 메모리 균형을 잡을 때 중요하다.	meaning_choice	"[""batch_size"",""vram"",""gpu"",""inference""]"
9	python_ai_toolchain_expansion_v12.json	PY12_L09_checkpoint_state_dict_001	state_dict 저장 읽기	모델 가중치를 저장하는 PyTorch 패턴을 읽는다.	"torch.save(model.state_dict(), ""model.pt"")"	이 코드는 체크포인트에 무엇을 저장하는가?	모델 가중치 state_dict	model.state_dict()에는 학습된 parameter와 등록된 buffer가 이름별 tensor로 들어 있고 torch.save가 이를 model.pt에 직렬화한다. 같은 구조의 모델을 먼저 만든 뒤 load_state_dict로 가중치를 복원할 수 있다. 하지만 optimizer, scheduler, epoch, random 상태는 저장하지 않으므로 이 파일만으로 학습을 정확히 이어서 재개할 수는 없다. 완전한 resume checkpoint에는 그 상태들도 함께 저장한다.	학습 결과 저장/불러오기 코드에서 중요하다.	meaning_choice	"[""torch"",""checkpoint"",""state_dict"",""save""]"
9	python_ai_toolchain_expansion_v12.json	PY12_L09_cuda_oom_001	CUDA out of memory 원인 읽기	GPU 메모리 부족 오류가 보통 무엇과 관련되는지 이해한다.	RuntimeError: CUDA out of memory. Tried to allocate 512.00 MiB	이 오류의 의미에 가장 가까운 것은?	GPU 메모리가 부족하다	이 예외는 PyTorch가 CUDA 장치에서 추가 512 MiB를 할당하려 했지만 사용 가능한 연속·예약 메모리 조건을 충족하지 못했다는 뜻이다. 모델 가중치뿐 아니라 batch 크기, 입력 길이, activation, gradient, optimizer 상태, 다른 프로세스와 메모리 단편화가 영향을 준다. 무조건 캐시만 비우기보다 실제 할당·예약 수치를 보고 batch·길이·정밀도·gradient accumulation·동시 프로세스를 조정한 뒤 결과 품질과 속도를 다시 검증한다.	LoRA/LLM 추론에서 자주 만나는 에러다.	meaning_choice	"[""cuda"",""oom"",""vram"",""batch_size""]"
9	python_ai_toolchain_expansion_v12.json	PY12_L09_dataloader_001	DataLoader 기본 읽기	dataset을 batch 단위로 꺼내는 PyTorch 구조를 읽는다.	from torch.utils.data import DataLoader\n\nloader = DataLoader(dataset, batch_size=16, shuffle=True)	DataLoader의 역할은?	dataset을 batch 단위로 공급한다	DataLoader는 dataset에서 샘플을 가져와 최대 16개씩 묶어 반복 가능한 batch를 만든다. shuffle=True는 각 반복 주기에서 샘플 순서를 섞는다. dataset 자체를 전부 GPU에 올리는 명령은 아니며, 마지막 batch는 데이터 수에 따라 16개보다 작을 수 있다. worker 수, collate 함수와 tensor를 device로 옮기는 단계는 별도 설정이다.	모델 학습 코드리뷰의 기본 구조다.	meaning_choice	"[""import"",""torch"",""DataLoader"",""batch_size""]"
9	python_ai_toolchain_expansion_v12.json	PY12_L09_dtype_fp16_001	fp16 dtype 읽기	float16이 메모리 절약과 관련 있다는 것을 이해한다.	model = AutoModelForCausalLM.from_pretrained(model_id, torch_dtype=torch.float16)	torch.float16을 쓰는 주된 이유는?	메모리 사용량을 줄이기 위해	fp16은 fp32보다 숫자를 적은 메모리로 저장하는 자료형이다. 메모리를 줄일 수 있지만 모델과 하드웨어 호환성을 함께 확인해야 한다. 추론 속도와 메모리 절약에는 도움이 되지만 정밀도가 낮아질 수 있어 검증 결과도 같이 봐야 한다. 따라서 정답은 ‘메모리 사용량을 줄이기 위해’이다.	LLM 로딩 코드에서 자주 보인다.	meaning_choice	"[""fp16"",""dtype"",""torch"",""vram""]"
9	python_ai_toolchain_expansion_v12.json	PY12_L09_easyocr_001	EasyOCR Reader 읽기	EasyOCR로 이미지 텍스트를 읽는 흐름을 이해한다.	"import easyocr\n\nreader = easyocr.Reader([""ko"", ""en""])\nresults = reader.readtext(""page.png"")"	reader.readtext의 목적은?	이미지에서 텍스트 후보를 읽는다	"easyocr.Reader([""ko"", ""en""])는 두 언어용 OCR 모델을 준비하며 첫 실행에는 모델 다운로드가 필요할 수 있다. readtext는 이미지에서 영역을 탐지하고 각 영역의 좌표, 인식 문자열, confidence를 담은 후보들을 반환한다. confidence는 정답 보장이 아니며 작은 글자·회전·배경에 따라 누락과 오인이 생길 수 있어 원본 위치와 함께 검수한다."	Tesseract가 약할 때 대체 OCR 실험으로 볼 수 있다.	meaning_choice	"[""import"",""easyocr"",""ocr"",""image""]"
9	python_ai_toolchain_expansion_v12.json	PY12_L09_model_generate_001	model.generate 읽기	LLM이 새 토큰을 생성하는 호출 지점을 찾는다.	outputs = model.generate(**inputs, max_new_tokens=128)	이 줄의 목적은?	모델로 새 토큰을 생성한다	model.generate(**inputs, max_new_tokens=128)는 입력 뒤에 이어질 토큰을 최대 128개 생성한다. 실제 개수는 EOS 같은 종료 조건 때문에 더 적을 수 있다. 반환값은 사람이 읽는 문자열이 아니라 token ID tensor이며 tokenizer.decode가 필요하다. decoder-only 모델에서는 출력에 입력 token ID도 함께 포함될 수 있고, sampling·beam·attention mask 설정에 따라 결과와 비용이 달라진다.	로컬 LLM 추론 코드리뷰에서 가장 중요한 줄 중 하나다.	meaning_choice	"[""transformers"",""generate"",""llm""]"
9	python_ai_toolchain_expansion_v12.json	PY12_L09_pipeline_001	transformers pipeline 읽기	간단한 추론 파이프라인을 만드는 코드를 읽는다.	"from transformers import pipeline\n\nclf = pipeline(""text-classification"")\nprint(clf(""hello""))"	pipeline('text-classification')은 무엇에 가까운가?	텍스트 분류 추론 파이프라인	"pipeline(""text-classification"")은 텍스트 전처리, 분류 모델 호출, label·score 후처리를 묶은 callable을 만든다. 모델을 지정하지 않으면 설치된 Transformers 버전의 기본 모델을 선택하고 처음에는 파일을 다운로드할 수 있어 결과·용량·네트워크 의존성이 고정되지 않는다. clf(""hello"")를 호출해야 실제 추론이 실행되며 보통 label과 score를 담은 결과가 나온다."	빠른 모델 테스트 코드에서 자주 보인다.	meaning_choice	"[""import"",""print"",""transformers"",""pipeline"",""inference""]"
9	python_ai_toolchain_expansion_v12.json	PY12_L09_quantization_4bit_001	4bit quantization 읽기	4bit 양자화가 모델 메모리 사용량을 줄이는 방법임을 이해한다.	from transformers import BitsAndBytesConfig\n\nquantization_config = BitsAndBytesConfig(load_in_4bit=True)	load_in_4bit=True의 목적에 가까운 것은?	4bit 양자화 설정으로 모델 가중치 메모리를 줄인다	BitsAndBytesConfig(load_in_4bit=True)는 지원되는 Linear 가중치를 4-bit 방식으로 양자화해 불러오도록 Transformers에 전달할 설정을 만든다. 이 객체를 from_pretrained(..., quantization_config=quantization_config)에 넘겨야 실제 로드에 적용된다. 주로 가중치 메모리를 줄이지만 모든 tensor와 연산이 4-bit가 되는 것은 아니며, bitsandbytes·Accelerate·지원 하드웨어와 모델 호환성 및 품질·속도를 확인해야 한다.	8GB/24GB GPU에서 로컬 LLM을 다룰 때 중요하다.	meaning_choice	"[""import"",""quantization"",""4bit"",""vram"",""llm""]"
9	python_ai_toolchain_expansion_v12.json	PY12_L09_sentence_transformer_001	SentenceTransformer encode 읽기	문장을 임베딩 벡터로 바꾸고 검색에 쓰는 흐름을 읽는다.	"from sentence_transformers import SentenceTransformer\n\nmodel = SentenceTransformer(""all-MiniLM-L6-v2"")\nvectors = model.encode([""hello"", ""world""])"	model.encode의 목적은?	문장을 벡터로 바꾼다	SentenceTransformer는 각 문자열을 선택한 모델의 embedding 벡터로 변환한다. 두 입력을 넣었으므로 vectors의 첫 축에는 두 문장의 결과가 놓이고, 기본 반환 형식은 보통 NumPy 배열이다. encode만으로 벡터가 반드시 단위 길이로 정규화되지는 않으므로 cosine·dot product 선택과 normalize_embeddings 설정을 함께 확인한다. 모델 이름을 처음 쓰면 파일 다운로드가 필요할 수 있다.	네 검색 router/RAG 실험과 직접 연결된다.	meaning_choice	"[""import"",""sentence_transformers"",""embedding"",""encode""]"
9	python_ai_toolchain_expansion_v12.json	PY12_L09_tensor_to_device_001	tensor.to(device) 읽기	입력 텐서를 모델과 같은 장치로 옮기는 코드를 읽는다.	"inputs = tokenizer(text, return_tensors=""pt"")\ninputs = {k: v.to(device) for k, v in inputs.items()}"	두 번째 줄의 목적은?	입력 텐서들을 device로 옮긴다	tensor.to(device)는 입력 데이터를 CPU나 GPU로 옮긴다. 모델이 GPU에 있으면 입력 텐서도 같은 GPU로 옮겨야 오류를 피할 수 있다. CPU 텐서와 GPU 모델이 섞이면 device mismatch 오류가 날 수 있으므로 위치를 맞춰야 한다.	Transformers 추론 코드에서 자주 보이는 패턴이다.	meaning_choice	"[""torch"",""tensor"",""device"",""cuda""]"
9	python_ai_toolchain_expansion_v12.json	PY12_L09_tokenizer_001	AutoTokenizer 읽기	텍스트를 모델 입력 토큰으로 바꾸는 tokenizer 로딩 코드를 읽는다.	from transformers import AutoTokenizer\n\ntokenizer = AutoTokenizer.from_pretrained(model_id)	tokenizer의 역할은?	텍스트를 모델이 읽을 토큰으로 바꾼다	tokenizer는 원문 문자열을 모델이 이해할 수 있는 토큰 ID로 바꾼다. LLM은 문장 그대로가 아니라 숫자 토큰 배열을 입력으로 받는다. 토큰화 결과의 길이는 모델 입력 한도와 비용에 직접 영향을 주므로 추론 전에 확인해야 한다.	Transformers 코드의 시작점이다.	meaning_choice	"[""import"",""transformers"",""tokenizer"",""llm""]"
9	python_analytics_privacy_optin_v60.json	PY60_L09_analytics_toggle_ui_001	analytics toggle UI 읽기	설정 화면에서 분석 수집 여부를 켜고 끄는 UI를 이해한다.	"<label><input type=""checkbox"" /> 익명 사용 통계 허용</label>"	analytics toggle UI의 목적은?	사용자가 분석 수집 여부를 직접 조절하게 하기 위해	analytics toggle UI는 사용자가 선택적 분석 수집을 켜고 끄는 설정이다. 체크박스는 기본적으로 선택되지 않아야 하고, 현재 저장된 선택 상태를 화면에 정확히 반영해야 한다. 끄는 순간 이벤트 생성·대기·전송이 실제로 멈추는지와 철회 이후 데이터 처리 방법까지 검증해야 한다.	감사 v2에서 ANALYTICS_PRIVACY_OPT_IN이 0 hits였으므로, v60은 학습앱 분석, 이벤트 추적, 개인정보 동의/거부 UX를 보강한다.	meaning_choice	"[""analytics_toggle"",""settings"",""privacy""]"
9	python_analytics_privacy_optin_v60.json	PY60_L09_event_queue_001	event queue 읽기	오프라인 상태에서 이벤트를 잠시 저장했다가 나중에 처리하는 event queue를 이해한다.	eventQueue.push(event)\nflushWhenOnline()	event queue가 필요한 상황은?	오프라인이거나 네트워크가 불안정할 때 이벤트를 나중에 처리하기 위해	event queue는 네트워크가 불안정할 때 전송할 이벤트를 잠시 보관한다. 새로고침에도 유지하려면 메모리 배열이 아니라 보호된 영속 저장소와 만료 정책이 필요할 수 있다. 전송 전에 현재 동의 상태를 다시 확인하고, 사용자가 철회했다면 대기 이벤트를 보내지 말고 정책에 따라 삭제해야 한다.	감사 v2에서 ANALYTICS_PRIVACY_OPT_IN이 0 hits였으므로, v60은 학습앱 분석, 이벤트 추적, 개인정보 동의/거부 UX를 보강한다.	meaning_choice	"[""event_queue"",""offline"",""analytics""]"
9	python_analytics_privacy_optin_v60.json	PY60_L09_learning_metric_001	learning metric 읽기	학습앱에서 볼 수 있는 정답률, 재시도율, 완료율 같은 learning metric을 이해한다.	metrics = {\n  accuracyRate,\n  retryRate,\n  completionRate\n}	learning metric의 예시는?	정답률, 재시도율, 완료율	learning metric은 정답률, 재시도 횟수, 많이 틀린 카드처럼 학습 상태를 보는 지표다. 카드 설명이나 난이도 조정에 활용할 수 있다. 개인정보를 직접 저장하기보다 집계 지표 중심으로 남기면 학습 개선과 privacy 사이의 균형을 잡기 쉽다. 따라서 정답은 ‘정답률, 재시도율, 완료율’이다.	감사 v2에서 ANALYTICS_PRIVACY_OPT_IN이 0 hits였으므로, v60은 학습앱 분석, 이벤트 추적, 개인정보 동의/거부 UX를 보강한다.	meaning_choice	"[""learning_metric"",""analytics"",""education_ux""]"
9	python_analytics_privacy_optin_v60.json	PY60_L09_privacy_safe_metric_001	privacy safe metric 읽기	개인 내용을 노출하지 않고 집계 지표로 품질을 보는 방식을 이해한다.	avgAccuracyByLevel = aggregate(events, 'level')	privacy safe metric의 핵심은?	개인 내용보다 집계된 지표로 앱 품질을 보는 것	개별 메모 원문 대신 level별 평균처럼 집계값을 쓰면 노출 위험을 줄일 수 있다. 하지만 표본이 한두 명뿐이거나 세부 조건을 여러 개 결합하면 개인을 추정할 수 있으므로 집계라고 자동으로 안전해지는 것은 아니다. 최소 집단 크기, 속성 제한, 보존 기간과 접근 통제를 함께 정해야 한다.	감사 v2에서 ANALYTICS_PRIVACY_OPT_IN이 0 hits였으므로, v60은 학습앱 분석, 이벤트 추적, 개인정보 동의/거부 UX를 보강한다.	meaning_choice	"[""privacy_safe_metric"",""aggregation"",""analytics""]"
9	python_architecture_layers_patterns_v41.json	PY41_L09_boundary_001	boundary 읽기	코드와 코드 사이의 경계를 명확히 두는 이유를 이해한다.	UI boundary: click, render\nAPI boundary: request, response\nStorage boundary: read, write	boundary가 명확하면 좋은 점은?	문제가 어느 경계 안쪽에서 생겼는지 좁히기 쉽다	경계가 명확하면 UI 문제, API 문제, 저장소 문제를 분리해서 추적할 수 있다. Boundary는 책임이 나뉘는 경계다. 화면, 서버, DB, 외부 API 중 어디까지가 한 모듈의 책임인지 확인하면 수정 범위와 오류 위치를 좁히기 쉽다.	Qwen 응답 문제도 UI, API, 모델 호출, 프롬프트 경계를 나누어 봐야 원인을 찾기 쉽다.	meaning_choice	"[""boundary"",""module_boundary"",""api_boundary""]"
9	python_architecture_layers_patterns_v41.json	PY41_L09_dependency_injection_001	dependency injection 읽기	필요한 의존성을 함수나 객체 바깥에서 넣어주는 방식을 이해한다.	def build_recommender(card_repo):\n    return Recommender(card_repo)\n\nrecommender = build_recommender(JsonCardRepo())	dependency injection의 장점은?	실제 저장소 대신 테스트용 저장소를 넣기 쉬워진다	dependency injection은 필요한 의존성을 함수나 객체 안에서 직접 만들지 않고 바깥에서 넣어 주는 방식이다. 교체와 테스트가 쉬워진다. 예를 들어 실제 DB 대신 fake repository를 넣으면 외부 환경 없이도 테스트할 수 있다.	실제 lesson JSON 대신 작은 샘플 repo를 넣어 추천 로직만 테스트할 수 있다.	meaning_choice	"[""def"",""function"",""return"",""dependency_injection"",""dependency"",""testability""]"
9	python_architecture_layers_patterns_v41.json	PY41_L09_pure_function_side_effect_001	pure function vs side effect 읽기	계산만 하는 함수와 외부 상태를 바꾸는 함수를 구분한다.	pure:\n  score = grade(answer, correct)\n\nside effect:\n  localStorage.setItem('progress', score)	side effect에 가까운 것은?	localStorage에 값을 저장한다	side effect는 파일, DB, 화면, 네트워크, localStorage처럼 함수 밖의 상태를 바꾸는 동작이다. pure function은 같은 입력에 항상 같은 출력을 내고 외부 상태를 바꾸지 않는다. side effect는 파일 저장, 로그, 네트워크 요청처럼 바깥에 영향을 남긴다. 따라서 정답은 ‘localStorage에 값을 저장한다’이다.	채점 계산은 pure function으로 두고, 진도 저장은 side effect로 분리하면 테스트가 쉬워진다.	meaning_choice	"[""pure_function"",""side_effect"",""state""]"
9	python_architecture_layers_patterns_v41.json	PY41_L09_separation_of_concerns_001	separation of concerns 읽기	서로 다른 관심사를 분리해 코드를 읽기 쉽게 만드는 원칙을 이해한다.	bad:\n  fetch + select + render + save in one function\n\nbetter:\n  fetchCards()\n  selectCards()\n  renderCards()\n  saveProgress()	separation of concerns의 의미는?	데이터 가져오기, 선택, 화면 표시, 저장 같은 관심사를 나눈다	데이터 가져오기, 선택 규칙, 화면 렌더링, 진행 저장은 서로 다른 변경 이유를 가지므로 분리할 수 있다. 함수 이름을 네 개로 나눈 것만으로 경계가 생기는 것은 아니다. 입력·출력을 명시하고 숨은 공유 상태와 순환 의존을 줄여야 각 부분을 독립적으로 테스트하고 교체할 수 있다.	카드 로딩, 복습 선택, 화면 렌더링, progress 저장을 분리하는 방향과 연결된다.	meaning_choice	"[""separation_of_concerns"",""responsibility"",""architecture""]"
9	python_async_batch_queue_v26.json	PY26_L09_checkpoint_resume_001	checkpoint/resume 읽기	이미 끝난 작업을 기록해 재실행 시 건너뛰는 구조를 읽는다.	"done = load_done_ids(""done.txt"")\n\nfor item in items:\n    if item.id in done:\n        continue\n    process(item)\n    append_done_id(""done.txt"", item.id)"	item.id가 done에 있으면 어떻게 되는가?	이미 처리된 것으로 보고 건너뛴다	done에 있는 id는 `continue`로 건너뛴다. 대량의 id를 다룬다면 `done`을 set으로 만들어 membership 검사를 빠르게 하는 편이 좋다. 주의할 점은 `process(item)`의 외부 작업이 성공한 뒤 checkpoint 기록만 실패하는 경우다. 그러면 재실행 때 같은 item이 다시 처리될 수 있다. 따라서 외부 작업을 재실행해도 안전하게 만들거나, 결과 저장과 checkpoint 기록을 하나의 원자적 작업으로 묶는 방법을 고려한다. 여러 worker가 동시에 실행된다면 같은 id를 둘 이상이 가져가지 않도록 claim 방식도 필요하다.	노드패스 shard, PDF 추출, 대량 API 호출 재개에 직접 연결된다.	meaning_choice	"[""if"",""for"",""continue"",""checkpoint"",""resume"",""long_running_job""]"
9	python_async_batch_queue_v26.json	PY26_L09_retry_queue_001	retry queue 읽기	실패한 작업만 따로 모아 재시도하는 구조를 읽는다.	failed = []\nfor item in items:\n    try:\n        process(item)\n    except Exception:\n        failed.append(item)\n\nfor item in failed:\n    retry_process(item)	failed 리스트에는 무엇이 들어가는가?	처리 중 예외가 난 item	첫 loop에서 Exception이 난 원래 item object가 failed에 들어가고 두 번째 loop에서 한 번 더 처리된다. broad Exception은 영구 data error와 일시 network error를 구분하지 않으며 retry_process의 exception도 잡지 않는다. error type·attempt count·last error·next retry time을 기록하고 안전한 operation에만 backoff와 dead-letter 정책을 적용한다.	대량 다운로드/모델 호출/카드 생성에서 실패 샘플만 따로 복구할 때 유용하다.	meaning_choice	"[""for"",""try_except"",""retry_queue"",""failed_items"",""resilience""]"
9	python_async_batch_queue_v26.json	PY26_L09_semaphore_limit_001	Semaphore 동시성 제한 읽기	동시에 너무 많은 작업이 실행되지 않게 제한하는 코드를 읽는다.	sem = asyncio.Semaphore(5)\n\nasync def guarded_fetch(url):\n    async with sem:\n        return await fetch(url)	Semaphore(5)의 의미에 가장 가까운 것은?	동시에 최대 5개 작업만 들어가게 제한한다	이 semaphore를 공유하며 async with 영역에 들어오는 cooperating coroutine은 동시에 최대 다섯 개다. block 밖의 작업은 제한되지 않고 여러 process에는 별도 semaphore가 있으므로 system 전체 rate limit은 아니다. 요청/초 단위 제한이 필요하면 time-based limiter도 함께 사용하고, 적절한 timeout과 cancellation을 처리한다.	외부 API 호출, 다운로드, 모델 추론 요청을 과하게 몰지 않게 할 때 필요하다.	meaning_choice	"[""return"",""asyncio"",""semaphore"",""concurrency_limit""]"
9	python_async_batch_queue_v26.json	PY26_L09_worker_pool_001	worker pool 구조 읽기	여러 worker가 queue에서 작업을 꺼내 처리하는 구조를 이해한다.	from queue import Queue\nfrom threading import Thread\n\nq = Queue()\nfor item in items:\n    q.put(item)\nfor _ in range(4):\n    q.put(None)\n\ndef worker():\n    while True:\n        item = q.get()\n        try:\n            if item is None:\n                return\n            process(item)\n        finally:\n            q.task_done()\n\nthreads = [Thread(target=worker) for _ in range(4)]\nfor thread in threads:\n    thread.start()\nq.join()\nfor thread in threads:\n    thread.join()	Thread를 4개 시작하는 이유는?	여러 worker가 작업을 나눠 처리하게 하려고	네 thread가 하나의 thread-safe Queue에서 서로 다른 item을 가져가므로 I/O-bound work를 나눌 수 있다. q.empty 확인 뒤 다른 thread가 item을 가져가는 race를 없애고 sentinel None으로 종료한다. finally의 task_done, q.join과 thread.join으로 실패 없이 가져간 모든 queue item과 thread 종료를 기다린다. process exception을 수집·전파하는 정책은 여전히 별도로 필요하다.	다운로드/변환/검증 작업을 병렬화할 때 자주 쓰는 구조다.	meaning_choice	"[""if"",""for"",""while"",""def"",""function"",""return"",""try_except"",""import"",""range"",""worker_pool"",""queue"",""parallel""]"
9	python_async_queue_batch_jobs_v36.json	PY36_L09_checkpoint_001	checkpoint 읽기	긴 작업 중간 결과를 저장해 재시작 가능한 구조를 이해한다.	after each shard:\n    save_result(shard_id)\n    write_checkpoint(last_done=shard_id)	checkpoint를 저장하는 이유는?	중간에 멈춰도 완료 지점부터 이어가기 위해	checkpoint는 긴 작업에서 완료 사실을 내구성 있게 기록해 재시작 위치를 정한다. 결과 저장과 checkpoint 갱신 사이에 중단될 수 있으므로 둘을 transaction으로 묶거나, 다시 처리해도 같은 결과가 되는 idempotent 저장을 사용해야 한다. 단순히 last_done 하나만 쓰면 작업 순서가 바뀌거나 병렬 완료될 때 누락될 수도 있다.	EC2나 ICT 서버에서 긴 노드패스/샤드 작업을 돌릴 때 핵심이다.	meaning_choice	"[""checkpoint"",""resume"",""long_running_job""]"
9	python_async_queue_batch_jobs_v36.json	PY36_L09_concurrency_parallelism_001	concurrency와 parallelism 구분	동시에 진행되는 것처럼 다루는 concurrency와 실제 여러 계산을 동시에 하는 parallelism을 구분한다.	concurrency:\n  one worker switches between tasks\n\nparallelism:\n  multiple workers run tasks at the same time	parallelism에 가까운 설명은?	여러 worker가 실제로 동시에 작업한다	concurrency는 여러 작업의 진행 구간이 겹치도록 관리하는 개념이고 parallelism은 같은 순간에 실제 실행되는 작업이 둘 이상인 상태다. 그림은 각각 한 event-loop worker의 전환과 여러 worker의 동시 실행을 단순화한 예다. concurrency도 여러 스레드를 쓸 수 있으므로 worker 수만으로 두 개념을 정의하지는 않는다.	GPU 여러 대, 프로세스 여러 개, API 요청 여러 개의 차이를 이해할 때 필요하다.	meaning_choice	"[""concurrency"",""parallelism"",""performance""]"
9	python_async_queue_batch_jobs_v36.json	PY36_L09_semaphore_001	semaphore 읽기	동시에 실행되는 작업 수를 제한하는 semaphore 개념을 이해한다.	sem = Semaphore(3)\n\nasync with sem:\n    await call_api(job)	Semaphore(3)의 의미로 가장 가까운 것은?	동시에 최대 3개까지만 실행하게 제한한다	Semaphore(3)을 공유하는 task들이 async with sem 구간에 들어갈 수 있는 허가를 최대 3개까지 갖게 한다. 따라서 이 semaphore를 실제로 함께 사용하는 호출만 동시에 최대 3개로 제한된다. 다른 프로세스나 semaphore를 거치지 않는 호출까지 전역으로 제한하는 것은 아니다.	샤드 병렬 처리나 외부 API 호출 수를 조절할 때 중요하다.	meaning_choice	"[""semaphore"",""concurrency_limit"",""rate_limit""]"
9	python_auth_security_tokens_permissions_v38.json	PY38_L09_oauth_001	OAuth 기초 읽기	Google 같은 외부 계정으로 로그인하는 OAuth 흐름을 이해한다.	"User clicks ""Login with Google""\nGoogle authenticates the user and asks consent\nApp validates the OpenID Connect result\nApp creates its own session"	Google verifies user 다음 단계로 자연스러운 것은?	App receives auth result	OAuth 2.0은 앱이 사용자의 비밀번호를 받지 않고 제한된 리소스 접근 권한을 위임받는 framework다. 'Google로 로그인'처럼 사용자 인증 정보를 받으려면 보통 OAuth 위의 OpenID Connect를 사용해 ID token의 signature, issuer, audience, nonce 등을 검증한다. 단순히 redirect에서 값을 받았다는 이유만으로 session을 만들면 안 된다.	학습앱을 Google 계정 기반으로 확장할 때 필요한 흐름이다.	order_choice	"[""OAuth"",""Google_login"",""delegated_auth""]"
9	python_auth_security_tokens_permissions_v38.json	PY38_L09_password_hash_001	password hash 읽기	비밀번호 원문을 저장하지 않고 해시를 저장하는 이유를 이해한다.	password_hash = argon2.hash(plain_password)\n\n# later, during login\nargon2.verify(password_hash, submitted_password)	DB에 password_hash를 저장하는 이유는?	비밀번호 원문 노출 위험을 줄이기 위해	비밀번호는 원문이나 빠른 일반 hash 대신 Argon2id 같은 비밀번호용 KDF로 무작위 salt와 함께 저장한다. 로그인 때 새 hash 문자열이 같은지 비교하는 것이 아니라 검증 함수가 저장된 parameter·salt를 사용해 submitted_password를 확인한다. 검증 성공 뒤 필요하면 더 강한 parameter로 재해시한다.	직접 회원가입을 구현한다면 반드시 알아야 하는 기본 보안이다.	meaning_choice	"[""comment"",""password_hash"",""hashing"",""security""]"
9	python_auth_security_tokens_permissions_v38.json	PY38_L09_secret_env_001	secret / env 읽기	비밀값을 코드가 아니라 환경변수로 주입하는 방식을 이해한다.	"import os\n\napi_key = os.environ[""OPENAI_API_KEY""]"	환경변수를 쓰는 이유로 가장 맞는 것은?	비밀값을 코드 파일에 직접 쓰지 않기 위해	환경 변수는 환경마다 다른 비밀값을 소스 코드와 저장소에서 분리하는 한 방법이다. 하지만 환경 변수라고 자동으로 안전한 것은 아니며 프로세스, 오류 로그, 진단 화면, CI 설정을 통해 노출될 수 있다. 최소 권한과 회전 정책을 적용하고 운영 환경에서는 접근 통제된 비밀 저장소를 함께 검토한다.	GitHub에 올라가는 코드에는 비밀키가 없어야 한다.	meaning_choice	"[""import"",""secret"",""environment_variable"",""env""]"
9	python_auth_security_tokens_v22.json	PY22_L09_jwt_payload_claims_001	JWT payload claim 읽기	토큰 payload 안의 sub, exp 같은 claim 의미를 이해한다.	"payload = {\n    ""sub"": ""user_123"",\n    ""role"": ""admin"",\n    ""exp"": 1893456000\n}"	sub claim은 보통 무엇을 나타내는가?	token이 가리키는 subject의 identifier	sub는 subject를 뜻하며 issuer의 문맥에서 token이 가리키는 주체의 identifier다. 주체가 사용자일 수 있지만 service나 다른 entity일 수도 있으므로 항상 user id라고 단정하지 않는다. payload를 decode한 것만으로는 믿을 수 없고 signature와 exp, iss, aud 등 application이 요구하는 claims를 검증해야 한다.	사용자별 API key 저장/조회, 개인 학습 기록 분리와 연결된다.	meaning_choice	"[""jwt"",""claim"",""exp"",""sub"",""payload""]"
9	python_auth_security_tokens_v22.json	PY22_L09_password_hash_001	비밀번호 해시 검증 읽기	비밀번호 원문을 저장하지 않고 해시 검증을 하는 구조를 이해한다.	"def login(email, password):\n    user = repo.find_user_by_email(email)\n    if not verify_password(password, user.password_hash):\n        raise HTTPException(status_code=401, detail=""invalid login"")\n    return create_access_token(user.id)"	user.password_hash를 쓰는 이유에 가장 가까운 것은?	비밀번호 원문 대신 해시를 저장/검증하기 위해	repo 결과가 없을 때도 같은 generic 401을 반환하고 timing 차이를 줄여 account 존재 여부 노출을 막아야 한다. verify_password는 저장 hash에 포함된 salt와 cost를 이용하는 Argon2id, bcrypt, scrypt, PBKDF2 같은 password hashing scheme으로 검증해야 한다. 일반 fast hash나 직접 == 비교는 부적절하며 plaintext password를 저장하거나 log에 남기면 안 된다.	교육 서비스나 API 앱에서 자체 로그인 구현을 읽을 때 중요한 보안 개념이다.	meaning_choice	"[""if"",""def"",""function"",""return"",""password_hash"",""verify"",""security""]"
9	python_auth_security_tokens_v22.json	PY22_L09_permission_check_001	권한 체크 코드 읽기	인증은 되었지만 권한이 부족할 때 403을 반환하는 구조를 읽는다.	"def require_admin(user):\n    if user[""role""] != ""admin"":\n        raise HTTPException(status_code=403, detail=""forbidden"")"	role이 admin이 아니면 어떤 상태 코드가 나오는가?	403	인증된 user의 신뢰할 수 있는 role이 admin이 아니면 이 함수는 403 Forbidden을 발생시킨다. user가 단순 client 입력 dict라면 role을 위조할 수 있으므로 검증된 token claim이나 server-side 권한 저장소에서 가져와야 한다. 세밀한 시스템에서는 role 한 개보다 resource와 action을 함께 검사하고, user에 role key가 없을 때의 오류도 처리한다.	관리자용 데이터 수정 API와 일반 사용자 API를 구분하는 데 필요하다.	meaning_choice	"[""if"",""def"",""function"",""permission"",""role"",""authorization"",""403""]"
9	python_auth_security_tokens_v22.json	PY22_L09_refresh_token_001	access token과 refresh token 흐름 읽기	짧은 access token과 긴 refresh token을 구분한다.	if access_token_expired:\n    access_token = refresh_access_token(refresh_token)	refresh token의 역할에 가장 가까운 것은?	만료된 access token을 새로 발급받는 데 사용한다	refresh token은 authorization server 정책이 허용하는 동안 새 access token을 요청하는 credential이다. access token보다 오래 사는 경우가 많아 탈취 피해도 크다. 안전한 저장, server-side revoke, rotation과 reuse detection, session 종료 시 폐기가 필요하며 client가 임의로 token을 새로 만드는 것은 아니다.	사용자 API 키를 계정 단위로 불러오는 앱 구조와 연결된다.	meaning_choice	"[""if"",""access_token"",""refresh_token"",""session"",""auth""]"
9	python_broad_expansion_v3.json	PY3_L09_dataclass_list_001	dataclass 리스트 읽기	여러 데이터 객체를 리스트에 담아 처리하는 코드를 읽는다.	"from dataclasses import dataclass\n\n@dataclass\nclass Node:\n    id: str\n    label: str\n\nnodes = [Node(""n001"", ""LiDAR""), Node(""n002"", ""Radar"")]\nprint(nodes[1].label)"	출력은?	Radar	리스트 안에 dataclass 객체를 넣으면 순서대로 접근할 수 있다. nodes[1]은 두 번째 Node 객체이고 그 label 값은 Radar다. dataclass를 쓰면 관련 필드를 이름 있는 객체로 묶어 리스트 안에서도 의미를 잃지 않는다.	명확한 데이터 구조를 만들고 리스트로 처리하는 프로젝트 코드에서 자주 보인다.	output_prediction	"[""import"",""print"",""dataclass"",""list"",""class""]"
9	python_broad_expansion_v3.json	PY3_L09_fastapi_query_001	FastAPI query parameter 읽기	URL 쿼리 파라미터가 함수 인자로 들어오는 구조를 읽는다.	"@app.get(""/api/search"")\ndef search(q: str, limit: int = 10):\n    return {""query"": q, ""limit"": limit}"	limit: int = 10의 의미는?	limit 기본값은 10이고 정수로 받는다	app이 FastAPI 객체라는 전제에서 경로에 포함되지 않은 q와 limit은 쿼리 파라미터가 된다. URL의 값은 문자열로 오지만 FastAPI가 limit을 int로 변환하고 검증한다. limit을 생략하면 기본값 10을 쓰고, 정수로 바꿀 수 없는 값을 보내면 검증 오류 응답이 난다. q에는 기본값이 없으므로 필수다. 질문의 정답은 ‘limit 기본값은 10이고 정수로 받는다’이다.	검색 API와 RAG API 서버 구조를 읽을 때 중요하다.	meaning_choice	"[""def"",""function"",""return"",""fastapi"",""query_parameter"",""endpoint""]"
9	python_broad_expansion_v3.json	PY3_L09_pydantic_validation_001	Pydantic 검증 흐름 읽기	입력 데이터가 스키마에 맞는지 검사되는 구조를 읽는다.	"from pydantic import BaseModel\n\nclass Item(BaseModel):\n    title: str\n    score: float\n\nitem = Item(title=""news"", score=0.8)\nprint(item.score)"	출력은?	0.8	Item을 만들 때 Pydantic이 title과 score를 선언된 필드에 맞게 검증하고, 성공하면 Item 객체를 만든다. 이 입력의 score는 유효한 0.8이므로 item.score도 0.8이고 그대로 출력된다. 기본 설정에서는 일부 입력을 선언 타입으로 변환할 수 있지만 strict 설정에서는 변환 규칙이 달라지며, 변환할 수 없는 입력은 ValidationError를 낸다.	API 요청/응답과 데이터 검증 코드에서 자주 나온다.	output_prediction	"[""class"",""import"",""print"",""pydantic"",""validation"",""schema""]"
9	python_broad_expansion_v3.json	PY3_L09_sqlite_query_001	sqlite3 조회 코드 읽기	파이썬에서 SQL을 실행해 데이터를 조회하는 흐름을 읽는다.	"import sqlite3\n\nconn = sqlite3.connect(""app.db"")\nrows = conn.execute(""SELECT title FROM items LIMIT 10"").fetchall()\nprint(len(rows))"	이 코드는 무엇을 하는가?	DB에서 title을 최대 10개 조회한다	sqlite3.connect는 app.db 연결을 열고, SELECT title FROM items LIMIT 10은 items 테이블에서 title 한 컬럼을 최대 10행 조회한다. fetchall()은 결과를 튜플 목록으로 가져오며 print(len(rows))는 실제로 조회된 행 수를 출력한다. 이 예제는 연결을 닫지 않으므로 실제 코드에서는 with 문이나 conn.close()로 정리하는지도 확인해야 한다.	로컬 DB, 메타 인덱스, 캐시 DB를 읽을 때 도움이 된다.	meaning_choice	"[""import"",""print"",""sqlite"",""sql"",""database""]"
9	python_card_authoring_pipeline_v58.json	PY58_L09_answer_quality_check_001	answer quality check 읽기	정답이 선택지에 있고 설명이 충분한지 확인하는 품질 검사를 이해한다.	assert card.answer in card.choices\nassert explanationSupportsAnswer(card)\nassert codeAndQuestionAgree(card)	answer quality check에서 확인할 것은?	정답 포함 여부와 설명 품질	answer membership은 객관적으로 검사할 수 있지만 explanation 길이가 20자를 넘는다고 품질이 보장되지는 않는다. 설명이 왜 정답인지 code 결과와 질문에 맞게 뒷받침하는지, 오개념을 만들지 않는지는 의미 검사와 사람 review가 필요하다.	감사 v2에서 CONTENT_AUTHORING_PIPELINE이 0 hits였으므로, v58은 카드 제작, 검토, 검증, 배포 흐름을 보강한다.	meaning_choice	"[""answer_quality"",""validation"",""quality_gate""]"
9	python_card_authoring_pipeline_v58.json	PY58_L09_concept_tag_review_001	concept tag review 읽기	카드에 붙은 concepts 태그가 검색과 복습에 맞는지 검토하는 방식을 이해한다.	reviewConcepts(card.concepts)	concept tag review가 중요한 이유는?	검색과 필터, 복습 추천이 concepts를 기준으로 동작하기 때문에	concept tag review는 카드에 붙은 개념 태그가 내용과 맞는지 확인하는 절차다. 태그가 부정확하면 좋은 카드도 검색과 복습에서 찾기 어렵다. 태그는 추천, 필터, 복습 큐에 영향을 주므로 내용 검토만큼 중요하게 봐야 한다.	감사 v2에서 CONTENT_AUTHORING_PIPELINE이 0 hits였으므로, v58은 카드 제작, 검토, 검증, 배포 흐름을 보강한다.	meaning_choice	"[""concept_tag"",""tag_review"",""metadata""]"
9	python_card_authoring_pipeline_v58.json	PY58_L09_duplicate_card_check_001	duplicate card check 읽기	새 카드가 기존 카드와 중복되는지 확인하는 검사를 이해한다.	if normalizedTitle in existingTitles:\n  warnDuplicate()	duplicate card check의 목적은?	비슷한 카드가 불필요하게 반복되는 것을 줄이기 위해	normalized title이 같으면 duplicate 후보로 경고하지만 제목이 같아도 학습 목표가 다를 수 있고 제목이 달라도 사실상 같은 card일 수 있다. ID uniqueness는 hard error로, question·answer·concept similarity는 reviewer가 확인할 후보로 구분한다. 자동으로 삭제하지 않는다.	감사 v2에서 CONTENT_AUTHORING_PIPELINE이 0 hits였으므로, v58은 카드 제작, 검토, 검증, 배포 흐름을 보강한다.	meaning_choice	"[""if"",""duplicate_check"",""quality_gate"",""authoring""]"
9	python_card_authoring_pipeline_v58.json	PY58_L09_publish_step_001	publish step 읽기	검증된 카드를 앱 데이터 버전에 연결해 배포하는 publish step을 이해한다.	APP_DATA_VERSION = '20260531_v58'	publish step에서 버전을 올리는 이유는?	브라우저가 새 데이터 파일을 다시 불러오게 하기 위해	APP_DATA_VERSION 변경은 version query를 쓰는 cache에 새 URL을 유도할 수 있다. 하지만 새 file이 manifest·lesson list에 실제 연결되고 배포됐는지, service worker가 query를 존중하는지와 schema compatibility를 별도 확인해야 한다. version string만 올려도 publish가 완성되는 것은 아니다.	감사 v2에서 CONTENT_AUTHORING_PIPELINE이 0 hits였으므로, v58은 카드 제작, 검토, 검증, 배포 흐름을 보강한다.	meaning_choice	"[""publish_step"",""release"",""app_version""]"
9	python_class_object_datamodel_v31.json	PY31_L09_card_model_001	Card 모델 읽기	카드 JSON의 필드를 Python 모델로 옮겨 읽는 법을 익힌다.	@dataclass\nclass Card:\n    id: str\n    level: int\n    title: str\n    question: str\n    choices: list[str]\n    answer: str	choices: list[str]의 의미는?	문자열 리스트를 기대한다	choices: list[str]는 programmer와 type checker에게 문자열 list를 의도한다고 알리는 annotation이다. 일반 dataclass constructor는 runtime에서 실제 element type을 자동 검사하지 않으므로 choices=[1]도 별도 validation 없이는 들어갈 수 있다. JSON input boundary에서 schema validation을 수행해야 한다.	lesson JSON 검증을 더 강하게 만들 때 Card 모델을 둘 수 있다.	meaning_choice	"[""class"",""Card_model"",""dataclass"",""schema""]"
9	python_class_object_datamodel_v31.json	PY31_L09_dataclass_001	dataclass 읽기	데이터를 담는 class를 간단히 만드는 dataclass를 이해한다.	from dataclasses import dataclass\n\n@dataclass\nclass Card:\n    id: str\n    level: int\n    title: str	@dataclass의 주된 용도는?	데이터를 담는 클래스를 간단히 만들기	@dataclass는 annotated field를 바탕으로 기본적으로 __init__, __repr__, __eq__ 등을 생성해 boilerplate를 줄인다. type annotation을 runtime에서 자동 검증하거나 object를 immutable하게 만들지는 않는다. validation이 필요하면 __post_init__나 validation library를 쓰고, immutability는 frozen=True 같은 option을 명시한다.	Card, Progress, ManifestRow 같은 구조를 명확히 표현할 때 유용하다.	meaning_choice	"[""class"",""import"",""dataclass"",""data_model"",""type_hint""]"
9	python_class_object_datamodel_v31.json	PY31_L09_dict_vs_object_001	dict와 object 비교 읽기	dict 접근과 object 속성 접근의 차이를 구분한다.	"card_dict = {""title"": ""dict 카드""}\nprint(card_dict[""title""])\n\ncard_obj = Card(""object 카드"")\nprint(card_obj.title)"	dict와 object의 title 접근 방식으로 맞는 것은?	"dict는 [""title""], object는 .title"	"built-in dict는 card_dict[""title""]처럼 key로 읽고 이 Card instance는 card_obj.title attribute로 읽는다. 모든 object가 .title을 갖는 것은 아니고 custom mapping이나 __getattr__로 behavior를 바꿀 수도 있다. interface를 섞을 때 실제 type과 contract를 확인한다."	JSON을 그대로 쓰면 dict, 모델로 바꾸면 object 관점으로 읽게 된다.	meaning_choice	"[""print"",""dict"",""object"",""data_access""]"
9	python_class_object_datamodel_v31.json	PY31_L09_progress_model_001	Progress 모델 읽기	학습 진행상태를 하나의 모델로 묶는 구조를 이해한다.	@dataclass\nclass Progress:\n    seen: set[str]\n    correct: set[str]\n    confused: set[str]	Progress 모델이 묶는 것은?	본 카드, 맞힌 카드, 헷갈린 카드 상태	관련 있는 상태값을 하나의 모델로 묶으면 함수 인자가 단순해지고 의미가 분명해진다. Progress 모델은 사용자의 학습 상태를 구조화해서 저장하는 객체다. 어떤 필드가 점수, 완료 여부, 마지막 학습 시각을 나타내는지 확인해야 한다. 따라서 정답은 ‘본 카드, 맞힌 카드, 헷갈린 카드 상태’이다.	현재 앱의 progress 구조를 Python 쪽으로 옮긴다면 이런 모델이 된다.	meaning_choice	"[""class"",""Progress_model"",""state"",""set"",""dataclass""]"
9	python_compute_concepts_v13.json	PY13_L09_edge_ai_npu_001	NPU와 온디바이스 AI	NPU가 서버 GPU와 달리 기기 내부 저전력 추론에 자주 쓰인다는 점을 이해한다.	# phone/laptop side\n# camera frame -> NPU inference -> result on device	NPU가 특히 자주 언급되는 상황은?	휴대폰/노트북/엣지 장치에서 AI 추론을 할 때	NPU는 AI 연산을 전력 효율적으로 처리하도록 만든 가속기다. 전력과 지연시간이 중요한 온디바이스 AI에서 자주 등장한다. 스마트폰이나 작은 기기처럼 배터리와 발열 제약이 큰 환경을 떠올리면 이해하기 쉽다. 따라서 정답은 ‘휴대폰/노트북/엣지 장치에서 AI 추론을 할 때’이다.	AI PC, 스마트폰 AI, 로봇 엣지 추론을 이해하는 데 필요하다.	meaning_choice	"[""comment"",""npu"",""edge_ai"",""inference"",""latency""]"
9	python_compute_concepts_v13.json	PY13_L09_gpu_memory_001	GPU 메모리와 모델 크기	VRAM이 모델 크기, 입력 길이, batch size에 영향을 받는다는 것을 이해한다.	# 큰 모델 + 긴 입력 + 큰 batch_size = 더 많은 VRAM 사용\nbatch_size = 8\nmax_length = 2048	CUDA out of memory가 나면 먼저 줄여볼 수 있는 것은?	batch_size나 입력 길이	VRAM 사용량은 모델 크기뿐 아니라 입력 길이와 batch size에도 영향을 받는다. GPU 메모리는 모델과 배치 데이터를 올려 두는 공간이다. 모델 크기, batch size, 정밀도 설정이 메모리 사용량에 어떻게 영향을 주는지 확인해야 한다.	로컬 LLM/LoRA 실행에서 자주 필요한 감각이다.	meaning_choice	"[""comment"",""gpu"",""vram"",""model_size"",""batch_size""]"
9	python_compute_concepts_v13.json	PY13_L09_gpu_util_bottleneck_001	GPU util이 낮을 때 해석	GPU가 낮게 보인다고 항상 GPU가 느린 것은 아니라는 점을 이해한다.	# nvidia-smi\n# GPU-Util: 15%\n# Memory-Usage: 7000MiB / 24000MiB	GPU util이 낮을 때 가능한 원인은?	CPU 전처리/I/O/작은 batch가 병목일 수 있다	GPU-Util 15%는 측정 구간에 GPU가 바빴던 비율이 낮다는 신호이지 원인을 확정한 값은 아니다. CPU 전처리·disk/network I/O·작은 batch·잦은 동기화·짧은 kernel·device 전송 때문에 GPU가 기다릴 수 있고, workload 자체가 GPU 연산이 적을 수도 있다. 반복 측정과 profiler로 CPU 시간, data loading, kernel 사이 공백과 전송 시간을 나눠 봐야 한다.	노드패스/배치 작업이 생각보다 안 빨라질 때 해석에 필요하다.	meaning_choice	"[""comment"",""gpu"",""utilization"",""bottleneck"",""cpu""]"
9	python_compute_concepts_v13.json	PY13_L09_inference_training_diff_001	추론과 학습의 계산 차이	추론은 forward 중심, 학습은 backward/optimizer가 추가된다는 점을 이해한다.	# inference\nwith torch.no_grad():\n    output = model(x)\n\n# training\noptimizer.zero_grad()\nloss = model(x).loss\nloss.backward()\noptimizer.step()	학습 코드에만 있는 핵심 흐름은?	loss.backward와 optimizer.step	일반 추론은 no_grad 안에서 forward 결과만 만들지만, 학습은 이전 gradient를 비우고 forward loss를 만든 뒤 backward로 gradient를 계산하고 optimizer.step으로 parameter를 바꾼다. 따라서 학습에만 있는 핵심은 backward와 step이다. 학습은 backward에 필요한 activation과 optimizer 상태를 보관해 보통 추론보다 메모리와 계산을 더 사용한다.	LoRA 학습과 로컬 추론의 자원 차이를 이해한다.	meaning_choice	"[""comment"",""inference"",""training"",""gpu"",""backward""]"
9	python_compute_concepts_v13.json	PY13_L09_tpu_cloud_001	TPU와 클라우드 학습/추론	TPU가 특정 프레임워크/클라우드 환경과 함께 등장하는 경우가 많다는 점을 이해한다.	# TPU는 보통 프레임워크 설정, 클라우드 런타임, 전용 라이브러리와 함께 등장한다.	TPU를 볼 때 같이 확인할 요소는?	클라우드/프레임워크/런타임 지원	TPU는 지원 framework와 compiler가 계산 graph를 TPU 연산으로 바꿀 수 있어야 사용한다. 따라서 model 연산 지원 여부, TPU runtime와 topology, data input pipeline, cloud quota·비용, checkpoint 호환성을 확인한다. GPU도 아무 코드나 자동 가속하는 것은 아니므로 차이는 장치 이름보다 software stack과 workload 지원 범위에서 판단한다.	Colab/클라우드 AI 환경 비교에 도움이 된다.	meaning_choice	"[""comment"",""tpu"",""cloud"",""training"",""accelerator"",""runtime""]"
9	python_core_expansion_v1.json	PY_L09_class_001	class 구조 읽기	class가 데이터와 함수를 묶는 구조임을 읽는다.	"class Node:\n    def __init__(self, label):\n        self.label = label\n\nnode = Node(""LiDAR"")\nprint(node.label)"	출력은?	LiDAR	class는 관련 데이터와 동작을 묶는 설계도다. Node('LiDAR')로 객체를 만들면 그 객체의 label 값으로 LiDAR가 저장된다. 객체를 만들면 설계도인 class에 따라 속성과 메서드를 가진 하나의 데이터 단위가 생긴다.	대형 파이썬 프로젝트나 앱 구조에서 class를 자주 만난다.	output_prediction	"[""def"",""function"",""print"",""class"",""__init__"",""self"",""method""]"
9	python_core_expansion_v1.json	PY_L09_dataclass_001	dataclass 읽기	dataclass가 데이터를 담는 class를 간단히 만드는 구조임을 읽는다.	"from dataclasses import dataclass\n\n@dataclass\nclass Node:\n    label: str\n    kind: str\n\nnode = Node(label=""LiDAR"", kind=""Sensor"")\nprint(node.kind)"	출력은?	Sensor	@dataclass는 선언한 필드를 받는 __init__ 같은 기본 메서드를 자동으로 만들어 준다. Node를 만들 때 kind='Sensor'를 전달하면 그 값이 node.kind에 저장되므로 Sensor가 출력된다. label: str과 kind: str은 타입 힌트이며, dataclass 자체가 실행 중에 전달값의 타입을 자동 검증하는 것은 아니다.	명확한 데이터 구조를 코드로 표현할 때 유용하다.	output_prediction	"[""import"",""print"",""dataclass"",""class"",""type_hint""]"
9	python_core_expansion_v1.json	PY_L09_decorator_001	데코레이터 모양 읽기	FastAPI의 @app.get(...)이 함수를 GET API 경로에 등록하는 데코레이터임을 읽는다.	"@app.get(""/api/search"")\ndef search():\n    return {""ok"": True}"	"@app.get(""/api/search"")는 무엇에 가까운가?"	이 함수가 특정 API 경로와 연결됨	app이 FastAPI 애플리케이션 객체라는 전제에서 @app.get('/api/search')는 바로 아래 search 함수를 GET /api/search 요청의 처리 함수로 등록한다. 함수 정의 시 등록되는 것이며, 이 줄이 search를 즉시 호출한다는 뜻은 아니다. 라우팅 데코레이터를 보면 URL과 처리 함수를 연결해 읽을 수 있다.	웹 API 서버 코드를 읽을 때 자주 보이는 형태다.	meaning_choice	"[""def"",""return"",""decorator"",""function"",""fastapi"",""api""]"
9	python_daily_review_expansion_v9.json	PY9_REVIEW_AI_API_001	[오늘의 코드리뷰 1/6] AI API 호출 코드 전체 목적	긴 AI API 호출 코드를 전체 흐름으로 먼저 읽는다.	"import os\nimport time\nimport json\nimport requests\nfrom pathlib import Path\n\nAPI_URL = ""https://api.example.com/v1/chat/completions""\nOUT_DIR = Path(""outputs"")\nOUT_DIR.mkdir(exist_ok=True)\n\ndef build_payload(prompt, model=""small-chat-model""):\n    return {\n        ""model"": model,\n        ""messages"": [\n            {""role"": ""system"", ""content"": ""Answer briefly and cite evidence when possible.""},\n            {""role"": ""user"", ""content"": prompt},\n        ],\n        ""temperature"": 0.2,\n        ""max_tokens"": 500,\n    }\n\ndef call_llm(prompt, run_id, max_retries=3):\n    token = os.environ.get(""LLM_API_KEY"")\n    if not token:\n        raise RuntimeError(""LLM_API_KEY is missing"")\n\n    headers = {""Authorization"": f""Bearer {token}"", ""Content-Type"": ""application/json""}\n    payload = build_payload(prompt)\n\n    for attempt in range(max_retries):\n        try:\n            response = requests.post(API_URL, headers=headers, json=payload, timeout=30)\n            if response.status_code == 429:\n                time.sleep(2 ** attempt)\n                continue\n            response.raise_for_status()\n            data = response.json()\n            text = data[""choices""][0][""message""][""content""]\n            out_path = OUT_DIR / f""{run_id}.json""\n            out_path.write_text(json.dumps({""prompt"": prompt, ""answer"": text}, ensure_ascii=False, indent=2), encoding=""utf-8"")\n            return text\n        except requests.RequestException:\n            if attempt == max_retries - 1:\n                raise\n            time.sleep(2 ** attempt)"	이 코드의 전체 목적에 가장 가까운 것은?	프롬프트를 LLM API에 보내고 응답을 파일로 저장한다	call_llm은 환경변수의 토큰을 확인하고 build_payload로 요청 본문을 만든 뒤 requests.post를 호출한다. 성공 응답이 예상한 JSON 구조라면 답변을 outputs/{run_id}.json에 쓰고 text를 반환하므로 선택지 중 전체 목적은 ‘프롬프트를 LLM API에 보내고 응답을 파일로 저장한다’이다. 다만 누락된 키·요청 예외·응답 구조 오류에서는 저장되지 않으며, 모든 시도가 429이면 루프 뒤에 명시적 raise나 return이 없어 None으로 끝나는 결함이 있다.	API 호출형 LLM 코드의 큰 구조를 읽는 일일 리뷰다.	review_choice	"[""if"",""for"",""def"",""function"",""return"",""try_except"",""import"",""range"",""continue"",""api"",""llm"",""requests"",""review""]"
9	python_daily_review_expansion_v9.json	PY9_REVIEW_AI_API_002	[오늘의 코드리뷰 2/6] API 키 위치 찾기	API 키가 환경변수에서 읽히는 구조를 찾는다.	"import os\nimport time\nimport json\nimport requests\nfrom pathlib import Path\n\nAPI_URL = ""https://api.example.com/v1/chat/completions""\nOUT_DIR = Path(""outputs"")\nOUT_DIR.mkdir(exist_ok=True)\n\ndef build_payload(prompt, model=""small-chat-model""):\n    return {\n        ""model"": model,\n        ""messages"": [\n            {""role"": ""system"", ""content"": ""Answer briefly and cite evidence when possible.""},\n            {""role"": ""user"", ""content"": prompt},\n        ],\n        ""temperature"": 0.2,\n        ""max_tokens"": 500,\n    }\n\ndef call_llm(prompt, run_id, max_retries=3):\n    token = os.environ.get(""LLM_API_KEY"")\n    if not token:\n        raise RuntimeError(""LLM_API_KEY is missing"")\n\n    headers = {""Authorization"": f""Bearer {token}"", ""Content-Type"": ""application/json""}\n    payload = build_payload(prompt)\n\n    for attempt in range(max_retries):\n        try:\n            response = requests.post(API_URL, headers=headers, json=payload, timeout=30)\n            if response.status_code == 429:\n                time.sleep(2 ** attempt)\n                continue\n            response.raise_for_status()\n            data = response.json()\n            text = data[""choices""][0][""message""][""content""]\n            out_path = OUT_DIR / f""{run_id}.json""\n            out_path.write_text(json.dumps({""prompt"": prompt, ""answer"": text}, ensure_ascii=False, indent=2), encoding=""utf-8"")\n            return text\n        except requests.RequestException:\n            if attempt == max_retries - 1:\n                raise\n            time.sleep(2 ** attempt)"	API 키를 읽는 부분은 어디인가?	"os.environ.get(""LLM_API_KEY"")"	os.environ.get('LLM_API_KEY')가 현재 프로세스 환경에서 값을 읽는다. 값이 없거나 빈 문자열이면 if not token이 참이어서 네트워크 요청 전에 RuntimeError를 던진다. 환경변수는 비밀값을 소스와 분리해 실수로 저장소에 커밋할 위험을 줄이지만, 로그·프로세스 설정·배포 권한까지 자동으로 보호하지는 않으므로 키 권한과 회전 정책도 필요하다.	LLM/API 코드에서 키를 코드에 박지 않는 습관을 읽는다.	review_choice	"[""if"",""for"",""def"",""function"",""return"",""try_except"",""import"",""range"",""continue"",""api"",""auth"",""env"",""security""]"
9	python_daily_review_expansion_v9.json	PY9_REVIEW_AI_API_003	[오늘의 코드리뷰 3/6] 실제 API 호출 지점	긴 코드에서 실제 외부 호출이 일어나는 줄을 찾는다.	"import os\nimport time\nimport json\nimport requests\nfrom pathlib import Path\n\nAPI_URL = ""https://api.example.com/v1/chat/completions""\nOUT_DIR = Path(""outputs"")\nOUT_DIR.mkdir(exist_ok=True)\n\ndef build_payload(prompt, model=""small-chat-model""):\n    return {\n        ""model"": model,\n        ""messages"": [\n            {""role"": ""system"", ""content"": ""Answer briefly and cite evidence when possible.""},\n            {""role"": ""user"", ""content"": prompt},\n        ],\n        ""temperature"": 0.2,\n        ""max_tokens"": 500,\n    }\n\ndef call_llm(prompt, run_id, max_retries=3):\n    token = os.environ.get(""LLM_API_KEY"")\n    if not token:\n        raise RuntimeError(""LLM_API_KEY is missing"")\n\n    headers = {""Authorization"": f""Bearer {token}"", ""Content-Type"": ""application/json""}\n    payload = build_payload(prompt)\n\n    for attempt in range(max_retries):\n        try:\n            response = requests.post(API_URL, headers=headers, json=payload, timeout=30)\n            if response.status_code == 429:\n                time.sleep(2 ** attempt)\n                continue\n            response.raise_for_status()\n            data = response.json()\n            text = data[""choices""][0][""message""][""content""]\n            out_path = OUT_DIR / f""{run_id}.json""\n            out_path.write_text(json.dumps({""prompt"": prompt, ""answer"": text}, ensure_ascii=False, indent=2), encoding=""utf-8"")\n            return text\n        except requests.RequestException:\n            if attempt == max_retries - 1:\n                raise\n            time.sleep(2 ** attempt)"	실제로 외부 API 요청을 보내는 코드는?	requests.post(API_URL, headers=headers, json=payload, timeout=30)	실제 POST 요청은 requests.post(...) 호출에서 시작된다. API_URL로 보내며 headers에는 Bearer 토큰과 Content-Type, json에는 직렬화할 payload가 들어간다. timeout=30은 무제한 대기를 피하기 위한 Requests의 연결·읽기 타임아웃 값이지만 전체 함수의 총 실행 시간이 정확히 30초라는 뜻은 아니다. 재시도와 sleep 때문에 전체 시간은 더 길어질 수 있다.	코드리뷰에서 네트워크 호출 지점을 빨리 찾는 훈련이다.	review_choice	"[""if"",""for"",""def"",""function"",""return"",""try_except"",""import"",""range"",""continue"",""requests"",""post"",""timeout"",""api""]"
9	python_daily_review_expansion_v9.json	PY9_REVIEW_AI_API_004	[오늘의 코드리뷰 4/6] 429 재시도 흐름	rate limit 상황에서 재시도하는 조건과 대기 시간을 읽는다.	"import os\nimport time\nimport json\nimport requests\nfrom pathlib import Path\n\nAPI_URL = ""https://api.example.com/v1/chat/completions""\nOUT_DIR = Path(""outputs"")\nOUT_DIR.mkdir(exist_ok=True)\n\ndef build_payload(prompt, model=""small-chat-model""):\n    return {\n        ""model"": model,\n        ""messages"": [\n            {""role"": ""system"", ""content"": ""Answer briefly and cite evidence when possible.""},\n            {""role"": ""user"", ""content"": prompt},\n        ],\n        ""temperature"": 0.2,\n        ""max_tokens"": 500,\n    }\n\ndef call_llm(prompt, run_id, max_retries=3):\n    token = os.environ.get(""LLM_API_KEY"")\n    if not token:\n        raise RuntimeError(""LLM_API_KEY is missing"")\n\n    headers = {""Authorization"": f""Bearer {token}"", ""Content-Type"": ""application/json""}\n    payload = build_payload(prompt)\n\n    for attempt in range(max_retries):\n        try:\n            response = requests.post(API_URL, headers=headers, json=payload, timeout=30)\n            if response.status_code == 429:\n                time.sleep(2 ** attempt)\n                continue\n            response.raise_for_status()\n            data = response.json()\n            text = data[""choices""][0][""message""][""content""]\n            out_path = OUT_DIR / f""{run_id}.json""\n            out_path.write_text(json.dumps({""prompt"": prompt, ""answer"": text}, ensure_ascii=False, indent=2), encoding=""utf-8"")\n            return text\n        except requests.RequestException:\n            if attempt == max_retries - 1:\n                raise\n            time.sleep(2 ** attempt)"	응답 코드가 429이면 이 코드는 무엇을 하는가?	2 ** attempt초 쉬고 다시 시도한다	429를 받으면 attempt가 0, 1, 2일 때 각각 1, 2, 4초를 기다린 뒤 continue로 다음 반복을 시작한다. 이는 간단한 지수 backoff지만 서버의 Retry-After 헤더와 jitter를 사용하지 않는다. 더 중요한 경계는 마지막 시도도 429이면 루프가 그냥 끝나 call_llm이 None을 반환한다는 점이다. 운영 코드라면 재시도 소진 오류를 명시적으로 던지거나 실패 결과를 반환해야 한다.	LLM API 제한과 재시도 코드를 읽는 데 중요하다.	review_choice	"[""if"",""for"",""def"",""function"",""return"",""try_except"",""import"",""range"",""continue"",""retry"",""rate_limit"",""api"",""backoff""]"
9	python_daily_review_expansion_v9.json	PY9_REVIEW_AI_API_005	[오늘의 코드리뷰 5/6] 응답 파싱과 저장	API 응답 JSON에서 답변 텍스트를 꺼내고 저장하는 부분을 읽는다.	"import os\nimport time\nimport json\nimport requests\nfrom pathlib import Path\n\nAPI_URL = ""https://api.example.com/v1/chat/completions""\nOUT_DIR = Path(""outputs"")\nOUT_DIR.mkdir(exist_ok=True)\n\ndef build_payload(prompt, model=""small-chat-model""):\n    return {\n        ""model"": model,\n        ""messages"": [\n            {""role"": ""system"", ""content"": ""Answer briefly and cite evidence when possible.""},\n            {""role"": ""user"", ""content"": prompt},\n        ],\n        ""temperature"": 0.2,\n        ""max_tokens"": 500,\n    }\n\ndef call_llm(prompt, run_id, max_retries=3):\n    token = os.environ.get(""LLM_API_KEY"")\n    if not token:\n        raise RuntimeError(""LLM_API_KEY is missing"")\n\n    headers = {""Authorization"": f""Bearer {token}"", ""Content-Type"": ""application/json""}\n    payload = build_payload(prompt)\n\n    for attempt in range(max_retries):\n        try:\n            response = requests.post(API_URL, headers=headers, json=payload, timeout=30)\n            if response.status_code == 429:\n                time.sleep(2 ** attempt)\n                continue\n            response.raise_for_status()\n            data = response.json()\n            text = data[""choices""][0][""message""][""content""]\n            out_path = OUT_DIR / f""{run_id}.json""\n            out_path.write_text(json.dumps({""prompt"": prompt, ""answer"": text}, ensure_ascii=False, indent=2), encoding=""utf-8"")\n            return text\n        except requests.RequestException:\n            if attempt == max_retries - 1:\n                raise\n            time.sleep(2 ** attempt)"	LLM 답변 텍스트를 꺼내는 코드는?	"data[""choices""][0][""message""][""content""]"	response.raise_for_status()를 통과한 뒤 response.json()의 결과가 예상 스키마라고 가정하고 첫 choices의 message.content를 text로 꺼낸다. choices가 비면 IndexError, key가 없으면 KeyError가 나며 이 예외들은 아래 requests.RequestException 처리 대상이 아니다. 성공한 경우에만 prompt와 answer를 JSON 파일로 쓰고 text를 반환한다. 실제 API 스키마와 run_id로 만든 파일 경로의 안전성도 검증해야 한다.	LLM API 응답 구조를 따라 읽는 훈련이다.	review_choice	"[""if"",""for"",""def"",""function"",""return"",""try_except"",""import"",""range"",""continue"",""json"",""response"",""file"",""save""]"
9	python_daily_review_expansion_v9.json	PY9_REVIEW_FASTAPI_001	[오늘의 코드리뷰 1/5] FastAPI 검색 endpoint 전체 목적	API 요청 모델, 검증, 검색, 응답 모델의 전체 흐름을 읽는다.	"from fastapi import FastAPI, HTTPException\nfrom pydantic import BaseModel\n\napp = FastAPI()\n\nclass SearchRequest(BaseModel):\n    query: str\n    top_k: int = 5\n\nclass SearchHit(BaseModel):\n    doc_id: str\n    title: str\n    score: float\n\nclass SearchResponse(BaseModel):\n    query: str\n    hits: list[SearchHit]\n\n@app.post(""/api/search"", response_model=SearchResponse)\ndef search(req: SearchRequest):\n    if not req.query.strip():\n        raise HTTPException(status_code=400, detail=""query is empty"")\n    if req.top_k < 1 or req.top_k > 20:\n        raise HTTPException(status_code=400, detail=""top_k out of range"")\n    rows = search_index(req.query, limit=req.top_k)\n    hits = [SearchHit(doc_id=row[""doc_id""], title=row[""title""], score=row[""score""]) for row in rows]\n    return SearchResponse(query=req.query, hits=hits)"	이 endpoint의 목적은?	검색 요청을 받아 search_index 결과를 응답한다	POST 본문을 SearchRequest로 파싱한 뒤 빈 query와 top_k 범위를 수동 검사하고, search_index 결과의 각 row를 SearchHit으로 변환해 SearchResponse를 반환한다. 따라서 선택지 중 목적은 검색 요청을 받아 결과를 응답하는 것이다. 이 조각에는 search_index의 정의와 예외 처리가 없으므로 실제 검색 방식·권한·실패 응답까지 보장하지 않으며, req는 URL query parameter가 아니라 요청 본문 모델이다.	검색 API/로컬 RAG API 구조와 연결된다.	review_choice	"[""if"",""def"",""function"",""return"",""class"",""import"",""fastapi"",""endpoint"",""api"",""review""]"
9	python_daily_review_expansion_v9.json	PY9_REVIEW_FASTAPI_002	[오늘의 코드리뷰 2/5] 요청 스키마 읽기	클라이언트가 보내야 하는 입력 구조를 찾는다.	"from fastapi import FastAPI, HTTPException\nfrom pydantic import BaseModel\n\napp = FastAPI()\n\nclass SearchRequest(BaseModel):\n    query: str\n    top_k: int = 5\n\nclass SearchHit(BaseModel):\n    doc_id: str\n    title: str\n    score: float\n\nclass SearchResponse(BaseModel):\n    query: str\n    hits: list[SearchHit]\n\n@app.post(""/api/search"", response_model=SearchResponse)\ndef search(req: SearchRequest):\n    if not req.query.strip():\n        raise HTTPException(status_code=400, detail=""query is empty"")\n    if req.top_k < 1 or req.top_k > 20:\n        raise HTTPException(status_code=400, detail=""top_k out of range"")\n    rows = search_index(req.query, limit=req.top_k)\n    hits = [SearchHit(doc_id=row[""doc_id""], title=row[""title""], score=row[""score""]) for row in rows]\n    return SearchResponse(query=req.query, hits=hits)"	SearchRequest에서 필수 필드와 선택 필드의 관계는?	query는 필수이고 top_k는 생략 시 5	SearchRequest에서 기본값이 없는 query는 필수 문자열이고 top_k는 선택 정수로 생략하면 5가 된다. req: SearchRequest는 이 POST endpoint에서 JSON 요청 본문으로 해석된다. 현재 모델 선언은 문자열 길이나 top_k 범위를 스키마에 넣지 않아 그 제약은 함수 안에서 따로 검사하며, 잘못된 타입은 endpoint 본문에 들어오기 전 요청 검증에서 거절될 수 있다.	API 코드를 볼 때 request model을 먼저 읽는 습관이다.	review_choice	"[""if"",""def"",""function"",""return"",""class"",""import"",""pydantic"",""schema"",""request""]"
9	python_daily_review_expansion_v9.json	PY9_REVIEW_FASTAPI_003	[오늘의 코드리뷰 3/5] 입력 검증 읽기	빈 query와 top_k 범위를 검증하는 방어 코드를 읽는다.	"from fastapi import FastAPI, HTTPException\nfrom pydantic import BaseModel\n\napp = FastAPI()\n\nclass SearchRequest(BaseModel):\n    query: str\n    top_k: int = 5\n\nclass SearchHit(BaseModel):\n    doc_id: str\n    title: str\n    score: float\n\nclass SearchResponse(BaseModel):\n    query: str\n    hits: list[SearchHit]\n\n@app.post(""/api/search"", response_model=SearchResponse)\ndef search(req: SearchRequest):\n    if not req.query.strip():\n        raise HTTPException(status_code=400, detail=""query is empty"")\n    if req.top_k < 1 or req.top_k > 20:\n        raise HTTPException(status_code=400, detail=""top_k out of range"")\n    rows = search_index(req.query, limit=req.top_k)\n    hits = [SearchHit(doc_id=row[""doc_id""], title=row[""title""], score=row[""score""]) for row in rows]\n    return SearchResponse(query=req.query, hits=hits)"	top_k가 30이면 어떻게 되는가?	400 에러를 낸다	정수 30은 SearchRequest 파싱을 통과하지만 req.top_k > 20이 참이어서 함수가 detail='top_k out of range'인 HTTPException(400)을 던진다. 이는 코드가 직접 정한 범위 오류다. 반면 정수로 검증할 수 없는 입력은 Pydantic/FastAPI 요청 검증 단계에서 endpoint 본문 전에 다른 검증 오류 응답이 될 수 있다. query는 strip으로 비어 있는지만 검사하고 원문 자체를 잘라 저장하지는 않는다.	API 안전성과 비용 제한에 연결되는 검증이다.	review_choice	"[""if"",""def"",""function"",""return"",""class"",""import"",""validation"",""http"",""error""]"
9	python_daily_review_expansion_v9.json	PY9_REVIEW_FASTAPI_004	[오늘의 코드리뷰 4/5] 실제 검색 호출 지점	endpoint 내부에서 실제 검색 엔진을 호출하는 줄을 찾는다.	"from fastapi import FastAPI, HTTPException\nfrom pydantic import BaseModel\n\napp = FastAPI()\n\nclass SearchRequest(BaseModel):\n    query: str\n    top_k: int = 5\n\nclass SearchHit(BaseModel):\n    doc_id: str\n    title: str\n    score: float\n\nclass SearchResponse(BaseModel):\n    query: str\n    hits: list[SearchHit]\n\n@app.post(""/api/search"", response_model=SearchResponse)\ndef search(req: SearchRequest):\n    if not req.query.strip():\n        raise HTTPException(status_code=400, detail=""query is empty"")\n    if req.top_k < 1 or req.top_k > 20:\n        raise HTTPException(status_code=400, detail=""top_k out of range"")\n    rows = search_index(req.query, limit=req.top_k)\n    hits = [SearchHit(doc_id=row[""doc_id""], title=row[""title""], score=row[""score""]) for row in rows]\n    return SearchResponse(query=req.query, hits=hits)"	실제 검색을 수행하는 줄은?	rows = search_index(req.query, limit=req.top_k)	rows = search_index(req.query, limit=req.top_k)가 이 endpoint와 외부 검색 구현의 경계다. 그 다음 list comprehension은 각 row에서 doc_id·title·score를 꺼내 SearchHit으로 검증·변환한다. search_index가 동기 함수라면 요청 처리 스레드에서 완료될 때까지 기다리며, 함수 미정의·검색 예외·누락 row key에는 이 조각의 별도 처리가 없어 서버 오류가 될 수 있다.	API 껍데기와 실제 검색 함수의 경계를 읽는다.	review_choice	"[""if"",""def"",""return"",""class"",""import"",""search"",""function"",""api""]"
9	python_daily_review_expansion_v9.json	PY9_REVIEW_PSPATCH_005	[오늘의 코드리뷰 5/5] 패치 후 검증	패치가 제대로 들어갔는지 Select-String으로 확인하는 줄을 읽는다.	"Set-Location ""D:\projects\python-reading-trainer""\n$ErrorActionPreference = ""Stop""\n$appPath = "".\src\pwa\app.js""\n$app = Get-Content $appPath -Raw -Encoding UTF8\n$markerStart = ""// === FEATURE START ===""\n$markerEnd = ""// === FEATURE END ===""\n$featureBlock = ""// === FEATURE START ===\nfunction sayHello() {\n  console.log('hello');\n}\n// === FEATURE END ===""\nif ($app.Contains($markerStart)) {\n  $pattern = [regex]::Escape($markerStart) + ""[\s\S]*?"" + [regex]::Escape($markerEnd)\n  $app = [regex]::Replace($app, $pattern, $featureBlock.Trim())\n} else {\n  $app = $app.TrimEnd() + ""`r`n"" + $featureBlock\n}\nSet-Content $appPath -Value $app -Encoding UTF8\nSelect-String -Path $appPath -Pattern ""FEATURE START|sayHello"" -Context 0,2"	마지막 Select-String 줄이 직접 하는 일은?	두 패턴의 매칭 줄과 뒤 문맥을 검색해 보여 준다	Select-String은 FEATURE START 또는 sayHello에 매칭되는 줄과 각 매칭 뒤 최대 2줄을 출력한다. 이는 사람이 빠르게 존재 여부와 주변 문맥을 볼 단서지만, 매칭이 없어도 이 줄 자체가 명시적으로 throw하지 않고 정확히 한 블록·끝 마커·JavaScript 문법을 검증하지도 않는다. 신뢰할 수 있는 패치 확인에는 매칭 수 assertion, marker 쌍 검사, 구문 검사와 git diff가 추가로 필요하다.	SWAP-IN 원칙의 적용 후 확인 단계와 연결된다.	review_choice	"[""powershell"",""verification"",""select_string""]"
9	python_daily_review_expansion_v9.json	PY9_REVIEW_RAG_001	[오늘의 코드리뷰 1/6] RAG 코드 전체 흐름	검색, 프롬프트 생성, LLM 호출, citation 저장의 전체 순서를 읽는다.	"from pathlib import Path\nimport json\n\nCHUNK_PATH = Path(""chunks.jsonl"")\nOUT_PATH = Path(""answers.jsonl"")\n\ndef load_chunks():\n    chunks = []\n    with CHUNK_PATH.open(""r"", encoding=""utf-8"") as f:\n        for line in f:\n            chunks.append(json.loads(line))\n    return chunks\n\ndef retrieve(query, chunks, top_k=3):\n    terms = query.lower().split()\n    scored = []\n    for chunk in chunks:\n        text = chunk[""text""].lower()\n        score = sum(1 for term in terms if term in text)\n        if score > 0:\n            scored.append((score, chunk))\n    scored.sort(key=lambda pair: pair[0], reverse=True)\n    return [chunk for score, chunk in scored[:top_k]]\n\ndef build_prompt(query, hits):\n    context = ""\n\n"".join(f""[{hit['doc_id']}:{hit['chunk_id']}] {hit['text']}"" for hit in hits)\n    return f""Use only the context below.\n\n{context}\n\nQuestion: {query}""\n\ndef answer_with_rag(query):\n    chunks = load_chunks()\n    hits = retrieve(query, chunks)\n    if not hits:\n        return {""answer"": ""근거 문서가 부족합니다."", ""citations"": []}\n    prompt = build_prompt(query, hits)\n    answer = call_llm(prompt)\n    citations = [{""doc_id"": h[""doc_id""], ""chunk_id"": h[""chunk_id""]} for h in hits]\n    row = {""query"": query, ""answer"": answer, ""citations"": citations}\n    with OUT_PATH.open(""a"", encoding=""utf-8"") as f:\n        f.write(json.dumps(row, ensure_ascii=False) + ""\n"")\n    return row"	이 코드의 전체 흐름으로 맞는 것은?	chunks 로드 → retrieve → prompt 생성 → LLM 호출 → citation 저장	answer_with_rag는 chunks를 로드하고 retrieve로 후보를 고른다. hits가 있으면 prompt 생성→call_llm→모든 hit의 식별자 구성→answers.jsonl append→row 반환 순서로 진행한다. hits가 없으면 그 뒤 단계와 파일 저장을 건너뛰고 근거 부족 dict를 즉시 반환한다. 따라서 선택지는 성공 경로의 큰 흐름을 나타내지만 citation은 답변과 근거의 실제 일치 여부를 검증한 결과가 아니라 검색된 hit 목록이다.	Evidence-first RAG 구조를 하루 리뷰로 읽는다.	review_choice	"[""if"",""for"",""def"",""function"",""return"",""import"",""rag"",""retrieval"",""llm"",""review""]"
9	python_daily_review_expansion_v9.json	PY9_REVIEW_RAG_002	[오늘의 코드리뷰 2/6] JSONL chunk 로딩	JSONL 파일을 한 줄씩 읽어 chunk 목록으로 만드는 부분을 찾는다.	"from pathlib import Path\nimport json\n\nCHUNK_PATH = Path(""chunks.jsonl"")\nOUT_PATH = Path(""answers.jsonl"")\n\ndef load_chunks():\n    chunks = []\n    with CHUNK_PATH.open(""r"", encoding=""utf-8"") as f:\n        for line in f:\n            chunks.append(json.loads(line))\n    return chunks\n\ndef retrieve(query, chunks, top_k=3):\n    terms = query.lower().split()\n    scored = []\n    for chunk in chunks:\n        text = chunk[""text""].lower()\n        score = sum(1 for term in terms if term in text)\n        if score > 0:\n            scored.append((score, chunk))\n    scored.sort(key=lambda pair: pair[0], reverse=True)\n    return [chunk for score, chunk in scored[:top_k]]\n\ndef build_prompt(query, hits):\n    context = ""\n\n"".join(f""[{hit['doc_id']}:{hit['chunk_id']}] {hit['text']}"" for hit in hits)\n    return f""Use only the context below.\n\n{context}\n\nQuestion: {query}""\n\ndef answer_with_rag(query):\n    chunks = load_chunks()\n    hits = retrieve(query, chunks)\n    if not hits:\n        return {""answer"": ""근거 문서가 부족합니다."", ""citations"": []}\n    prompt = build_prompt(query, hits)\n    answer = call_llm(prompt)\n    citations = [{""doc_id"": h[""doc_id""], ""chunk_id"": h[""chunk_id""]} for h in hits]\n    row = {""query"": query, ""answer"": answer, ""citations"": citations}\n    with OUT_PATH.open(""a"", encoding=""utf-8"") as f:\n        f.write(json.dumps(row, ensure_ascii=False) + ""\n"")\n    return row"	chunk를 읽는 함수는?	load_chunks()	load_chunks는 chunks.jsonl을 UTF-8 텍스트로 열고 각 줄에 json.loads를 적용해 결과를 순서대로 리스트에 추가한다. 이 구현은 빈 줄을 건너뛰거나 줄 번호와 함께 오류를 기록하지 않는다. 따라서 빈 줄·깨진 JSON 한 줄·파일 없음이 있으면 예외로 전체 로딩이 중단되며, 각 결과가 dict이고 text·doc_id·chunk_id를 갖는지도 여기서는 검증하지 않는다.	수집/청킹 산출물 JSONL을 읽는 기본 패턴이다.	review_choice	"[""if"",""for"",""def"",""function"",""return"",""import"",""jsonl"",""file"",""chunks""]"
9	python_daily_review_expansion_v9.json	PY9_REVIEW_RAG_003	[오늘의 코드리뷰 3/6] 검색 점수 계산	query term이 chunk text에 들어 있는지로 점수를 매기는 단순 검색을 읽는다.	"from pathlib import Path\nimport json\n\nCHUNK_PATH = Path(""chunks.jsonl"")\nOUT_PATH = Path(""answers.jsonl"")\n\ndef load_chunks():\n    chunks = []\n    with CHUNK_PATH.open(""r"", encoding=""utf-8"") as f:\n        for line in f:\n            chunks.append(json.loads(line))\n    return chunks\n\ndef retrieve(query, chunks, top_k=3):\n    terms = query.lower().split()\n    scored = []\n    for chunk in chunks:\n        text = chunk[""text""].lower()\n        score = sum(1 for term in terms if term in text)\n        if score > 0:\n            scored.append((score, chunk))\n    scored.sort(key=lambda pair: pair[0], reverse=True)\n    return [chunk for score, chunk in scored[:top_k]]\n\ndef build_prompt(query, hits):\n    context = ""\n\n"".join(f""[{hit['doc_id']}:{hit['chunk_id']}] {hit['text']}"" for hit in hits)\n    return f""Use only the context below.\n\n{context}\n\nQuestion: {query}""\n\ndef answer_with_rag(query):\n    chunks = load_chunks()\n    hits = retrieve(query, chunks)\n    if not hits:\n        return {""answer"": ""근거 문서가 부족합니다."", ""citations"": []}\n    prompt = build_prompt(query, hits)\n    answer = call_llm(prompt)\n    citations = [{""doc_id"": h[""doc_id""], ""chunk_id"": h[""chunk_id""]} for h in hits]\n    row = {""query"": query, ""answer"": answer, ""citations"": citations}\n    with OUT_PATH.open(""a"", encoding=""utf-8"") as f:\n        f.write(json.dumps(row, ensure_ascii=False) + ""\n"")\n    return row"	retrieve 함수에서 각 chunk의 score는 어떻게 계산되는가?	text에 한 번이라도 포함된 query term 항목 수를 센다	query.lower().split()으로 만든 terms의 각 항목에 대해, 소문자로 바꾼 chunk text의 부분문자열로 한 번이라도 나타나면 1을 더한다. 본문에서 같은 term이 여러 번 나온 횟수는 세지 않지만 query에 같은 term이 중복되면 그 항목은 중복 점수에 들어간다. 단어 경계를 보지 않아 짧은 term이 다른 단어 안에서 맞을 수 있고, 같은 점수에서는 원래 chunks 순서가 유지된다.	벡터검색 전에도 기본 검색 흐름을 이해하는 데 좋다.	review_choice	"[""if"",""for"",""def"",""function"",""return"",""import"",""retrieval"",""score"",""filter""]"
9	python_daily_review_expansion_v9.json	PY9_REVIEW_RAG_004	[오늘의 코드리뷰 4/6] 근거 제한 프롬프트	근거 chunk를 prompt context로 묶는 부분을 찾는다.	"from pathlib import Path\nimport json\n\nCHUNK_PATH = Path(""chunks.jsonl"")\nOUT_PATH = Path(""answers.jsonl"")\n\ndef load_chunks():\n    chunks = []\n    with CHUNK_PATH.open(""r"", encoding=""utf-8"") as f:\n        for line in f:\n            chunks.append(json.loads(line))\n    return chunks\n\ndef retrieve(query, chunks, top_k=3):\n    terms = query.lower().split()\n    scored = []\n    for chunk in chunks:\n        text = chunk[""text""].lower()\n        score = sum(1 for term in terms if term in text)\n        if score > 0:\n            scored.append((score, chunk))\n    scored.sort(key=lambda pair: pair[0], reverse=True)\n    return [chunk for score, chunk in scored[:top_k]]\n\ndef build_prompt(query, hits):\n    context = ""\n\n"".join(f""[{hit['doc_id']}:{hit['chunk_id']}] {hit['text']}"" for hit in hits)\n    return f""Use only the context below.\n\n{context}\n\nQuestion: {query}""\n\ndef answer_with_rag(query):\n    chunks = load_chunks()\n    hits = retrieve(query, chunks)\n    if not hits:\n        return {""answer"": ""근거 문서가 부족합니다."", ""citations"": []}\n    prompt = build_prompt(query, hits)\n    answer = call_llm(prompt)\n    citations = [{""doc_id"": h[""doc_id""], ""chunk_id"": h[""chunk_id""]} for h in hits]\n    row = {""query"": query, ""answer"": answer, ""citations"": citations}\n    with OUT_PATH.open(""a"", encoding=""utf-8"") as f:\n        f.write(json.dumps(row, ensure_ascii=False) + ""\n"")\n    return row"	프롬프트에서 근거를 구분하기 위해 붙이는 정보는?	doc_id와 chunk_id	각 hit의 text 앞에 [doc_id:chunk_id]를 붙여 서로 구분하고 두 줄 간격으로 context를 만든다. 이 식별자는 출처를 추적할 단서이며 질문의 정답은 doc_id와 chunk_id다. Use only the context는 모델에 주는 지시일 뿐 준수를 기술적으로 보장하지 않고, 프롬프트 자체도 각 답변 문장이 어느 식별자의 지지를 받는지 검증하지 않는다.	답변을 원문 근거와 연결하는 사고 훈련이다.	review_choice	"[""if"",""for"",""def"",""function"",""return"",""import"",""prompt"",""evidence"",""citation""]"
9	python_daily_review_expansion_v9.json	PY9_REVIEW_RAG_005	[오늘의 코드리뷰 5/6] 근거 없을 때 방어	검색 결과가 없을 때 LLM을 호출하지 않는 방어 흐름을 읽는다.	"from pathlib import Path\nimport json\n\nCHUNK_PATH = Path(""chunks.jsonl"")\nOUT_PATH = Path(""answers.jsonl"")\n\ndef load_chunks():\n    chunks = []\n    with CHUNK_PATH.open(""r"", encoding=""utf-8"") as f:\n        for line in f:\n            chunks.append(json.loads(line))\n    return chunks\n\ndef retrieve(query, chunks, top_k=3):\n    terms = query.lower().split()\n    scored = []\n    for chunk in chunks:\n        text = chunk[""text""].lower()\n        score = sum(1 for term in terms if term in text)\n        if score > 0:\n            scored.append((score, chunk))\n    scored.sort(key=lambda pair: pair[0], reverse=True)\n    return [chunk for score, chunk in scored[:top_k]]\n\ndef build_prompt(query, hits):\n    context = ""\n\n"".join(f""[{hit['doc_id']}:{hit['chunk_id']}] {hit['text']}"" for hit in hits)\n    return f""Use only the context below.\n\n{context}\n\nQuestion: {query}""\n\ndef answer_with_rag(query):\n    chunks = load_chunks()\n    hits = retrieve(query, chunks)\n    if not hits:\n        return {""answer"": ""근거 문서가 부족합니다."", ""citations"": []}\n    prompt = build_prompt(query, hits)\n    answer = call_llm(prompt)\n    citations = [{""doc_id"": h[""doc_id""], ""chunk_id"": h[""chunk_id""]} for h in hits]\n    row = {""query"": query, ""answer"": answer, ""citations"": citations}\n    with OUT_PATH.open(""a"", encoding=""utf-8"") as f:\n        f.write(json.dumps(row, ensure_ascii=False) + ""\n"")\n    return row"	hits가 비어 있으면 어떻게 되는가?	근거 문서가 부족하다는 답변과 빈 citations를 반환한다	hits가 빈 리스트이면 if not hits가 참이어서 고정된 근거 부족 문구와 빈 citations를 즉시 반환한다. 이 경로에서는 call_llm도 호출하지 않고 answers.jsonl에도 쓰지 않는다. 다만 여기서 빈 hits는 ‘의미 있는 근거가 절대 없음’이 아니라 단순 부분문자열 점수가 0이라는 뜻이다. 반대로 hits가 있어도 답을 지지하는 충분한 근거라는 보장은 없으므로 검색 품질 검사가 별도로 필요하다.	검증형 RAG에서 근거 부족 시 추측을 막는 핵심 패턴이다.	review_choice	"[""if"",""for"",""def"",""function"",""return"",""import"",""evidence"",""guard_clause"",""rag""]"
9	python_daily_review_expansion_v9.json	PY9_REVIEW_SHARD_001	[오늘의 코드리뷰 1/5] shard 실행 전체 목적	긴 batch shard 코드를 전체적으로 읽는다.	"import json\nfrom pathlib import Path\n\nINPUT_PATH = Path(""tasks.jsonl"")\nOUT_DIR = Path(""outputs"")\nOUT_DIR.mkdir(exist_ok=True)\n\ndef shard_slice(tasks, shard_id, shard_size):\n    start = shard_id * shard_size\n    end = start + shard_size\n    return tasks[start:end]\n\ndef output_path(task):\n    return OUT_DIR / f""{task['id']}.json""\n\ndef run_shard(tasks, shard_id, shard_size=200):\n    selected = shard_slice(tasks, shard_id, shard_size)\n    done = 0\n    skipped = 0\n    failed = []\n    for task in selected:\n        if output_path(task).exists():\n            skipped += 1\n            continue\n        try:\n            answer = call_llm(task[""prompt""])\n            output_path(task).write_text(json.dumps({""id"": task[""id""], ""answer"": answer}, ensure_ascii=False), encoding=""utf-8"")\n            done += 1\n        except Exception as error:\n            failed.append({""id"": task[""id""], ""error"": str(error)})\n    return {""shard_id"": shard_id, ""done"": done, ""skipped"": skipped, ""failed"": failed}"	이 코드의 전체 목적은?	tasks를 shard 단위로 나누어 처리하고 결과를 저장한다	run_shard는 전달받은 tasks에서 shard_slice로 한 구간을 고르고, 출력 경로가 없는 항목만 call_llm과 JSON 저장을 시도한 뒤 done·skipped·failed 요약을 반환한다. 따라서 선택지 중 전체 목적은 shard 단위 처리와 결과 저장이다. INPUT_PATH는 이 코드에서 사용되지 않으며, 파일 존재만으로 완료를 판단하고 task id를 파일명에 그대로 쓰므로 재개 무결성과 경로 안전성은 별도 보완이 필요하다.	노드패스/LLM batch 작업을 읽는 데 직접 연결된다.	review_choice	"[""if"",""for"",""def"",""function"",""return"",""try_except"",""import"",""continue"",""batch"",""shard"",""resume"",""review""]"
9	python_daily_review_expansion_v9.json	PY9_REVIEW_SHARD_002	[오늘의 코드리뷰 2/5] shard 범위 계산	shard_id와 shard_size로 처리 범위를 고르는 코드를 읽는다.	"import json\nfrom pathlib import Path\n\nINPUT_PATH = Path(""tasks.jsonl"")\nOUT_DIR = Path(""outputs"")\nOUT_DIR.mkdir(exist_ok=True)\n\ndef shard_slice(tasks, shard_id, shard_size):\n    start = shard_id * shard_size\n    end = start + shard_size\n    return tasks[start:end]\n\ndef output_path(task):\n    return OUT_DIR / f""{task['id']}.json""\n\ndef run_shard(tasks, shard_id, shard_size=200):\n    selected = shard_slice(tasks, shard_id, shard_size)\n    done = 0\n    skipped = 0\n    failed = []\n    for task in selected:\n        if output_path(task).exists():\n            skipped += 1\n            continue\n        try:\n            answer = call_llm(task[""prompt""])\n            output_path(task).write_text(json.dumps({""id"": task[""id""], ""answer"": answer}, ensure_ascii=False), encoding=""utf-8"")\n            done += 1\n        except Exception as error:\n            failed.append({""id"": task[""id""], ""error"": str(error)})\n    return {""shard_id"": shard_id, ""done"": done, ""skipped"": skipped, ""failed"": failed}"	shard_id=2, shard_size=200이면 선택하는 인덱스 범위는?	400 이상 600 미만	start는 2×200인 400, end는 600이며 tasks[400:600]은 인덱스 400 이상 600 미만을 선택한다. 이를 사람 기준 순서로 말하면 401번째부터 최대 600번째 항목이므로 ‘400번째 항목’과 ‘인덱스 400’을 섞으면 안 된다. tasks가 600개보다 짧으면 슬라이스는 존재하는 끝까지만 반환하고 오류를 내지 않는다.	샤드 분할이 제대로 되는지 읽는 연습이다.	review_choice	"[""if"",""for"",""def"",""function"",""return"",""try_except"",""import"",""continue"",""shard"",""slice"",""range""]"
9	python_daily_review_expansion_v9.json	PY9_REVIEW_SHARD_003	[오늘의 코드리뷰 3/5] 이미 처리한 task 건너뛰기	결과 파일이 있으면 중복 실행하지 않는 resume 패턴을 읽는다.	"import json\nfrom pathlib import Path\n\nINPUT_PATH = Path(""tasks.jsonl"")\nOUT_DIR = Path(""outputs"")\nOUT_DIR.mkdir(exist_ok=True)\n\ndef shard_slice(tasks, shard_id, shard_size):\n    start = shard_id * shard_size\n    end = start + shard_size\n    return tasks[start:end]\n\ndef output_path(task):\n    return OUT_DIR / f""{task['id']}.json""\n\ndef run_shard(tasks, shard_id, shard_size=200):\n    selected = shard_slice(tasks, shard_id, shard_size)\n    done = 0\n    skipped = 0\n    failed = []\n    for task in selected:\n        if output_path(task).exists():\n            skipped += 1\n            continue\n        try:\n            answer = call_llm(task[""prompt""])\n            output_path(task).write_text(json.dumps({""id"": task[""id""], ""answer"": answer}, ensure_ascii=False), encoding=""utf-8"")\n            done += 1\n        except Exception as error:\n            failed.append({""id"": task[""id""], ""error"": str(error)})\n    return {""shard_id"": shard_id, ""done"": done, ""skipped"": skipped, ""failed"": failed}"	output_path(task).exists()가 참이면 어떻게 되는가?	skipped를 1 늘리고 continue한다	exists()가 참이면 skipped를 1 늘리고 continue가 현재 task의 call_llm과 저장을 건너뛴다. 이는 중복 호출을 줄일 수 있지만 경로에 빈 파일·부분 파일·디렉터리가 있어도 완료로 취급한다. 기존 JSON의 id와 answer가 유효한지 확인하지도 않으므로, 안전한 resume에는 파일 타입·파싱·스키마·완료 표시 검증이 필요하다.	비용이 드는 LLM batch에서 매우 중요한 구조다.	review_choice	"[""if"",""for"",""def"",""function"",""return"",""try_except"",""import"",""continue"",""resume"",""exists"",""skip""]"
9	python_daily_review_expansion_v9.json	PY9_REVIEW_SHARD_004	[오늘의 코드리뷰 4/5] 실패 목록 수집	실패한 task를 중단하지 않고 failed 목록에 쌓는 흐름을 읽는다.	"import json\nfrom pathlib import Path\n\nINPUT_PATH = Path(""tasks.jsonl"")\nOUT_DIR = Path(""outputs"")\nOUT_DIR.mkdir(exist_ok=True)\n\ndef shard_slice(tasks, shard_id, shard_size):\n    start = shard_id * shard_size\n    end = start + shard_size\n    return tasks[start:end]\n\ndef output_path(task):\n    return OUT_DIR / f""{task['id']}.json""\n\ndef run_shard(tasks, shard_id, shard_size=200):\n    selected = shard_slice(tasks, shard_id, shard_size)\n    done = 0\n    skipped = 0\n    failed = []\n    for task in selected:\n        if output_path(task).exists():\n            skipped += 1\n            continue\n        try:\n            answer = call_llm(task[""prompt""])\n            output_path(task).write_text(json.dumps({""id"": task[""id""], ""answer"": answer}, ensure_ascii=False), encoding=""utf-8"")\n            done += 1\n        except Exception as error:\n            failed.append({""id"": task[""id""], ""error"": str(error)})\n    return {""shard_id"": shard_id, ""done"": done, ""skipped"": skipped, ""failed"": failed}"	try 블록에서 예외가 나면 failed에 무엇을 추가하는가?	task id와 error 문자열	call_llm, task key 접근, JSON 직렬화, 파일 쓰기 등 try 안에서 Exception의 하위 예외가 나면 except가 task['id']와 str(error)를 dict로 만들어 failed에 추가하고 다음 항목으로 진행한다. 예외 타입·traceback은 저장하지 않아 진단 정보가 줄며, id key 자체가 없다면 except 안의 task['id']도 다시 KeyError를 내 전체 loop를 중단시킬 수 있다. BaseException 계열은 이 except가 잡지 않는다.	대량 실행에서 일부 실패를 추적하는 기본 운영 패턴이다.	review_choice	"[""if"",""for"",""def"",""function"",""return"",""import"",""continue"",""try_except"",""error"",""logging""]"
9	python_data_governance_copyright_v57.json	PY57_L09_attribution_render_001	attribution render 읽기	앱 화면이나 제출 문서에 출처표기를 표시하는 흐름을 이해한다.	renderSource(card.sourceName, card.sourceUrl)	attribution render의 목적은?	사용자가 카드의 출처를 확인할 수 있게 보여주기 위해	attribution render는 앱 화면이나 제출 문서에서 출처를 실제로 표시하는 방식이다. 데이터를 저장하는 것뿐 아니라 필요한 곳에 보여주는 UI도 중요하다. 따라서 정답은 ‘사용자가 카드의 출처를 확인할 수 있게 보여주기 위해’이다.	감사 v2에서 DATA_GOVERNANCE_COPYRIGHT가 0 hits였으므로, v57은 학습앱 데이터의 출처, 라이선스, 출처표기, 제출 근거 관리를 보강한다.	meaning_choice	"[""attribution_render"",""UI"",""source_credit""]"
9	python_data_governance_copyright_v57.json	PY57_L09_exclude_source_001	exclude source 읽기	사용 조건이 맞지 않는 자료를 제외하는 방식을 이해한다.	usableItems = items.filter(item => item.status !== 'excluded')	exclude source가 필요한 상황은?	사용 조건이 맞지 않거나 출처가 불명확한 자료를 빼야 할 때	exclude source는 품질, 권리, 신뢰도 문제 때문에 수집 대상에서 빼는 자료다. 데이터 품질 관리는 추가 기준만큼 제외 기준도 중요하다. 제외 기준을 기록해 두면 왜 어떤 자료를 쓰지 않았는지 나중에 설명하고 재검토하기 쉽다. 따라서 정답은 ‘사용 조건이 맞지 않거나 출처가 불명확한 자료를 빼야 할 때’이다.	감사 v2에서 DATA_GOVERNANCE_COPYRIGHT가 0 hits였으므로, v57은 학습앱 데이터의 출처, 라이선스, 출처표기, 제출 근거 관리를 보강한다.	meaning_choice	"[""exclude_source"",""data_filter"",""governance""]"
9	python_data_governance_copyright_v57.json	PY57_L09_license_unknown_001	unknown license guard 읽기	라이선스가 불명확한 자료를 자동으로 보류하는 guard를 이해한다.	if not item.license:\n  item.status = 'hold_license_unknown'	unknown license guard의 목적은?	사용 조건이 불명확한 자료를 바로 쓰지 않고 보류하기 위해	모르는 자료를 일단 넣어두면 나중에 제거하기 어렵기 때문에 초기에 보류하는 편이 안전하다. unknown license guard는 라이선스가 불명확한 자료를 함부로 사용하지 않게 막는 기준이다. 출처 확인 전에는 공개나 재배포 대상에서 제외하는 것이 안전하다.	감사 v2에서 DATA_GOVERNANCE_COPYRIGHT가 0 hits였으므로, v57은 학습앱 데이터의 출처, 라이선스, 출처표기, 제출 근거 관리를 보강한다.	meaning_choice	"[""if"",""unknown_license"",""guard"",""data_quality""]"
9	python_data_governance_copyright_v57.json	PY57_L09_source_tier_001	source tier 읽기	자료 출처를 신뢰도나 사용 가능성 기준으로 등급화하는 source tier를 이해한다.	source.tier = 'official_public'\nsource.qualityReview = 'pending'	source tier를 두는 이유는?	출처의 신뢰도와 활용 우선순위를 구분하기 위해	official_public은 publisher 유형을 나타낼 수 있지만 개별 data가 정확하고 모든 재사용 권리가 있다는 뜻은 아니다. 신뢰성, 최신성, completeness, bias와 license를 별도 dimension으로 평가하고 review evidence를 남긴다. source tier 하나로 자동 high quality 판정을 하지 않는다.	감사 v2에서 DATA_GOVERNANCE_COPYRIGHT가 0 hits였으므로, v57은 학습앱 데이터의 출처, 라이선스, 출처표기, 제출 근거 관리를 보강한다.	meaning_choice	"[""source_tier"",""trust"",""data_quality""]"
9	python_data_processing_pandas_jsonl_v42.json	PY42_L09_dedup_001	dedup 읽기	중복 행을 기준 컬럼으로 제거하는 방식을 이해한다.	df = df.drop_duplicates(subset=['id'])	subset=['id']의 의미는?	id 컬럼이 같은 행을 중복으로 본다	drop_duplicates(subset=['id'])는 id가 같은 행을 한 중복 그룹으로 보고 기본적으로 첫 행을 남긴다. 다른 column 값이 충돌해도 조용히 하나가 제거될 수 있고 missing id들도 중복 취급될 수 있으므로, 삭제 전 중복 그룹을 조사하고 고유 ID 누락을 먼저 검증해야 한다.	노드 후보, 문서 후보, 카드 ID 중복 제거에서 핵심 패턴이다.	meaning_choice	"[""dedup"",""drop_duplicates"",""unique_key""]"
9	python_data_processing_pandas_jsonl_v42.json	PY42_L09_groupby_001	groupby 읽기	특정 컬럼별로 묶어서 개수를 세는 패턴을 이해한다.	summary = df.groupby('status').size().reset_index(name='count')	groupby('status').size()는 무엇에 가까운가?	status 값별 행 개수를 센다	groupby('status').size()는 같은 non-missing status 값의 row를 묶어 각 그룹 크기를 센다. pandas는 기본적으로 NaN status 그룹을 제외하므로 누락도 보고 싶으면 dropna=False를 사용하거나 별도 집계한다. reset_index(name='count')는 결과를 status와 count column의 DataFrame으로 만든다.	PASS/FAIL, accept/reject, error type 분포를 볼 때 바로 쓰인다.	meaning_choice	"[""groupby"",""aggregation"",""count""]"
9	python_data_processing_pandas_jsonl_v42.json	PY42_L09_merge_join_001	merge / join 읽기	두 표를 공통 key 기준으로 합치는 merge를 이해한다.	merged = nodes.merge(edges, left_on='node_id', right_on='to_node_id', how='left')	merge에서 key가 중요한 이유는?	어떤 행끼리 연결할지 정하기 때문이다	left_on과 right_on은 어떤 key 값끼리 행을 연결할지 정한다. left join은 모든 nodes 행을 보존하지만 edges 쪽에 같은 key가 여러 개면 결과 row 수가 늘고, match가 없으면 오른쪽 값이 missing이 된다. validate 옵션, key uniqueness, 행 수와 unmatched 비율을 함께 점검해야 잘못된 many-to-many 결합을 잡을 수 있다.	node_id, doc_id, chunk_id, card_id 기준으로 파일을 연결할 때 중요하다.	meaning_choice	"[""merge"",""join"",""key""]"
9	python_data_processing_pandas_jsonl_v42.json	PY42_L09_sort_filter_001	sort / filter 읽기	조건으로 행을 걸러내고 정렬하는 기본 분석 패턴을 읽는다.	failed = df[df['status'] == 'FAIL']\nfailed = failed.sort_values('score')	df[df['status'] == 'FAIL']의 의미는?	status가 FAIL인 행만 고른다	sort/filter는 데이터를 정렬하고 조건에 맞는 행만 남기는 기본 처리다. boolean mask는 pandas에서 조건 필터를 만들 때 자주 쓰는 패턴이다. 따라서 정답은 ‘status가 FAIL인 행만 고른다’이다.	검증 실패 카드, 실패 shard, 낮은 점수 후보를 빠르게 찾는 데 쓴다.	meaning_choice	"[""sort_values"",""filter"",""boolean_mask""]"
9	python_data_structures_json_v29.json	PY29_L09_counter_001	Counter로 개수 세기	여러 카드의 개념 태그가 몇 번 등장했는지 세는 코드를 읽는다.	"from collections import Counter\n\nconcepts = [""json"", ""dict"", ""json"", ""list""]\ncounts = Counter(concepts)\n\nprint(counts[""json""])"	출력되는 값은?	2	Counter는 리스트 안의 값이 몇 번 나왔는지 세는 도구다. json이 리스트에 두 번 등장하면 Counter 결과에서 json의 개수는 2가 된다. Counter를 쓰면 직접 dict에 누적하는 코드보다 짧고 실수 가능성이 낮다.	개념별 카드 분포, 약한 주제 찾기, 보강 우선순위 계산에 쓸 수 있다.	meaning_choice	"[""import"",""print"",""Counter"",""collections"",""count"",""concepts""]"
9	python_data_structures_json_v29.json	PY29_L09_group_by_level_001	level별 group by 읽기	카드를 level별로 묶어 집계하는 코드를 이해한다.	"by_level = {}\n\nfor card in cards:\n    level = card[""level""]\n    by_level.setdefault(level, []).append(card)\n\nprint(len(by_level[1]))"	setdefault(level, [])의 역할은?	level 키가 없으면 빈 리스트를 만들고 그 리스트를 반환한다	setdefault는 그룹을 만들 때 자주 쓰는 패턴이다. 키가 없으면 기본값을 넣어준다. level별 group by는 항목들을 난이도나 단계 기준으로 묶는 처리다. dict에 level을 key로 두고 목록을 value로 쌓는 흐름을 보면 된다.	진행현황에서 레벨별 카드 수/본 카드/맞힌 카드를 집계하는 사고방식이다.	meaning_choice	"[""for"",""print"",""group_by"",""dict"",""level"",""aggregation""]"
9	python_data_structures_json_v29.json	PY29_L09_schema_required_fields_001	required fields 검증 읽기	각 카드에 필수 필드가 있는지 검사하는 코드를 읽는다.	"required = [""id"", ""level"", ""title"", ""question"", ""choices"", ""answer""]\n\nmissing = []\nfor field in required:\n    if field not in card:\n        missing.append(field)\n\nprint(missing)"	missing 리스트에는 무엇이 들어가는가?	card에 없는 필수 필드 이름	required 순서대로 key 존재를 검사해 card에 없는 field name을 missing에 넣는다. key가 있어도 value가 None·empty이거나 잘못된 type인 경우는 잡지 않는다. 완전한 schema 검사에는 choices list type, level range, answer membership과 duplicate ID 같은 field 간 rule도 필요하다.	v24 검증 카드와 실제 lesson JSON 검증 루틴에 직접 연결된다.	meaning_choice	"[""if"",""for"",""print"",""schema"",""validation"",""required_fields""]"
9	python_data_structures_json_v29.json	PY29_L09_sort_key_001	sort key 읽기	dict 리스트를 특정 필드 기준으로 정렬하는 코드를 읽는다.	"cards = [\n    {""id"": ""c2"", ""level"": 3},\n    {""id"": ""c1"", ""level"": 1},\n    {""id"": ""c3"", ""level"": 2},\n]\n\ncards.sort(key=lambda card: card[""level""])\nprint(cards[0][""id""])"	출력되는 id는?	c1	sort key는 정렬할 때 어떤 값을 기준으로 볼지 정하는 함수다. level 값을 key로 쓰면 level이 작은 카드가 앞에 오게 된다. 정렬 기준 함수가 무엇을 반환하는지 보면 어떤 항목이 앞에 올지 예측할 수 있다. 따라서 출력은 ‘c1’이다.	추천 큐나 복습 큐에서 낮은 레벨/우선순위를 먼저 배치할 때 쓰인다.	meaning_choice	"[""print"",""sort"",""key"",""lambda"",""level""]"
9	python_database_sql_repository_v21.json	PY21_L09_foreign_key_001	FOREIGN KEY 관계 읽기	한 테이블의 값이 다른 테이블의 id를 참조하는 구조를 읽는다.	CREATE TABLE curations (\n  id TEXT PRIMARY KEY,\n  item_id TEXT NOT NULL,\n  FOREIGN KEY (item_id) REFERENCES items(id)\n);	FOREIGN KEY (item_id) REFERENCES items(id)의 의미는?	curations.item_id가 items.id를 참조한다	이 FOREIGN KEY는 curations.item_id가 items.id를 참조한다는 관계를 선언한다. 부모에 없는 id를 막거나 delete 동작을 제어하려면 database가 외래키 제약을 실제로 활성화하고 있어야 한다. SQLite는 connection마다 PRAGMA foreign_keys = ON 설정을 확인해야 하며, 기존 orphan data와 ON DELETE 정책도 별도로 점검한다.	curations가 존재하지 않는 item을 가리키는 orphan 문제를 막는 개념이다.	meaning_choice	"[""foreign_key"",""relationship"",""schema"",""sql""]"
9	python_database_sql_repository_v21.json	PY21_L09_index_001	CREATE INDEX 읽기	조회가 자주 걸리는 컬럼에 index를 만드는 이유를 이해한다.	CREATE INDEX IF NOT EXISTS idx_items_source\nON items(source_url);	이 index의 목적에 가장 가까운 것은?	source_url 조건 검색을 빠르게 하기 위해	index는 특정 컬럼 조건으로 데이터를 더 빠르게 찾기 위한 보조 구조다. 조회는 빨라질 수 있지만 쓰기 비용과 저장 공간이 늘 수 있다. 인덱스는 책의 찾아보기처럼 위치를 빨리 찾게 하지만 데이터가 바뀔 때 인덱스도 함께 갱신해야 한다.	중복 URL 검사, claim hash 조회, 날짜별 조회 성능과 연결된다.	meaning_choice	"[""index"",""query_performance"",""sql""]"
9	python_database_sql_repository_v21.json	PY21_L09_join_001	JOIN 쿼리 읽기	두 테이블을 연결해 필요한 필드를 함께 가져오는 SQL을 읽는다.	SELECT c.position, i.title, i.source_url\nFROM curations c\nJOIN items i ON c.item_id = i.id\nWHERE c.page = 'home'\nORDER BY c.position;	JOIN items i ON c.item_id = i.id의 역할은?	curations와 items를 item_id/id 기준으로 연결한다	JOIN은 관련된 여러 테이블의 행을 연결해 함께 조회하는 SQL 기능이다. 사용자 정보와 주문 정보처럼 나뉜 데이터를 한 결과로 볼 수 있다. ON 조건은 두 테이블의 어떤 컬럼을 맞춰 연결할지 정하므로 결과 행의 의미를 좌우한다. 따라서 정답은 ‘curations와 items를 item_id/id 기준으로 연결한다’이다.	홈 큐레이션 API에서 카드와 원문 item 정보를 함께 가져올 때 쓰는 구조다.	meaning_choice	"[""join"",""sql"",""relationship"",""select""]"
9	python_database_sql_repository_v21.json	PY21_L09_upsert_001	UPSERT 읽기	이미 있으면 갱신하고 없으면 삽입하는 SQL 패턴을 읽는다.	INSERT INTO items(id, title, source_url)\nVALUES (?, ?, ?)\nON CONFLICT(id) DO UPDATE SET\n  title = excluded.title,\n  source_url = excluded.source_url;	ON CONFLICT(id) DO UPDATE의 의미는?	같은 id가 이미 있으면 UPDATE한다	upsert는 insert와 update를 합친 운용 패턴이다. 새 행이면 추가하고, 이미 있으면 기존 행을 갱신하는 흐름에 쓴다. ON CONFLICT(id)는 id가 이미 있을 때 충돌로 보고, 그 경우 DO UPDATE 쪽 로직을 실행한다는 뜻이다.	수집 item이나 source 메타를 반복 적재할 때 중복을 안정적으로 처리한다.	meaning_choice	"[""upsert"",""insert"",""update"",""conflict""]"
9	python_database_storage_crud_v37.json	PY37_L09_delete_001	DELETE 읽기	조건에 맞는 row를 삭제하는 DELETE 문을 이해한다.	DELETE FROM wrong_answers\nWHERE created_at < '2026-01-01';	이 SQL은 무엇을 삭제하는가?	2026-01-01보다 오래된 오답 기록	이 조건은 created_at이 비교 가능한 ISO 날짜·시간 형식으로 일관되게 저장되어 있다는 전제에서 2026-01-01 이전 행을 삭제한다. DELETE 전 같은 WHERE로 SELECT해 대상을 확인하고, transaction·backup·보존 정책을 갖춰야 한다. WHERE가 없으면 테이블의 모든 행이 대상이 된다.	오래된 임시 기록이나 캐시성 데이터를 정리할 때 필요하다.	meaning_choice	"[""DELETE"",""SQL"",""remove""]"
9	python_database_storage_crud_v37.json	PY37_L09_index_001	index 읽기	자주 찾는 column에 index를 두는 이유를 이해한다.	CREATE INDEX idx_progress_user\nON progress(user_id);	이 index의 목적은?	user_id로 progress를 더 빨리 찾기 위해	이 index는 user_id 값으로 정렬된 보조 구조를 만들어 해당 조건 조회의 전체 table scan을 줄일 가능성이 있다. 실제 사용 여부와 속도는 데이터 분포와 query planner가 결정한다. index는 저장 공간을 차지하고 INSERT·UPDATE·DELETE 때 유지 비용이 생기므로 실행 계획을 보고 선택한다.	사용자별 진행률을 자주 조회한다면 user_id index가 도움이 된다.	meaning_choice	"[""index"",""query_performance"",""database""]"
9	python_database_storage_crud_v37.json	PY37_L09_update_001	UPDATE 읽기	기존 row 값을 바꾸는 UPDATE 문을 이해한다.	UPDATE progress\nSET correct_count = correct_count + 1\nWHERE user_id = 'u1' AND card_id = 'c101';	이 SQL의 의미는?	u1의 c101 맞힌 횟수를 1 증가시킨다	UPDATE는 조건에 맞는 기존 row의 값을 수정하는 SQL 명령이다. WHERE 조건을 잘못 쓰면 원하지 않는 여러 row가 바뀔 수 있다. UPDATE를 실행하기 전에는 WHERE가 원하는 행만 고르는지 SELECT로 먼저 확인하는 습관이 안전하다. 따라서 정답은 ‘u1의 c101 맞힌 횟수를 1 증가시킨다’이다.	정답을 맞힐 때 누적 카운트를 저장하는 방식이다.	meaning_choice	"[""UPDATE"",""SQL"",""modify""]"
9	python_database_storage_crud_v37.json	PY37_L09_upsert_001	upsert 읽기	있으면 수정하고 없으면 추가하는 upsert 개념을 이해한다.	upsert progress:\n  if (user_id, card_id) exists:\n      update score\n  else:\n      insert new row	upsert의 핵심은?	기존 기록이 있으면 업데이트하고 없으면 새로 넣는다	upsert는 충돌 기준에 맞는 행이 있으면 update하고 없으면 insert하는 원자적 DB 연산이다. 이 예시에서는 (user_id, card_id)에 UNIQUE 제약이나 같은 역할의 key가 있어야 중복 기준이 명확하다. 먼저 SELECT한 뒤 따로 INSERT하는 방식은 동시 요청에서 race condition이 생길 수 있으므로 DB의 upsert 구문을 사용한다.	학습 진행률 저장 API에서 자주 필요한 패턴이다.	meaning_choice	"[""if"",""else"",""upsert"",""insert_or_update"",""conflict""]"
9	python_debug_logs_cache_git_v17.json	PY17_L09_git_add_commit_push_001	git add/commit/push 흐름 읽기	로컬 변경을 원격 GitHub에 올리는 기본 흐름을 읽는다.	"git add src/pwa/app.js data/lessons/python_debug_logs_cache_git_v17.json\ngit commit -m ""Add debug log and cache reading cards""\ngit push"	커밋/푸시 흐름에서 git add의 역할은?	커밋에 포함할 파일을 스테이징한다	git add는 지정한 두 파일의 현재 내용을 staging area에 올린다. git commit은 staged snapshot을 로컬 기록으로 만들고, git push는 현재 브랜치와 설정된 원격·upstream 조건에 따라 커밋을 전송한다. 작업 폴더의 다른 변경은 자동으로 포함되지 않으므로 commit 전에 git diff --cached로 범위를 확인해야 한다.	검증한 변경만 의미 있는 단위로 기록하고 원격 브랜치에 공유하는 기본 흐름이다.	meaning_choice	"[""git"",""commit"",""push"",""workflow""]"
9	python_debug_logs_cache_git_v17.json	PY17_L09_git_status_001	git status 결과 읽기	Git이 추적하는 변경과 추적하지 않는 파일을 구분한다.	Changes not staged for commit:\n        modified:   src/pwa/app.js\n\nUntracked files:\n        run_local_server.ps1	run_local_server.ps1이 Untracked라는 뜻은?	Git이 아직 추적하지 않는 새 파일이다	git status는 작업 폴더의 변경 상태를 보여 준다. Untracked files는 Git이 아직 추적하지 않는 새 파일이므로 add 전에는 커밋되지 않는다.	스크립트를 만들었는데 커밋 대상에 포함할지 판단할 때 꼭 읽어야 한다.	meaning_choice	"[""git"",""status"",""modified"",""untracked""]"
9	python_debug_logs_cache_git_v17.json	PY17_L09_gitignore_reports_001	.gitignore에 reports 추가하기	임시 산출물 폴더를 Git 추적 대상에서 제외하는 이유를 이해한다.	"Add-Content .gitignore ""`nreports/""\ngit add .gitignore\ngit commit -m ""Ignore local reports directory"""	reports/를 .gitignore에 넣는 이유는?	검증 산출물 같은 로컬 파일을 Git에 올리지 않기 위해	.gitignore의 reports/ 패턴은 아직 추적하지 않는 reports 디렉터리 파일을 기본적으로 무시하게 한다. Add-Content를 여러 번 실행하면 같은 줄이 중복될 수 있고, 이미 Git이 추적 중인 파일은 .gitignore에 적어도 자동으로 추적 해제되지 않는다. 또한 팀이 공유해야 하는 공식 보고서라면 무조건 제외하지 말고 저장소 정책을 먼저 정해야 한다.	재생성 가능한 로컬 산출물을 저장소에 포함할지 정책에 따라 정하는 예시다.	meaning_choice	"[""gitignore"",""reports"",""untracked"",""git""]"
9	python_debug_logs_cache_git_v17.json	PY17_L09_regex_replace_block_001	정규식 블록 교체 읽기	함수 하나를 정규식으로 찾아 통째로 교체하는 패턴을 읽는다.	"$pattern = '(?s)function renderSideCards\(card\) \{[\s\S]*?\r?\n\}\r?\n\r?\nfunction markSeen'\n$app = [regex]::Replace($app, $pattern, $newRenderSideCards + ""`r`n`r`nfunction markSeen"")"	이 코드의 목적은?	renderSideCards 함수만 찾아 새 블록으로 교체한다	Replace는 renderSideCards 선언에서 뒤의 markSeen 선언까지 정규식으로 찾고, 새 함수 문자열 뒤에 markSeen 선언을 다시 붙인다. 이 패턴은 중간에 비슷한 문자열이나 예상과 다른 줄바꿈·함수 배치가 있으면 잘못된 범위를 바꾸거나 아무것도 바꾸지 않을 수 있다. 소스 코드는 가능하면 구문 분석기나 명확한 수동 patch로 바꾸고, 변경 건수와 diff를 반드시 확인해야 한다.	큰 소스 파일에서 함수 단위 변경 범위와 diff 검증의 중요성을 보여 주는 예시다.	meaning_choice	"[""regex"",""replace"",""swap_in"",""function""]"
9	python_debugging_error_routines_v28.json	PY28_L09_http_404_001	HTTP 404 로그 읽기	정적 서버 로그에서 404가 어떤 의미인지 이해한다.	"127.0.0.1 - - ""GET /data/lessons/missing.json HTTP/1.1"" 404 -\n127.0.0.1 - - ""GET /src/pwa/app.js HTTP/1.1"" 200 -"	missing.json의 404 의미는?	서버가 해당 경로의 파일을 찾지 못했다	404는 경로에 해당 리소스가 없다는 뜻이다. app.js의 200과 구분해서 봐야 한다. HTTP 404는 요청한 파일이나 API 경로를 서버가 찾지 못했다는 뜻이다. URL 철자, 상대경로, 서버 루트 위치를 먼저 확인해야 한다.	lessonFiles에 파일명을 잘못 넣었을 때 바로 보이는 로그다.	meaning_choice	"[""HTTP"",""404"",""static_server"",""path""]"
9	python_debugging_error_routines_v28.json	PY28_L09_http_500_001	HTTP 500 읽기	API 서버의 500 오류가 클라이언트보다 서버 내부 문제에 가깝다는 점을 이해한다.	"GET /api/search?q=rag 500 Internal Server Error\n\nTraceback:\n  File ""search_api.py"", line 41, in search\n    return router.search(q)"	500 오류에서 먼저 봐야 하는 곳은?	서버 traceback과 API 내부 로그	500은 서버 내부 오류다. 클라이언트 요청 형식도 보지만 우선 서버 로그가 중요하다. HTTP 500은 서버 내부에서 오류가 났다는 뜻이다. 클라이언트 요청만 보지 말고 서버 로그, traceback, 최근 배포 변경을 함께 확인해야 한다.	FastAPI 검색 서버나 로컬 API가 죽을 때 원인을 찾는 루틴이다.	meaning_choice	"[""return"",""HTTP"",""500"",""server_error"",""api""]"
9	python_debugging_error_routines_v28.json	PY28_L09_module_not_found_001	ModuleNotFoundError 환경 확인	패키지를 설치했는데도 import가 안 될 때 실행 Python을 확인한다.	"ModuleNotFoundError: No module named ""fastapi""\n\npython -c ""import sys; print(sys.executable)""\npython -m pip show fastapi"	sys.executable을 찍는 이유는?	실제로 실행 중인 Python 경로를 확인하기 위해	sys.executable은 실제 code를 실행한 interpreter path를 보여 주고 같은 python -m pip show는 그 environment에 FastAPI distribution이 있는지 확인한다. 설치했어도 다른 venv나 interpreter를 쓰면 import하지 못한다. local file 이름이 package를 가리는지와 sys.path도 함께 본다.	로컬 venv, GPU 서버, FastAPI 검색 API를 오갈 때 핵심 확인 루틴이다.	meaning_choice	"[""print"",""ModuleNotFoundError"",""venv"",""pip"",""environment""]"
9	python_debugging_error_routines_v28.json	PY28_L09_port_in_use_001	포트 충돌 오류 읽기	서버 실행 시 이미 포트가 사용 중이라는 오류를 이해한다.	OSError: [Errno 98] Address already in use\n\npython -m http.server 8790 --bind 127.0.0.1	이 오류의 의미는?	8790 포트를 이미 다른 프로세스가 사용 중일 수 있다	같은 포트에 서버를 두 개 띄우면 충돌한다. 기존 서버를 끄거나 다른 포트를 써야 한다. 포트 충돌은 이미 다른 프로그램이 같은 포트를 쓰고 있을 때 발생한다. 어떤 프로세스가 포트를 점유했는지 확인하고 종료하거나 다른 포트로 바꿔야 한다.	run_local_server.ps1을 여러 번 켰을 때 확인해야 하는 오류다.	meaning_choice	"[""port"",""server"",""address_in_use""]"
9	python_deep_expansion_v4.json	PY4_L09_cache_dict_001	dict cache 패턴 읽기	이미 계산한 결과를 dict에 저장해 재사용하는 코드를 읽는다.	cache = {}\n\ndef get_summary(doc_id):\n    if doc_id in cache:\n        return cache[doc_id]\n    summary = summarize(doc_id)\n    cache[doc_id] = summary\n    return summary	cache의 목적은?	같은 요약을 반복 계산하지 않기	cache dict는 이미 계산한 결과를 저장해 재사용하는 구조다. 같은 입력이 cache에 있으면 summarize를 다시 호출하지 않아도 된다. 비싼 계산이나 API 호출 결과를 저장할 때 특히 효과가 크지만 오래된 값 갱신 기준도 필요하다. 따라서 반환/호출 결과는 ‘같은 요약을 반복 계산하지 않기’이다.	LLM 비용 절감, API 호출 절감, 앱 속도 개선에 연결된다.	meaning_choice	"[""if"",""def"",""function"",""return"",""cache"",""dict"",""performance""]"
9	python_deep_expansion_v4.json	PY4_L09_evidence_check_001	근거 없는 답변 차단 흐름	근거 문서가 없으면 답변 생성을 막는 방어 코드를 읽는다.	"def answer(question, docs):\n    if not docs:\n        return ""근거 문서가 부족합니다.""\n    return call_llm(build_prompt(question, docs))"	docs가 비어 있으면 어떻게 되는가?	근거 부족 메시지를 반환한다	docs가 빈 목록처럼 falsy이면 근거 부족 메시지를 즉시 반환하고 call_llm은 실행하지 않는다. 다만 docs가 하나라도 있다는 사실만 확인할 뿐, 문서가 질문과 관련 있는지·신뢰할 수 있는지·답변이 문서를 따르는지는 검증하지 않는다. 따라서 이 분기는 빈 근거 호출을 막는 한 단계이지 환각을 차단하는 완전한 보장은 아니다.	Evidence-first RAG와 환각 방지에 직접 연결된다.	meaning_choice	"[""if"",""def"",""function"",""return"",""evidence"",""validation"",""rag""]"
9	python_deep_expansion_v4.json	PY4_L09_prompt_template_001	prompt template 읽기	질문과 문서를 템플릿에 넣어 프롬프트를 만드는 코드를 읽는다.	"def build_prompt(question, docs):\n    context = ""\n"".join(docs)\n    return f""Context:\n{context}\n\nQuestion: {question}"""	이 함수는 무엇을 만드는가?	LLM에 넣을 프롬프트	docs의 각 문자열을 줄바꿈으로 합쳐 context를 만들고, question과 함께 고정 형식 문자열로 반환한다. 따라서 결과는 LLM에 전달할 프롬프트다. docs 항목이 문자열이 아니면 join에서 오류가 나며, 형식을 고정했다고 해서 모델이 지시를 반드시 따르거나 문서 안의 악성 지시를 무시하는 것은 아니다.	RAG와 에이전트 코드에서 핵심이다.	meaning_choice	"[""def"",""function"",""return"",""prompt"",""template"",""llm""]"
9	python_deep_expansion_v4.json	PY4_L09_rerank_flow_001	rerank 흐름 읽기	검색 후보를 다시 점수화해 상위 결과를 고르는 흐름을 읽는다.	def rerank(query, hits):\n    scored = []\n    for hit in hits:\n        scored.append((score_pair(query, hit), hit))\n    scored.sort(key=lambda pair: pair[0], reverse=True)\n    return [hit for score, hit in scored[:5]]	rerank의 목적은?	검색 후보를 다시 점수순으로 정렬한다	각 hit와 query의 score_pair 결과를 (점수, hit)로 저장하고, key가 점수만 꺼내도록 지정해 내림차순 정렬한 뒤 최대 5개 hit를 반환한다. 점수가 같은 경우에도 hit 객체끼리 비교하지 않으므로 dict 같은 비교 불가능한 객체에서 생길 수 있는 오류를 피한다. 위쪽 결과가 실제로 더 관련 있는지는 score_pair의 품질에 달려 있다.	RAG 품질을 높이는 2단계 검색 구조에 자주 나온다.	meaning_choice	"[""for"",""def"",""function"",""return"",""rerank"",""retrieval"",""score""]"
9	python_deploy_pwa_cache_storage_v23.json	PY23_L09_fetch_json_fail_001	JSON fetch 실패 처리 읽기	fetch 응답이 실패하면 명확한 오류를 던지는 코드를 읽는다.	"async function loadJson(path) {\n  const res = await fetch(withDataVersion(path));\n  if (!res.ok) throw new Error(""failed to load "" + path + "": "" + res.status);\n  return await res.json();\n}"	res.ok가 false이면 어떻게 되는가?	Error를 던지고 JSON 파싱으로 넘어가지 않는다	res.ok가 false이면 Error를 던져 이 함수 안에서는 res.json을 실행하지 않는다. 2xx여도 body가 invalid JSON이면 res.json 자체가 reject할 수 있고, network error는 response를 받기 전 fetch에서 reject한다. caller는 두 종류를 catch해 path와 안전한 error context를 표시하고 app 전체가 무한 Loading에 남지 않게 해야 한다.	lesson JSON 하나가 404일 때 앱 전체 Loading이 멈추는 원인을 잡는 데 필요하다.	meaning_choice	"[""if"",""return"",""fetch"",""json"",""error_handling"",""http_status""]"
9	python_deploy_pwa_cache_storage_v23.json	PY23_L09_localstorage_load_001	localStorage 불러오기 fallback 읽기	저장된 값이 없을 때 기본값을 쓰는 구조를 읽는다.	"const raw = localStorage.getItem(""ptr_progress"");\nconst progress = raw ? JSON.parse(raw) : { seen: [], unknown: [] };"	raw가 없으면 progress는 무엇이 되는가?	{ seen: [], unknown: [] }	raw가 null이면 삼항식이 기본 object를 선택하므로 정답과 같다. raw가 존재하지만 invalid JSON이면 JSON.parse가 예외를 내며 이 code에는 fallback이 없다. 안전한 loader는 try/catch로 parse를 감싸고 parsed value가 기대한 schema인지 확인한 뒤, 오류를 기록하고 명시적으로 기본값을 선택해야 한다.	처음 앱을 여는 사용자도 빈 진행상황으로 시작하게 만드는 코드다.	meaning_choice	"[""localStorage"",""fallback"",""JSON.parse"",""browser_storage""]"
9	python_deploy_pwa_cache_storage_v23.json	PY23_L09_localstorage_progress_001	localStorage 진행상황 저장 읽기	브라우저에 학습 진행상황을 저장하는 구조를 읽는다.	"const progress = { seen: [""PY1_001""], unknown: [] };\nlocalStorage.setItem(""ptr_progress"", JSON.stringify(progress));"	JSON.stringify(progress)를 쓰는 이유는?	객체를 localStorage에 저장 가능한 문자열로 바꾸기 위해	localStorage는 string만 저장하므로 JSON.stringify가 object를 JSON string으로 직렬화한다. 데이터는 origin별 browser storage에 남고 같은 origin의 script가 읽을 수 있으므로 secret이나 민감한 개인 정보 저장에는 적합하지 않다. 동기 API라 큰 값을 자주 쓰면 UI를 막을 수 있고 quota·private mode·storage 정책 때문에 setItem이 실패할 수도 있다.	학습/모름/메모/오늘 큐 상태가 브라우저에 남는 방식이다.	meaning_choice	"[""localStorage"",""progress"",""json"",""browser_storage""]"
9	python_deploy_pwa_cache_storage_v23.json	PY23_L09_promise_all_001	Promise.all lesson 로딩 읽기	여러 lesson 파일을 병렬로 로딩하는 구조와 실패 특성을 이해한다.	const lessonArrays = await Promise.all(\n  lessonFiles.map((path) => loadJson(path))\n);\nconst cards = lessonArrays.flat();	Promise.all의 특징은?	여러 요청 중 하나라도 실패하면 전체가 실패할 수 있다	map이 각 loadJson promise를 만들고 Promise.all은 입력 순서대로 결과를 모아 모든 promise가 fulfill될 때 resolve한다. 하나가 reject되면 전체 await가 reject하지만 이미 시작한 다른 fetch를 자동으로 cancel하지는 않는다. 필수 파일은 fail-fast로 처리하고 선택 파일은 Promise.allSettled나 개별 catch로 fallback할지 정책을 나눈다.	lessonFiles에 없는 파일을 넣으면 앱이 Loading에서 멈출 수 있는 이유다.	meaning_choice	"[""promise_all"",""fetch"",""async"",""json""]"
9	python_dev_environment_foundation_v103_a1.json	PY103_L09_branch_conflict_001	branch와 merge conflict 읽기	분리 작업 흐름과 충돌 해결의 의미를 이해한다.	<<<<<<< HEAD\nold line\n=======\nnew line\n>>>>>>> feature	이 표시는 무엇을 뜻하는가?	merge conflict가 남아 있어 사람이 선택해야 한다	branch는 main과 분리된 작업 흐름을 만들고, merge는 변경을 합친다. 같은 부분을 서로 다르게 고치면 Git이 자동으로 선택하지 못해 conflict marker를 남긴다. 이 표시는 코드로 남겨 두면 안 되고 사람이 어떤 내용을 유지할지 고른 뒤 제거해야 한다. 충돌 해결 후에는 다시 검증하고 commit해야 한다. 충돌 표시를 해결한 뒤에는 단순히 marker를 지우는 데서 끝내지 말고, 남긴 코드가 실제로 실행되고 검증을 통과하는지 확인해야 한다.	협업이나 큰 실험 작업을 이해하기 위한 Git 기초다.	meaning_choice	"[""branch"",""merge"",""conflict""]"
9	python_dev_environment_foundation_v103_a1.json	PY103_L09_cuda_oom_batch_001	CUDA out of memory와 batch size	GPU 메모리 부족의 주요 원인을 읽는다.	CUDA out of memory\nbatch_size = 16	이 오류를 줄이는 대표 방법은?	batch size나 입력 길이, 모델 크기를 줄인다	CUDA out of memory는 GPU 메모리인 VRAM이 부족할 때 발생한다. 원인은 모델 크기, batch size, 입력 길이, dtype, 동시 실행 프로세스일 수 있다. batch size를 줄이면 한 번에 올리는 데이터가 줄어 메모리 사용량이 낮아질 수 있다. nvidia-smi로 현재 사용량을 보고, 코드에서 어떤 값이 메모리를 키우는지 함께 확인해야 한다.	GPU 서버에서 학습/추론 실패를 해석하는 기본 카드다.	meaning_choice	"[""cuda_oom"",""vram"",""batch_size""]"
9	python_dev_environment_foundation_v103_a1.json	PY103_L09_cuda_visible_devices_001	CUDA_VISIBLE_DEVICES 읽기	보이는 GPU를 제한하는 환경변수의 의미를 이해한다.	CUDA_VISIBLE_DEVICES=0 python train.py	이 설정의 의미로 가장 가까운 것은?	프로세스가 볼 GPU를 0번으로 제한한다	CUDA_VISIBLE_DEVICES=0은 이 프로세스에 물리 장치 목록의 0번 GPU만 보이게 한다. 노출된 장치는 프로세스 안에서 다시 cuda:0으로 번호가 매겨지므로 여러 장치를 골라 순서를 바꾸면 논리 번호와 물리 번호가 달라질 수 있다. 변수 변경은 GPU 메모리를 비우거나 장치 사용을 보장하지 않으며, 실행 전에 설정해야 한다.	다중 GPU 서버나 공유 GPU 환경에서 필요한 카드다.	meaning_choice	"[""CUDA_VISIBLE_DEVICES"",""gpu"",""environment_variable""]"
9	python_dev_environment_foundation_v103_a1.json	PY103_L09_dotenv_gitignore_001	.env와 .gitignore 읽기	비밀 설정 파일을 Git에 올리지 않는 이유를 이해한다.	.env\n.env.example\n.gitignore	실제 API key가 들어간 .env를 보통 Git에 올리지 않는 이유는?	비밀값 유출을 막기 위해	.env에는 API key 같은 비밀 설정이 들어갈 수 있어 보통 .gitignore로 새 파일의 추적을 막고, 변수 이름과 가짜 예시만 담은 .env.example을 공유한다. 이미 Git이 추적 중인 .env에는 ignore 규칙만 추가해도 효과가 없으므로 추적 해제 여부를 확인해야 한다. 비밀이 commit되었다면 파일 삭제만으로 해결되지 않으며 키를 즉시 폐기·재발급하고 이력 노출도 대응한다.	API key를 안전하게 저장하고 배포 설정과 구분하는 카드다.	meaning_choice	"[""dotenv"",""gitignore"",""secret""]"
9	python_dev_environment_foundation_v103_a1.json	PY103_L09_env_var_os_getenv_001	환경변수 os.getenv 읽기	코드 밖 설정값을 Python에서 읽는 흐름을 이해한다.	import os\napi_key = os.getenv('OPENAI_API_KEY')	이 코드가 값을 가져오는 위치는?	코드 밖 환경변수	환경변수는 코드 밖에서 주입되는 설정값이다. os.getenv('OPENAI_API_KEY')는 코드 안에 실제 키를 쓰지 않고, 실행 환경에 설정된 값을 읽는다. API key나 DB 주소처럼 환경마다 달라지는 값은 코드에 직접 넣지 않는 것이 안전하다. 값이 없을 때 기본값을 쓰는지, 오류를 내는지 함께 확인해야 배포 환경 문제를 빠르게 찾을 수 있다.	API key와 비밀 설정을 안전하게 다루는 기초다.	meaning_choice	"[""import"",""environment_variable"",""os.getenv"",""config""]"
9	python_dev_environment_foundation_v103_a1.json	PY103_L09_git_pull_tracking_001	pull과 origin/main 상태 읽기	원격 저장소와 로컬 브랜치의 관계를 이해한다.	git pull origin main\ngit --no-pager log --oneline -3	git pull의 목적에 가장 가까운 것은?	원격 main의 변경을 로컬로 가져와 반영한다	git pull origin main은 origin의 main을 fetch한 뒤 그 내용을 현재 checkout한 브랜치에 통합한다. 현재 브랜치가 main일 때는 보통 로컬 main을 갱신하지만, 다른 브랜치에서 실행하면 그 브랜치에 main을 합칠 수 있다. 실행 전 git status와 현재 브랜치를 확인하고, 작업 중 변경이 있다면 충돌 가능성을 먼저 처리한다.	원격 백업과 다른 PC 작업 연속성을 이해하기 위한 카드다.	meaning_choice	"[""git_pull"",""origin"",""remote_tracking""]"
9	python_dev_environment_foundation_v103_a1.json	PY103_L09_module_not_found_001	ModuleNotFoundError 환경 확인	설치 여부보다 현재 환경 불일치를 먼저 확인한다.	ModuleNotFoundError: No module named 'requests'	이 오류를 볼 때 먼저 확인할 것으로 가장 적절한 것은?	현재 Python/venv와 pip 설치 환경이 같은지	ModuleNotFoundError는 현재 실행 중인 Python의 import 경로에서 모듈을 찾지 못했다는 뜻이다. requests가 설치되지 않았을 수도 있고, 다른 venv의 pip로 설치했거나 import 이름과 배포 패키지 이름을 혼동했을 수도 있다. python -m pip --version과 python -m pip show requests로 같은 환경인지 확인한 뒤 필요한 경우에만 설치한다.	패키지 설치 후에도 import가 실패하는 상황을 다룬다.	meaning_choice	"[""ModuleNotFoundError"",""import"",""venv""]"
9	python_dev_environment_foundation_v103_a1.json	PY103_L09_pip_freeze_001	pip freeze와 저장 방향 읽기	현재 환경의 패키지 버전을 파일로 남기는 흐름을 이해한다.	python -m pip freeze > requirements.txt	이 명령의 결과로 가장 가까운 것은?	현재 환경의 패키지 목록이 requirements.txt에 저장된다	pip freeze는 현재 환경에 설치된 Python 배포판과 버전을 출력하고, >는 그 출력을 requirements.txt로 덮어쓴다. 환경 스냅샷에는 실험 중 설치한 불필요한 패키지와 간접 의존성도 섞일 수 있다. 필요한 항목인지 검토하고, 운영체제 패키지·Python 버전·환경 표식까지 이 파일 하나가 재현하지는 못한다는 점을 함께 문서화해야 한다.	배포나 새 PC 세팅 전에 의존성을 정리하는 흐름과 연결된다.	meaning_choice	"[""pip_freeze"",""requirements.txt"",""reproducibility""]"
9	python_error_recovery_retry_ux_v59.json	PY59_L09_error_boundary_001	error boundary 읽기	컴포넌트 렌더링 오류를 잡아 대체 화면을 보여주는 error boundary 개념을 이해한다.	try:\n  renderCard(card)\nexcept Exception:\n  renderCardFallback(card.id)	error boundary의 목적은?	일부 화면 오류가 전체 앱을 무너뜨리지 않게 하기 위해	이 예시는 카드 하나의 렌더링을 try/except로 격리하는 경계 패턴이다. 해당 카드가 실패하면 대체 화면을 그리고 나머지 카드는 계속 처리할 수 있다. 프레임워크의 공식 Error Boundary와 문법은 다를 수 있으며, 예외를 잡은 뒤에는 원인을 안전하게 기록하고 복구 불가능한 오류까지 무조건 숨기지 않아야 한다.	감사 v2에서 ERROR_RECOVERY_USER_FACING이 0 hits였으므로, v59는 사용자가 오류 상황에서도 앱을 복구하고 학습을 이어갈 수 있는 UX를 보강한다.	meaning_choice	"[""try_except"",""error_boundary"",""component_error"",""fallback_UI""]"
9	python_error_recovery_retry_ux_v59.json	PY59_L09_error_log_001	user-facing error log 읽기	사용자에게 보여줄 오류와 개발자가 볼 로그를 구분하는 방식을 이해한다.	console.error(error)\nshowError('문제가 발생했습니다')	오류 로그와 사용자 메시지를 구분하는 이유는?	개발 정보는 기록하고 사용자에게는 이해 가능한 메시지를 보여주기 위해	개발자 로그에는 오류 종류와 발생 위치처럼 진단에 필요한 정보를 남기고, 사용자 화면에는 이해 가능한 설명과 다음 행동을 보여 준다. stack trace, 토큰, 개인 메모 같은 내부 정보나 민감 정보는 사용자 메시지에 넣지 않으며 운영 로그에도 그대로 남기지 않는다. 같은 오류를 연결해 조사하려면 민감하지 않은 오류 ID를 함께 보여 줄 수 있다.	감사 v2에서 ERROR_RECOVERY_USER_FACING이 0 hits였으므로, v59는 사용자가 오류 상황에서도 앱을 복구하고 학습을 이어갈 수 있는 UX를 보강한다.	meaning_choice	"[""error_log"",""debugging"",""support""]"
9	python_error_recovery_retry_ux_v59.json	PY59_L09_invalid_json_recovery_001	invalid JSON recovery 읽기	JSON 파싱 실패 시 파일명과 복구 안내를 남기는 방식을 이해한다.	try:\n  data = JSON.parse(text)\ncatch (error):\n  reportBadJson(fileName)	invalid JSON recovery에서 필요한 정보는?	어떤 파일이 깨졌는지와 어떻게 복구할지에 대한 안내	JSON 파싱 오류는 배포 전 검증에서 먼저 잡는 것이 좋지만 런타임 방어도 필요하다. 어떤 파일이 실패했는지 개발 로그에 남기고, 사용자에게는 안전한 대체 화면이나 복구 방법을 제공한다. 손상된 값을 임의의 기본값으로 바꾸면 오류가 숨을 수 있으므로, 해당 파일을 격리하거나 명시적으로 건너뛰는 정책도 정해야 한다.	감사 v2에서 ERROR_RECOVERY_USER_FACING이 0 hits였으므로, v59는 사용자가 오류 상황에서도 앱을 복구하고 학습을 이어갈 수 있는 UX를 보강한다.	meaning_choice	"[""try_except"",""invalid_JSON"",""parse_error"",""recovery""]"
9	python_error_recovery_retry_ux_v59.json	PY59_L09_safe_default_001	safe default 읽기	값이 없을 때 안전한 기본값으로 앱이 계속 동작하게 하는 방식을 이해한다.	choices = card.choices || []\ntitle = card.title || '제목 없음'	safe default의 목적은?	일부 값이 없어도 앱이 완전히 깨지지 않게 하기 위해	safe default는 선택적인 값이 없을 때 앱이 계속 동작하도록 정한 기본값이다. 예시에서는 choices가 없으면 빈 목록, title이 없으면 안내 문구를 쓴다. 하지만 필수 필드까지 기본값으로 덮으면 손상된 데이터를 정상처럼 보이게 할 수 있으므로, 필수값은 검증 오류로 기록하고 선택값에만 기본값을 쓰는 편이 안전하다.	감사 v2에서 ERROR_RECOVERY_USER_FACING이 0 hits였으므로, v59는 사용자가 오류 상황에서도 앱을 복구하고 학습을 이어갈 수 있는 UX를 보강한다.	meaning_choice	"[""safe_default"",""defensive_programming"",""UX""]"
9	python_fastapi_api_server_v20.json	PY20_L09_background_task_001	BackgroundTasks 읽기	응답 후 뒤에서 작업을 실행하는 구조를 읽는다.	"from fastapi import BackgroundTasks\n\ndef save_log(query: str):\n    logs.append(query)\n\n@app.post(""/search"")\ndef search(req: SearchRequest, background_tasks: BackgroundTasks):\n    background_tasks.add_task(save_log, req.query)\n    return {""ok"": True}"	background_tasks.add_task(save_log, req.query)의 의미는?	save_log를 백그라운드 작업으로 등록한다	add_task는 response가 전송된 뒤 save_log(req.query)를 실행할 background task 목록에 등록한다. 요청 응답을 늦추지 않는 작은 부가 작업에 유용하지만 같은 server process 안에서 실행되므로 process가 종료되면 잃을 수 있고, 실패를 client 응답으로 알릴 수도 없다. 오래 걸리거나 반드시 완료해야 하는 작업은 durable queue와 worker를 고려한다.	질문 로그, 사용 기록, 분석 이벤트 저장에 활용할 수 있는 패턴이다.	meaning_choice	"[""def"",""function"",""return"",""import"",""background_task"",""fastapi"",""async_job""]"
9	python_fastapi_api_server_v20.json	PY20_L09_cors_001	CORS middleware 읽기	프론트엔드가 다른 주소의 API를 호출할 때 필요한 CORS 설정을 읽는다.	"from fastapi.middleware.cors import CORSMiddleware\n\napp.add_middleware(\n    CORSMiddleware,\n    allow_origins=[""http://localhost:8790""],\n    allow_methods=[""*""],\n    allow_headers=[""*""],\n)"	allow_origins에 localhost:8790을 넣는 이유는?	그 주소의 프론트에서 API 호출을 허용하려고	origin은 scheme, host, port의 조합이므로 http://localhost:8790에서 실행된 browser frontend가 다른 origin의 API를 읽게 하려면 서버가 해당 origin을 CORS 응답에 허용해야 한다. CORS는 browser가 적용하는 교차 출처 규칙이지 authentication이나 API 접근 제어가 아니다. allow_methods와 allow_headers의 *도 필요한 범위로 줄이는 편이 안전하다.	정적 PWA와 로컬 FastAPI 서버를 연결할 때 자주 만나는 문제다.	meaning_choice	"[""import"",""cors"",""middleware"",""frontend"",""api""]"
9	python_fastapi_api_server_v20.json	PY20_L09_dependency_injection_001	Depends 의존성 주입 읽기	요청 처리 전에 공통 의존성을 준비하는 구조를 읽는다.	"from fastapi import Depends\n\ndef get_db():\n    return db\n\n@app.get(""/items"")\ndef list_items(db=Depends(get_db)):\n    return db.list_items()"	Depends(get_db)의 역할은?	endpoint 실행 전에 get_db 결과를 인자로 넣는다	FastAPI는 endpoint 호출 전에 get_db 의존성을 해결하고 그 반환값을 list_items의 db 인자로 전달한다. Depends는 인증·설정·DB session 같은 공통 준비와 정리를 재사용하게 한다. 실제 DB session은 return global 대신 yield dependency로 열고 닫는 패턴이 흔하며, 의존성 주입 자체가 권한 검사를 자동으로 제공하는 것은 아니다.	DB 연결, 사용자 인증, 설정 로딩을 endpoint마다 반복하지 않게 할 수 있다.	meaning_choice	"[""def"",""function"",""return"",""import"",""depends"",""dependency_injection"",""fastapi""]"
9	python_fastapi_api_server_v20.json	PY20_L09_status_code_001	HTTP status code 분기 읽기	상황에 따라 다른 HTTP 상태 코드를 반환하는 의미를 이해한다.	"if not query:\n    raise HTTPException(status_code=400, detail=""query required"")\n\ntry:\n    result = run_search(query)\nexcept Exception:\n    raise HTTPException(status_code=500, detail=""server error"")\n\nreturn result"	query가 비어 있으면 왜 400인가?	클라이언트 요청이 잘못되었기 때문에	빈 query는 이 API가 요구하는 입력을 충족하지 못한 client 요청이므로 코드가 400을 발생시킨다. run_search의 다른 Exception은 이 예시에서 모두 500으로 바뀐다. 실제 서버에서는 기존 HTTPException까지 500으로 덮어쓰지 않도록 예상 오류를 구분하고, 내부 원인은 안전한 로그에 남기되 client에는 민감한 세부 정보를 보내지 않아야 한다.	API 디버깅에서 400/404/500을 구분하는 기초다.	meaning_choice	"[""if"",""return"",""try_except"",""http_status"",""200"",""400"",""500"",""api""]"
9	python_fastapi_api_server_v20.json	PY20_L09_uvicorn_run_001	uvicorn 실행 명령 읽기	FastAPI 서버를 어떤 모듈/앱/포트로 실행하는지 읽는다.	uvicorn search_api:app --host 127.0.0.1 --port 8000 --reload	search_api:app의 의미는?	search_api 모듈에서 app 객체를 가져와 ASGI 앱으로 실행한다	search_api:app은 module import path와 그 안의 ASGI application 객체 이름이다. module이 반드시 search_api.py 한 파일일 필요는 없고 import 가능한 package 경로일 수도 있다. --reload는 source 변경을 감지하는 개발 옵션이라 production에서는 보통 끄고 적절한 process와 proxy 설정을 사용한다.	FastAPI application을 로컬 개발 server로 실행하는 command 구조다.	meaning_choice	"[""uvicorn"",""fastapi"",""host"",""port""]"
9	python_file_data_processing_v19.json	PY19_L09_manifest_create_001	파일 manifest 생성 읽기	폴더 안 파일 목록을 메타데이터 JSONL로 저장하는 흐름을 읽는다.	"import json\nfrom pathlib import Path\n\nroot = Path(""data/raw"")\nwith open(""manifest.jsonl"", ""w"", encoding=""utf-8"") as out:\n    for path in sorted(root.rglob(""*.pdf"")):\n        row = {""path"": str(path), ""name"": path.name, ""size"": path.stat().st_size}\n        out.write(json.dumps(row, ensure_ascii=False) + ""\n"")"	path.stat().st_size는 무엇을 가져오는가?	파일 크기	stat()은 파일 메타데이터를 주고 st_size는 크기 바이트 값을 의미한다. manifest는 여러 파일의 목록과 메타데이터를 기록하는 표처럼 볼 수 있다. 어떤 파일을 포함했는지, 경로와 상태가 어떻게 저장되는지 확인하면 재처리가 쉬워진다.	수집 파일을 나중에 재처리할 수 있게 목록화하는 기본 manifest 패턴이다.	meaning_choice	"[""for"",""import"",""manifest"",""metadata"",""file"",""jsonl""]"
9	python_file_data_processing_v19.json	PY19_L09_safe_filename_001	파일명 정규화 함수 읽기	파일명에 위험한 문자를 안전한 문자로 바꾸는 코드를 읽는다.	"import re\n\ndef safe_name(name):\n    name = name.strip()\n    name = re.sub(r""[\\/:*?\""<>|]"", ""_"", name)\n    return name[:120]"	return name[:120]의 목적은?	파일명이 너무 길어지는 것을 제한한다	첫 줄은 앞뒤 공백을 제거하고 re.sub는 Windows에서 금지되는 여러 문자를 밑줄로 바꾼다. [:120]은 Python 문자 수를 제한할 뿐 byte 길이나 전체 경로 길이를 보장하지 않는다. 빈 이름, CON 같은 예약명, 끝의 점·공백, Unicode 정규화, 같은 결과로 변환되는 이름의 충돌과 확장자 보존도 별도로 처리해야 완전한 안전 파일명이 된다.	PDF 제목, 웹 제목, 기관 자료명을 파일명으로 바꿀 때 필요한 방어 코드다.	meaning_choice	"[""def"",""function"",""return"",""import"",""filename"",""normalization"",""regex"",""safe_path""]"
9	python_file_data_processing_v19.json	PY19_L09_sha256_file_001	파일 SHA256 해시 계산 읽기	파일을 chunk 단위로 읽어 해시를 계산하는 코드를 이해한다.	"import hashlib\n\nh = hashlib.sha256()\nwith open(""pack.zip"", ""rb"") as f:\n    for block in iter(lambda: f.read(1024 * 1024), b""""):\n        h.update(block)\n\nprint(h.hexdigest())"	파일을 rb로 여는 이유는?	바이너리 모드로 읽어 정확한 바이트 해시를 계산하려고	SHA-256은 bytes를 입력받으므로 rb로 열어 줄바꿈 변환이나 문자 decoding 없이 파일의 실제 바이트를 block별로 h에 누적한다. 같은 digest는 실수로 내용이 바뀌었는지 확인하는 강한 신호지만, 해시만 받은 경우 공격자가 파일과 digest를 모두 바꿀 수 있으므로 출처 인증은 서명이나 신뢰된 digest 채널이 별도로 필요하다.	zip 분할/이동/중복 정리에서 파일 무결성을 확인하는 데 쓰인다.	meaning_choice	"[""for"",""import"",""print"",""sha256"",""hash"",""file"",""integrity""]"
9	python_file_data_processing_v19.json	PY19_L09_zip_extract_001	zip 압축 해제 코드 읽기	zip 파일을 지정 폴더로 푸는 코드를 읽는다.	"from pathlib import Path\nfrom zipfile import ZipFile\n\nzip_path = Path(""pack.clean.zip"")\nout_dir = Path(""tmp/unpacked"")\nout_dir.mkdir(parents=True, exist_ok=True)\n\nwith ZipFile(zip_path) as zf:\n    zf.extractall(out_dir)"	extractall(out_dir)의 의미는?	zip 안의 파일들을 out_dir로 푼다	extractall(out_dir)은 archive의 모든 항목을 out_dir 아래에 푼다. 신뢰하지 않는 zip은 경로 이동 항목, 절대 경로, symlink, 지나치게 큰 압축 해제 크기 같은 위험이 있을 수 있으므로 이름과 크기·개수·링크를 검사하고 격리된 새 디렉터리에 풀어야 한다. 기존 파일 충돌도 extraction 전에 확인한다.	clean pack, upload pack, 분할 압축본을 확인할 때 필요한 기본 코드다.	meaning_choice	"[""import"",""zipfile"",""extract"",""archive"",""path""]"
9	python_files_paths_project_structure_v32.json	PY32_L09_backup_file_001	백업 파일 만들기	수정 전 원본 파일을 백업하는 명령을 이해한다.	"Copy-Item "".\src\pwa\app.js"" "".\tmp\backup\app.js.bak"" -Force"	이 명령의 목적은?	app.js를 백업 위치에 복사한다	Copy-Item은 app.js를 지정한 백업 경로로 복사한다. -Force 때문에 같은 이름의 백업이 있으면 덮어쓸 수 있으므로, 여러 복구 지점을 보존하려면 타임스탬프나 고유 이름을 사용해야 한다. 중요한 변경이라면 복사 성공과 복원 가능 여부도 확인한다.	큰 패치를 적용하기 전 안전장치로 쓸 수 있다.	meaning_choice	"[""backup"",""Copy-Item"",""safe_patch""]"
9	python_files_paths_project_structure_v32.json	PY32_L09_path_with_spaces_001	공백 있는 경로 읽기	경로에 공백이 있을 때 따옴표가 필요한 이유를 이해한다.	"Set-Location ""D:\projects\my test project""\npython "".\scripts\run job.py"""	경로를 따옴표로 감싼 이유는?	공백이 있는 경로를 하나의 인자로 전달하기 위해	path with spaces는 경로 안에 공백이 들어 있는 경우를 말한다. 따옴표가 없으면 공백 기준으로 여러 인자처럼 해석될 수 있어 주의해야 한다. 특히 PowerShell이나 터미널 명령에서는 공백 있는 경로를 따옴표로 감싸는 습관이 중요하다.	공모전 폴더나 한글/공백이 있는 작업 폴더를 다룰 때 중요하다.	meaning_choice	"[""quoted_path"",""PowerShell"",""space""]"
9	python_files_paths_project_structure_v32.json	PY32_L09_read_write_utf8_001	UTF-8 읽기/쓰기	한글이 깨지지 않게 인코딩을 지정하는 코드를 이해한다.	"$text = Get-Content "".\README.md"" -Raw -Encoding UTF8\nSet-Content "".\out.txt"" $text -Encoding UTF8"	-Encoding UTF8을 붙이는 이유는?	한글과 특수문자 깨짐을 줄이기 위해	읽기와 쓰기에 UTF-8을 명시하면 시스템 기본 인코딩 차이로 생기는 한글·특수문자 깨짐을 줄일 수 있다. 단, Windows PowerShell 5.1의 UTF8 출력은 BOM을 붙이고 PowerShell 7의 utf8은 기본적으로 BOM이 없으므로, 다른 도구와 교환할 때는 PowerShell 버전과 BOM 요구사항도 확인해야 한다.	한글 설명 카드와 README를 다루므로 UTF-8 저장이 중요하다.	meaning_choice	"[""UTF-8"",""read_write"",""encoding""]"
9	python_files_paths_project_structure_v32.json	PY32_L09_temp_file_001	임시 파일 사용하기	직접 덮어쓰기 전에 임시 파일을 거치는 이유를 이해한다.	"$tmp = "".\data\lessons\cards.tmp.json""\n$out = "".\data\lessons\cards.json""\n\nSet-Content $tmp $json -Encoding UTF8\nMove-Item $tmp $out -Force"	임시 파일을 거치는 장점은?	쓰기 중 실패했을 때 원본 손상 위험을 줄일 수 있다	원본을 바로 덮어쓰지 않고 같은 폴더의 임시 파일에 먼저 쓴 뒤 교체하면, 쓰기 도중 실패해 원본이 반쯤 기록될 위험을 줄일 수 있다. 교체 전에는 임시 JSON을 검증하고, 교체 작업의 원자성은 운영체제·파일시스템·사용한 명령에 따라 달라질 수 있다는 점도 고려해야 한다.	대량 JSON 생성이나 merge 스크립트에 적용할 수 있는 안전 패턴이다.	meaning_choice	"[""temp_file"",""atomic_write"",""safe_write""]"
9	python_frontend_state_storage_cache_v39.json	PY39_L09_offline_mode_001	offline mode 읽기	네트워크가 없어도 일부 기능을 제공하는 offline mode를 이해한다.	try:\n  fetch latest lessons\ncatch network error:\n  if cached lessons exist:\n    load cached lessons\n  else:\n    show offline unavailable	offline일 때 자연스러운 동작은?	캐시된 lessons를 불러온다	navigator.onLine은 네트워크 인터페이스 상태의 힌트일 뿐 실제 서버 접근 가능성을 보장하지 않는다. 먼저 네트워크 요청을 시도하고 실패하면 캐시로 fallback하는 편이 안전하다. 캐시도 없을 수 있으므로 사용할 수 없는 상태와 마지막 갱신 시각을 사용자에게 알려야 한다.	학습앱은 오프라인 복습 기능과 잘 맞지만, 최신성 표시가 필요하다.	meaning_choice	"[""if"",""else"",""try_except"",""offline_mode"",""PWA"",""cache""]"
9	python_frontend_state_storage_cache_v39.json	PY39_L09_optimistic_update_001	optimistic update 읽기	서버 응답 전 화면을 먼저 바꾸고 실패 시 되돌리는 optimistic update를 이해한다.	markCardCorrect(cardId); // update UI now\ntry {\n  await saveProgress(cardId);\n} catch (error) {\n  rollbackCardCorrect(cardId);\n}	rollbackCardCorrect가 필요한 이유는?	서버 저장 실패 시 먼저 바꾼 UI를 되돌리기 위해	optimistic update는 서버 응답 전에 UI를 바꿔 빠르게 느끼게 한다. 저장 실패 때 이전 상태로 되돌리거나 재시도하고 오류를 알려야 한다. 동시에 여러 변경이 진행되면 오래된 실패가 최신 UI를 되돌리지 않도록 요청 ID나 mutation 순서도 관리해야 한다.	정답 클릭 후 진행률 저장 API가 느릴 때 사용자 경험을 좋게 만들 수 있다.	meaning_choice	"[""optimistic_update"",""UI"",""server_sync""]"
9	python_frontend_state_storage_cache_v39.json	PY39_L09_service_worker_001	service worker 기초 읽기	PWA에서 네트워크 요청과 캐시를 중간에서 다룰 수 있는 service worker를 이해한다.	"self.addEventListener(""fetch"", event => {\n  event.respondWith(cacheFirst(event.request))\n})"	service worker의 역할로 가장 가까운 것은?	요청을 가로채 캐시나 네트워크 응답을 선택할 수 있다	service worker는 자신의 scope 안에서 fetch event를 가로채 custom cacheFirst 함수가 고른 Response를 돌려줄 수 있다. cache-first는 offline과 속도에 유리하지만 오래된 응답을 계속 제공할 수 있다. install·activate·control lifecycle과 cache 이름 정리, update 전략을 함께 이해해야 한다.	PWA로 배포할 때 최신 lesson 반영 문제를 이해하는 데 중요하다.	meaning_choice	"[""service_worker"",""PWA"",""offline_cache""]"
9	python_function_design_io_v30.json	PY30_L09_parser_function_001	parser function 읽기	문자열이나 파일 내용을 구조화 데이터로 바꾸는 parser 함수를 이해한다.	import json\n\ndef parse_card_json(text):\n    data = json.loads(text)\n    return data	parse_card_json의 역할은?	JSON 문자열을 Python 데이터로 바꾼다	parser는 raw text를 list/dict 같은 구조화된 데이터로 바꾸는 함수다. parser function은 문자열이나 파일 내용을 프로그램이 쓰기 쉬운 구조로 바꾸는 함수다. 입력 형식, 실패 처리, 반환되는 dict나 list의 모양을 함께 확인해야 한다. 따라서 반환/호출 결과는 ‘JSON 문자열을 Python 데이터로 바꾼다’이다.	lesson JSON, manifest, API 응답을 읽을 때 parser 함수가 필요하다.	meaning_choice	"[""def"",""return"",""import"",""parser"",""json"",""function"",""input_output""]"
9	python_function_design_io_v30.json	PY30_L09_renderer_function_001	renderer function 읽기	데이터를 화면 표시용 HTML 문자열로 바꾸는 renderer 함수를 이해한다.	"from html import escape\n\ndef render_title(card):\n    title = escape(str(card[""title""]))\n    return f""<h2>{title}</h2>"""	이 함수는 무엇을 만드는가?	카드 title을 담은 HTML 문자열	card title을 문자열로 바꾸고 html.escape로 <, &, quote 같은 문자를 encoding한 뒤 h2 HTML string을 만든다. 원래처럼 untrusted title을 그대로 삽입하면 결과를 innerHTML에 사용할 때 XSS가 될 수 있다. 가능한 경우 DOM textContent나 template의 auto-escaping을 쓰고 rendering context에 맞는 escaping을 적용한다.	app.js의 renderCard, renderSideCards를 읽을 때 중요한 개념이다.	meaning_choice	"[""def"",""return"",""import"",""renderer"",""html"",""ui"",""function""]"
9	python_function_design_io_v30.json	PY30_L09_side_effect_001	side effect 읽기	함수가 외부 상태를 바꾸는 side effect를 구분한다.	"function saveProgress(progress) {\n  localStorage.setItem(""progress"", JSON.stringify(progress));\n}"	이 함수의 side effect는?	localStorage에 값을 저장한다	이 code는 JavaScript function이며 localStorage라는 external browser state를 변경하고 반환값은 undefined다. JSON.stringify나 setItem은 circular data, quota 또는 privacy setting 때문에 실패할 수 있다. 핵심 계산과 storage adapter를 분리하면 test가 쉬워지고 caller가 error를 처리할 수 있다.	loadProgress/saveProgress처럼 상태 저장 함수는 side effect가 있는 함수다.	meaning_choice	"[""side_effect"",""localStorage"",""file_write"",""state""]"
9	python_function_design_io_v30.json	PY30_L09_validation_function_001	validation function 읽기	데이터가 조건을 만족하는지 검사하고 문제 목록을 반환하는 함수를 이해한다.	"def validate_card(card):\n    errors = []\n    if ""id"" not in card:\n        errors.append(""missing id"")\n    if card.get(""answer"") not in card.get(""choices"", []):\n        errors.append(""bad answer"")\n    return errors"	검증에 문제가 없으면 이 함수는 무엇을 반환하는가?	빈 리스트	errors에 아무것도 추가되지 않으면 []가 반환된다. 문제 목록이 곧 검증 결과다. validation function은 입력값이 규칙에 맞는지 검사하는 함수다. 반환값이 True/False인지, 오류 메시지인지, 예외를 던지는지 확인하면 사용 흐름이 보인다. 따라서 반환/호출 결과는 ‘빈 리스트’이다.	매 확장 후 DUPLICATE/ANSWER/BAD LEVEL 검증을 함수화할 때 쓰는 구조다.	meaning_choice	"[""if"",""def"",""return"",""validation"",""function"",""data_quality""]"
9	python_git_github_workflow_v33.json	PY33_L09_branch_basic_001	branch 기초 읽기	main과 작업용 branch의 차이를 이해한다.	git switch -c feature/v33-git-cards	이 명령의 의미는?	새 작업 브랜치를 만들고 이동한다	branch는 main과 분리된 작업 흐름을 만드는 Git 기능이다. 실험 작업이나 큰 변경을 안전하게 진행한 뒤 나중에 합칠 수 있다. main을 바로 바꾸기 부담스러운 수정은 새 branch에서 검증한 뒤 merge하는 식으로 관리한다. 따라서 정답은 ‘새 작업 브랜치를 만들고 이동한다’이다.	큰 변경은 작업 브랜치에서 검증한 뒤 main에 병합하면 main의 안정성을 지키기 쉽다.	meaning_choice	"[""branch"",""main"",""feature""]"
9	python_git_github_workflow_v33.json	PY33_L09_git_restore_001	git restore 주의해서 읽기	커밋하지 않은 변경을 되돌리는 restore의 위험을 이해한다.	git restore src/pwa/app.js	이 명령의 위험은?	app.js의 커밋되지 않은 수정이 사라질 수 있다	기본 git restore <파일>은 작업 트리의 해당 파일을 index에 있는 내용으로 되돌려 stage하지 않은 수정을 버릴 수 있다. stage된 변경은 기본적으로 그대로 남는다. 실행 전 status와 두 종류의 diff를 확인하고, HEAD 복원이나 stage 해제는 --source 또는 --staged 옵션의 의미를 구분해야 한다.	패치가 잘못됐을 때 쓰지만, 필요한 변경까지 날리지 않게 조심해야 한다.	meaning_choice	"[""git_restore"",""rollback"",""danger""]"
9	python_git_github_workflow_v33.json	PY33_L09_merge_conflict_001	merge conflict 기초 읽기	같은 줄을 서로 다르게 고쳤을 때 생기는 충돌 표시를 이해한다.	"<<<<<<< HEAD\nAPP_DATA_VERSION = ""v32""\n=======\nAPP_DATA_VERSION = ""v33""\n>>>>>>> feature"	이 표시는 무엇을 의미하는가?	Git이 어느 변경을 선택할지 자동 결정하지 못했다	<<<<<<<, =======, >>>>>>>는 두 버전이 충돌한 구간을 표시한다. Git이 어느 내용을 남길지 결정하지 못했으므로 사람이 올바른 최종 값을 만들고 모든 marker를 제거한 뒤 테스트하고 add·commit해야 한다. 표시 자체는 유효한 Python 코드가 아니다.	여러 패치가 app.js 같은 같은 줄을 건드릴 때 생길 수 있다.	meaning_choice	"[""merge_conflict"",""git"",""conflict_marker""]"
9	python_github_actions_ci_validation_v48.json	PY48_L09_local_vs_ci_001	local check vs CI check 읽기	로컬 검증과 원격 CI 검증을 둘 다 두는 이유를 이해한다.	local: python tools/validate_lessons.py\nremote: GitHub Actions runs same script	로컬 검증과 CI 검증을 둘 다 쓰는 이유는?	내 컴퓨터와 원격 저장소 양쪽에서 같은 기준으로 확인하기 위해	같은 script를 local과 CI에서 실행하면 rule drift를 줄이고 feedback을 빨리 받는다. 하지만 OS, Python patch, locale, timezone, dependency와 environment variable이 다르면 결과가 달라질 수 있다. CI environment를 명시적으로 pin하고 local 재현 방법을 문서화한다.	v48 이후에는 로컬에서도 CI에서도 tools/validate_lessons.py를 같은 기준으로 실행한다.	meaning_choice	"[""local_check"",""CI_check"",""defense_in_depth""]"
9	python_github_actions_ci_validation_v48.json	PY48_L09_path_filter_001	path filter 읽기	특정 경로가 바뀔 때만 CI를 실행하는 path filter를 이해한다.	paths:\n  - 'data/lessons/**'\n  - 'src/pwa/app.js'	path filter를 쓰는 이유는?	관련 파일이 바뀔 때만 검증을 실행하기 위해	paths filter는 나열된 경로가 바뀐 event에서만 workflow를 실행해 비용을 줄인다. validator, workflow, dependency file, side card처럼 결과에 영향을 주는 모든 경로를 포함해야 하며 누락하면 필요한 검사가 skip된다. branch protection의 required check와 filter 조합에서 대기 상태가 생기는지도 확인한다.	lesson, side_cards, app.js, validator가 바뀔 때만 lesson 검증 workflow를 돌릴 수 있다.	meaning_choice	"[""path_filter"",""workflow_trigger"",""changed_files""]"
9	python_github_actions_ci_validation_v48.json	PY48_L09_pull_request_check_001	pull request check 읽기	PR 단계에서 검증을 돌려 병합 전 오류를 잡는 방식을 이해한다.	on:\n  pull_request:\n    branches: [ main ]	pull_request check의 장점은?	main에 합치기 전에 오류를 발견할 수 있다	pull request check는 main에 합치기 전에 변경 내용을 자동 검증하는 절차다. 안전한 변경만 main으로 들어오게 하는 품질 관문이다. PR 단계에서 실패를 잡으면 main 브랜치의 안정성을 유지하고 리뷰 부담도 줄일 수 있다.	혼자 작업하더라도 나중에 브랜치 작업이 생기면 PR 검증이 유용하다.	meaning_choice	"[""pull_request"",""review"",""CI_check""]"
9	python_grouped_concepts_v15.json	PY15_L09_feedback_calibration_latency_001	Feedback / Calibration / Latency 비교	제어/센서 시스템에서 자주 보는 세 개념을 구분한다.	Feedback: 출력 결과를 다시 입력으로 사용해 다음 동작을 조정\nCalibration: 알려진 기준과 비교해 센서나 장치의 변환값·파라미터를 맞춤\nLatency: 입력이나 요청부터 관측 가능한 반응까지 걸리는 지연 시간	센서 값이 실제보다 계속 치우쳐 있을 때 맞추는 과정은?	Calibration	feedback은 결과를 다음 제어 입력에 되돌리는 흐름이다. calibration은 알려진 기준값과 측정값을 비교해 offset, scale 같은 보정 파라미터를 추정한다. latency는 입력과 반응 사이의 시간 차이다. 센서 값이 일정하게 치우쳐 있다면 기준에 맞추는 calibration을 먼저 떠올릴 수 있다.	센서퓨전/제어/검증 문서에서 자주 등장한다.	meaning_choice	"[""feedback"",""calibration"",""latency"",""control""]"
9	python_grouped_concepts_v15.json	PY15_L09_hallucination_grounding_citation_001	Hallucination / Grounding / Citation 비교	LLM 답변 신뢰성과 근거 연결 개념을 구분한다.	Hallucination: 모델이 사실과 다르거나 입력 근거로 뒷받침되지 않는 내용을 생성하는 현상\nGrounding: 답변이 제공된 문서, 데이터, 도구 결과에 근거하도록 연결하는 과정\nCitation: 사용자가 근거를 찾아 확인할 수 있게 출처 위치를 표시하는 것	외부 근거에 답변을 묶는 것은?	Grounding	grounding은 답변을 외부 자료에 연결하고 citation은 사용자가 그 자료를 확인하게 한다. 둘 다 hallucination 위험을 줄이는 데 도움이 되지만, 검색 자료가 틀리거나 인용이 주장을 실제로 뒷받침하지 않으면 답변도 틀릴 수 있다. 따라서 인용 존재뿐 아니라 주장과 출처의 일치도 확인해야 한다.	Evidence-first RAG 앱에서 핵심이 되는 개념이다.	meaning_choice	"[""hallucination"",""grounding"",""citation"",""rag""]"
9	python_grouped_concepts_v15.json	PY15_L09_noise_drift_sync_001	Noise / Drift / Synchronization 비교	센서 데이터 품질 문제를 noise, drift, sync 관점으로 묶어 읽는다.	Noise: 측정값에 섞여 짧은 시간에 불규칙하게 변하는 오차 성분\nDrift: 시간이나 환경 변화에 따라 기준이 서서히 이동하는 현상\nSynchronization: 여러 센서의 시계와 타임스탬프를 공통 시간축에 맞추는 과정	시간이 지나며 오차가 서서히 누적되는 현상은?	Drift	noise는 측정값의 빠르고 불규칙한 변동으로 나타나고, drift는 기준이 시간에 따라 서서히 이동하는 현상이다. synchronization은 서로 다른 센서의 관측 시점을 맞춰 같은 사건을 비교하게 한다. 필터링, 보정, 시간 동기화는 각각 해결하려는 문제가 다르다.	Kalman/filter/sensor fusion 카드와 연결되는 기초 개념이다.	meaning_choice	"[""noise"",""drift"",""synchronization"",""sensor""]"
9	python_grouped_concepts_v15.json	PY15_L09_prompt_context_guardrail_001	Prompt / Context Window / Guardrail 비교	LLM 앱에서 입력·문맥·제한장치를 구분한다.	Prompt: 모델에 전달하는 지시와 입력\nContext window: 한 요청에서 모델이 처리할 수 있는 입력과 생성 토큰의 전체 한도\nGuardrail: 위험하거나 정책을 벗어난 입력·출력·도구 행동을 탐지하고 제한하는 장치	모델이 한 번에 볼 수 있는 토큰 범위는?	Context window	context window는 시스템 지시, 대화 기록, 검색 문서, 사용자 입력과 생성할 출력까지 포함하는 토큰 예산이다. prompt는 그 안에 들어가는 지시와 입력이다. guardrail은 위험을 줄이는 여러 검사와 제한을 뜻하지만 모든 오류나 공격을 완전히 막는 보장은 아니다.	RAG chunk 선택과 프롬프트 설계에서 중요하다.	meaning_choice	"[""prompt"",""context_window"",""guardrail"",""llm""]"
9	python_grouped_concepts_v15.json	PY15_L09_sensor_actuator_controller_001	Sensor / Actuator / Controller 비교	sensor, actuator, controller의 역할을 구분해 읽는다.	Sensor: 환경이나 시스템의 상태를 측정해 신호를 만듦\nController: 센서 입력과 목표를 바탕으로 액추에이터 명령을 계산\nActuator: 전기·유압 등의 명령 에너지를 움직임이나 힘으로 바꿈	모터처럼 명령을 실제 움직임으로 바꾸는 것은?	Actuator	sensor는 입력을 측정하고 controller는 그 입력과 목표를 이용해 명령을 결정하며 actuator는 명령을 물리 출력으로 바꾼다. 모든 controller가 단순 비교만 하는 것은 아니지만 입력-판단-출력의 흐름으로 구분하면 시스템 구조를 읽기 쉽다.	로봇/UAM/자율주행 기본 구조를 파이썬 학습과 연결한다.	meaning_choice	"[""sensor"",""actuator"",""controller"",""robotics""]"
9	python_i18n_locale_language_toggle_v62.json	PY62_L09_bilingual_hint_001	bilingual hint 읽기	한국어 설명에 영어 원어를 함께 보여주는 bilingual hint를 이해한다.	label = '캐시(cache)'	bilingual hint가 유용한 상황은?	한국어 설명과 영어 개발 용어를 함께 익혀야 할 때	bilingual hint는 한국어 설명과 영어 개발 용어를 연결하는 보조 표기다. 처음 등장할 때 ‘캐시(cache)’처럼 병기하고 이후에는 익숙한 표현만 쓰면 읽기 부담을 줄일 수 있다. 화면 낭독기가 괄호와 반복 단어를 과도하게 읽지 않는지도 확인하고, 두 표현이 같은 개념을 가리켜야 한다.	감사 v2에서 I18N_LANGUAGE_TOGGLE이 0 hits였으므로, v62는 언어 설정, locale, 번역 dictionary, fallback, 다국어 학습 UX를 보강한다.	meaning_choice	"[""bilingual_hint"",""learning_ux"",""i18n""]"
9	python_i18n_locale_language_toggle_v62.json	PY62_L09_browser_language_001	browser language 읽기	브라우저 언어를 기본 locale 후보로 쓰는 방식을 이해한다.	defaultLocale = navigator.language || 'ko-KR'	browser language를 참고하는 이유는?	사용자에게 익숙한 언어를 기본값으로 추정하기 위해	navigator.language은 초기 표시 언어를 추정하는 힌트일 뿐이며 실제 사용자가 원하는 언어와 다를 수 있다. navigator.languages의 우선순위를 앱의 지원 locale 목록과 매칭하고, 정확한 지역 태그가 없으면 같은 기본 언어로 단계적으로 fallback한다. 사용자가 언제든 직접 바꿀 수 있어야 한다.	감사 v2에서 I18N_LANGUAGE_TOGGLE이 0 hits였으므로, v62는 언어 설정, locale, 번역 dictionary, fallback, 다국어 학습 UX를 보강한다.	meaning_choice	"[""browser_language"",""navigator_language"",""locale""]"
9	python_i18n_locale_language_toggle_v62.json	PY62_L09_language_setting_save_001	language setting save 읽기	사용자가 고른 언어를 저장해 다음 실행 때 복원하는 방식을 이해한다.	localStorage.setItem('locale', locale)	language setting save의 목적은?	사용자가 고른 언어를 다음 실행 때도 유지하기 위해	사용자가 명시적으로 고른 locale을 저장하면 다음 실행에도 같은 UI 언어를 유지할 수 있다. 저장된 값이 현재 지원 목록에 있는지 읽을 때 다시 검사하고, 값이 없을 때만 브라우저 선호 언어로 돌아간다. ‘시스템 설정 사용’ 선택도 제공하면 사용자가 브라우저 언어 변경을 따르게 할 수 있다.	감사 v2에서 I18N_LANGUAGE_TOGGLE이 0 hits였으므로, v62는 언어 설정, locale, 번역 dictionary, fallback, 다국어 학습 UX를 보강한다.	meaning_choice	"[""language_setting"",""localStorage"",""settings""]"
9	python_i18n_locale_language_toggle_v62.json	PY62_L09_term_translation_001	term translation 읽기	학습 용어는 일반 문구보다 더 조심스럽게 번역해야 함을 이해한다.	terms = {'cache': {'ko': '캐시', 'en': 'cache'}}	term translation에서 중요한 점은?	학습 개념의 의미가 바뀌지 않게 번역하는 것	기술 용어는 단어를 바꾸는 것보다 개념을 같은 범위로 전달하는 것이 중요하다. 용어집에 번역, 원어, 정의와 사용 문맥을 함께 두면 카드마다 표현이 흔들리는 일을 줄일 수 있다. 뜻이 다른데 철자가 같은 용어는 문맥별 항목으로 나누고, 필요하면 원어를 병기한다.	감사 v2에서 I18N_LANGUAGE_TOGGLE이 0 hits였으므로, v62는 언어 설정, locale, 번역 dictionary, fallback, 다국어 학습 UX를 보강한다.	meaning_choice	"[""term_translation"",""learning_terms"",""education_ux""]"
9	python_learning_streak_goal_habit_v63.json	PY63_L09_goal_adjustment_001	goal adjustment 읽기	목표가 너무 쉽거나 어려울 때 조정하는 goal adjustment를 이해한다.	if successRate > 0.9:\n  suggestGoalIncrease()	goal adjustment가 필요한 이유는?	사용자 수준과 생활 패턴에 맞게 목표를 조정하기 위해	이 조건은 높은 달성률을 보고 목표 상향을 제안할 뿐 자동으로 바꾸면 안 된다. successRate 하나만으로 생활 여유나 학습 난이도를 알 수 없으므로 최근 부담, 선호와 휴식 계획도 고려한다. 사용자가 거절하거나 목표를 낮추는 선택을 쉽게 할 수 있어야 개인화가 압박으로 바뀌지 않는다.	감사 v2에서 LEARNING_STREAK_GOAL 축이 약했으므로, v63은 연속 학습, 하루 목표, 습관 루프, 목표 달성/복귀 UX를 보강한다.	meaning_choice	"[""if"",""goal_adjustment"",""personalization"",""learning_plan""]"
9	python_learning_streak_goal_habit_v63.json	PY63_L09_goal_reminder_001	goal reminder 읽기	오늘 목표를 잊지 않게 알려주는 goal reminder를 이해한다.	if not completedToday:\n  showReminder()	goal reminder의 목적은?	오늘 목표를 아직 끝내지 않았음을 알려주기 위해	goal reminder는 사용자가 직접 알림을 켠 경우에 오늘 목표 상태를 알려 주는 보조 기능이다. 아직 완료하지 않았다는 조건만으로 즉시 알리지 말고 사용자가 정한 시간대, 조용한 시간, 빈도와 time zone을 확인한다. 끄기와 미루기를 쉽게 제공하고 비난하거나 불안을 만드는 문구를 쓰지 않는다.	감사 v2에서 LEARNING_STREAK_GOAL 축이 약했으므로, v63은 연속 학습, 하루 목표, 습관 루프, 목표 달성/복귀 UX를 보강한다.	meaning_choice	"[""if"",""goal_reminder"",""notification"",""habit""]"
9	python_learning_streak_goal_habit_v63.json	PY63_L09_missed_day_001	missed day 읽기	학습을 쉰 날 이후 다시 시작하게 돕는 missed day UX를 이해한다.	showMessage('괜찮아요. 오늘 3장부터 다시 시작해요.')	missed day UX의 좋은 방향은?	비난보다 작은 재시작 행동을 제안하는 것	missed day UX는 쉬었다는 사실을 실패나 손실로 과장하지 않고 작은 재시작 행동을 제안한다. ‘오늘 3장’은 선택 가능한 예시이며 사용자가 건너뛰거나 목표를 다시 정할 수 있어야 한다. 누적 학습량과 메모는 그대로 보존하고 죄책감을 유도하는 문구나 긴급 알림을 피한다.	감사 v2에서 LEARNING_STREAK_GOAL 축이 약했으므로, v63은 연속 학습, 하루 목표, 습관 루프, 목표 달성/복귀 UX를 보강한다.	meaning_choice	"[""missed_day"",""recovery"",""habit""]"
9	python_learning_streak_goal_habit_v63.json	PY63_L09_reward_message_001	reward message 읽기	목표 달성이나 연속 학습을 긍정적으로 알려주는 reward message를 이해한다.	showMessage('오늘 목표 달성! 3일 연속이에요.')	reward message의 역할은?	작은 성취감을 주어 다음 학습을 이어가게 한다	reward message는 오늘 목표와 연속 학습처럼 실제로 확인된 행동을 구체적으로 알려 주는 피드백이다. 목표 달성이 개념 숙달이나 다른 사람보다 나은 성과를 뜻하지는 않는다. 사용자가 이런 축하를 끌 수 있게 하고, 과장된 보상보다 다음 학습을 자유롭게 선택할 수 있는 따뜻한 안내를 제공한다.	감사 v2에서 LEARNING_STREAK_GOAL 축이 약했으므로, v63은 연속 학습, 하루 목표, 습관 루프, 목표 달성/복귀 UX를 보강한다.	meaning_choice	"[""reward_message"",""motivation"",""UX""]"
9	python_learning_ux_review_algorithm_v49.json	PY49_L09_new_vs_review_mix_001	new vs review mix 읽기	새 카드와 복습 카드를 한 세션에 적절히 섞는 이유를 이해한다.	session = review_cards[:15] + new_cards[:5]	새 카드와 복습 카드를 섞는 이유는?	새 내용 학습과 기존 기억 유지의 균형을 맞추기 위해	new vs review mix는 새 카드와 복습 카드를 어떤 비율로 섞을지 정하는 문제다. 복습만 하면 느리고, 새 카드만 보면 오래 기억하기 어렵다. 적절한 비율을 잡으면 지루함을 줄이면서도 장기 기억을 유지하는 데 도움이 된다. 따라서 정답은 ‘새 내용 학습과 기존 기억 유지의 균형을 맞추기 위해’이다.	하루 학습량을 review 15장, new 5장처럼 나눌 수 있다.	meaning_choice	"[""new_cards"",""review_cards"",""session_balance""]"
9	python_learning_ux_review_algorithm_v49.json	PY49_L09_next_card_recommendation_001	next card recommendation 읽기	다음에 볼 카드를 우선순위로 고르는 추천 로직을 이해한다.	def score_card(card):\n    return (due_weight(card)\n            + weak_concept_weight(card)\n            + level_match_weight(card))\n\nnext_card = max(cards, key=score_card) if cards else None	next card recommendation이 고려할 수 있는 것은?	복습 기한, 약한 개념, 현재 난이도	각 card의 due, weak-concept, level-match 항목을 계산해 합산하고 가장 큰 score를 고른다. 원래의 별도 score 변수는 사용되지 않았으므로 제거했다. cards가 비면 max가 실패하므로 None fallback을 두고, weight scale과 tie-break를 평가로 정한다.	랜덤 카드보다 학습 상태를 반영한 다음 카드 추천이 학습앱에 더 적합하다.	meaning_choice	"[""def"",""function"",""return"",""next_card"",""recommendation"",""learning_path""]"
9	python_learning_ux_review_algorithm_v49.json	PY49_L09_review_priority_score_001	review priority score 읽기	복습 후보를 우선순위 점수로 정렬하는 방식을 이해한다.	priority = days_overdue * 2 + wrong_count * 3 - mastery_score\nqueue = sorted(cards, key=priority, reverse=True)	review priority score가 높아야 할 카드는?	오래 밀렸고 자주 틀린 카드	formula는 overdue day와 wrong count를 더하고 mastery를 빼 높은 score부터 정렬한다. 단위가 다른 feature를 그대로 합치면 wrong_count가 지나치게 지배할 수 있고 priority 함수는 card마다 계산돼야 한다. normalization, cap, tie-break와 공정성을 실제 학습 outcome으로 검증한다.	카드가 많아질수록 단순 순서보다 우선순위 정렬이 필요하다.	meaning_choice	"[""priority_score"",""review_queue"",""ranking""]"
9	python_learning_ux_review_algorithm_v49.json	PY49_L09_session_summary_001	session summary 읽기	한 번의 학습 세션이 끝난 뒤 요약을 제공하는 이유를 이해한다.	summary = {\n    'solved': 20,\n    'correct': 16,\n    'weak_concepts': ['dict', 'validation']\n}	session summary에 들어가면 좋은 정보는?	푼 카드 수, 정답 수, 약한 개념	session summary는 한 번의 학습이 끝난 뒤 성과와 약점을 요약하는 화면이나 데이터다. 학습자는 무엇을 잘했고 무엇을 다시 봐야 하는지 알아야 한다. 요약은 다음 복습 행동으로 이어져야 하므로 단순 점수보다 약점과 추천을 함께 담는 것이 좋다. 따라서 정답은 ‘푼 카드 수, 정답 수, 약한 개념’이다.	학습앱 UX에서 오늘의 학습 결과와 다음 복습 방향을 보여주는 화면으로 연결된다.	meaning_choice	"[""session_summary"",""learning_feedback"",""progress""]"
9	python_libraries_missing_topics_v11.json	PY11_L09_async_await_003	async/await 흐름 읽기	비동기 함수에서 await로 결과를 기다리는 구조를 읽는다.	async def fetch_json(client, url):\n    response = await client.get(url)\n    return response.json()	await client.get(url)의 의미는?	비동기 요청 결과를 기다린다	async 함수 안에서 await는 비동기 작업이 끝날 때까지 기다리는 지점이다. 네트워크 요청처럼 시간이 걸리는 작업을 다룰 때 자주 사용한다. await 지점에서 해당 결과를 기다리지만 이벤트 루프는 다른 준비된 작업을 처리할 수 있다.	대량 API 호출, 비동기 웹서버, 수집기에서 중요하다.	meaning_choice	"[""return"",""async"",""await"",""http""]"
9	python_libraries_missing_topics_v11.json	PY11_L09_httpx_client_001	httpx AsyncClient 읽기	비동기 HTTP 클라이언트 사용 패턴을 읽는다.	"import asyncio\nimport httpx\n\nasync def main():\n    async with httpx.AsyncClient(timeout=10) as client:\n        res = await client.get(""https://example.com"")\n        print(res.status_code)\n\nasyncio.run(main())"	httpx.AsyncClient는 무엇에 가까운가?	비동기 HTTP 요청을 보내는 클라이언트	httpx.AsyncClient는 await로 요청하는 비동기 HTTP 클라이언트다. async with 블록은 연결 풀을 재사용하고 끝날 때 클라이언트를 닫는다. await client.get(...) 동안 이벤트 루프는 이미 예약된 다른 작업을 실행할 수 있지만, 이 예제는 요청을 하나만 예약하므로 자동으로 여러 요청이 병렬 실행되는 것은 아니다. asyncio.run(main())이 비동기 함수를 실제로 실행한다.	비동기 수집기/API 클라이언트 코드리뷰에 필요하다.	meaning_choice	"[""import"",""print"",""httpx"",""async"",""api""]"
9	python_libraries_missing_topics_v11.json	PY11_L09_numpy_dot_001	numpy dot product 읽기	두 벡터의 dot product 계산 코드를 읽는다.	import numpy as np\n\na = np.array([1, 2])\nb = np.array([3, 4])\nprint(np.dot(a, b))	출력은?	11	numpy dot은 벡터나 행렬의 곱을 계산한다. 예시에서는 같은 위치 값을 곱해 더하므로 1*3 + 2*4 = 11이 된다. 계산 과정을 직접 풀어 쓰면 dot product가 단순 곱셈이 아니라 곱한 뒤 더하는 패턴임을 확인할 수 있다.	유사도, 선형대수, 센서/상태추정 코드의 기초다.	output_prediction	"[""import"",""print"",""numpy"",""dot"",""vector""]"
9	python_libraries_missing_topics_v11.json	PY11_L09_numpy_mean_axis_001	numpy 평균 읽기	numpy 배열에서 축 기준 평균을 계산하는 코드를 읽는다.	import numpy as np\n\narr = np.array([1, 2, 3])\nprint(arr.mean())	출력은?	2.0	numpy mean은 배열의 평균을 계산한다. axis를 지정하면 전체가 아니라 행이나 열 같은 특정 방향을 기준으로 평균을 낼 수 있다. axis가 없으면 전체 평균을 보고, axis가 있으면 행이나 열 방향으로 나누어 평균을 계산한다고 보면 된다. 따라서 출력은 ‘2.0’이다.	센서값, 점수, 벡터 통계 계산에 자주 쓰인다.	output_prediction	"[""import"",""print"",""numpy"",""mean"",""array""]"
9	python_libraries_missing_topics_v11.json	PY11_L09_pandas_read_csv_001	pandas read_csv 읽기	CSV 파일을 DataFrame으로 읽는 코드를 이해한다.	"import pandas as pd\n\ndf = pd.read_csv(""scores.csv"")\nprint(len(df))"	pd.read_csv의 목적은?	CSV를 DataFrame으로 읽는다	"pd.read_csv(""scores.csv"")는 파일을 읽어 행과 열을 가진 DataFrame을 만들고 df에 대입한다. 다음 len(df)는 컬럼 수가 아니라 데이터 행 수를 출력한다. 실제 값은 scores.csv 내용에 따라 달라진다. 파일 경로뿐 아니라 구분자 sep, 인코딩 encoding, 헤더 설정이 원본 형식과 맞아야 열이 의도대로 나뉜다."	평가표, 노드 테이블, 실험 결과 분석에 자주 쓴다.	meaning_choice	"[""import"",""print"",""pandas"",""read_csv"",""csv""]"
9	python_libraries_missing_topics_v11.json	PY11_L09_pid_001	PID 제어 코드 목적 읽기	목표값과 현재값의 차이를 이용해 제어 입력을 만드는 코드를 읽는다.	def p_control(target, current, kp=0.5):\n    error = target - current\n    return kp * error\n\nprint(p_control(10, 8))	출력은?	1.0	PID 제어의 P 항은 현재 오차에 비례해 보정값을 만든다. 오차가 2이고 kp가 0.5이면 출력은 1.0이 된다. PID 제어 코드는 목표값과 현재값의 차이를 줄이기 위해 비례, 적분, 미분 항을 조합한다. 로봇, 제어, 온도 조절 같은 시스템에서 자주 나온다.	로봇/드론/차량 제어 코드리뷰의 입문이다.	output_prediction	"[""def"",""function"",""return"",""print"",""pid"",""control"",""error""]"
9	python_libraries_missing_topics_v11.json	PY11_L09_pydantic_field_001	Pydantic Field 기본값 읽기	Pydantic Field로 기본값과 검증 조건을 붙이는 코드를 읽는다.	from pydantic import BaseModel, Field\n\nclass Request(BaseModel):\n    query: str\n    top_k: int = Field(default=5, ge=1, le=20)	ge=1, le=20의 의미는?	top_k는 1 이상 20 이하	Field(default=5, ge=1, le=20)은 top_k가 생략되면 기본값 5를 사용하고, 제공된 값은 1 이상(ge) 20 이하(le)인지 검증한다. 범위를 벗어난 값으로 Request 모델을 만들면 Pydantic ValidationError가 발생한다. FastAPI가 이 모델을 요청 본문에 사용한다면 그 검증 오류를 HTTP 오류 응답으로 변환할 수 있지만, Field 자체가 네트워크 요청을 차단하는 것은 아니다.	FastAPI 요청 검증에 직접 연결된다.	meaning_choice	"[""class"",""import"",""pydantic"",""Field"",""validation""]"
9	python_libraries_missing_topics_v11.json	PY11_L09_tqdm_progress_001	tqdm 진행률 읽기	반복문 진행률을 보여주는 라이브러리 사용 코드를 읽는다.	from tqdm import tqdm\n\nfor item in tqdm(items):\n    process(item)	tqdm(items)의 목적은?	반복 진행률을 보여준다	tqdm(items)는 items를 감싸는 반복자를 만들고, for가 원소를 하나씩 소비할 때 처리 개수와 진행률 표시를 갱신한다. item의 값이나 process(item)의 결과를 바꾸지는 않는다. items의 전체 길이를 알 수 없으면 정확한 백분율이나 남은 시간은 표시하지 못할 수 있고, 작업 성공 여부를 검증하는 도구도 아니다.	노드패스, 임베딩, 파일 처리 진행률 확인에 유용하다.	meaning_choice	"[""for"",""import"",""tqdm"",""progress"",""loop""]"
9	python_llm_api_prompt_validation_v44.json	PY44_L09_cost_logging_001	cost logging 읽기	LLM 호출 비용과 토큰 사용량을 로그로 남기는 이유를 이해한다.	log = {\n    'model': model,\n    'input_tokens': usage.input_tokens,\n    'output_tokens': usage.output_tokens,\n    'cost_usd': cost\n}	cost logging이 중요한 이유는?	어떤 기능이 비용을 많이 쓰는지 추적하기 위해	model과 실제 provider usage token을 기록하면 feature별 사용량과 비용 추정치를 집계할 수 있다. 가격표와 cache·batch 할인은 바뀔 수 있으므로 cost_usd 계산에 pricing version과 통화를 남기고 청구 내역과 대조한다. prompt·response 원문 대신 필요한 metadata만 기록해 개인정보와 비밀 노출을 줄인다.	AWS/GPU/LLM 크레딧을 관리하듯 서비스 API 비용도 feature별로 봐야 한다.	meaning_choice	"[""cost_logging"",""token_usage"",""observability""]"
9	python_llm_api_prompt_validation_v44.json	PY44_L09_fallback_model_001	fallback model 읽기	주 모델 실패 시 대체 모델이나 대체 경로로 전환하는 방식을 이해한다.	try:\n    answer = qwen.generate(prompt)\nexcept TransientProviderError:\n    answer = gpt.generate(prompt)\nvalidate_output(answer)	fallback model의 목적은?	주 모델이 실패할 때 서비스를 완전히 멈추지 않게 하기 위해	주 provider의 일시 장애에 fallback을 사용하면 가용성을 높일 수 있다. 인증 오류나 잘못된 prompt까지 다른 model에 보내면 비용만 늘 수 있으므로 전환 조건을 좁힌다. data residency, 가격, latency, safety·schema·quality 차이를 확인하고 fallback 결과도 같은 contract로 검증한다.	Qwen, GPT, 로컬 Llama를 adapter로 감싸두면 provider switch가 쉬워진다.	meaning_choice	"[""try_except"",""fallback"",""model_adapter"",""provider_switch""]"
9	python_llm_api_prompt_validation_v44.json	PY44_L09_retry_policy_001	retry policy 읽기	일시적 API 실패에 대해 재시도하는 정책을 이해한다.	for attempt in range(3):\n    try:\n        return call_llm(payload)\n    except TransientProviderError:\n        if attempt == 2:\n            raise\n        sleep(2 ** attempt)	retry policy가 필요한 경우는?	일시적인 timeout이나 네트워크 오류가 날 때	일시적인 timeout, 연결 실패, 재시도 가능한 5xx에는 제한된 retry와 backoff가 도움이 된다. 마지막 실패는 숨기지 않고 전달하며, 인증 오류·잘못된 input·정책 거절은 그대로 반복하지 않는다. 요청이 과금되거나 일부 처리됐을 수 있으므로 provider의 idempotency 지원도 확인한다.	LLM API, 임베딩 API, 검색 API 호출에서 timeout과 rate limit을 다룰 때 필요하다.	meaning_choice	"[""if"",""for"",""return"",""try_except"",""range"",""retry"",""transient_error"",""backoff""]"
9	python_llm_api_prompt_validation_v44.json	PY44_L09_timeout_rate_limit_001	timeout / rate limit 읽기	LLM API에서 timeout과 rate limit이 무엇인지 구분한다.	try:\n    response = client.chat(**payload, timeout=30)\nexcept RateLimitError as error:\n    retry_after = error.retry_after\n    wait_with_limit(retry_after)	429 rate limit에 가까운 의미는?	요청을 너무 많이 보내 제한에 걸렸다	timeout은 정해진 시간 안에 호출이 끝나지 않은 경우이고 429 rate limit은 적용된 요청량 한도를 넘은 경우다. 429에서는 provider의 Retry-After와 quota 정책을 따르고 동시성·요청 빈도를 낮춘다. 둘 다 무조건 재시도하지 말고 최대 시도와 전체 시간 budget을 둔다.	교육 MVP에서 동시 사용자나 반복 질문이 늘면 비용과 rate limit을 함께 관리해야 한다.	meaning_choice	"[""try_except"",""timeout"",""rate_limit"",""API_error""]"
9	python_logging_monitoring_ops_v25.json	PY25_L09_health_check_001	health check endpoint 읽기	서버가 살아 있는지 빠르게 확인하는 endpoint를 이해한다.	"@app.get(""/health"")\ndef health():\n    return {""ok"": True, ""version"": APP_VERSION}"	/health endpoint의 주된 목적은?	서버 기본 상태를 빠르게 확인한다	이 endpoint는 process가 request에 응답하고 APP_VERSION을 읽을 수 있다는 liveness signal만 준다. DB, queue, 외부 API가 실제로 준비됐는지는 검사하지 않는다. orchestrator가 process 재시작에 쓰는 liveness와 traffic 수신 판단에 쓰는 readiness를 분리하고, dependency check에는 짧은 timeout과 과부하 방지가 필요하다.	FastAPI 검색 API나 서빙 API를 띄운 뒤 첫 확인용으로 좋다.	meaning_choice	"[""def"",""function"",""return"",""health_check"",""api"",""monitoring""]"
9	python_logging_monitoring_ops_v25.json	PY25_L09_metrics_counter_001	metrics counter 읽기	요청 수나 실패 수를 숫자로 집계하는 기본 구조를 읽는다.	"metrics = {""requests"": 0, ""errors"": 0}\n\ndef handle_request():\n    metrics[""requests""] += 1\n    try:\n        return run()\n    except Exception:\n        metrics[""errors""] += 1\n        raise"	run()에서 예외가 발생하면 errors는 어떻게 되는가?	1 증가한다	handle_request를 한 번 호출하고 run이 예외를 내면 requests는 먼저 1 증가하고 errors도 1 증가한 뒤 exception이 다시 전달된다. 이 in-memory dictionary는 process마다 따로 있고 thread/async update에서 정확성을 보장하지 않으며 재시작하면 초기화된다. 운영 지표는 thread-safe metrics client와 중앙 backend를 사용하고 요청 수·오류 수의 정의를 일관되게 한다.	요청량/오류율/실패율을 추적하는 가장 기본적인 형태다.	meaning_choice	"[""def"",""function"",""return"",""try_except"",""metrics"",""counter"",""monitoring"",""requests""]"
9	python_logging_monitoring_ops_v25.json	PY25_L09_retry_backoff_001	retry/backoff 루프 읽기	일시적 실패 때 잠시 기다렸다가 재시도하는 코드를 읽는다.	"import random\nimport time\n\ndef call_with_retry(max_attempts=3):\n    if max_attempts < 1:\n        raise ValueError(""max_attempts must be positive"")\n    for attempt in range(max_attempts):\n        try:\n            return call_api()\n        except TimeoutError:\n            if attempt == max_attempts - 1:\n                raise\n            wait = 2 ** attempt + random.uniform(0, 0.5)\n            time.sleep(wait)"	attempt가 2이면 지수 backoff의 기본값 2 ** attempt는?	4	2 ** 2는 4다. code는 마지막 실패 뒤 불필요하게 sleep하지 않고 원래 TimeoutError를 다시 발생시키며, 여러 client가 동시에 재시도하지 않도록 작은 jitter를 더한다. retry는 일시적 오류와 반복해도 안전한 operation에만 적용하고 server의 Retry-After, 총 deadline과 최대 시도 수를 존중해야 한다.	외부 API, RSS, 모델 호출, GitHub 호출이 일시적으로 실패할 때 쓰는 패턴이다.	meaning_choice	"[""if"",""for"",""def"",""function"",""return"",""try_except"",""import"",""range"",""retry"",""backoff"",""timeout"",""resilience""]"
9	python_logging_monitoring_ops_v25.json	PY25_L09_timeout_guard_001	timeout 방어 코드 읽기	네트워크 요청이 무한정 기다리지 않도록 timeout을 거는 구조를 읽는다.	import requests\n\nresponse = requests.get(url, timeout=10)\nresponse.raise_for_status()	timeout guard에서 timeout=10의 의미는?	응답을 너무 오래 기다리지 않도록 제한한다	Requests의 timeout=10은 connect와 socket read가 각각 너무 오래 진행되지 않게 하는 timeout 값으로 사용되며 전체 wall-clock 10초 deadline을 보장하지는 않는다. DNS, redirect, 여러 response chunk와 retry layer 때문에 총 시간은 더 길 수 있다. raise_for_status는 4xx/5xx를 HTTPError로 바꾸므로 caller가 timeout, connection, HTTP error를 구분해야 한다.	수집기/검증기/외부 API 호출 코드에서 기본 방어다.	meaning_choice	"[""import"",""timeout"",""requests"",""network"",""ops""]"
9	python_mobile_touch_responsive_ux_v54.json	PY54_L09_hover_vs_touch_001	hover vs touch 읽기	마우스 hover에만 의존하면 터치 기기에서 정보가 사라질 수 있음을 이해한다.	@media (hover: hover) {\n  .hint:hover { display: block; }\n}	hover에만 의존하면 안 되는 이유는?	터치 기기에서는 hover가 없거나 다르게 동작하기 때문에	hover vs touch는 마우스를 올리는 동작과 손가락 터치의 차이를 말한다. 힌트나 설명이 hover로만 보이면 모바일 학습자는 접근하기 어렵다. 터치 환경에서는 눌렀을 때, 펼쳤을 때, 항상 보일 때 같은 대체 UI가 필요하다. 따라서 정답은 ‘터치 기기에서는 hover가 없거나 다르게 동작하기 때문에’이다.	감사 v2에서 MOBILE_TOUCH_RESPONSIVE_UX가 0 hits였으므로, v54는 모바일 화면과 터치 조작에서 학습앱을 편하게 쓰게 하는 UX를 보강한다.	meaning_choice	"[""hover"",""touch_device"",""responsive_interaction""]"
9	python_mobile_touch_responsive_ux_v54.json	PY54_L09_mobile_input_zoom_001	mobile input zoom 읽기	모바일 입력창에서 글자 크기가 작으면 자동 확대가 생길 수 있음을 이해한다.	input, select {\n  font-size: 16px;\n}	모바일 입력창 font-size를 충분히 주는 이유는?	입력할 때 화면이 갑자기 확대되는 일을 줄이기 위해	일부 모바일 browser, 특히 iOS Safari는 작은 form font에 focus할 때 자동 zoom할 수 있어 16px가 이를 줄이는 흔한 기준이다. 모든 browser에서 같은 동작을 보장하지 않으며 viewport로 사용자 zoom을 막는 해결책은 피한다. 실제 device와 접근성 font 확대에서 확인한다.	감사 v2에서 MOBILE_TOUCH_RESPONSIVE_UX가 0 hits였으므로, v54는 모바일 화면과 터치 조작에서 학습앱을 편하게 쓰게 하는 UX를 보강한다.	meaning_choice	"[""mobile_input"",""font_size"",""UX""]"
9	python_mobile_touch_responsive_ux_v54.json	PY54_L09_orientation_change_001	orientation change 읽기	휴대폰을 세로/가로로 돌렸을 때 레이아웃이 다시 맞춰져야 함을 이해한다.	window.addEventListener('resize', () => {\n  updateLayout()\n})	orientation change 대응이 필요한 이유는?	화면 방향이 바뀌면 사용 가능한 폭과 높이가 달라지기 때문에	orientation이나 resize로 사용 가능한 width·height가 바뀐다. 단순 layout은 CSS media/container query로 처리하고 JavaScript가 꼭 필요하면 handler를 throttle하며 visualViewport와 onscreen keyboard를 고려한다. resize event가 곧 orientation change만을 뜻하지는 않는다.	감사 v2에서 MOBILE_TOUCH_RESPONSIVE_UX가 0 hits였으므로, v54는 모바일 화면과 터치 조작에서 학습앱을 편하게 쓰게 하는 UX를 보강한다.	meaning_choice	"[""orientation_change"",""mobile_viewport"",""layout""]"
9	python_mobile_touch_responsive_ux_v54.json	PY54_L09_responsive_code_block_001	responsive code block 읽기	코드 블록이 모바일 화면에서 읽기 좋게 줄바꿈 또는 스크롤 처리되는 방식을 이해한다.	pre {\n  overflow-x: auto;\n  white-space: pre-wrap;\n}	responsive code block의 목적은?	코드가 모바일 화면에서 잘리거나 레이아웃을 깨지 않게 하기 위해	overflow-x:auto는 긴 code line을 container 안에서 scroll하게 하고 pre-wrap은 whitespace를 보존하면서 줄바꿈을 허용한다. 두 정책을 함께 쓰면 대부분 line이 wrap되어 horizontal scroll이 덜 필요할 수 있지만, indentation 관계가 흐려질 수 있다. 코드 유형에 따라 nowrap·wrap toggle과 accessible scroll hint를 제공한다.	감사 v2에서 MOBILE_TOUCH_RESPONSIVE_UX가 0 hits였으므로, v54는 모바일 화면과 터치 조작에서 학습앱을 편하게 쓰게 하는 UX를 보강한다.	meaning_choice	"[""code_block"",""responsive_layout"",""mobile_reading""]"
9	python_offline_first_sync_conflict_v61.json	PY61_L09_conflict_resolution_ui_001	conflict resolution UI 읽기	자동으로 결정하기 어려운 충돌을 사용자에게 선택하게 하는 UI를 이해한다.	showConflictChoices(localNote, remoteNote)	conflict resolution UI의 목적은?	자동 병합이 어려운 충돌에서 사용자가 선택하게 하기 위해	자동 병합이 안전하지 않은 메모는 로컬과 서버 버전을 나란히 보여 주고 사용자가 한쪽 선택, 둘 다 보관, 직접 병합 중에서 고르게 할 수 있다. 수정 시각만 아니라 기기나 변경된 부분도 보여 주면 판단하기 쉽다. 사용자가 결정하기 전에는 어느 버전도 삭제하지 않아야 한다.	감사 v2에서 OFFLINE_FIRST_CONFLICT_SYNC가 0 hits였으므로, v61은 오프라인 우선 저장, 동기화 큐, 충돌 해결, 클라우드 동기화 개념을 보강한다.	meaning_choice	"[""conflict_resolution_UI"",""UX"",""sync_conflict""]"
9	python_offline_first_sync_conflict_v61.json	PY61_L09_last_write_wins_001	last write wins 읽기	가장 최근 수정본을 채택하는 last write wins 전략을 이해한다.	winner = max(local, remote, key=lambda x: x.updatedAt)	last write wins의 핵심은?	가장 최근에 수정된 데이터를 최종값으로 선택하는 것	last write wins는 정해진 순서에서 마지막 쓰기를 최종값으로 고르는 단순한 정책이다. 클라이언트 updatedAt을 그대로 비교하면 기기 시계 오차 때문에 실제 순서와 달라질 수 있으므로 서버 시각이나 단조 증가 revision을 쓰는 편이 낫다. 어느 방식을 써도 이전 내용이 사라질 수 있어 중요한 메모에는 버전 보관이나 사용자 선택이 필요하다.	감사 v2에서 OFFLINE_FIRST_CONFLICT_SYNC가 0 hits였으므로, v61은 오프라인 우선 저장, 동기화 큐, 충돌 해결, 클라우드 동기화 개념을 보강한다.	meaning_choice	"[""last_write_wins"",""conflict_resolution"",""sync""]"
9	python_offline_first_sync_conflict_v61.json	PY61_L09_merge_strategy_001	merge strategy 읽기	북마크처럼 합치기 쉬운 데이터는 병합 전략을 쓸 수 있음을 이해한다.	mergedBookmarks = union(localBookmarks, remoteBookmarks)	merge strategy가 유용한 데이터는?	북마크 목록처럼 서로 합쳐도 자연스러운 데이터	merge strategy는 데이터 성격에 맞춰 충돌 값을 합치는 규칙이다. 서로 다른 북마크를 추가한 경우 집합 합치기가 자연스럽지만, 한쪽에서 삭제한 항목은 별도 삭제 기록이 없으면 다시 살아날 수 있다. 자유 형식 메모는 자동 병합이 오히려 의미를 망칠 수 있고, 진도도 단순 최신값보다 문제별 규칙이 필요하므로 자료마다 정책을 정한다.	감사 v2에서 OFFLINE_FIRST_CONFLICT_SYNC가 0 hits였으므로, v61은 오프라인 우선 저장, 동기화 큐, 충돌 해결, 클라우드 동기화 개념을 보강한다.	meaning_choice	"[""merge_strategy"",""conflict_resolution"",""data_model""]"
9	python_offline_first_sync_conflict_v61.json	PY61_L09_sync_conflict_001	sync conflict 읽기	두 기기에서 같은 데이터를 다르게 수정했을 때 생기는 sync conflict를 이해한다.	if local.baseVersion != remote.version:\n  detectConflict(local, remote)	sync conflict가 생기는 상황은?	여러 기기에서 같은 데이터를 서로 다르게 수정했을 때	sync conflict는 로컬 편집을 시작한 뒤 서버의 같은 기록이 다른 곳에서 바뀌었을 때 생긴다. 단순히 updatedAt 값이 다르다는 사실만으로 동시 편집을 정확히 판정하기는 어렵다. 예시처럼 편집의 기준 버전(baseVersion)과 현재 서버 버전을 비교하면 오래된 기반에서 만든 변경을 감지할 수 있다.	감사 v2에서 OFFLINE_FIRST_CONFLICT_SYNC가 0 hits였으므로, v61은 오프라인 우선 저장, 동기화 큐, 충돌 해결, 클라우드 동기화 개념을 보강한다.	meaning_choice	"[""if"",""sync_conflict"",""cloud_sync"",""data_integrity""]"
9	python_packaging_env_dependencies_v27.json	PY27_L09_execution_policy_001	PowerShell 실행 정책 오류 읽기	Activate.ps1 실행이 막힐 때 실행 정책 문제를 파악한다.	Set-ExecutionPolicy -Scope CurrentUser RemoteSigned\n.\.venv\Scripts\Activate.ps1	-Scope CurrentUser의 의미에 가장 가까운 것은?	현재 사용자 범위에서 정책을 바꾼다	-Scope CurrentUser는 현재 user account의 execution policy를 지속적으로 바꾸며 현재 process에만 한정되지 않는다. RemoteSigned도 security boundary가 아니고 organization Group Policy가 우선할 수 있다. 정책 변경이 허용되는지 먼저 확인하고, 임시 필요라면 더 좁은 Process scope나 venv Python 직접 호출처럼 activation script가 필요 없는 방법을 고려한다.	새 Windows 서버/노트북에서 가상환경 활성화가 안 될 때 자주 확인한다.	meaning_choice	"[""powershell"",""execution_policy"",""activate""]"
9	python_packaging_env_dependencies_v27.json	PY27_L09_import_error_debug_001	ModuleNotFoundError 디버깅 읽기	모듈을 찾지 못하는 오류가 환경 문제인지 경로 문제인지 판단하는 관점을 익힌다.	"ModuleNotFoundError: No module named ""sentence_transformers""\n\n# check\npython -c ""import sys; print(sys.executable)""\npython -m pip show sentence-transformers"	sys.executable을 확인하는 이유는?	현재 실행 중인 Python 경로를 확인하려고	sys.executable은 code를 실행하는 interpreter path를 보여 주고 같은 python -m pip show는 그 environment에 distribution이 설치됐는지 확인한다. import name sentence_transformers와 distribution name sentence-transformers처럼 이름이 다를 수 있다. 설치 여부 외에 package version, shadowing local file과 import path도 확인한다.	FastAPI 검색 API나 LoRA 환경에서 자주 만나는 오류 유형이다.	meaning_choice	"[""comment"",""print"",""import_error"",""module"",""environment"",""debugging""]"
9	python_packaging_env_dependencies_v27.json	PY27_L09_pyproject_basic_001	pyproject.toml 기본 구조 읽기	Python 프로젝트 메타데이터와 의존성을 pyproject.toml에서 읽는다.	"[project]\nname = ""python-reading-trainer""\nversion = ""0.1.0""\ndependencies = [\n  ""fastapi"",\n  ""uvicorn""\n]"	dependencies 배열의 역할은?	프로젝트 실행에 필요한 패키지를 적는다	[project] dependencies는 이 distribution의 runtime requirements를 선언한다. pyproject.toml은 [build-system]과 tool-specific table도 담을 수 있으며 모든 setting이 [project]에 들어가는 것은 아니다. version 제약이 없는 fastapi와 uvicorn은 설치 시점에 다른 release가 선택될 수 있어 reproducibility 정책이 별도로 필요하다.	나중에 단순 스크립트가 아니라 패키지 형태로 정리할 때 필요하다.	meaning_choice	"[""pyproject"",""packaging"",""metadata""]"
9	python_packaging_env_dependencies_v27.json	PY27_L09_windows_path_001	Windows 경로와 raw string 읽기	역슬래시가 있는 Windows 경로를 안전하게 쓰는 방법을 이해한다.	"from pathlib import Path\n\nroot = Path(r""D:\projects\python-reading-trainer"")\nlesson_dir = root / ""data"" / ""lessons"""	r'D:\projects...'에서 r의 의미는?	문자열을 raw string으로 취급한다	r prefix는 대부분의 backslash escape를 문자 그대로 보존해 Windows path를 읽기 쉽게 한다. raw string도 quote 처리 규칙은 있고 홀수 개 backslash로 끝날 수 없으므로 모든 path 문제를 없애는 것은 아니다. pathlib.Path와 / 결합을 사용하면 separator 처리를 줄일 수 있으며 이 code는 path object만 만들고 directory를 생성하지 않는다.	D:\projects 아래 여러 프로젝트 경로를 다룰 때 실수를 줄인다.	meaning_choice	"[""import"",""windows_path"",""raw_string"",""pathlib""]"
9	python_performance_large_card_ux_v53.json	PY53_L09_incremental_render_001	incremental render 읽기	큰 목록을 여러 번에 나누어 렌더링하는 incremental render를 이해한다.	function renderNextChunk(start, size = 50) {\n  const end = Math.min(start + size, cards.length);\n  render(cards.slice(start, end));\n  if (end < cards.length) {\n    requestAnimationFrame(() => renderNextChunk(end, size));\n  }\n}\nrenderNextChunk(0);	incremental render의 목적은?	큰 렌더링 작업을 작은 덩어리로 나누어 화면 멈춤을 줄이기 위해	start와 end를 전진시키고 마지막 card에서 예약을 멈춰야 무한 scheduling을 피한다. chunk로 나누면 browser가 frame 사이에 paint할 기회를 얻지만 각 chunk가 frame budget보다 크면 여전히 끊긴다. cancellation과 중복 시작도 막는다.	카드 수가 1000장을 넘었으므로, 이제 대량 카드 로딩/검색/렌더링 성능과 사용자 피드백이 중요하다.	meaning_choice	"[""incremental_render"",""chunking"",""performance""]"
9	python_performance_large_card_ux_v53.json	PY53_L09_large_json_split_001	large JSON split 읽기	데이터가 너무 커지면 여러 JSON 파일로 나누어 로드하는 전략을 이해한다.	const neededFiles = selectLessonFiles(route, filters);\nconst lessons = await Promise.all(neededFiles.map(loadJson));	large JSON split의 장점은?	데이터를 여러 파일로 나누어 관리하고 필요한 단위로 불러올 수 있다	큰 data를 file로 나누면 version·cache·필요 단위 loading을 분리할 수 있다. 원래처럼 lessonFiles 전체에 Promise.all을 쓰면 모든 file을 동시에 load하므로 초기 전송량이 줄지 않고 connection·memory burst가 생길 수 있다. 필요한 file만 고르고 concurrency·error 정책을 둔다.	카드 수가 1000장을 넘었으므로, 이제 대량 카드 로딩/검색/렌더링 성능과 사용자 피드백이 중요하다.	meaning_choice	"[""large_json_split"",""data_loading"",""architecture""]"
9	python_performance_large_card_ux_v53.json	PY53_L09_memory_usage_001	memory usage 읽기	대량 JSON과 DOM 요소가 브라우저 메모리를 사용할 수 있음을 이해한다.	cards.length\nrenderedNodes.length\ncache.size	memory usage를 점검해야 하는 이유는?	데이터와 화면 요소가 많아지면 브라우저 메모리 사용량이 커질 수 있기 때문에	memory usage는 카드 데이터, 검색 인덱스, DOM 요소가 차지하는 메모리 양이다. 카드가 많아질수록 저장 구조와 화면 렌더링을 함께 봐야 한다. 메모리가 커지면 모바일 브라우저에서 느려지거나 탭이 강제로 종료될 수 있다.	카드 수가 1000장을 넘었으므로, 이제 대량 카드 로딩/검색/렌더링 성능과 사용자 피드백이 중요하다.	meaning_choice	"[""memory_usage"",""large_json"",""browser""]"
9	python_performance_large_card_ux_v53.json	PY53_L09_request_animation_frame_001	requestAnimationFrame 읽기	브라우저 렌더링 타이밍에 맞춰 UI 작업을 예약하는 requestAnimationFrame을 이해한다.	requestAnimationFrame(() => {\n  renderVisibleCards()\n})	requestAnimationFrame을 쓰는 이유는?	브라우저 화면 갱신 흐름에 맞춰 렌더링 작업을 실행하기 위해	requestAnimationFrame은 callback을 다음 paint 전에 예약해 시각 update timing을 맞춘다. callback 안의 renderVisibleCards가 길면 main thread와 frame을 그대로 막으므로 작업량을 줄이거나 chunking·worker 계산을 사용해야 한다. background tab에서는 호출 빈도가 낮아질 수 있다.	카드 수가 1000장을 넘었으므로, 이제 대량 카드 로딩/검색/렌더링 성능과 사용자 피드백이 중요하다.	meaning_choice	"[""requestAnimationFrame"",""browser_rendering"",""performance""]"
9	python_powershell_automation_reliable_scripts_v45.json	PY45_L09_favicon_404_ignore_001	favicon 404 읽기	서버 로그에서 무시해도 되는 404와 중요한 404를 구분한다.	"GET /favicon.ico HTTP/1.1"" 404"	favicon.ico 404가 보통 큰 문제가 아닌 이유는?	브라우저 아이콘 요청이 실패한 것이고 lesson 로딩과 직접 관련이 적기 때문	중요한 것은 새 lesson JSON과 data 파일들이 200으로 로드되는지다. favicon 404는 브라우저가 자동으로 아이콘 파일을 요청했다가 실패한 경우가 많다. 핵심 데이터 요청 실패와 구분해야 불필요한 디버깅을 줄일 수 있다.	로컬 서버 확인 때 favicon 404는 반복적으로 보였지만 앱 동작에는 영향이 없었다.	meaning_choice	"[""HTTP_404"",""favicon"",""noise_log""]"
9	python_powershell_automation_reliable_scripts_v45.json	PY45_L09_full_validation_001	전체 검증 루틴 읽기	lesson 카드뿐 아니라 side card까지 포함해 참조 검증하는 방식을 이해한다.	for card in lessons:\n    for sid in card.get('side_card_ids', []):\n        assert sid in side_ids, (card['id'], sid)	side_cards까지 포함해 검증해야 하는 이유는?	lesson 카드가 side card ID를 참조할 수 있기 때문	side_card_ids는 lesson ID가 아니라 실제 side card ID를 참조해야 하므로 side_ids 집합만 검사한다. lesson_ids와 union하면 우연히 같은 lesson ID를 쓴 잘못된 참조가 통과할 수 있다. 참조가 optional이면 get(..., [])로 처리하고 실패 시 source card와 sid를 함께 보고한다.	v41 초기에 side_card_ids 검증이 오탐났고, 이후 side_cards 포함 방식으로 고쳤다.	meaning_choice	"[""for"",""full_validation"",""side_cards"",""lesson_cards""]"
9	python_powershell_automation_reliable_scripts_v45.json	PY45_L09_server_log_200_001	서버 로그 200 읽기	로컬 서버 로그에서 파일이 정상 로드됐는지 확인하는 방법을 이해한다.	"GET /data/lessons/python_xxx_v45.json?v=... HTTP/1.1"" 200"	서버 로그의 200은 무엇을 뜻하나?	요청한 파일을 정상적으로 제공했다는 뜻	200은 서버가 해당 URL에 성공 status와 response를 보냈다는 뜻이다. 경로 연결을 확인하는 한 단계지만 body가 기대한 JSON인지, schema가 맞는지, browser가 parse·render했는지는 보장하지 않는다. response content-type·body 검증과 browser 오류 확인을 이어서 수행한다.	v41~v44에서 로컬 서버 로그로 새 lesson 파일 200 로드를 확인했다.	meaning_choice	"[""server_log"",""HTTP_200"",""local_server""]"
9	python_powershell_automation_reliable_scripts_v45.json	PY45_L09_validation_expectation_001	검증 기대값 관리 읽기	검증 코드의 기대값이 실제 생성 수와 맞아야 함을 이해한다.	if len(cards) != 16:\n    raise SystemExit('wrong card count')	expected_count가 틀리면 어떤 일이 생길 수 있나?	실제 데이터는 정상인데 검증만 실패할 수 있다	이 check는 cards가 독립적으로 정한 spec의 16개와 다르면 실패한다. expected 값을 실제 len(cards)에서 다시 계산하면 검증 의미가 사라지고, spec이 틀리면 정상 data도 실패하거나 잘못된 data가 통과할 수 있다. 요구사항 변경과 함께 version 관리하고 실패 때 실제와 expected를 모두 출력한다.	카드 수를 바꿀 때는 expected total도 함께 갱신해야 한다.	meaning_choice	"[""if"",""validation"",""expected_count"",""test_assertion""]"
9	python_practical_expansion_v2.json	PY2_L09_config_dict_001	config dict 읽기	설정값을 dict로 모아두고 key로 꺼내 쓰는 구조를 읽는다.	"config = {\n    ""input"": ""nodes.jsonl"",\n    ""limit"": 100,\n    ""mode"": ""fast""\n}\n\nprint(config[""mode""])"	출력은?	fast	config dict는 여러 설정값을 한곳에 모아 관리한다. 이 코드에서는 mode key에 연결된 값이 fast이므로 config['mode']는 fast를 반환한다.	배치 실행 옵션과 파이프라인 설정을 읽을 때 자주 보인다.	output_prediction	"[""print"",""dict"",""config"",""settings""]"
9	python_practical_expansion_v2.json	PY2_L09_fastapi_endpoint_001	FastAPI endpoint 코드 읽기	@app.get 경로와 함수가 API 엔드포인트로 연결되는 구조를 읽는다.	"from fastapi import FastAPI\n\napp = FastAPI()\n\n@app.get(""/api/health"")\ndef health():\n    return {""ok"": True}"	이 코드가 만드는 것에 가까운 것은?	/api/health 엔드포인트	@app.get은 특정 URL 경로로 들어온 GET 요청을 아래 함수에 연결한다. FastAPI에서 API 엔드포인트를 정의할 때 쓰는 기본 패턴이다. 경로, 메서드, 함수가 함께 API의 입구를 만들므로 셋을 묶어서 읽어야 한다.	검색 API, 학습앱 API, RAG API 서버 코드를 읽을 때 중요하다.	meaning_choice	"[""def"",""function"",""return"",""import"",""fastapi"",""endpoint"",""decorator"",""api""]"
9	python_progress_score_mistake_note_v50.json	PY50_L09_localstorage_progress_load_001	localStorage progress load 읽기	localStorage에 저장된 진도 문자열을 객체로 복원하는 흐름을 읽는다.	const raw = localStorage.getItem('pythonReadingProgress');\nlet progress = {};\nif (raw) {\n  try {\n    progress = validateProgress(JSON.parse(raw));\n  } catch (error) {\n    showRecoveryOption(error);\n  }\n}	JSON.parse가 필요한 이유는?	저장된 JSON 문자열을 다시 객체로 바꾸기 위해	JSON.parse는 저장된 text를 객체로 바꾸지만 malformed JSON이면 throw한다. try/catch와 schema validation을 거쳐야 손상·옛 version을 안전하게 다룰 수 있다. 조용히 빈 객체로 덮지 말고 backup·복구 option을 제공한다.	v49의 복습 알고리즘 다음 단계로, 실제 학습 진도와 오답 기록을 저장하는 기능 설계와 연결된다.	meaning_choice	"[""localStorage"",""progress_load"",""JSON_parse""]"
9	python_progress_score_mistake_note_v50.json	PY50_L09_localstorage_progress_save_001	localStorage progress save 읽기	브라우저 localStorage에 진도 데이터를 저장한다.	localStorage.setItem('pythonReadingProgress', JSON.stringify(progress))	localStorage.setItem의 역할은?	브라우저에 문자열 데이터를 저장한다	JSON.stringify로 progress를 문자열화해 현재 origin의 localStorage에 저장한다. 새로고침 뒤 남지만 device·browser 사이 sync가 없고 quota, private mode, storage 오류로 setItem이 실패할 수 있다. same-origin script가 읽을 수 있으므로 secret이나 민감한 상세 data에는 적합하지 않다.	v49의 복습 알고리즘 다음 단계로, 실제 학습 진도와 오답 기록을 저장하는 기능 설계와 연결된다.	meaning_choice	"[""localStorage"",""progress_save"",""browser_storage""]"
9	python_progress_score_mistake_note_v50.json	PY50_L09_progress_migration_001	progress migration 읽기	진도 저장 구조가 바뀔 때 기존 데이터를 새 구조로 옮긴다.	version = progress.get('schema_version', 1)\nif version == 1:\n    progress = migrate_v1_to_v2(progress)\nvalidate_v2(progress)	progress migration이 필요한 경우는?	진도 저장 구조를 바꿨지만 기존 사용자 데이터를 살려야 할 때	schema_version이 없는 legacy data를 v1로 해석하고 명시적 migration 뒤 v2 schema를 검증한다. migration 전에 backup을 만들고 반복 실행에도 같은 결과가 되게 하며, 알 수 없는 미래 version은 억지로 변환하지 않고 중단한다.	v49의 복습 알고리즘 다음 단계로, 실제 학습 진도와 오답 기록을 저장하는 기능 설계와 연결된다.	meaning_choice	"[""if"",""progress_migration"",""schema_version"",""compatibility""]"
9	python_progress_score_mistake_note_v50.json	PY50_L09_reset_progress_guard_001	reset progress guard 읽기	진도 초기화 기능에는 실수 방지 확인 절차가 필요하다.	if confirm('정말 진도를 초기화할까요?'):\n    localStorage.removeItem('pythonReadingProgress')	reset progress에 확인창이 필요한 이유는?	사용자 학습 기록이 실수로 지워지는 것을 막기 위해	confirm은 실수 click을 줄이지만 browser dialog 하나가 삭제 복구를 보장하지는 않는다. 어떤 data가 지워지는지 명시하고 export 또는 짧은 undo window를 제공한 뒤 정확한 key만 삭제한다. 동기화 중인 server data까지 지울지 별도로 확인한다.	v49의 복습 알고리즘 다음 단계로, 실제 학습 진도와 오답 기록을 저장하는 기능 설계와 연결된다.	meaning_choice	"[""if"",""reset_progress"",""guard"",""user_data""]"
9	python_project_expansion_v6.json	PY6_L09_apirouter_001	APIRouter 파일 읽기	APIRouter 파일에서 경로와 함수가 어떻게 연결되는지 읽는다.	"# app/api/routes.py\nfrom fastapi import APIRouter\n\nrouter = APIRouter()\n\n@router.get(""/health"")\ndef health():\n    return {""ok"": True}"	최종 경로가 /api/health가 되는 이유는?	main.py의 prefix와 router 경로가 합쳐져서	include_router(prefix='/api')와 @router.get('/health')가 합쳐진다. APIRouter는 FastAPI에서 관련 endpoint를 묶는 도구다. 기능별 파일로 router를 나누면 main.py가 짧아지고 API 구조를 찾기 쉬워진다.	API 파일이 여러 개로 나뉠 때 실제 URL을 추적하는 훈련이다.	meaning_choice	"[""comment"",""def"",""function"",""return"",""import"",""fastapi"",""APIRouter"",""endpoint""]"
9	python_project_expansion_v6.json	PY6_L09_card_schema_validation_001	카드 스키마 검증 읽기	카드에 필수 필드가 빠졌는지 확인하는 코드를 읽는다.	"def validate_card(card):\n    required = [""id"", ""level"", ""title"", ""question"", ""answer""]\n    missing = [key for key in required if key not in card]\n    return missing"	카드 스키마 검증에서 missing에는 무엇이 들어가는가?	빠진 필수 key 목록	리스트 컴프리헨션이 required의 각 key에 대해 key not in card를 검사하고, 존재하지 않는 이름만 missing에 모은다. 따라서 반환값은 빠진 필수 key 목록이며 모두 있으면 빈 리스트다. 이 검사는 key 존재 여부만 보므로 값이 빈 문자열인지, level 타입이 맞는지, answer가 choices에 있는지까지 검증하지는 않는다.	카드 대량 확장 시 앱이 깨지지 않도록 검증하는 데 필요하다.	meaning_choice	"[""def"",""function"",""return"",""schema"",""validation"",""list_comprehension""]"
9	python_project_expansion_v6.json	PY6_L09_fastapi_router_001	FastAPI router 연결 읽기	분리된 API 라우터를 메인 앱에 연결하는 구조를 읽는다.	"# app/main.py\nfrom fastapi import FastAPI\nfrom app.api.routes import router\n\napp = FastAPI()\napp.include_router(router, prefix=""/api"")"	prefix='/api'의 의미는?	라우터 경로 앞에 /api를 붙인다	include_router는 별도 router를 앱에 붙이고 prefix를 경로 앞에 붙인다. FastAPI router는 관련 API 경로들을 묶어 관리하는 구조다. 기능별 router를 나누면 main 앱이 단순해지고 endpoint 위치를 찾기 쉬워진다.	FastAPI 프로젝트 구조를 읽을 때 app/main.py와 routes 파일 연결을 이해해야 한다.	meaning_choice	"[""comment"",""import"",""fastapi"",""router"",""module""]"
9	python_project_expansion_v6.json	PY6_L09_progress_migration_001	진도 데이터 migration 읽기	기존 저장 데이터를 새 구조로 옮기는 코드를 읽는다.	"def migrate_progress(old):\n    return {\n        ""seen"": old.get(""seen"", {}),\n        ""correct"": old.get(""correct"", {}),\n        ""confused"": old.get(""confused"", {})\n    }"	old에 confused가 없으면?	빈 dict를 쓴다	"old에 confused key가 없으면 old.get(""confused"", {})가 새 빈 dict를 반환하므로 정답은 ‘빈 dict를 쓴다’이다. key가 존재하지만 값이 None이면 기본값이 아니라 None이 그대로 들어간다. 또한 seen·correct·confused의 기존 dict를 복사하지 않고 같은 객체 참조를 새 구조에 넣으므로, 실제 migration에서는 타입 검증과 필요 시 복사를 함께 고려해야 한다."	앱 데이터 구조를 바꿀 때 기존 사용자 진도를 보존하는 데 필요하다.	meaning_choice	"[""def"",""function"",""return"",""migration"",""localStorage"",""dict""]"
9	python_project_expansion_v6.json	PY6_L09_service_worker_install_001	Service Worker install 이벤트 읽기	PWA가 설치될 때 캐시를 준비하는 흐름을 읽는다.	"self.addEventListener(""install"", function(event) {\n  event.waitUntil(caches.open(""app-v1""));\n});"	caches.open('app-v1')의 목적은?	캐시 저장소 열기	"install 이벤트에서 event.waitUntil(...)은 전달한 Promise가 끝날 때까지 설치 작업을 연장한다. caches.open(""app-v1"")은 이름이 같은 Cache를 열거나 없으면 새로 만들므로 정답은 ‘캐시 저장소 열기’다. 하지만 이 코드에는 cache.add(), addAll(), put()이 없어서 파일은 하나도 저장하지 않는다. 오프라인 화면을 만들려면 열린 Cache에 실제 응답을 넣고 fetch 처리에서도 그 캐시를 사용해야 한다."	학습앱을 모바일 PWA처럼 발전시킬 때 필요하다.	meaning_choice	"[""service_worker"",""pwa"",""cache""]"
9	python_project_structure_imports_v18.json	PY18_L09_circular_import_001	순환 import 문제 읽기	두 모듈이 서로를 import할 때 생길 수 있는 문제를 이해한다.	"# a.py\nfrom b import run_b\n\ndef run_a():\n    return run_b()\n\n# b.py\nfrom a import run_a\n\ndef run_b():\n    return ""B"""	이 구조의 위험은?	a와 b가 서로 import해서 순환 import 문제가 생길 수 있다	모듈 간 의존성이 서로 물리면 import 시점에 아직 정의되지 않은 이름을 참조할 수 있다. 순환 import는 두 파일이 서로를 import하면서 초기화 순서가 꼬이는 문제다. 공통 코드를 별도 파일로 빼거나 의존 방향을 단순하게 만들어야 한다.	파일이 많아지는 앱/파이프라인에서 의존성 방향을 정리해야 하는 이유다.	meaning_choice	"[""comment"",""def"",""function"",""return"",""import"",""circular_import"",""module"",""dependency""]"
9	python_project_structure_imports_v18.json	PY18_L09_exception_boundary_001	예외 경계 함수 읽기	파이프라인 전체 실패를 잡아 상태를 기록하는 구조를 읽는다.	"def main():\n    try:\n        run_pipeline()\n        finalize(status=""ok"")\n    except Exception as e:\n        finalize(status=""error"", error=str(e))\n        raise"	except 안에서 raise를 다시 하는 이유는?	오류를 기록한 뒤 호출자에게도 실패를 알리기 위해	run_pipeline이나 성공 finalize에서 예외가 나면 except가 error 상태를 기록하려 한 뒤 bare raise로 현재 예외와 traceback을 다시 전달한다. 따라서 호출자나 자동화 시스템도 실패를 인식할 수 있다. 다만 error finalize 자체가 실패하면 원래 예외가 가려질 수 있고, str(e)에 민감 정보가 있을 수 있으므로 실제 경계에서는 두 위험도 처리해야 한다.	runs 테이블에 ok/error를 기록하는 작업 흐름과 연결된다.	meaning_choice	"[""def"",""function"",""exception"",""try_except"",""pipeline"",""error_handling""]"
9	python_project_structure_imports_v18.json	PY18_L09_logging_config_001	logging 설정 읽기	print 대신 logging을 쓰는 기본 구조를 읽는다.	"import logging\n\nlogging.basicConfig(level=logging.INFO)\nlogger = logging.getLogger(__name__)\n\nlogger.info(""pipeline started"")"	logger.info는 언제 주로 쓰는가?	실행 상태를 로그로 남길 때	logging config는 로그 수준과 출력 형식을 정하는 설정이다. 실행 상태, 오류, 디버그 정보를 일관된 형식으로 남길 수 있다. logger.info는 정상 진행 상황을 남길 때 주로 쓰고, 문제 원인 분석에는 warning이나 error와 구분해 읽는다.	배치 작업, 서버, RAG 파이프라인에서 어디까지 실행됐는지 추적하는 데 중요하다.	meaning_choice	"[""import"",""logging"",""level"",""debugging""]"
9	python_project_structure_imports_v18.json	PY18_L09_module_dependency_001	모듈 의존성 흐름 읽기	한 모듈이 다른 모듈의 함수를 가져와 파이프라인을 구성하는 흐름을 읽는다.	# pipeline.py\nfrom .loader import load_documents\nfrom .chunker import make_chunks\nfrom .embedder import embed_chunks\n\ndef run():\n    docs = load_documents()\n    chunks = make_chunks(docs)\n    vectors = embed_chunks(chunks)\n    return vectors	run() 안에서 실행 순서가 맞는 것은?	load_documents → make_chunks → embed_chunks	module dependency는 한 모듈이 다른 모듈의 기능에 의존하는 관계다. 문서 읽기, chunk 생성, 임베딩 생성처럼 처리 순서가 연결될 수 있다. 의존성 흐름을 알면 어느 파일을 먼저 실행하고 어느 결과가 다음 입력이 되는지 이해할 수 있다. 따라서 반환/호출 결과는 ‘load_documents → make_chunks → embed_chunks’이다.	수집→청킹→임베딩→검색으로 이어지는 실제 RAG 파이프라인 독해다.	order_choice	"[""comment"",""def"",""function"",""return"",""import"",""module"",""dependency"",""pipeline""]"
9	python_pwa_install_update_ux_v51.json	PY51_L09_cache_update_message_001	cache update message 읽기	캐시가 갱신되는 동안 사용자에게 상태를 안내하는 메시지를 이해한다.	showNotice('새 데이터를 준비하는 중입니다')	cache update message의 역할은?	앱이 멈춘 것이 아니라 업데이트 중임을 알려준다	cache update message는 데이터나 앱 파일 갱신 상태를 알려주는 메시지다. 데이터 파일이 많아질수록 사용자가 업데이트 흐름을 알 수 있어야 한다. 갱신 안내가 없으면 사용자는 새 버전이 적용됐는지 오래된 캐시를 보는지 알기 어렵다. 따라서 정답은 ‘앱이 멈춘 것이 아니라 업데이트 중임을 알려준다’이다.	v50에서 학습 진도 저장을 다뤘으므로, v51은 PWA 설치와 업데이트 과정에서 사용자가 혼란 없이 최신 앱을 쓰게 하는 UX와 연결된다.	meaning_choice	"[""cache_update"",""user_message"",""PWA""]"
9	python_pwa_install_update_ux_v51.json	PY51_L09_service_worker_waiting_001	service worker waiting 읽기	새 service worker가 대기 중인 상태와 업데이트 안내의 관계를 이해한다.	if (registration.waiting) {\n  showUpdateBanner()\n}	registration.waiting이 의미하는 상황은?	새 service worker가 준비됐지만 아직 적용 대기 중인 상황	registration.waiting은 새 worker가 install을 마치고 activate를 기다린다는 뜻이다. 기존 worker가 control하는 client가 남아 있으면 자동 activation이 늦어질 수 있고, skipWaiting을 쓰면 열린 app과 version mismatch가 생길 수 있다. 사용자 작업을 보존한 뒤 activation·reload 정책을 적용한다.	v50에서 학습 진도 저장을 다뤘으므로, v51은 PWA 설치와 업데이트 과정에서 사용자가 혼란 없이 최신 앱을 쓰게 하는 UX와 연결된다.	meaning_choice	"[""service_worker_waiting"",""PWA_update"",""lifecycle""]"
9	python_pwa_install_update_ux_v51.json	PY51_L09_stale_app_warning_001	stale app warning 읽기	오래된 앱 버전을 보고 있을 때 경고하는 UX를 이해한다.	if (currentVersion !== latestVersion) {\n  showWarning('오래된 버전입니다')\n}	stale app warning이 필요한 이유는?	오래된 캐시로 이전 버전을 쓰는 상황을 알려주기 위해	stale app warning은 오래된 캐시 때문에 이전 앱 버전이 보일 수 있음을 알리는 경고다. PWA 캐시는 장점이지만 갱신 지연도 만든다. 버전 안내와 새로고침 버튼을 함께 제공하면 사용자가 오래된 화면에서 학습하는 문제를 줄일 수 있다.	v50에서 학습 진도 저장을 다뤘으므로, v51은 PWA 설치와 업데이트 과정에서 사용자가 혼란 없이 최신 앱을 쓰게 하는 UX와 연결된다.	meaning_choice	"[""stale_app"",""cache_issue"",""PWA_update""]"
9	python_pwa_install_update_ux_v51.json	PY51_L09_update_check_button_001	update check button 읽기	사용자가 직접 새 버전 확인을 누를 수 있는 버튼을 이해한다.	checkButton.onclick = async () => {\n  await registration.update()\n}	update check button의 목적은?	사용자가 새 버전 확인을 직접 요청할 수 있게 하기 위해	registration.update()는 service worker script update check를 요청한다. 호출 완료가 새 version 발견, cache 갱신 또는 app reload를 뜻하지는 않는다. updatefound, installing state, waiting과 오류를 관찰해 실제 결과를 표시하고 지나친 수동 polling을 막는다.	v50에서 학습 진도 저장을 다뤘으므로, v51은 PWA 설치와 업데이트 과정에서 사용자가 혼란 없이 최신 앱을 쓰게 하는 UX와 연결된다.	meaning_choice	"[""update_check"",""manual_refresh"",""PWA_update""]"
9	python_rag_kg_pipeline_review_v16.json	PY16_L09_cache_ttl_001	cache와 TTL 조건 읽기	캐시가 아직 유효하면 API 호출을 건너뛰는 코드를 읽는다.	"import time\n\ndef get_or_fetch(key, cache, fetch, ttl=3600):\n    item = cache.get(key)\n    if item and time.time() - item[""saved_at""] < ttl:\n        return item[""value""]\n    value = fetch(key)\n    cache[key] = {""value"": value, ""saved_at"": time.time()}\n    return value"	time.time() - item['saved_at'] < ttl의 의미는?	저장 후 지난 시간이 ttl보다 작으면 캐시가 유효하다	cache TTL은 저장된 결과가 유효한 시간을 뜻한다. 현재 시간과 저장 시간을 비교해 오래된 캐시를 다시 계산할지 판단한다. 조건이 참이면 아직 캐시를 써도 된다는 뜻이고, 거짓이면 새로 계산하거나 다시 불러와야 한다. 따라서 반환/호출 결과는 ‘저장 후 지난 시간이 ttl보다 작으면 캐시가 유효하다’이다.	API 비용과 지연을 줄이는 운영 코드에서 자주 보이는 패턴이다.	meaning_choice	"[""if"",""def"",""function"",""return"",""import"",""cache"",""ttl"",""time"",""api""]"
9	python_rag_kg_pipeline_review_v16.json	PY16_L09_chunk_id_001	chunk_id 생성 규칙 읽기	문서 ID와 순번으로 재현 가능한 chunk_id를 만드는 코드를 읽는다.	"def make_chunk_id(doc_id, index):\n    return f""{doc_id}::chunk::{index:04d}""\n\nprint(make_chunk_id(""doc_17"", 3))"	출력은?	doc_17::chunk::0003	chunk_id는 잘라낸 텍스트 조각을 구분하는 식별자다. {index:04d}는 숫자를 4자리로 맞추고 앞을 0으로 채워 정렬하기 쉽게 만든다. 문서 id와 순번을 함께 넣으면 검색 결과가 어느 문서의 몇 번째 조각인지 추적하기 쉽다. 따라서 출력은 ‘doc_17::chunk::0003’이다.	chunk_id가 흔들리면 임베딩, evidence, node/edge 후보 연결이 모두 꼬인다.	output_prediction	"[""def"",""function"",""return"",""print"",""chunk_id"",""stable_id"",""provenance""]"
9	python_rag_kg_pipeline_review_v16.json	PY16_L09_dedup_hash_001	claim/hash dedup 흐름 읽기	정규화한 텍스트로 해시를 만들어 중복을 판단하는 코드를 읽는다.	"import hashlib\n\ndef claim_hash(text):\n    norm = "" "".join(text.lower().split())\n    return hashlib.sha256(norm.encode(""utf-8"")).hexdigest()"	' '.join(text.lower().split())의 역할은?	대소문자와 공백 차이를 줄여 정규화한다	"lower는 대소문자를 통일하고 split 뒤 "" "".join은 앞뒤 공백과 연속 공백을 한 칸으로 정리한다. 그 정규화 문자열을 UTF-8 바이트로 바꿔 SHA-256 해시를 만든다. 해시는 암호화가 아니며 원문을 복원하기 위한 값도 아니다. 이 방식은 철자와 공백이 정규화된 동일 문장만 찾고, 뜻만 같은 문장은 찾지 못하며 대소문자가 중요한 표현을 잘못 합칠 수도 있다."	claim 기반 dedup, 중복 기사 제거, 동일 주장 묶기에 쓰이는 기본 아이디어다.	meaning_choice	"[""def"",""function"",""return"",""import"",""dedup"",""hash"",""claim"",""canonicalization""]"
9	python_rag_kg_pipeline_review_v16.json	PY16_L09_embedding_batch_001	임베딩 배치 처리 읽기	텍스트를 일정 크기 배치로 나눠 임베딩하는 코드를 읽는다.	def embed_in_batches(texts, model, batch_size=32):\n    vectors = []\n    for start in range(0, len(texts), batch_size):\n        batch = texts[start:start + batch_size]\n        vectors.extend(model.encode(batch))\n    return vectors	range(0, len(texts), batch_size)의 의미는?	0부터 batch_size 간격으로 시작 위치를 만든다	start는 각 배치의 시작 인덱스가 된다. texts[start:start+batch_size]로 작은 묶음을 만든다. 임베딩 배치 처리는 여러 텍스트를 묶어 벡터로 변환하는 방식이다. batch size가 너무 크면 메모리 문제가 나고 너무 작으면 속도가 느려질 수 있다.	70k+ chunk를 한 번에 처리하지 않고 배치로 나눠 메모리와 속도를 조절하는 패턴이다.	meaning_choice	"[""for"",""def"",""function"",""return"",""range"",""embedding"",""batch"",""vector"",""gpu""]"
9	python_rag_kg_pipeline_review_v16.json	PY16_L09_rerank_001	rerank 후보 재정렬 읽기	1차 검색 후보를 다른 점수로 다시 정렬하는 코드를 읽는다.	"def rerank(question, candidates, scorer):\n    scored = []\n    for chunk in candidates:\n        score = scorer(question, chunk[""text""])\n        scored.append({""chunk"": chunk, ""score"": score})\n    return sorted(scored, key=lambda x: x[""score""], reverse=True)"	reverse=True의 의미는?	score가 큰 후보가 앞에 오게 한다	각 candidate에 대해 scorer가 question과 text의 점수를 만들고, scored에는 원래 chunk와 score가 함께 저장된다. sorted의 reverse=True는 score를 큰 값부터 정렬한다. 이 해석은 scorer가 큰 점수를 더 관련 있는 후보로 정의한다는 전제에 따른다. reranking은 검색 품질을 높일 수 있지만 후보마다 추가 계산 비용과 지연이 든다.	벡터 검색 결과를 그대로 쓰지 않고, 더 정밀한 기준으로 재정렬하는 RAG 고급 흐름이다.	meaning_choice	"[""for"",""def"",""function"",""return"",""rerank"",""score"",""retrieval"",""ranking""]"
9	python_rag_kg_pipeline_review_v16.json	PY16_L09_sentence_chunking_001	문장 단위 chunking 흐름 읽기	문장 경계를 유지하면서 chunk를 만드는 흐름을 읽는다.	"def make_chunks(sentences, max_chars=900):\n    chunks = []\n    current = []\n    size = 0\n\n    for sent in sentences:\n        if size + len(sent) > max_chars and current:\n            chunks.append("" "".join(current))\n            current = current[-2:]\n            size = sum(len(x) for x in current)\n        current.append(sent)\n        size += len(sent)\n\n    if current:\n        chunks.append("" "".join(current))\n    return chunks"	current = current[-2:]의 역할은?	이전 chunk의 마지막 두 문장을 다음 chunk에도 겹치게 한다	current[-2:]는 현재 목록의 마지막 두 문장만 새 목록으로 남긴다. 직전에 완성한 chunk의 끝 두 문장이 다음 chunk의 시작에도 들어가므로 정답은 ‘이전 chunk의 마지막 두 문장을 다음 chunk에도 겹치게 한다’이다. 이 overlap은 경계에서 문맥이 끊기는 일을 줄이지만, 너무 크면 같은 문장이 여러 검색 결과에 반복될 수 있다. 문장 경계 보존은 sentences가 미리 올바르게 분리되어 있다는 전제도 필요하다.	문장 중간이나 단어 중간을 자르지 않고, 검색에 필요한 앞뒤 문맥을 일부 겹치는 chunking 원칙과 연결된다.	meaning_choice	"[""if"",""for"",""def"",""function"",""return"",""chunking"",""sentence"",""overlap"",""rag""]"
9	python_rag_kg_pipeline_review_v16.json	PY16_L09_vector_topk_001	벡터 검색 top-k 결과 읽기	질문 벡터와 가장 가까운 chunk 후보를 가져오는 코드를 읽는다.	"def retrieve(question, embedder, index, top_k=5):\n    qvec = embedder.encode(question)\n    hits = index.search(qvec, top_k=top_k)\n    return [hit[""chunk_id""] for hit in hits]"	return [hit['chunk_id'] for hit in hits]는 무엇을 반환하는가?	검색된 chunk_id 목록	vector top-k는 임베딩 검색 결과 중 점수가 높은 후보 몇 개만 고르는 과정이다. hits에서 chunk_id만 뽑으면 후속 근거 조회에 쓸 수 있다. chunk_id 목록만 분리하면 다음 단계에서 실제 문서 조각을 다시 조회하기 쉬워진다.	RAG 검색 결과가 answer 생성으로 넘어가기 전 어떤 후보를 잡았는지 확인하는 코드다.	meaning_choice	"[""def"",""function"",""return"",""vector_search"",""top_k"",""similarity"",""rag""]"
9	python_realworld_expansion_v8.json	PY8_L09_appjs_multi_lesson_load_001	여러 lesson 파일 로딩 읽기	여러 JSON 카드 파일을 병렬 로딩 후 하나로 합치는 흐름을 읽는다.	const lessonResults = await Promise.all(lessonFiles.map(function(path) {\n  return fetch(path).then(function(res) {\n    if (!res.ok) return [];\n    return res.json();\n  });\n}));\ncards = lessonResults.flat();	res.ok가 false이면 무엇을 반환하는가?	빈 배열	각 path에 대해 fetch를 시작하고, HTTP 상태가 성공 범위가 아니어서 res.ok가 false이면 그 항목의 Promise를 빈 배열로 이행시킨다. 모든 항목이 이행되면 Promise.all은 입력 순서대로 배열을 만들고 flat()이 한 단계 합친다. 다만 네트워크 오류로 fetch가 거부되거나 res.json()이 실패하면 그 Promise는 거부되고, 별도 catch가 없으므로 Promise.all 전체도 거부된다. 따라서 이 코드는 HTTP 비정상 응답만 빈 배열로 건너뛴다.	학습 앱에서 여러 카드 JSON 파일을 합치는 핵심 구조다.	meaning_choice	"[""return"",""javascript"",""Promise.all"",""fetch"",""flat""]"
9	python_realworld_expansion_v8.json	PY8_L09_domain_classifier_001	도메인 분류 규칙 읽기	제목 키워드로 도메인을 분류하는 간단한 규칙 코드를 읽는다.	"def classify_domain(title):\n    text = title.lower()\n    if ""uam"" in text or ""vertiport"" in text:\n        return ""UAM""\n    if ""robot"" in text:\n        return ""Robotics""\n    return ""Other"""	title에 vertiport가 있으면 결과는?	UAM	title.lower()로 대소문자를 통일한 뒤 uam 또는 vertiport라는 부분 문자열이 있으면 첫 분기에서 UAM을 반환한다. 따라서 title에 vertiport가 있으면 뒤의 robot 검사까지 가지 않는다. 이 코드는 단어 경계나 문맥을 보지 않는 규칙이므로 관련 없는 단어의 일부가 우연히 맞아 오분류할 수 있고, title이 문자열이 아니면 lower()에서 실패한다. 빠른 1차 라벨링 뒤 검토가 필요한 이유다.	홈 큐레이션 도메인/테마/렌즈 분류와 연결된다.	meaning_choice	"[""if"",""def"",""function"",""return"",""classification"",""domain"",""rule""]"
9	python_realworld_expansion_v8.json	PY8_L09_lens_classifier_001	lens 분류 규칙 읽기	규정/리스크/기술 렌즈 중 하나를 고르는 코드를 읽는다.	"def choose_lens(item):\n    if item.get(""regulation""):\n        return ""regulation""\n    if item.get(""risk""):\n        return ""risk""\n    return ""technology"""	regulation이 참이면 결과는?	regulation	item.get('regulation')의 값이 truthy이면 즉시 regulation을 반환하므로 risk 값도 참이어도 첫 결과가 우선한다. regulation이 falsy일 때만 risk를 검사하고, 둘 다 falsy이거나 key가 없으면 technology를 반환한다. get은 key 부재를 false처럼 처리하지만 값의 타입이나 의미를 검증하지 않으므로 문자열 'false'처럼 truthy인 값도 regulation으로 분류될 수 있다.	Domain/Theme/Lens 큐레이션 구조와 연결된다.	meaning_choice	"[""if"",""def"",""function"",""return"",""classification"",""lens"",""curation""]"
9	python_realworld_expansion_v8.json	PY8_L09_resume_output_exists_001	산출물 존재 여부로 재실행 건너뛰기	이미 결과 파일이 있으면 해당 작업을 건너뛰는 구조를 읽는다.	"def should_resume(output_path):\n    return Path(output_path).exists()\n\nif should_resume(""out_0042.json""):\n    print(""skip"")"	out_0042.json이 있으면 출력은?	skip	Path(output_path).exists()가 true이면 if 본문이 실행되어 skip을 출력한다. exists()는 이름과 달리 작업 완료 여부가 아니라 그 경로에 파일이나 디렉터리가 존재하는지만 확인한다. 따라서 빈 파일·부분 기록·잘못된 JSON도 skip할 수 있고, Path를 import하지 않았다면 NameError가 난다. 안전한 재개 로직은 파일 종류·크기·파싱·완료 메타데이터 등을 확인한 뒤 건너뛰어야 한다.	긴 배치 작업 중복 실행 방지에 필요하다.	meaning_choice	"[""if"",""def"",""function"",""return"",""print"",""resume"",""pathlib"",""batch""]"
9	python_realworld_expansion_v8.json	PY8_L09_shard_range_001	shard 범위 계산 읽기	shard 번호와 크기로 처리 범위를 계산하는 코드를 읽는다.	def shard_range(shard_id, shard_size):\n    start = shard_id * shard_size\n    end = start + shard_size\n    return start, end\n\nprint(shard_range(3, 200))	출력은?	(600, 800)	start는 3 * 200인 600이고 end는 600 + 200인 800이므로 튜플 (600, 800)을 출력한다. 보통 이 경계는 [600, 800), 즉 600 이상 800 미만으로 사용하며 shard_id를 0부터 센다면 id 3은 네 번째 조각이다. 이 함수는 경계만 계산할 뿐 실제 처리 범위의 끝을 배타적으로 쓰게 강제하지 않으므로, 호출부가 같은 규칙을 지켜야 누락과 중복을 막을 수 있다.	LLM batch/shard 실행 계획을 읽는 데 직접 도움이 된다.	output_prediction	"[""def"",""function"",""return"",""print"",""shard"",""batch"",""range""]"
9	python_realworld_expansion_v8.json	PY8_L09_sidecard_integrity_001	사이드카드 연결 검증 읽기	카드가 참조하는 side_card_id가 실제 존재하는지 검사하는 흐름을 읽는다.	"def find_missing_side_cards(cards, side_ids):\n    missing = []\n    for card in cards:\n        for side_id in card.get(""side_card_ids"", []):\n            if side_id not in side_ids:\n                missing.append((card[""id""], side_id))\n    return missing"	사이드카드 무결성 검사에서 missing에는 무엇이 들어가는가?	없는 side_card_id 참조	각 카드의 side_card_ids가 없으면 빈 리스트로 보고 넘어가며, 각 side_id가 side_ids에 없을 때 (card['id'], side_id) 튜플을 missing에 추가한다. 반환값에는 어떤 카드가 어떤 없는 id를 참조했는지가 들어간다. 같은 잘못된 참조가 여러 번 나오면 중복 기록될 수 있고, 이 검사는 대상 id의 존재만 볼 뿐 사이드카드 내용이나 양방향 연결의 정확성까지 검증하지는 않는다. side_ids를 set으로 받으면 반복 membership 검사가 더 효율적이다.	카드/사이드카드 데이터 무결성 점검에 필요하다.	meaning_choice	"[""if"",""for"",""def"",""function"",""return"",""validation"",""side_card"",""integrity""]"
9	python_refactoring_maintainability_v40.json	PY40_L09_config_separation_001	config 분리 읽기	자주 바뀌는 설정을 코드와 분리하는 이유를 이해한다.	"config:\n  dailyCardCount = 10\n  dataVersion = ""20260529_v40""\n\napp code:\n  use config.dailyCardCount"	config 분리의 장점은?	설정 변경 때 핵심 코드를 덜 건드린다	동작 정책인 dailyCardCount와 dataVersion을 실행 로직에서 분리하면 환경·실험별 변경 위치가 분명해진다. 하지만 설정을 한 파일로 옮기는 것만으로 안전하거나 유효해지는 것은 아니다. schema와 범위를 검증하고, secret은 일반 config나 클라이언트 bundle과 별도로 관리한다.	추천 10장, APP_DATA_VERSION, lessonFiles도 장기적으로 config화 후보가 된다.	meaning_choice	"[""config"",""separation"",""hardcoded_value""]"
9	python_refactoring_maintainability_v40.json	PY40_L09_dead_code_001	dead code 읽기	더 이상 쓰이지 않는 코드가 왜 위험한지 이해한다.	function oldRecommendCards() {\n  // no caller\n}	dead code의 문제는?	실제로 쓰이는지 헷갈려 유지보수를 어렵게 한다	dead code는 실제 실행 경로에서 도달하지 않는 코드다. 유지하면 독자를 혼란스럽게 하고 테스트되지 않은 오래된 동작을 실수로 다시 사용할 수 있다. 삭제 전에는 동적 호출, 설정, plugin, 외부 사용자가 없는지 검색과 테스트로 확인하고, 필요하면 과거 코드는 version control에서 찾는다.	오래된 Expand V3 스크립트처럼 현재 구조와 맞지 않는 코드는 특히 위험하다.	meaning_choice	"[""dead_code"",""cleanup"",""maintenance""]"
9	python_refactoring_maintainability_v40.json	PY40_L09_magic_number_001	magic number 읽기	의미가 드러나지 않는 숫자를 상수로 바꾸는 이유를 이해한다.	bad:\n  if retryCount >= 3:\n\nbetter:\n  const MAX_RETRIES = 3\n  if retryCount >= MAX_RETRIES:	MAX_RETRY 상수의 장점은?	숫자 3의 의미가 드러난다	MAX_RETRIES라는 이름은 3이 허용할 총 시도 횟수라는 정책을 드러내고 한곳에서 바꾸게 한다. 비교 연산도 정책과 맞아야 한다. retryCount가 이미 수행한 횟수라면 >=에서 더 시도하지 않도록 해야 하며 >를 쓰면 한 번 더 허용하는 off-by-one이 생길 수 있다.	추천 카드 수, 재시도 횟수, timeout 값에 적용할 수 있다.	meaning_choice	"[""if"",""magic_number"",""constant"",""readability""]"
9	python_resume_safe_pipeline_checkpoint_v46.json	PY46_L09_failed_only_rerun_001	failed items only rerun 읽기	실패한 항목만 선별 재실행하는 방식의 장점을 이해한다.	failed_ids = load_failed_ids('audit.tsv')\nfor item_id in failed_ids:\n    rerun(item_id)	failed only rerun의 장점은?	성공한 작업을 반복하지 않아 시간과 비용을 줄인다	audit에서 실패 ID만 재실행하면 성공 항목의 비용을 줄일 수 있다. audit가 현재 input·code version과 일치하는지, 실패 항목의 upstream dependency가 바뀌지 않았는지 확인해야 한다. 수정이 공통 로직에 영향을 줬다면 성공 항목도 regression 검사가 필요하다.	AWS GPU 비용이나 LLM 호출 비용을 아끼려면 실패분만 다시 돌리는 구조가 중요하다.	meaning_choice	"[""for"",""failed_only_rerun"",""selective_retry"",""cost_saving""]"
9	python_resume_safe_pipeline_checkpoint_v46.json	PY46_L09_heartbeat_001	heartbeat 읽기	프로세스가 살아 있음을 주기적으로 표시하는 heartbeat를 이해한다.	while running:\n    write_heartbeat(now())\n    sleep(60)	heartbeat가 알려주는 것은?	작업 프로세스가 아직 살아 있는지	heartbeat는 해당 timestamp에 loop가 신호를 쓸 수 있었다는 뜻이다. 최근 heartbeat는 process 생존의 단서지만 실제 업무가 진행되거나 결과가 정확하다는 보장은 아니다. stale 판단 threshold는 갱신 주기와 일시 지연을 고려하고 progress counter와 worker lease도 함께 확인한다.	서버에서 장시간 LoRA/node_pass를 돌릴 때 상태 감시용으로 쓸 수 있다.	meaning_choice	"[""while"",""heartbeat"",""liveness"",""watchdog""]"
9	python_resume_safe_pipeline_checkpoint_v46.json	PY46_L09_progress_log_001	progress log 읽기	오래 걸리는 작업에서 진행 로그를 남기는 이유를 이해한다.	print(f'DONE {done}/{total} shard={shard_id}')	progress log가 중요한 이유는?	작업이 멈춘 것인지 진행 중인지 판단할 수 있기 때문	progress log는 마지막으로 관찰된 done과 shard를 알려 주어 진단에 도움을 준다. 오래된 buffered log나 반복 출력만으로 process가 건강하거나 결과가 durable하다고 증명할 수는 없다. timestamp, attempt, worker ID를 남기고 checkpoint·heartbeat·실제 output과 함께 본다.	node_pass status 메시지의 done, running_processes, GPU util 같은 로그가 이에 해당한다.	meaning_choice	"[""print"",""progress_log"",""observability"",""long_running_job""]"
9	python_resume_safe_pipeline_checkpoint_v46.json	PY46_L09_shard_status_001	shard status 읽기	여러 shard의 진행 상태를 표로 관리하는 방식을 이해한다.	shard_id | total | done | status\n0031     | 200   | 200  | DONE\n0067     | 200   | 154  | RUNNING	shard status 표가 필요한 이유는?	어느 조각이 완료/진행/실패 상태인지 한눈에 보기 위해	shard별 total, done, status를 모으면 남은 양과 실패 구간을 볼 수 있다. RUNNING이 실제로 살아 있는지 판단하려면 worker/lease ID와 updated_at 또는 heartbeat가 필요하고, total 정의와 중복 처리 여부도 일관돼야 한다. 상태 전이는 atomic하게 기록한다.	AWS node_pass에서 0031~0100 shard 진행률을 관리했던 방식과 연결된다.	meaning_choice	"[""shard"",""status"",""batch_job""]"
9	python_search_embedding_rag_flow_v43.json	PY43_L09_context_packing_001	context packing 읽기	검색된 근거를 LLM 입력에 넣기 좋게 묶는 과정을 이해한다.	context = pack([\n    chunk_1,\n    chunk_2,\n    chunk_3\n], max_tokens=3000)	context packing에서 중요한 것은?	중요한 근거를 토큰 한도 안에 넣는 것	context packing은 검색 근거를 model tokenizer 기준 max_tokens 안에 배치하는 과정이다. 관련성뿐 아니라 중복 제거, 출처 다양성, 문서 순서, 질문과 함께 쓸 token, citation provenance를 고려해야 한다. chunk를 자르면 주장과 출처가 분리되지 않게 경계를 관리한다.	근거 chunk가 많을 때 어떤 것을 답변 context에 넣을지가 품질과 비용을 좌우한다.	meaning_choice	"[""context_packing"",""context_window"",""evidence""]"
9	python_search_embedding_rag_flow_v43.json	PY43_L09_grounded_answer_001	grounded answer 읽기	답변이 검색 근거에 묶여 있어야 한다는 grounded answer 개념을 이해한다.	answer = generate_answer(question, context)\nreport = check_evidence_support(answer, context)\nif not report.supported:\n    answer = revise_or_decline(question, context, report)	grounded answer의 핵심은?	검색된 근거를 바탕으로 답변하는 것	grounded answer는 각 주요 주장이 제공된 evidence로 뒷받침되도록 작성한 답변이다. 자동 support checker도 오판할 수 있으므로 assert 하나가 groundedness를 증명하지는 않는다. 중요한 용도에서는 claim별 citation, 원문 대조, 평가 dataset 또는 사람 검토를 함께 사용한다.	Cross-Verified RAG/Evidence-first 원칙과 직접 연결되는 카드다.	meaning_choice	"[""if"",""grounded_answer"",""citation"",""evidence_first""]"
9	python_search_embedding_rag_flow_v43.json	PY43_L09_metadata_filter_001	metadata filter 읽기	검색 결과를 domain, source, date 같은 메타데이터로 제한하는 방식을 이해한다.	results = search(query, filter={\n    'domain': 'UAM',\n    'doc_type': 'standard'\n})	metadata filter를 쓰는 이유는?	검색 범위를 원하는 문서군으로 좁히기 위해	metadata filter는 domain과 doc_type이 지정값인 문서만 retrieval 후보로 제한한다. 관련 없는 문서를 줄일 수 있지만 metadata가 누락·오분류됐거나 filter가 너무 좁으면 관련 근거도 제외된다. filter 가능한 field가 index에 저장됐는지와 결과가 0일 때의 완화 정책을 함께 확인한다.	A-lane/B-lane, domain, theme, lens, doc_type 필터는 KG 검색 품질에 직접 연결된다.	meaning_choice	"[""metadata_filter"",""domain_filter"",""source_filter""]"
9	python_search_embedding_rag_flow_v43.json	PY43_L09_reranking_001	reranking 읽기	1차 검색 후보를 다시 정렬하는 reranking의 목적을 이해한다.	candidates = retrieve_top_50(query)\nfinal = rerank(query, candidates)[:5]	reranking의 역할은?	1차 후보 중 질문에 더 잘 맞는 것을 위로 올린다	reranker는 1차 top 50 안의 후보를 query와 다시 비교해 점수를 매기고 상위 5개를 선택한다. 1차 retrieval에서 빠진 문서는 되살릴 수 없고 reranker도 오류가 있으므로 candidate recall과 최종 relevance를 따로 평가한다. [:5]는 Python에서 최대 다섯 항목을 취한다.	home-curator나 RAG 앱에서 후보가 많을 때 최종 context에 넣을 근거를 고르는 단계다.	meaning_choice	"[""reranking"",""candidate_ranking"",""retrieval_quality""]"
9	python_tag_filter_advanced_search_v55.json	PY55_L09_filter_chips_001	filter chips 읽기	현재 적용된 필터를 작은 칩 UI로 보여주는 방식을 이해한다.	chips = ['level 8+', 'concept: validation', 'query: json']	filter chips의 역할은?	현재 적용된 필터 조건을 눈에 보이게 보여준다	filter chips는 켜져 있는 필터 조건을 작은 태그처럼 보여주는 UI다. 필터가 많아지면 사용자가 어떤 조건이 적용됐는지 잊기 쉽다. 사용자는 chip을 보고 조건을 끄거나 바꾸며 검색 범위를 빠르게 조정할 수 있다.	감사 v2에서 TAG_FILTER_ADVANCED_SEARCH가 0 hits였으므로, v55는 대량 카드 학습앱에서 원하는 카드를 빠르게 찾는 검색/필터 UX를 보강한다.	meaning_choice	"[""filter_chips"",""active_filter"",""UI""]"
9	python_tag_filter_advanced_search_v55.json	PY55_L09_no_result_recovery_001	no result recovery 읽기	검색 결과가 없을 때 조건을 줄이도록 안내하는 UX를 이해한다.	if (results.length === 0) {\n  showHint('필터를 줄여보세요')\n}	no result recovery의 목적은?	결과 없음 상태에서 사용자가 다음 행동을 알 수 있게 하기 위해	빈 화면만 보여주면 사용자는 검색이 실패한 것인지 조건이 너무 좁은 것인지 알기 어렵다. no result recovery는 검색 결과가 없을 때 사용자가 다음 행동을 할 수 있게 돕는 흐름이다. 필터 해제, 추천 검색어, 전체 보기 버튼이 있는지 확인해야 한다.	감사 v2에서 TAG_FILTER_ADVANCED_SEARCH가 0 hits였으므로, v55는 대량 카드 학습앱에서 원하는 카드를 빠르게 찾는 검색/필터 UX를 보강한다.	meaning_choice	"[""no_result"",""filter_recovery"",""UX""]"
9	python_tag_filter_advanced_search_v55.json	PY55_L09_saved_search_001	saved search 읽기	자주 쓰는 검색 조건을 저장하는 saved search 개념을 이해한다.	savedSearches.push({\n  name: '오답 validation',\n  filterState: structuredClone(filterState)\n});	saved search가 유용한 상황은?	자주 쓰는 필터 조건을 다시 빠르게 불러오고 싶을 때	현재 filterState의 snapshot을 copy해 저장해야 나중 state mutation이 saved search까지 바꾸지 않는다. schema version과 canonical tag를 저장하고 load할 때 validate한다. search 이름이나 query에 민감한 내용이 있을 수 있으므로 sync·공유 범위를 알려 준다.	감사 v2에서 TAG_FILTER_ADVANCED_SEARCH가 0 hits였으므로, v55는 대량 카드 학습앱에서 원하는 카드를 빠르게 찾는 검색/필터 UX를 보강한다.	meaning_choice	"[""saved_search"",""bookmark_filter"",""learning_ux""]"
9	python_tag_filter_advanced_search_v55.json	PY55_L09_url_query_state_001	URL query state 읽기	검색 조건을 URL query에 담아 공유하거나 복원하는 방식을 이해한다.	const params = new URLSearchParams({\n  q: filterState.query,\n  level: String(filterState.levelMin),\n  concept: filterState.concept\n});\nconst url = `?${params}`;	URL query state의 장점은?	검색 조건을 링크로 공유하거나 새로고침 후 복원할 수 있다	URLSearchParams가 space와 특수문자를 encode한다. load할 때 level 범위와 허용 concept를 validate하고 unknown parameter는 안전하게 무시한다. URL은 history, log, referrer와 공유될 수 있으므로 private note나 민감한 query를 넣지 않는다.	감사 v2에서 TAG_FILTER_ADVANCED_SEARCH가 0 hits였으므로, v55는 대량 카드 학습앱에서 원하는 카드를 빠르게 찾는 검색/필터 UX를 보강한다.	meaning_choice	"[""url_query"",""shareable_filter"",""state""]"
9	python_tests_regression_quality_gate_v47.json	PY47_L09_fail_fast_001	fail fast 읽기	문제를 발견하면 뒤 작업을 계속하지 않고 바로 중단하는 fail fast를 이해한다.	if missing_files:\n    raise SystemExit('missing files')\n\ncommit_changes()	fail fast의 장점은?	깨진 상태로 뒤 단계가 계속 진행되는 것을 막는다	fail fast는 문제가 보이면 뒤 단계를 계속 진행하지 않고 바로 멈추는 방식이다. 원인 파악이 쉬워지고 잘못된 산출물이 퍼지는 것을 막는다. 검증 실패를 초기에 멈추면 뒤에서 생기는 2차 오류와 원래 오류를 섞어 보지 않아도 된다.	version guard, missing file check, duplicate ID check가 fail fast 역할을 한다.	meaning_choice	"[""if"",""fail_fast"",""early_error"",""guard""]"
9	python_tests_regression_quality_gate_v47.json	PY47_L09_mock_fake_001	mock / fake 읽기	외부 API나 무거운 의존성을 테스트용 대체물로 바꾸는 mock/fake를 이해한다.	class FakeLLM:\n    def generate(self, prompt):\n        return {'answer': 'test'}	FakeLLM을 쓰는 이유는?	실제 LLM API 비용 없이 호출 흐름을 테스트하기 위해	mock/fake는 외부 의존성을 가짜 구현으로 바꿔 빠르고 안전하게 테스트하게 한다. mock과 fake는 테스트에서 실제 외부 시스템 대신 쓰는 대체 객체다. 네트워크나 DB 없이도 흐름을 검증할 수 있지만, 실제 동작과 차이가 생기지 않게 주의해야 한다.	Qwen/GPT 호출 없이 prompt, parser, validation 흐름만 테스트할 때 유용하다.	meaning_choice	"[""def"",""function"",""return"",""class"",""mock"",""fake"",""test_double""]"
9	python_tests_regression_quality_gate_v47.json	PY47_L09_pre_commit_check_001	pre-commit check 읽기	커밋 전에 로컬에서 자동 검증을 실행하는 pre-commit check를 이해한다.	before commit:\n  run json validation\n  run duplicate id check\n  run answer check	pre-commit check가 필요한 이유는?	깨진 파일을 커밋하기 전에 잡기 위해	pre-commit check는 commit 전에 실행하는 검사라는 뜻이며 hook이나 도구 설정이 있어야 자동 실행된다. JSON parse, ID uniqueness, answer 일관성을 조기에 잡지만 remote CI와 review를 대체하지 않는다. hook을 건너뛸 수 있으므로 같은 검사 script를 CI에서도 실행한다.	lesson JSON을 git add 하기 전 count, first, last, full validation을 확인한 흐름이다.	meaning_choice	"[""pre_commit"",""local_check"",""commit_safety""]"
9	python_tests_regression_quality_gate_v47.json	PY47_L09_validation_gate_001	validation gate 읽기	다음 단계로 넘어가기 전에 반드시 통과해야 하는 검증 관문을 이해한다.	generate_files()\nok = run_validation_gate()\nif not ok:\n    raise SystemExit(1)\ncommit_and_push()	validation gate의 역할은?	검증을 통과한 산출물만 다음 단계로 보내는 것	gate 결과를 ok로 받아 false면 nonzero exit로 중단하고 true일 때만 다음 단계를 호출한다. 실제 automation에서 commit·push는 별도 권한과 review가 필요한 side effect이므로 validation 함수가 직접 수행하기보다 명시적인 release 단계로 분리하는 편이 추적하기 쉽다.	카드 생성 후 전체 validation OK가 떠야 서버 확인과 commit으로 넘어갔다.	meaning_choice	"[""if"",""validation_gate"",""quality_gate"",""pipeline_step""]"
9	python_tests_validation_regression_v24.json	PY24_L09_json_parse_all_001	전체 JSON parse smoke test 읽기	모든 lesson JSON이 파싱 가능한지 빠르게 확인하는 smoke test를 읽는다.	"import json\nfrom pathlib import Path\n\nfor path in Path(""data/lessons"").glob(""*.json""):\n    json.loads(path.read_text(encoding=""utf-8""))\n    print(""OK"", path.name)"	이 테스트가 잡아낼 수 있는 문제는?	JSON 문법 깨짐	각 .json file의 전체 text를 읽고 json.loads가 syntax상 valid JSON인지 확인한다. 한 file이 invalid하면 exception에서 loop가 중단되어 그 뒤 file은 검사하지 않으며, glob은 하위 directory를 재귀적으로 찾지 않는다. parse 성공은 card schema나 id·answer 관계가 올바르다는 뜻도 아니므로 smoke test 뒤 semantic validation이 필요하다.	새 lesson 파일을 추가할 때 가장 먼저 돌릴 수 있는 기본 검증이다.	meaning_choice	"[""for"",""import"",""print"",""json"",""parse"",""smoke_test"",""validation""]"
9	python_tests_validation_regression_v24.json	PY24_L09_regression_total_cards_001	총 카드 수 회귀검사 읽기	새 보강 후 카드 수가 줄어들지 않았는지 확인하는 회귀검사를 이해한다.	"previous_total = 552\ncurrent_total = len(cards)\nif current_total < previous_total:\n    raise AssertionError(""card count decreased"")"	current_total이 previous_total보다 작으면?	회귀로 보고 실패시킨다	current_total이 552보다 작으면 AssertionError가 난다. 이 검사는 예상치 않은 감소 신호를 잡지만 증가, 같은 수의 잘못된 교체, 특정 file 누락을 찾지는 못한다. hard-coded 이전 수보다 manifest별 기대 수와 ID snapshot 또는 명시적인 승인 baseline을 함께 검증해야 회귀 원인을 정확히 알 수 있다.	lesson loading 누락으로 total count가 감소하는 회귀를 보조적으로 감지하는 검사다.	meaning_choice	"[""if"",""regression_test"",""total_count"",""validation""]"
9	python_tests_validation_regression_v24.json	PY24_L09_snapshot_hash_001	snapshot hash 비교 읽기	중요 파일의 해시를 비교해 의도치 않은 변경을 감지하는 구조를 읽는다.	"import hashlib\nfrom pathlib import Path\n\ndef sha256(path):\n    return hashlib.sha256(Path(path).read_bytes()).hexdigest()\n\nbefore = sha256(""src/pwa/app.js"")\n# patch here\nafter = sha256(""src/pwa/app.js"")\nprint(before == after)"	before == after가 False면 무엇을 의미하는가?	파일 내용이 바뀌었다	두 read 사이에 bytes가 달라지면 SHA-256 digest도 사실상 확실히 달라져 False가 된다. 반대로 같은 digest는 accidental change가 없다는 강한 evidence지만 어떤 줄이 바뀌었는지 설명하지 못하고, 신뢰되지 않은 hash는 source authenticity도 보장하지 않는다. 실제 review에는 git diff와 예상 변경 범위를 함께 쓴다.	패치 전후 변경 파일을 감시하거나 산출물 무결성을 확인하는 데 쓸 수 있다.	meaning_choice	"[""comment"",""def"",""function"",""return"",""import"",""print"",""snapshot"",""hash"",""regression"",""integrity""]"
9	python_tests_validation_regression_v34.json	PY34_L09_before_after_compare_001	변경 전/후 비교 읽기	패치 전후 결과 수치를 비교해 의도대로 바뀌었는지 확인한다.	before: TOTAL CARDS 708\nafter:  TOTAL CARDS 723\nincrease: 15	이 비교에서 알 수 있는 것은?	카드가 15장 늘었다	이 수치로 직접 알 수 있는 것은 총 카드 수가 708에서 723으로 15장 늘었다는 사실이다. 예상 증가량과 비교하면 누락이나 중복의 단서를 얻을 수 있지만, 새 카드의 내용이 정확하거나 기존 카드가 보존되었다는 사실까지는 총수만으로 증명할 수 없다.	v33에서 708장에서 723장으로 늘어난 것을 확인한 방식이다.	meaning_choice	"[""before_after"",""diff"",""validation""]"
9	python_tests_validation_regression_v34.json	PY34_L09_edge_case_001	edge case 읽기	보통 입력이 아닌 빈 값, 경계값, 누락값 테스트를 이해한다.	"assert filter_by_level([], 1) == []\nassert get_title({}) == """""	빈 리스트나 빈 dict를 테스트하는 이유는?	경계 상황에서도 함수가 깨지지 않는지 보기 위해	실제 앱에서는 데이터가 비어 있거나 필드가 누락될 수 있으므로 edge case 검증이 중요하다. edge case는 보통 흐름에서는 잘 안 보이지만 오류를 만들 수 있는 경계 상황이다. 빈 값, 아주 긴 값, 없는 파일 같은 경우를 따로 점검해야 한다. 따라서 정답은 ‘경계 상황에서도 함수가 깨지지 않는지 보기 위해’이다.	lesson이 아직 로딩 전이거나 side card가 없는 경우를 안전하게 처리하는 데 필요하다.	meaning_choice	"[""edge_case"",""empty_list"",""boundary""]"
9	python_tests_validation_regression_v34.json	PY34_L09_test_failure_log_001	테스트 실패 로그 읽기	실패 로그에서 어떤 테스트가 왜 실패했는지 찾는 순서를 익힌다.	FAILED test_cards.py::test_answer_in_choices\n\nAssertionError:\nanswer not found in choices\ncard_id = PY31_L09_dict_vs_object_001	이 로그에서 먼저 고칠 카드 id는?	PY31_L09_dict_vs_object_001	실패 원인은 answer가 choices에 없다는 것이고, card_id가 수정 대상을 알려준다. 테스트 실패 로그는 어떤 검사에서 어떤 기대값이 깨졌는지 보여 준다. 실패 메시지와 입력 파일, 최근 변경을 함께 보면 원인을 빨리 좁힐 수 있다. 따라서 정답은 ‘PY31_L09_dict_vs_object_001’이다.	v29/v31에서 실제로 겪었던 정답/선택지 불일치 문제와 같다.	meaning_choice	"[""test_failure"",""log"",""debugging""]"
9	python_user_notes_bookmarks_v56.json	PY56_L09_bookmark_filter_001	bookmark filter 읽기	북마크한 카드만 따로 모아 복습 목록으로 보여주는 필터를 읽는다.	const bookmarkSet = new Set(bookmarks);\nconst filtered = cards.filter(card => bookmarkSet.has(card.id));	bookmark filter의 목적은?	북마크한 카드만 따로 모아보기 위해	Set.has로 여러 card를 검사할 때 반복적인 배열 scan을 줄인다. 저장된 ID가 삭제되거나 다른 version에서 바뀌었을 수 있으므로 stale bookmark를 보존·표시할지 정하고, 중복 ID는 load 단계에서 normalize한다.	감사 v2에서 USER_NOTES_BOOKMARKS 축이 거의 비어 있었으므로, v56은 사용자가 중요한 카드와 자기 메모를 남겨 개인화 복습에 활용하는 기능을 보강한다.	meaning_choice	"[""bookmark_filter"",""saved_cards"",""filter""]"
9	python_user_notes_bookmarks_v56.json	PY56_L09_export_notes_001	export notes 읽기	개인 메모와 북마크를 백업 파일로 내보내는 흐름을 이해한다.	exportData = JSON.stringify({ notes, bookmarks }, null, 2)	export notes의 목적은?	개인 메모와 북마크를 백업하거나 옮기기 위해	export에는 notes, bookmarks뿐 아니라 schemaVersion, exportedAt, appVersion을 넣어 나중 import가 format을 판단하게 한다. JSON download가 실제로 성공했는지 test하고 개인 내용이 포함된 file임을 알린다. 암호화되지 않은 backup의 저장·공유 위험도 안내한다.	감사 v2에서 USER_NOTES_BOOKMARKS 축이 거의 비어 있었으므로, v56은 사용자가 중요한 카드와 자기 메모를 남겨 개인화 복습에 활용하는 기능을 보강한다.	meaning_choice	"[""export_notes"",""backup"",""JSON""]"
9	python_user_notes_bookmarks_v56.json	PY56_L09_note_privacy_001	note privacy 읽기	개인 메모는 사적인 학습 기록이므로 저장 위치와 공유 여부를 조심해야 함을 이해한다.	privateData = { notes, bookmarks, progress }	note privacy에서 중요한 점은?	개인 메모가 어디에 저장되고 공유되는지 명확히 하는 것	메모에는 사용자의 약점, 생각, 학습 습관이 들어갈 수 있으므로 개인정보처럼 다뤄야 한다. note privacy는 사용자의 개인 메모가 어디에 저장되고 누구에게 보이는지 확인하는 관점이다. 로컬 저장, 동기화, 내보내기 범위를 구분해야 한다.	감사 v2에서 USER_NOTES_BOOKMARKS 축이 거의 비어 있었으므로, v56은 사용자가 중요한 카드와 자기 메모를 남겨 개인화 복습에 활용하는 기능을 보강한다.	meaning_choice	"[""note_privacy"",""local_data"",""privacy""]"
9	python_user_notes_bookmarks_v56.json	PY56_L09_notes_search_001	notes search 읽기	사용자 메모 내용까지 검색 대상에 넣는 방식을 이해한다.	const normalizedQuery = query.trim().toLocaleLowerCase();\nconst matches = note.text.toLocaleLowerCase().includes(normalizedQuery);	notes search가 유용한 이유는?	사용자가 직접 남긴 메모 내용으로 카드를 다시 찾을 수 있기 때문에	note와 query 양쪽을 같은 방식으로 normalize해 case 차이를 줄인다. 빈 query의 의미, locale·Unicode와 note 없는 card를 처리한다. 개인 note 검색 index가 server나 analytics로 전송되는지 명확히 하고 기본적으로 local 범위에 둔다.	감사 v2에서 USER_NOTES_BOOKMARKS 축이 거의 비어 있었으므로, v56은 사용자가 중요한 카드와 자기 메모를 남겨 개인화 복습에 활용하는 기능을 보강한다.	meaning_choice	"[""notes_search"",""personal_search"",""search""]"
9	python_web_http_api_flow_v35.json	PY35_L09_api_endpoint_001	API endpoint 읽기	특정 기능에 대응하는 URL 경로인 endpoint를 이해한다.	GET /api/search?q=kalman\nGET /api/cards/today\nPOST /api/progress	/api/search의 역할로 자연스러운 것은?	검색 요청을 처리하는 endpoint	API endpoint는 HTTP 메서드와 URL을 통해 특정 서버 기능에 접근하는 지점이다. /api/search라는 이름은 검색 기능을 암시하지만 실제 동작은 서버 구현과 API 계약이 정한다. 프론트엔드와 백엔드는 경로뿐 아니라 method, 입력, 상태 코드, 응답 스키마도 맞춰야 한다.	FastAPI 검색 서버를 붙일 때 /api/search 같은 endpoint가 필요하다.	meaning_choice	"[""endpoint"",""route"",""API""]"
9	python_web_http_api_flow_v35.json	PY35_L09_fetch_basic_001	fetch 기본 읽기	브라우저 JavaScript에서 HTTP 요청을 보내고 JSON을 읽는 흐름을 이해한다.	"const res = await fetch(""/data/lessons/cards.json"");\nif (!res.ok) throw new Error(`HTTP ${res.status}`);\nconst cards = await res.json();"	await res.json()의 역할은?	응답 본문을 JSON 데이터로 읽는다	fetch는 먼저 Response 객체를 돌려주고, res.json()은 응답 본문을 읽어 JSON으로 파싱한다. fetch는 404나 500 응답만으로 promise를 reject하지 않으므로 res.ok나 status를 먼저 확인해야 한다. 본문이 유효한 JSON이 아니면 res.json() 자체도 실패할 수 있다.	현재 app.js가 curriculum과 lesson JSON을 불러오는 방식과 연결된다.	meaning_choice	"[""fetch"",""JavaScript"",""HTTP"",""JSON""]"
9	python_web_http_api_flow_v35.json	PY35_L09_json_response_001	JSON response 읽기	API가 돌려주는 JSON 응답 구조를 읽는다.	"{\n  ""ok"": true,\n  ""items"": [\n    {""id"": ""c1"", ""title"": ""HTTP 읽기""}\n  ]\n}"	items 필드에는 무엇이 들어 있는가?	결과 객체들의 리스트	이 JSON 객체에서 items 값은 결과 객체 하나를 담은 리스트다. ok는 성공 여부를 나타내도록 설계한 애플리케이션 필드일 뿐 HTTP 표준 필드는 아니다. 클라이언트는 HTTP 상태와 JSON 스키마를 각각 확인해야 한다.	검색 API나 카드 API를 만들 때 프론트엔드가 읽기 쉬운 응답 구조가 필요하다.	meaning_choice	"[""JSON_response"",""API"",""frontend""]"
10	cards_seed_v1.json	L10_risk_001	불안정한 코드 위험 찾기	import와 encoding이 갖춰진 뒤에도 입력 데이터의 key 누락 때문에 실패할 수 있는 지점을 찾는다.	"import json\n\nwith open(""chunks.jsonl"", ""r"", encoding=""utf-8"") as f:\n    for line in f:\n        row = json.loads(line)\n        print(row[""doc_id""])"	이 코드에서 여전히 남아 있는 데이터 의존 위험을 고르시오.	doc_id가 없는 줄이면 에러가 난다	"이 코드에는 json import와 UTF-8 encoding이 이미 들어 있다. 하지만 row[""doc_id""]는 모든 줄에 doc_id key가 있다고 가정하므로, 해당 key가 없는 줄을 만나면 KeyError가 난다. 따라서 정답은 ‘doc_id가 없는 줄이면 에러가 난다’이다. doc_id가 선택 필드라면 row.get(""doc_id"")를 쓰고, 필수 필드라면 읽은 직후 명확한 검증 오류를 내는 방식이 알맞다."	PM이 개발자에게 확인해야 할 위험 지점을 찾는 훈련이다.	risk_finding	"[""for"",""print"",""encoding"",""missing_key"",""import"",""error_handling""]"
10	python_accessibility_a11y_ui_v52.json	PY52_L10_a11y_as_product_quality_001	a11y as product quality 읽기	접근성을 부가 기능이 아니라 제품 품질로 보는 관점을 이해한다.	good UX = usable by more people\naccessibility = product quality	접근성을 제품 품질로 봐야 하는 이유는?	더 많은 사용자가 안정적으로 학습할 수 있게 하기 위해	학습앱은 초보자, 모바일 사용자, 키보드 사용자, 보조기기 사용자 모두를 고려해야 한다. 접근성은 별도 부가 기능이 아니라 제품 품질의 일부다. 키보드 조작, 명확한 오류 안내, 읽기 쉬운 구조가 모든 사용자에게 도움이 된다. 따라서 정답은 ‘더 많은 사용자가 안정적으로 학습할 수 있게 하기 위해’이다.	카드 수가 1000장을 넘었으므로, 이제 학습앱 UI를 더 많은 사용자가 안정적으로 쓸 수 있게 하는 접근성 품질이 중요하다.	meaning_choice	"[""a11y"",""product_quality"",""inclusive_design""]"
10	python_accessibility_a11y_ui_v52.json	PY52_L10_accessibility_checklist_001	accessibility checklist 읽기	UI 변경 후 접근성 체크리스트로 최소 품질을 확인하는 습관을 이해한다.	checklist = ['keyboard', 'focus', 'label', 'contrast', 'screen reader text']	접근성 체크리스트에 들어갈 항목은?	키보드 조작, 포커스 표시, label, 대비, 화면낭독기 텍스트	checklist와 automated scanner는 label 누락·일부 contrast 같은 반복 문제를 줄인다. 자동 검사는 keyboard flow, screen reader 의미, zoom, cognitive clarity를 모두 판정하지 못하므로 실제 keyboard, browser zoom, screen reader와 사용자 test를 함께 한다.	카드 수가 1000장을 넘었으므로, 이제 학습앱 UI를 더 많은 사용자가 안정적으로 쓸 수 있게 하는 접근성 품질이 중요하다.	meaning_choice	"[""accessibility_checklist"",""quality_gate"",""UI_review""]"
10	python_accessibility_a11y_ui_v52.json	PY52_L10_accessible_card_component_001	accessible card component 읽기	학습 카드 컴포넌트가 제목, 본문, 선택지, 결과를 의미 있게 가져야 함을 이해한다.	"<article aria-labelledby=""card-title"">\n  <h2 id=""card-title"">카드 제목</h2>\n</article>"	accessible card component에서 중요한 것은?	카드의 제목과 본문 구조를 보조기기도 이해할 수 있게 만드는 것	accessible card component는 키보드, 보조기기, 명확한 상태 표시를 함께 고려한 카드 UI다. 카드가 많아질수록 구조가 명확해야 유지보수도 쉬워진다. 따라서 정답은 ‘카드의 제목과 본문 구조를 보조기기도 이해할 수 있게 만드는 것’이다.	카드 수가 1000장을 넘었으므로, 이제 학습앱 UI를 더 많은 사용자가 안정적으로 쓸 수 있게 하는 접근성 품질이 중요하다.	meaning_choice	"[""card_component"",""semantic_structure"",""accessibility""]"
10	python_advanced_expansion_v5.json	PY5_L10_agent_router_001	agent router 읽기	작업 타입에 따라 다른 도구로 보내는 에이전트 라우팅을 읽는다.	"def route_task(task):\n    if task[""type""] == ""search"":\n        return search_tool(task[""query""])\n    if task[""type""] == ""write_file"":\n        return write_file(task[""path""], task[""content""])\n    return chat(task[""message""])"	type이 search이면 무엇을 호출하는가?	search_tool	agent router는 작업 종류에 따라 어떤 처리 흐름으로 보낼지 고른다. task type이 search라면 검색용 분기로 들어간다. 라우터 코드는 작업 내용을 직접 처리하기보다 적절한 함수나 도구로 넘기는 분기표처럼 이해하면 된다. 따라서 반환/호출 결과는 ‘search_tool’이다.	코드 에이전트와 자동화 워크플로우를 이해하는 핵심 패턴이다.	meaning_choice	"[""if"",""def"",""function"",""return"",""agent"",""router"",""tool_calling""]"
10	python_advanced_expansion_v5.json	PY5_L10_asyncio_run_001	asyncio.run 흐름 읽기	비동기 main 함수를 실행하고 await 결과를 받는 흐름을 읽는다.	"import asyncio\n\nasync def fetch():\n    return ""data""\n\nasync def main():\n    result = await fetch()\n    print(result)\n\nasyncio.run(main())"	출력은?	data	"main()은 main 코루틴 객체를 만들고 asyncio.run(...)이 이를 실행할 이벤트 루프를 시작한다. main 안의 await fetch()가 fetch를 실행해 ""data""를 돌려주면 result에 저장되고 print가 data를 출력한다. asyncio.run은 보통 비동기 프로그램의 최상위 진입점에서 한 번 사용하며, async 함수 이름만 넘기는 것이 아니라 main()처럼 만든 코루틴을 넘긴다는 점을 구분해야 한다."	비동기 API 서버, 크롤러, 에이전트 도구 호출 코드에서 보인다.	output_prediction	"[""return"",""import"",""print"",""async"",""await"",""asyncio""]"
10	python_advanced_expansion_v5.json	PY5_L10_chunk_loop_001	chunk 생성 루프 읽기	긴 텍스트를 일정 크기 조각으로 나누는 흐름을 읽는다.	def make_chunks(text, size):\n    chunks = []\n    for i in range(0, len(text), size):\n        chunks.append(text[i:i+size])\n    return chunks	range(0, len(text), size)의 역할은?	size 간격으로 위치를 이동한다	range(0, len(text), size)는 i를 0, size, 2*size처럼 size만큼 이동시킨다. 매번 text[i:i+size]가 최대 size개의 문자를 잘라 chunks에 넣으므로 마지막 조각만 더 짧을 수 있고, 이 코드에는 겹침이 없다. size는 양수여야 한다. 또한 문자 수 기준으로 자르므로 실제 RAG에서 token 한도나 단어 경계를 맞추려면 별도 로직이 필요하다.	RAG 청킹과 긴 문서 처리의 기본 흐름이다.	meaning_choice	"[""for"",""def"",""function"",""return"",""range"",""chunk"",""loop"",""text_processing""]"
10	python_advanced_expansion_v5.json	PY5_L10_claim_check_001	claim 문자열 포함 검사 읽기	claim 문자열이 evidence text에 그대로 포함됐는지 확인하는 단순 규칙을 읽는다.	"def check_claim(answer, evidence):\n    if answer[""claim""] not in evidence[""text""]:\n        return ""needs_review""\n    return ""supported"""	claim이 evidence text에 없으면?	needs_review	"not in은 answer[""claim""] 문자열이 evidence[""text""] 안에 글자 그대로 포함됐는지만 검사한다. 없으면 needs_review, 있으면 supported를 반환한다. 하지만 같은 뜻의 바꿔 쓴 문장은 놓칠 수 있고, 문자열이 우연히 포함돼도 문맥상 근거가 아닐 수 있으므로 supported는 실제 의미 검증 완료를 뜻하지 않는다. 이는 사람이나 더 강한 검증으로 보낼 후보를 가르는 단순 휴리스틱이다."	RAG 답변을 본격 검증하기 전에 적용할 수 있는 기초 문자열 휴리스틱에 가깝다.	meaning_choice	"[""if"",""def"",""function"",""return"",""claim"",""evidence"",""validation""]"
10	python_advanced_expansion_v5.json	PY5_L10_curation_skip_001	큐레이션 skip 조건 읽기	중복 URL과 낮은 점수를 기준으로 후보를 제외하는 흐름을 읽는다.	"def should_skip(item, seen_urls):\n    if item[""url""] in seen_urls:\n        return True\n    if item.get(""score"", 0) < 0.5:\n        return True\n    return False"	skip되는 조건은?	이미 본 URL이거나 score가 0.5 미만	첫 번째 if는 item의 URL이 seen_urls에 있으면 즉시 True를 반환한다. 중복이 아니어도 score가 0.5보다 작으면 두 번째 if가 True를 반환하므로, 두 조건은 논리적으로 OR처럼 작동한다. score가 정확히 0.5면 제외되지 않는다. score key가 없으면 get의 기본값 0 때문에 제외되며, url key가 없으면 대괄호 접근에서 KeyError가 난다는 입력 전제도 확인해야 한다.	수집 자료 선별과 읽을거리 큐 생성 흐름에 직접 연결된다.	meaning_choice	"[""if"",""def"",""function"",""return"",""curation"",""filter"",""score"",""dedup""]"
10	python_advanced_expansion_v5.json	PY5_L10_evidence_attach_001	evidence id 부착 흐름 읽기	답변에 사용한 문서 id 목록을 함께 붙이는 구조를 읽는다.	"def attach_evidence(answer, docs):\n    return {\n        ""answer"": answer,\n        ""evidence_ids"": [doc[""id""] for doc in docs]\n    }"	evidence_ids에는 무엇이 들어가는가?	docs의 id 목록	"리스트 컴프리헨션이 docs를 순서대로 돌며 각 doc[""id""]를 꺼내 evidence_ids 목록을 만든다. 반환값은 원래 answer와 그 ID 목록을 함께 담은 dict다. 이 연결은 나중에 출처를 다시 찾게 해 주지만, ID를 붙였다는 사실만으로 해당 문서가 답변을 실제로 뒷받침한다고 검증되지는 않는다. doc에 id가 없으면 KeyError가 난다는 전제도 확인해야 한다."	근거 기반 RAG와 검증 가능한 답변 구조에 중요하다.	meaning_choice	"[""def"",""function"",""return"",""evidence"",""rag"",""list_comprehension""]"
10	python_advanced_expansion_v5.json	PY5_L10_failure_summary_001	실패 원인 집계 읽기	실패 row들의 reason을 세어 요약하는 코드를 읽는다.	"def summarize_failures(rows):\n    by_reason = {}\n    for row in rows:\n        reason = row.get(""reason"", ""unknown"")\n        by_reason[reason] = by_reason.get(reason, 0) + 1\n    return by_reason"	by_reason의 역할은?	실패 원인별 개수 집계	"각 row에서 reason을 읽고, key가 없으면 ""unknown""을 사용한다. by_reason.get(reason, 0)은 아직 없는 원인이면 0에서 시작하고, 같은 원인이 다시 나오면 기존 개수에 1을 더한다. 반환되는 dict는 {실패 원인: 발생 횟수} 형태다. 이 집계는 빈도가 높은 문제를 찾는 데 도움을 주지만, 빈도만으로 수정 우선순위가 확정되는 것은 아니므로 영향도도 함께 봐야 한다."	dataset 실패 분석, 회귀 테스트, 품질 개선 루프에 직접 연결된다.	meaning_choice	"[""for"",""def"",""function"",""return"",""failure"",""dict"",""aggregation""]"
10	python_advanced_expansion_v5.json	PY5_L10_httpx_async_001	httpx 비동기 API 호출 읽기	async with와 await로 비동기 HTTP 요청을 보내는 구조를 읽는다.	"import httpx\n\nasync def get_items():\n    async with httpx.AsyncClient() as client:\n        res = await client.get(""https://example.com/api/items"")\n        return res.status_code"	await client.get(...)은 무엇을 기다리는가?	HTTP 응답	async with는 AsyncClient를 열고 블록이 끝날 때 연결 자원을 정리한다. await client.get(...)에서 현재 get_items 코루틴은 HTTP 요청과 응답을 기다리며 잠시 멈추지만, 이벤트 루프는 그동안 이미 예약된 다른 코루틴을 실행할 수 있다. 다만 이 함수 하나만 호출한다고 여러 요청이 자동으로 동시에 실행되는 것은 아니다. 여러 요청을 겹쳐 처리하려면 여러 코루틴을 task나 gather 등으로 함께 예약해야 한다.	대량 API 호출이나 FastAPI 내부 비동기 코드에서 자주 나온다.	meaning_choice	"[""return"",""import"",""httpx"",""async"",""api"",""client""]"
10	python_ai_learning_methods_v14.json	PY14_L10_model_strategy_map_001	상황별 AI 학습/적용 전략 지도	문제 상황별로 RAG/LoRA/양자화/증류를 비교해 선택한다.	Need latest knowledge -> RAG\nNeed response style/task habit -> LoRA or fine-tuning\nNeed smaller memory -> quantization\nNeed smaller faster model -> distillation\nNeed on-device inference -> quantization + NPU/runtime support	최신 문서 기반 답변이 핵심이면 우선순위가 높은 전략은?	RAG	새 지식을 자주 바꿔야 하면 검색 인덱스/문서 저장소를 업데이트하는 편이 실용적이다. 모델 전략 지도는 RAG, fine-tuning, prompt 개선, 도구 호출 중 어떤 방법을 쓸지 고르는 기준표다. 문제 원인이 지식 부족인지 형식 문제인지 먼저 나누어야 한다.	네 KG/RAG/LoRA 서비스 구조 설계 판단과 직접 연결된다.	meaning_choice	"[""rag"",""lora"",""quantization"",""distillation"",""strategy""]"
10	python_ai_toolchain_expansion_v12.json	PY12_L10_peft_lora_load_001	PEFT LoRA adapter 로드 읽기	base model에 LoRA adapter를 붙이는 코드를 읽는다.	from peft import PeftModel\n\nmodel = PeftModel.from_pretrained(base_model, adapter_path)	이 코드의 목적은?	base_model에 LoRA adapter를 로드한다	PeftModel.from_pretrained는 이미 메모리에 불러온 base_model을 adapter_path의 PEFT 설정·가중치로 감싸 LoRA adapter가 적용된 모델을 반환한다. adapter는 base model 전체를 대신하지 않으며, 학습에 사용한 base 모델 구조·이름·tokenizer와 호환돼야 한다. 이 호출만으로 adapter가 base 가중치에 영구 병합되는 것은 아니며 병합·저장은 별도 동작이다.	네 LoRA 추론/학습 코드 독해에 직접 필요하다.	meaning_choice	"[""import"",""peft"",""lora"",""adapter"",""llm""]"
10	python_analytics_privacy_optin_v60.json	PY60_L10_analytics_privacy_flow_001	analytics privacy flow 읽기	분석 동의, 최소 수집, 이벤트 기록, 집계, 설정 변경까지 이어지는 전체 흐름을 이해한다.	explainAndAskConsent()\ntrackMinimalEventsIfAllowed()\naggregateWithSafeguards()\nhonorWithdrawalAndDeletion()	analytics privacy flow의 자연스러운 순서는?	목적 설명과 동의 확인 → 허용된 최소 이벤트만 수집 → 보호 조건을 둔 집계 → 철회와 삭제 요청 반영	먼저 수집 목적과 범위를 설명하고 사용자의 선택을 확인한다. 허용된 경우에만 최소 이벤트를 만들고, 작은 집단 노출을 막는 조건을 둬 집계한다. 철회 기능은 마지막에 한 번 제공하는 단계가 아니라 언제든 사용할 수 있어야 하며, 철회와 삭제 요청이 대기 이벤트와 저장 데이터에 어떻게 반영되는지도 정해야 한다.	감사 v2에서 ANALYTICS_PRIVACY_OPT_IN이 0 hits였으므로, v60은 학습앱 분석, 이벤트 추적, 개인정보 동의/거부 UX를 보강한다.	meaning_choice	"[""analytics_privacy_flow"",""privacy_opt_in"",""event_tracking""]"
10	python_analytics_privacy_optin_v60.json	PY60_L10_analytics_quality_gate_001	analytics quality gate 읽기	분석 기능이 동의 상태를 지키는지 테스트하는 품질 기준을 이해한다.	assert noEventWhenOptedOut()\nassert eventWhenOptedIn()	analytics quality gate의 목적은?	동의하지 않은 상태에서 이벤트가 수집되지 않는지 검증하기 위해	analytics quality gate는 동의 전이나 철회 후에 이벤트가 생성·대기·전송되지 않는지 검증한다. opt-in 상태의 정상 전송만 확인해서는 부족하다. 철회 직전 큐에 있던 이벤트, 네트워크 재연결, 저장된 식별자와 보존 기간까지 테스트해야 제품이 약속한 통제권을 실제로 지킬 수 있다.	감사 v2에서 ANALYTICS_PRIVACY_OPT_IN이 0 hits였으므로, v60은 학습앱 분석, 이벤트 추적, 개인정보 동의/거부 UX를 보강한다.	meaning_choice	"[""quality_gate"",""analytics"",""test_case""]"
10	python_analytics_privacy_optin_v60.json	PY60_L10_privacy_policy_notice_001	privacy policy notice 읽기	사용자에게 어떤 데이터를 왜 수집하는지 안내하는 privacy notice를 이해한다.	notice = '익명 사용 통계는 앱 개선을 위해 사용됩니다.'	privacy notice에 들어갈 내용은?	무엇을 왜 수집하고 어떻게 끌 수 있는지에 대한 설명	privacy notice는 수집 항목, 목적, 보존 기간, 제3자 제공 여부, 끄거나 철회하는 방법을 사용자가 이해할 수 있게 설명한다. 화면의 한 문장은 요약일 뿐이며 실제 수집 범위가 더 넓다면 자세한 안내로 연결해야 한다. '익명'이라는 표현도 다시 식별할 수 없는 경우에만 사용해야 한다.	감사 v2에서 ANALYTICS_PRIVACY_OPT_IN이 0 hits였으므로, v60은 학습앱 분석, 이벤트 추적, 개인정보 동의/거부 UX를 보강한다.	meaning_choice	"[""privacy_notice"",""consent"",""documentation""]"
10	python_architecture_layers_patterns_v41.json	PY41_L10_architecture_diagram_001	architecture diagram 읽기	아키텍처 그림을 박스와 화살표의 의미로 읽는다.	[User]\n  -> [PWA]\n  -> [API]\n  -> [Service]\n  -> [Repository]\n  -> [JSON/DB]	아키텍처 다이어그램에서 화살표는 보통 무엇을 뜻하는가?	데이터나 요청이 이동하는 방향	이 다이어그램에서는 화살표가 요청이나 데이터가 다음 component로 흐르는 주 방향을 나타낸다. 하지만 다른 그림에서는 dependency, event, network connection을 뜻할 수 있고 응답 방향이 생략될 수도 있다. 실제 의미는 제목, legend, 화살표 종류와 함께 확인해야 한다.	학습앱, RAG 검색, KG 파이프라인을 그림으로 볼 때 흐름을 따라 읽는 훈련이 된다.	meaning_choice	"[""architecture_diagram"",""data_flow"",""component""]"
10	python_architecture_layers_patterns_v41.json	PY41_L10_kg_lora_pipeline_architecture_001	KG/LoRA pipeline architecture 읽기	KG/LoRA 작업을 단계별 파이프라인 구조로 읽는 연습을 한다.	Input chunks\n  -> Node extraction\n  -> Node promotion\n  -> Edge extraction\n  -> Validation\n  -> Dataset / KG output	이 구조에서 Validation 단계의 역할은?	앞 단계 산출물이 규칙에 맞는지 검사하고 깨진 결과를 걸러낸다	이 그림의 Validation은 node·edge 추출 결과가 schema, 참조, 품질 규칙을 만족하는지 검사하고 부적합 결과를 final output에서 제외하거나 재처리로 보낸다. 각 단계의 입력·출력 version과 checkpoint를 남겨야 실패 지점에서 재개하고 어느 변환이 문제를 만들었는지 추적할 수 있다.	노드패스, 노드승격, 엣지패스, 평가셋 생성 흐름을 전체 지형으로 읽는 카드다.	meaning_choice	"[""pipeline_architecture"",""KG"",""LoRA"",""validation""]"
10	python_architecture_layers_patterns_v41.json	PY41_L10_monolith_modular_001	monolith vs modular structure 읽기	한 덩어리 구조와 모듈형 구조의 차이를 읽는다.	monolith:\n  app.js does almost everything\n\nmodular:\n  cardLoader.js\n  progressStore.js\n  reviewEngine.js\n  uiRenderer.js	modular structure의 장점은?	역할별 파일로 나뉘어 수정과 테스트 범위를 줄일 수 있다	기능을 역할별 module로 나누면 공개 API를 통해 필요한 부분만 의존하게 만들 수 있다. 파일을 여러 개로 쪼개는 것만으로 modular해지지는 않으며, 전역 상태와 순환 import가 그대로면 영향 범위도 줄지 않는다. 응집도 높은 책임과 명확한 의존 방향이 핵심이다.	현재 app.js가 커질수록 card loader, state, UI, 검증 로직을 나누는 방향을 생각할 수 있다.	meaning_choice	"[""monolith"",""modular_structure"",""module""]"
10	python_async_batch_queue_v26.json	PY26_L10_async_producer_consumer_001	async producer-consumer 읽기	producer가 queue에 넣고 consumer가 꺼내 처리하는 비동기 구조를 읽는다.	queue = asyncio.Queue()\n\nasync def producer(items):\n    for item in items:\n        await queue.put(item)\n\nasync def consumer():\n    while True:\n        item = await queue.get()\n        await process(item)\n        queue.task_done()	producer의 역할은?	items를 queue에 넣는다	producer는 각 item을 queue에 넣고 consumer는 get 후 process한다. 이 queue는 maxsize가 없어 producer가 훨씬 빠르면 memory가 계속 늘 수 있고, consumer는 종료 sentinel이 없어 영원히 기다린다. process가 exception을 내도 task_done이 호출되게 try/finally를 쓰고 bounded queue, 종료·cancellation·error propagation을 설계한다.	수집→정제→임베딩 같은 파이프라인을 흐름으로 나눌 때 쓰는 구조다.	meaning_choice	"[""for"",""while"",""producer_consumer"",""asyncio_queue"",""pipeline""]"
10	python_async_batch_queue_v26.json	PY26_L10_background_job_status_001	background job 상태 저장 읽기	오래 걸리는 작업의 상태를 DB에 기록하는 구조를 이해한다.	"def start_job(job_id):\n    repo.update_job(job_id, status=""running"", progress=0)\n    try:\n        run_long_task(job_id)\n        repo.update_job(job_id, status=""done"", progress=100)\n    except Exception as e:\n        repo.update_job(job_id, status=""error"", error=str(e))\n        raise"	예외가 발생하면 job 상태는 어떻게 저장되는가?	error로 저장된다	run_long_task가 exception을 내면 error status와 str(e)를 저장하려 한 뒤 exception을 다시 전달한다. error update 자체가 실패하면 running 상태가 남고 원래 exception이 가려질 수 있다. heartbeat/lease와 finally cleanup, sanitized error code, state transition 조건과 durable transaction을 두어 competing worker의 overwrite를 막는다.	긴 LoRA/노드패스/수집 작업 상태를 UI에서 보여주기 위한 기본 구조다.	meaning_choice	"[""def"",""function"",""try_except"",""background_job"",""status"",""database"",""progress""]"
10	python_async_batch_queue_v26.json	PY26_L10_cancel_graceful_001	graceful cancel 읽기	중단 신호가 오면 현재 상태를 저장하고 안전하게 빠지는 구조를 읽는다.	stop_requested = False\n\nfor item in items:\n    if stop_requested:\n        save_checkpoint()\n        break\n    process(item)	stop_requested가 True이면 무엇을 하는가?	checkpoint를 저장하고 루프를 빠져나간다	조건이 True이면 checkpoint 저장을 시도한 뒤 break로 loop를 끝낸다. 이 snippet만 보면 stop_requested를 바꾸는 signal handler나 다른 thread가 없어 실제로는 계속 False다. cancellation source, 현재 item의 atomicity, resource cleanup과 checkpoint 실패 처리까지 있어야 graceful하며 강제 종료에는 여전히 대비해야 한다.	비용 제한이나 서버 종료 전에 산출물을 안전하게 남기는 운영 패턴이다.	meaning_choice	"[""if"",""for"",""break"",""cancel"",""graceful_shutdown"",""checkpoint""]"
10	python_async_batch_queue_v26.json	PY26_L10_gpu_batch_size_001	GPU batch size 사고방식 읽기	batch_size가 처리량과 메모리에 영향을 준다는 코드를 읽는다.	batch_size = 8\nfor batch in chunks(prompts, batch_size):\n    outputs = model.generate(batch)\n    save_outputs(outputs)	batch_size를 너무 크게 잡으면 주로 어떤 문제가 날 수 있는가?	GPU 메모리 부족	한 번에 처리하는 input 수가 늘면 model weight 외 activation과 temporary buffer memory가 늘어 GPU OOM이 날 수 있다. 필요한 memory는 sequence length, output length, dtype와 model architecture에도 크게 좌우된다. 또한 실제 library가 list[str]를 직접 받는지 tokenization을 요구하는지 API를 확인하고 측정으로 safe batch size를 정한다.	LoRA 추론/노드패스/임베딩 생성에서 속도와 메모리 균형을 볼 때 중요하다.	meaning_choice	"[""for"",""gpu"",""batch_size"",""memory"",""throughput""]"
10	python_async_batch_queue_v26.json	PY26_L10_job_manifest_001	job manifest 읽기	작업 대상과 상태를 manifest 파일로 관리하는 방식을 이해한다.	"{\n  ""job_id"": ""nodepass_20260529"",\n  ""shards"": [31, 32, 33],\n  ""status"": ""running"",\n  ""completed"": [31, 32]\n}"	completed에 [31, 32]가 있다는 뜻은?	31, 32 shard는 완료된 것으로 기록됐다	completed list는 31과 32가 완료됐다고 manifest에 기록되었다는 뜻이지 실제 output이 유효하다는 증명은 아니다. shard result와 checksum을 확인한 뒤 manifest를 atomic하게 갱신하고, status와 completed가 모순되지 않게 validation한다. 여러 worker가 쓸 때 lock이나 compare-and-swap도 필요하다.	샤드 상태 확인, 재개, 산출물 회수 루틴과 잘 맞는다.	meaning_choice	"[""manifest"",""batch_job"",""status"",""resume""]"
10	python_async_batch_queue_v26.json	PY26_L10_queue_join_001	queue.join 완료 대기 읽기	큐에 들어간 모든 작업이 끝날 때까지 기다리는 구조를 이해한다.	"for item in items:\n    await queue.put(item)\n\nawait queue.join()\nprint(""all done"")"	await queue.join()의 의미는?	큐에 들어간 작업들이 task_done 될 때까지 기다린다	queue.join은 put으로 늘어난 unfinished-task count가 각 item의 task_done으로 0이 될 때까지 기다린다. consumer가 실행 중이어야 하고 get한 item마다 정확히 한 번 task_done을 호출해야 한다. 누락하면 영원히 기다리고 두 번 호출하면 ValueError가 나므로 process를 try/finally로 감싸는 것이 안전하다.	모든 다운로드/추론/검증 작업이 끝난 뒤 다음 단계로 넘어가야 할 때 중요하다.	meaning_choice	"[""for"",""print"",""queue"",""join"",""task_done"",""completion""]"
10	python_async_batch_queue_v26.json	PY26_L10_tmux_nohup_concept_001	tmux/nohup 장기 실행 개념 읽기	내 PC 연결이 끊겨도 서버에서 작업을 계속 돌리는 개념을 이해한다.	# tmux example\n# tmux new -s nodepass\n# python run_shards.py --start 31 --end 100\n# Press Ctrl+B, then D to detach\n\n# nohup example\n# nohup python run_shards.py > run.log 2>&1 &	tmux detach의 목적에 가장 가까운 것은?	세션을 닫지 않고 뒤에서 계속 실행하게 한다	tmux detach는 tmux session과 그 안의 process를 유지한 채 현재 client만 분리하고 나중에 attach할 수 있게 한다. nohup은 hangup signal 처리를 바꾸고 &가 shell background로 실행하며 output을 명시한 log로 보낸다. 어느 방식도 crash recovery를 보장하지 않으므로 exit status, disk space, log rotation, checkpoint와 supervisor를 별도로 둔다.	EC2/워크스테이션에서 shard를 밤새 돌릴 때 필요한 운영 개념이다.	meaning_choice	"[""comment"",""tmux"",""nohup"",""long_running"",""server""]"
10	python_async_queue_batch_jobs_v36.json	PY36_L10_background_task_001	background task 읽기	요청 응답과 별개로 오래 걸리는 작업을 뒤에서 실행하는 background task 개념을 이해한다.	"POST /api/start-job\n\n202 Accepted\n{""job_id"": ""job_123"", ""status"": ""queued""}\n\ndurable worker:\n  process job_123"	API가 바로 job_id를 돌려주는 이유는?	긴 작업을 기다리지 않고 진행 상태를 나중에 확인하게 하려고	서버는 긴 작업을 내구성 있는 큐에 넣고 202 Accepted와 job_id를 돌려줘 클라이언트가 나중에 상태를 조회하게 할 수 있다. 이 응답은 완료가 아니라 접수됐다는 뜻이다. 프로세스 재시작에도 살아남는 큐, 중복 방지, 실패 기록, 상태 조회와 완료 알림을 함께 설계해야 한다.	노드 추출, 임베딩 생성, 대량 검증 같은 긴 작업을 웹 UI에 붙일 때 필요한 방식이다.	meaning_choice	"[""background_task"",""long_running_job"",""server""]"
10	python_async_queue_batch_jobs_v36.json	PY36_L10_job_status_001	job status 읽기	긴 작업의 상태를 running/done/failed 같은 값으로 관리하는 이유를 이해한다.	"job = {\n  ""id"": ""shard_001"",\n  ""status"": ""running"",\n  ""done"": 120,\n  ""total"": 200\n}"	이 job은 현재 어떤 상태인가?	running	status는 작업이 대기 중인지, 실행 중인지, 완료됐는지, 실패했는지 알려준다. job status는 작업이 대기 중인지, 실행 중인지, 성공했는지, 실패했는지를 나타내는 상태값이다. 상태 전이가 어떤 조건에서 바뀌는지 보면 운영 흐름을 이해하기 쉽다. 따라서 정답은 ‘running’이다.	서버에서 샤드 진행률을 확인하는 상태 로그와 연결된다.	meaning_choice	"[""job_status"",""running"",""done"",""failed""]"
10	python_async_queue_batch_jobs_v36.json	PY36_L10_progress_log_001	progress log 읽기	긴 작업의 진행률 로그에서 현재 처리량과 남은 작업을 읽는다.	[KG node_pass status]\nrange: 31~100\ndone: 33/70\nGPU util=23%	done: 33/70의 의미는?	70개 중 33개가 끝났다	done: 33/70은 이 로그가 정의한 전체 70개 중 33개를 완료로 기록했다는 뜻이다. range 31~100을 양끝 포함으로 세면 70개다. GPU util=23%는 순간 자원 사용률일 뿐 완료율이 아니며, 로그가 최신이고 done 판정이 정확한지도 확인해야 한다.	EC2/GPU 서버에서 긴 job을 돌릴 때 상태 판단에 쓰는 로그 형태다.	meaning_choice	"[""progress_log"",""monitoring"",""long_running_job""]"
10	python_async_queue_batch_jobs_v36.json	PY36_L10_resume_001	resume 처리 읽기	이미 끝난 작업을 건너뛰고 남은 작업만 이어서 처리하는 resume 로직을 이해한다.	done = load_done_ids()\n\nfor job in all_jobs:\n    if job.id in done:\n        continue\n    process(job)	if job.id in done: continue의 의미는?	이미 완료된 job은 건너뛴다	done에 있는 ID는 continue로 건너뛰고 나머지만 처리한다. 안전한 resume이 되려면 done 목록이 성공한 결과와 함께 내구성 있고 원자적으로 기록되어야 하며, 손상되거나 너무 일찍 표시되지 않아야 한다. process 자체도 재실행에 견디도록 설계하면 중단 경계의 중복 처리 위험을 줄일 수 있다.	샤드가 일부 완료된 상태에서 재실행할 때 반드시 필요한 패턴이다.	meaning_choice	"[""if"",""for"",""continue"",""resume"",""checkpoint"",""skip_done""]"
10	python_async_queue_batch_jobs_v36.json	PY36_L10_retry_queue_001	retry queue 읽기	실패한 작업만 따로 모아 다시 시도하는 retry queue 구조를 이해한다.	try:\n    process(job)\nexcept TransientError:\n    if job.attempts < MAX_ATTEMPTS:\n        retry_queue.push(job)\n    else:\n        dead_letter_queue.push(job)	retry_queue.push(job)의 의미는?	실패한 작업을 재시도 대기열에 넣는다	retry queue에는 네트워크 일시 장애처럼 재시도로 회복될 가능성이 있는 실패만 넣는다. 모든 Exception을 무제한 다시 넣으면 코드 버그나 영구 실패가 끝없이 반복될 수 있다. 시도 횟수, backoff, 중복 실행 안전성, 최종 실패를 보관할 dead-letter 정책이 필요하다.	API 호출 실패, 모델 응답 실패, 파일 처리 실패를 관리하는 데 유용하다.	meaning_choice	"[""if"",""else"",""try_except"",""retry_queue"",""failed_jobs"",""resilience""]"
10	python_auth_security_tokens_permissions_v38.json	PY38_L10_cors_auth_header_001	CORS와 인증 헤더 읽기	브라우저가 Authorization header를 포함한 cross-origin 요청을 더 엄격히 다룰 수 있음을 이해한다.	"fetch(""http://localhost:8000/api/progress"", {\n  headers: {\n    ""Authorization"": ""Bearer token""\n  }\n})"	이 요청에서 CORS 설정이 중요해지는 이유는?	다른 origin에 인증 헤더를 보내기 때문	다른 origin으로 Authorization 같은 단순 허용 목록 밖의 header를 보내면 브라우저는 보통 preflight 요청으로 서버 허용 여부를 확인한다. 서버는 필요한 origin, method, Authorization header만 명시적으로 허용해야 한다. CORS는 토큰 검증을 대신하지 않으며 허용 origin을 넓게 잡아도 서버 인증·인가가 반드시 필요하다.	PWA와 FastAPI 서버를 따로 띄우면 만날 수 있는 문제다.	meaning_choice	"[""CORS"",""Authorization_header"",""preflight""]"
10	python_auth_security_tokens_permissions_v38.json	PY38_L10_rate_limit_abuse_001	rate limit / abuse prevention 읽기	로그인/API 요청을 너무 많이 보내는 악용을 제한하는 이유를 이해한다.	if requests_per_minute(user_id) > 60:\n    return 429 Too Many Requests	429 Too Many Requests의 의미는?	요청이 너무 많아 제한됐다	429는 적용된 제한 기준을 넘어 요청이 너무 많아 현재 요청이 거절됐다는 뜻이다. rate limit은 비용과 자동화 남용을 줄이는 한 겹의 방어지만, 분산 공격·계정별 우회·무차별 로그인 자체를 모두 막지는 않는다. 인증 전에는 IP 등 다른 신호도 쓰고 Retry-After, 탐지, lockout 위험, CAPTCHA 같은 보완책을 함께 설계한다.	공개 API나 학습 서비스 운영 시 필수적인 안전장치다.	meaning_choice	"[""if"",""return"",""rate_limit"",""abuse_prevention"",""security""]"
10	python_auth_security_tokens_permissions_v38.json	PY38_L10_role_permission_001	role / permission 읽기	역할에 따라 허용되는 기능을 나누는 권한 모델을 이해한다.	roles:\n  student: read_cards, save_progress\n  parent: read_report\n  admin: manage_cards	admin 역할에 자연스러운 권한은?	manage_cards	role permission은 사용자 역할에 따라 가능한 작업을 제한하는 권한 방식이다. 관리자, 일반 사용자, 게스트의 허용 기능을 다르게 둘 수 있다. 권한 검사는 화면 숨김뿐 아니라 서버 요청 처리 단계에서도 다시 확인해야 한다. 따라서 정답은 ‘manage_cards’이다.	학생/부모/관리자 기능을 나눌 때 필요한 설계다.	meaning_choice	"[""role"",""permission"",""RBAC""]"
10	python_auth_security_tokens_permissions_v38.json	PY38_L10_server_side_storage_001	server-side storage 읽기	민감한 토큰/키를 프론트엔드가 아니라 서버 측에 저장하는 이유를 이해한다.	browser cookie:\n  opaque_session_id; Secure; HttpOnly; SameSite=Lax\n\nserver secret store:\n  encrypted_api_key\n  refresh_token	API key를 서버 측에 저장하는 이유는?	브라우저 코드에 노출되지 않게 하기 위해	비밀 API key와 refresh token을 브라우저 코드에 보내지 않고 접근이 통제된 서버 저장소에 두면 직접 노출을 줄일 수 있다. 암호화 at rest만으로 충분하지 않으므로 암호화 key 분리, 최소 권한, 로그 마스킹, 회전이 필요하다. 브라우저에는 실제 비밀 대신 보안 속성을 둔 불투명 session ID만 전달한다.	사용자별 API 키를 안전하게 저장하는 구조와 연결된다.	meaning_choice	"[""server_side_storage"",""secret_storage"",""database""]"
10	python_auth_security_tokens_permissions_v38.json	PY38_L10_token_expiration_001	token expiration 읽기	토큰 만료 시간이 보안과 재로그인 흐름에 주는 영향을 읽는다.	if token.exp < now:\n    return 401 Unauthorized	토큰이 만료되면 보통 어떤 응답이 자연스러운가?	401 Unauthorized	서버가 토큰의 exp를 검증해 만료됐다고 판단하면 그 credential으로는 인증할 수 없으므로 보통 401 응답이 자연스럽다. 403은 대개 인증은 됐지만 해당 작업 권한이 없을 때 사용한다. 클라이언트 시각만 믿지 말고 서버 시각과 작은 clock skew 정책을 기준으로 검증한다.	access token 만료 후 refresh token으로 재발급받는 흐름과 연결된다.	meaning_choice	"[""if"",""return"",""token_expiration"",""exp"",""security""]"
10	python_auth_security_tokens_v22.json	PY22_L10_auth_dependency_001	FastAPI 인증 dependency 읽기	endpoint마다 반복되는 인증 로직을 dependency로 분리하는 구조를 읽는다.	"from fastapi import Depends\nfrom fastapi.security import HTTPAuthorizationCredentials, HTTPBearer\n\nbearer = HTTPBearer()\n\ndef get_current_user(\n    credentials: HTTPAuthorizationCredentials = Depends(bearer),\n):\n    return verify_token(credentials.credentials)\n\n@app.get(""/private"")\ndef private(user = Depends(get_current_user)):\n    return {""user_id"": user.id}"	Depends(get_current_user)의 역할은?	요청 전에 토큰을 검증하고 user를 endpoint에 넣는다	HTTPBearer dependency가 Authorization header의 Bearer scheme과 credential을 parse하고, get_current_user가 verify_token으로 signature와 필수 claims를 검증해 user를 만든다. HTTPBearer 자체가 JWT 유효성을 확인하는 것은 아니다. endpoint의 Depends는 이 검증이 성공한 뒤에만 user를 전달하며 resource별 authorization은 별도로 검사해야 한다.	private API, 개인 노트/학습 기록, 사용자별 키 조회 API에 필요한 구조다.	meaning_choice	"[""def"",""function"",""return"",""import"",""fastapi"",""depends"",""auth"",""current_user""]"
10	python_auth_security_tokens_v22.json	PY22_L10_encrypted_secret_storage_001	암호화된 secret 저장 흐름 읽기	사용자 API 키를 평문 대신 암호화해서 DB에 저장하는 흐름을 이해한다.	def save_user_api_key(user_id, api_key):\n    encrypted = encrypt(api_key)\n    repo.upsert_secret(user_id=user_id, encrypted_value=encrypted)	encrypted_value를 저장하는 이유는?	DB에 API 키 평문을 직접 저장하지 않기 위해	DB에 plaintext API key 대신 ciphertext를 저장하면 DB snapshot만 유출됐을 때 직접 노출을 줄일 수 있다. 효과를 내려면 encryption key를 DB와 분리된 KMS나 secret manager에서 관리하고, authenticated encryption과 user/context binding, 접근 제어, audit, rotation을 사용해야 한다. application이나 key도 함께 침해되면 복호화될 수 있으며 key가 log나 backup에 남지 않게 해야 한다.	사용자 API 키를 서버측에 안전하게 저장하고 OAuth 계정으로 불러오는 구조와 직접 연결된다.	meaning_choice	"[""def"",""function"",""encryption"",""secret_storage"",""api_key"",""database""]"
10	python_auth_security_tokens_v22.json	PY22_L10_oauth_callback_001	OAuth callback 흐름 읽기	OAuth 로그인 후 code를 token으로 교환하는 흐름을 이해한다.	"@app.get(""/auth/callback"")\ndef callback(code: str):\n    token = exchange_code_for_token(code)\n    user = fetch_user_profile(token)\n    return create_session(user)"	이 코드의 흐름으로 맞는 것은?	code 교환 → 사용자 프로필 조회 → 세션 생성	표면적인 순서는 authorization code 교환, provider의 검증된 user 정보 조회, local session 생성이다. 안전한 OAuth/OIDC callback은 시작 요청과 연결되는 state를 검증하고, public client에는 PKCE를 사용하며, redirect URI와 issuer·audience·nonce를 확인해야 한다. provider token을 곧바로 신뢰하거나 code를 log에 남기면 안 된다.	OAuth/OIDC callback에서 외부 identity를 검증한 뒤 local session을 만드는 흐름이다.	order_choice	"[""def"",""function"",""return"",""oauth"",""callback"",""code"",""token_exchange""]"
10	python_auth_security_tokens_v22.json	PY22_L10_prompt_injection_guard_001	prompt injection 입력 방어 읽기	사용자 입력을 그대로 시스템 명령처럼 믿지 않도록 분리하는 코드를 읽는다.	"def build_prompt(user_query: str):\n    safe_query = user_query[:2000]\n    return {\n        ""system"": ""Answer only from retrieved evidence."",\n        ""user"": safe_query,\n    }"	user_query[:2000]의 목적에 가장 가까운 것은?	사용자 입력 길이를 제한한다	"user_query[:2000]은 Python 문자 기준으로 입력 길이만 제한한다. system과 user 역할을 나누거나 ""evidence only""라고 쓰는 것은 유용한 지시지만 prompt injection을 막는 security boundary가 아니다. retrieved document도 공격 지시를 포함할 수 있으므로 tool allowlist와 최소 권한, structured output validation, sensitive data 분리, human approval 같은 application-level control이 필요하다."	Cross-Verified RAG/Evidence-first 파이프라인에서 사용자 입력을 안전하게 다루는 사고방식이다.	meaning_choice	"[""def"",""function"",""return"",""prompt_injection"",""input_validation"",""security"",""llm""]"
10	python_auth_security_tokens_v22.json	PY22_L10_rate_limit_001	rate limit 체크 읽기	사용자별 요청 횟수를 제한하는 기본 구조를 읽는다.	"def check_rate_limit(user_id):\n    count = cache.incr(f""rate:{user_id}"")\n    if count > 100:\n        raise HTTPException(status_code=429, detail=""too many requests"")"	count가 100을 넘으면 어떤 상태 코드가 나오는가?	429	count가 101 이상이면 429를 발생시킨다. 그러나 이 예시에는 만료 시간이나 window reset이 없어 key가 영구 누적될 수 있다. 실제 rate limiter는 atomic increment와 TTL 또는 token/leaky bucket, 신뢰할 수 있는 user/IP/key 식별자, 분산 server의 공통 store, Retry-After와 fail-open/closed 정책을 함께 설계한다.	LLM API 비용 폭주나 악용을 막는 데 필요한 서버 방어 패턴이다.	meaning_choice	"[""if"",""def"",""function"",""rate_limit"",""quota"",""abuse_prevention"",""api""]"
10	python_auth_security_tokens_v22.json	PY22_L10_secret_rotation_001	secret rotation 사고방식 읽기	키가 노출되었거나 오래되었을 때 교체하는 운영 흐름을 이해한다.	"ACTIVE_KEY_VERSION = ""v2""\n\nif request.key_version != ACTIVE_KEY_VERSION:\n    raise HTTPException(status_code=401, detail=""old key disabled"")"	old key disabled의 의미에 가장 가까운 것은?	이전 버전 키는 더 이상 허용하지 않는다	request가 보낸 key_version이 active version과 다르면 이 code는 401을 반환한다. 하지만 client의 version 문자열만 비교하면 실제 secret이 유효한지 검증하지 못한다. rotation은 새 key 발급·배포, dual-read 또는 overlap 기간, 사용 현황 확인, old key revoke, log와 backup 점검을 포함하며 노출 사고 때는 즉시 revoke가 우선이다.	API 키 저장/암호화/갱신 구조를 설계할 때 필요한 개념이다.	meaning_choice	"[""if"",""secret_rotation"",""api_key"",""security"",""version""]"
10	python_auth_security_tokens_v22.json	PY22_L10_session_cookie_001	세션 쿠키 설정 읽기	브라우저 쿠키에 세션 값을 저장할 때 보안 옵션을 읽는다.	"response.set_cookie(\n    key=""session"",\n    value=session_id,\n    httponly=True,\n    secure=True,\n    samesite=""lax""\n)"	httponly=True의 의미에 가장 가까운 것은?	브라우저 JS에서 쿠키를 직접 읽기 어렵게 한다	HttpOnly는 browser JavaScript의 document.cookie 같은 API로 session cookie를 직접 읽지 못하게 해 token 탈취 경로를 줄인다. XSS code가 사용자의 browser에서 인증 요청을 보내는 것까지 막지는 않는다. Secure는 HTTPS 전송을 요구하고 SameSite=Lax는 일부 cross-site request를 제한하지만, CSRF token·origin 검사와 짧은 session·rotation 등도 threat model에 따라 필요하다.	로그인 세션을 프론트에 붙일 때 토큰 저장 위치를 판단하는 데 필요하다.	meaning_choice	"[""cookie"",""session"",""httponly"",""secure""]"
10	python_broad_expansion_v3.json	PY3_L10_embedding_pipeline_001	임베딩 생성 흐름 읽기	텍스트 목록을 임베딩 벡터 목록으로 바꾸는 함수 흐름을 읽는다.	def embed_texts(texts, model):\n    vectors = []\n    for text in texts:\n        vectors.append(model.encode(text))\n    return vectors	이 함수의 목적은?	텍스트들을 벡터로 바꾼다	embedding pipeline은 텍스트를 벡터로 바꾸는 흐름이다. 각 text에 model.encode를 적용해 검색이나 유사도 계산에 쓸 vectors를 만든다. 따라서 반환/호출 결과는 ‘텍스트들을 벡터로 바꾼다’이다.	RAG 검색과 벡터DB 구축의 핵심 흐름이다.	meaning_choice	"[""for"",""def"",""function"",""return"",""embedding"",""vector"",""batch"",""pipeline""]"
10	python_broad_expansion_v3.json	PY3_L10_harvest_curate_flow_001	하베스트-큐레이션 흐름 읽기	수집 후 중복 제거와 랭킹으로 후보를 고르는 흐름을 읽는다.	def run_daily_job(sources):\n    items = harvest(sources)\n    unique_items = dedup(items)\n    ranked = rank_by_score(unique_items)\n    return ranked[:20]	이 함수의 목적에 가장 가까운 것은?	자료를 수집·중복 제거·랭킹한 뒤 앞에서 최대 20개를 반환한다	harvest가 자료를 모으고 dedup이 중복을 제거한 뒤 rank_by_score가 목록을 반환한다. ranked[:20]은 그 목록의 앞에서 최대 20개를 잘라 반환한다. 이 20개를 실제 ‘상위’ 후보라고 부르려면 rank_by_score가 높은 우선순위부터 정렬한다는 구현 계약이 필요하므로, 함수 본문이나 테스트에서 그 순서를 확인해야 한다.	수집 결과를 중복 제거하고 우선순위 목록으로 줄이는 일일 큐레이션 흐름을 읽는 예제다.	reverse_inference	"[""def"",""function"",""return"",""harvest"",""curation"",""pipeline"",""dedup""]"
10	python_broad_expansion_v3.json	PY3_L10_kg_edge_build_001	KG edge 생성 흐름 읽기	두 노드 사이 관계를 edge dict로 만드는 코드를 읽는다.	"def make_edge(source_id, target_id, relation):\n    return {\n        ""from"": source_id,\n        ""to"": target_id,\n        ""rel"": relation\n    }\n\nedge = make_edge(""LiDAR"", ""PointCloud"", ""PRODUCES"")\nprint(edge[""rel""])"	출력은?	PRODUCES	KG edge는 두 노드 사이의 관계를 표현한다. 이 코드에서 edge dict의 rel 값은 PRODUCES이므로 생산 관계를 뜻한다. edge를 읽을 때는 from, rel, to가 각각 시작 노드, 관계 이름, 도착 노드를 나타내는지 확인하면 된다.	KG 노드/엣지 생성 코드를 읽기 위한 직접 훈련이다.	output_prediction	"[""def"",""function"",""return"",""print"",""kg"",""edge"",""node"",""relation""]"
10	python_broad_expansion_v3.json	PY3_L10_vector_search_flow_001	벡터 검색 흐름 읽기	질문 벡터와 가까운 문서 후보를 찾는 흐름을 읽는다.	def retrieve(question, embedder, index):\n    query_vector = embedder.encode(question)\n    hits = index.search(query_vector, top_k=5)\n    return hits	벡터 검색에서 top_k=5의 의미는?	상위 후보를 최대 5개 요청한다	top_k=5는 index.search에 점수 순 상위 후보를 최대 5개 요청한다는 뜻이다. 실제 결과는 인덱스에 저장된 항목 수나 필터 조건에 따라 5개보다 적을 수 있고, 무엇을 ‘가깝다’고 보는지는 인덱스의 거리·유사도 설정에 달려 있다. top_k가 작으면 관련 후보를 놓칠 수 있고 너무 크면 후속 재정렬이나 검토 비용이 늘어난다.	RAG, 추천, 의미검색 코드에서 자주 나온다.	meaning_choice	"[""def"",""function"",""return"",""vector_search"",""embedding"",""top_k""]"
10	python_card_authoring_pipeline_v58.json	PY58_L10_authoring_manifest_001	authoring manifest 읽기	생성된 카드 묶음의 목적, 출처, 버전, 검토 상태를 manifest로 남기는 방식을 이해한다.	manifest = {\n  version: 'v58',\n  topic: 'authoring pipeline',\n  status: 'approved',\n  sourceHash: source_hash,\n  cardIds: approved_card_ids,\n  validatorVersion: validator_version\n}	authoring manifest의 역할은?	카드 묶음의 제작 정보와 검토 상태를 추적하기 위해	manifest는 batch version, topic, status뿐 아니라 source hash, 승인 card ID와 validator version을 연결해 무엇을 검토·배포했는지 추적하게 한다. approved라는 label은 reviewer와 approval timestamp·evidence가 있어야 신뢰할 수 있다.	감사 v2에서 CONTENT_AUTHORING_PIPELINE이 0 hits였으므로, v58은 카드 제작, 검토, 검증, 배포 흐름을 보강한다.	meaning_choice	"[""authoring_manifest"",""metadata"",""traceability""]"
10	python_card_authoring_pipeline_v58.json	PY58_L10_authoring_regression_test_001	authoring regression test 읽기	새 카드 추가 후 기존 카드 구조가 깨지지 않았는지 회귀 검증하는 습관을 이해한다.	python tools/validate_lessons.py --manifest data/lesson_manifest.json	authoring regression test의 목적은?	새 카드 추가가 기존 앱 데이터를 깨지 않았는지 확인하기 위해	version 관리된 manifest의 예상 file·ID·count를 validator가 읽게 하면 workflow command의 오래된 숫자만 바꾸는 실수를 줄일 수 있다. regression test는 기존 ID·answer·reference와 app 연결을 검사해야 하며 총 count 하나만으로 content 보존을 증명하지 않는다.	감사 v2에서 CONTENT_AUTHORING_PIPELINE이 0 hits였으므로, v58은 카드 제작, 검토, 검증, 배포 흐름을 보강한다.	meaning_choice	"[""regression_test"",""authoring"",""validation""]"
10	python_card_authoring_pipeline_v58.json	PY58_L10_card_authoring_pipeline_001	card authoring pipeline 읽기	카드 제작 전체 흐름을 초안, 검토, 검증, 배포, 기록으로 묶어 이해한다.	draftCards()\nhumanReviewCards()\nvalidateApprovedCards()\npublishCards()\nverifyReleaseAndLogEvidence()	card authoring pipeline의 핵심 순서는?	초안 작성 → 검토 → 검증 → 배포 → 기록	draft를 사람 검토해 승인하고 승인본에 자동 validation을 실행한 뒤 publish한다. 마지막에는 실제 배포 revision과 load·schema를 확인하고 source·review evidence를 기록한다. publish 실패나 변경 후 재검토 없이 이전 승인을 재사용하는 경우도 처리한다.	감사 v2에서 CONTENT_AUTHORING_PIPELINE이 0 hits였으므로, v58은 카드 제작, 검토, 검증, 배포 흐름을 보강한다.	meaning_choice	"[""card_authoring_pipeline"",""workflow"",""quality_gate""]"
10	python_class_object_datamodel_v31.json	PY31_L10_domain_model_001	도메인 모델 읽기	서비스에서 중요한 개념을 모델 이름으로 드러내는 방식을 이해한다.	@dataclass\nclass StudySession:\n    cards: list[Card]\n    progress: Progress\n    current_index: int	StudySession이 표현하는 개념은?	현재 학습 세션의 카드, 진행상태, 위치	domain model은 앱에서 중요한 개념을 코드 구조로 표현한 것이다. 카드, 진도, 오답 기록처럼 서비스 핵심 대상을 명확하게 다룰 수 있다. 도메인 모델을 먼저 정하면 화면, 저장소, API가 같은 개념 이름을 기준으로 연결될 수 있다. 따라서 정답은 ‘현재 학습 세션의 카드, 진행상태, 위치’이다.	학습 앱을 장기적으로 키우면 Card/Progress/StudySession 같은 모델이 중심이 된다.	meaning_choice	"[""class"",""domain_model"",""Card"",""Progress"",""StudySession""]"
10	python_class_object_datamodel_v31.json	PY31_L10_from_dict_001	from_dict 패턴 읽기	dict 데이터를 객체로 변환하는 classmethod 패턴을 이해한다.	"@dataclass\nclass Card:\n    id: str\n    title: str\n\n    @classmethod\n    def from_dict(cls, data):\n        return cls(id=data[""id""], title=data[""title""])"	from_dict의 역할은?	dict를 Card 객체로 바꾼다	classmethod는 class 자체를 cls로 받아 data의 id와 title로 cls instance를 만든다. Card subclass에서 호출하면 subclass constructor를 사용한다. missing key는 KeyError가 나고 extra field는 무시되므로 input schema, default와 unknown-field policy를 변환 boundary에서 정해야 한다.	lesson JSON을 더 엄격한 Python 모델로 다루고 싶을 때 필요하다.	meaning_choice	"[""def"",""function"",""return"",""class"",""from_dict"",""factory_method"",""json"",""model""]"
10	python_class_object_datamodel_v31.json	PY31_L10_repository_object_001	Repository 객체 읽기	데이터 저장/조회 책임을 Repository 객체로 분리하는 이유를 이해한다.	class CardRepository:\n    def __init__(self, path):\n        self.path = path\n\n    def load_cards(self):\n        return read_json(self.path)	CardRepository의 주된 책임은?	카드 데이터를 저장소에서 읽는 것	Repository는 파일/DB/API 같은 저장소 접근을 감싸는 객체로 자주 쓰인다. Repository 객체는 저장소 접근을 담당하는 객체다. 서비스 코드가 직접 SQL이나 storage를 만지지 않고 repository 메서드를 통해 읽고 쓰는지 확인해야 한다. 따라서 반환/호출 결과는 ‘카드 데이터를 저장소에서 읽는 것’이다.	FastAPI나 DB가 붙으면 repository 분리가 중요해진다.	meaning_choice	"[""def"",""function"",""return"",""class"",""repository"",""storage"",""load"",""save""]"
10	python_class_object_datamodel_v31.json	PY31_L10_service_object_001	Service 객체 읽기	규칙과 판단 로직을 Service 객체로 분리하는 구조를 이해한다.	class StudyService:\n    def make_today_queue(self, cards, progress):\n        unseen = [c for c in cards if c.id not in progress.seen]\n        return unseen[:10]	StudyService가 담당하는 일은?	오늘 학습 큐를 만드는 규칙	Service는 저장소 접근보다 비즈니스 규칙, 추천, 판단 로직을 담는 데 적합하다. Service 객체는 여러 세부 함수를 묶어 하나의 업무 흐름을 처리하는 역할을 한다. 입력을 받고 어떤 repository나 helper를 호출하는지 순서대로 보면 된다. 따라서 반환/호출 결과는 ‘오늘 학습 큐를 만드는 규칙’이다.	추천 10장, 복습 우선, 레벨 추천 같은 기능을 서비스로 분리할 수 있다.	meaning_choice	"[""def"",""function"",""return"",""class"",""service"",""business_logic"",""recommendation""]"
10	python_class_object_datamodel_v31.json	PY31_L10_stateful_object_001	상태를 가진 객체 읽기	객체 내부 상태가 method 호출로 바뀌는 구조를 이해한다.	class Counter:\n    def __init__(self):\n        self.count = 0\n\n    def add(self):\n        self.count += 1	add()를 한 번 호출하면 self.count는 어떻게 되는가?	1 증가한다	stateful object는 내부 상태를 가지고 그 상태가 메서드 호출에 따라 바뀌는 객체다. self.count += 1은 객체 내부 상태를 변경한다. 상태가 있는 객체는 호출 순서에 따라 결과가 달라질 수 있어 테스트에서 초기 상태를 확인해야 한다. 따라서 반환/호출 결과는 ‘1 증가한다’이다.	진행률, 큐 위치, 현재 카드 index처럼 상태가 있는 기능을 이해하는 데 필요하다.	meaning_choice	"[""def"",""function"",""class"",""stateful_object"",""state"",""method""]"
10	python_class_object_datamodel_v31.json	PY31_L10_to_dict_001	to_dict 패턴 읽기	객체를 다시 저장 가능한 dict로 바꾸는 구조를 이해한다.	"class Card:\n    def to_dict(self):\n        return {\n            ""id"": self.id,\n            ""title"": self.title,\n        }"	to_dict의 역할은?	객체를 dict 형태로 바꾼다	method는 선택한 id와 title attribute를 새 dict에 복사한다. password나 internal state처럼 빠뜨려야 할 field를 명시적으로 통제할 수 있다. 반환 dict가 곧 JSON인 것은 아니며 nested custom object, datetime, bytes가 포함되면 별도 serialization이 필요하고 schema version도 고려해야 한다.	학습 결과를 JSON으로 저장하거나 API 응답으로 보낼 때 쓰인다.	meaning_choice	"[""def"",""function"",""return"",""class"",""to_dict"",""serialization"",""json"",""model""]"
10	python_class_object_datamodel_v31.json	PY31_L10_too_early_class_001	너무 이른 class화의 단점	간단한 문제를 너무 빨리 class로 만들면 복잡해질 수 있음을 이해한다.	# 간단한 변환이면 함수 하나로 충분할 수 있다.\ndef normalize_title(title):\n    return title.strip().lower()	이 예시에서 class가 꼭 필요하지 않을 수 있는 이유는?	상태 없이 입력 문자열을 변환만 하기 때문	too early class는 아직 class로 묶을 필요가 없는 코드를 너무 일찍 객체화한 상태다. 상태나 관련 메서드가 적으면 단순 함수가 더 읽기 쉽다. 클래스는 데이터와 동작이 함께 자랄 때 도입하면 코드 구조를 더 자연스럽게 만들 수 있다. 따라서 반환/호출 결과는 ‘상태 없이 입력 문자열을 변환만 하기 때문’이다.	앱 구조를 개선할 때 class와 함수 중 무엇이 더 단순한지 판단해야 한다.	meaning_choice	"[""comment"",""def"",""function"",""return"",""class_design"",""overengineering"",""function_vs_class""]"
10	python_compute_concepts_v13.json	PY13_L10_accelerator_choice_001	작업별 가속기 선택 감각	작업 성격에 따라 어떤 장치가 어울리는지 비교해서 판단한다.	Workload examples:\n- Many if/else + file I/O: CPU\n- Large matrix multiplication: GPU/TPU\n- On-device low-power inference: NPU\n- General app logic + orchestration: CPU	대형 행렬곱이 많은 딥러닝 학습에 가장 어울리는 선택은?	GPU 또는 TPU	대형 tensor·행렬 연산이 반복되는 학습은 지원 framework가 있는 GPU나 TPU가 높은 병렬 처리량을 내기 좋은 workload다. 그러나 실제 선택은 model 지원, accelerator memory, data pipeline, 분산 규모, 비용과 이용 가능성에 따라 달라진다. NPU는 주로 특정 on-device inference에 맞춰져 있어 이 질문의 대형 학습에 자동으로 최선인 선택은 아니다.	AI 개발 환경/서버 선택 감각을 키운다.	meaning_choice	"[""cpu"",""gpu"",""tpu"",""npu"",""workload""]"
10	python_compute_concepts_v13.json	PY13_L10_accelerator_misconception_001	GPU가 모든 코드를 빠르게 하지는 않음	GPU를 쓴다고 모든 파이썬 코드가 자동으로 빨라지는 것은 아니라는 점을 이해한다.	"# This loop is mostly Python/CPU control work.\nfor file in files:\n    text = file.read_text(encoding=""utf-8"")\n    rows.append(parse(text))"	이 코드가 GPU만으로 크게 빨라지기 어려운 이유는?	파일 I/O와 파이썬 제어 흐름이 중심이기 때문	GPU는 텐서/행렬 연산에 강하지만 파일 읽기/분기/파싱은 다른 병목이 될 수 있다. GPU가 모든 코드를 빠르게 하는 것은 아니다. 병렬화하기 어려운 작업이나 파일 입출력, 조건 분기가 많은 코드는 CPU가 더 적합할 수 있다. 따라서 정답은 ‘파일 I/O와 파이썬 제어 흐름이 중심이기 때문’이다.	배치 작업 속도 병목을 해석하는 데 중요하다.	meaning_choice	"[""comment"",""for"",""gpu"",""cpu"",""bottleneck"",""misconception""]"
10	python_core_expansion_v1.json	PY_L10_async_001	async 함수 읽기	async def가 비동기 함수 정의라는 것을 읽는다.	"async def fetch_data(client):\n    response = await client.get(""/api/items"")\n    return response"	await는 무엇을 기다리는가?	비동기 작업 결과	async def는 호출했을 때 코루틴을 만드는 비동기 함수를 정의한다. await client.get(...)에서는 그 비동기 작업이 끝날 때까지 현재 코루틴만 잠시 멈추고, 이벤트 루프는 그동안 실행 가능한 다른 작업을 처리할 수 있다. 결과가 오면 response에 저장하고 반환한다. await는 단순히 오래 걸리는 아무 함수가 아니라 await할 수 있는 객체에만 사용할 수 있다.	API 서버나 웹 크롤러에서 비동기 코드를 볼 수 있다.	meaning_choice	"[""return"",""async"",""await"",""api""]"
10	python_core_expansion_v1.json	PY_L10_context_manager_001	Context Manager 패턴 읽기	with 구조가 리소스를 안전하게 열고 닫는 패턴임을 읽는다.	"with open(""input.txt"", ""r"", encoding=""utf-8"") as f:\n    text = f.read()"	with open의 장점은?	파일을 자동으로 닫는 데 도움	with 문은 파일이나 네트워크 연결 같은 리소스를 안전하게 다루는 구조다. 블록이 끝나면 파일 닫기 같은 정리 작업이 자동으로 처리된다. 직접 close를 부르지 않아도 정리되므로 예외가 나도 파일 핸들이 남는 실수를 줄일 수 있다. 따라서 정답은 ‘파일을 자동으로 닫는 데 도움’이다.	파일, DB 연결, 락 같은 리소스 관리에서 중요하다.	meaning_choice	"[""context_manager"",""with"",""resource""]"
10	python_core_expansion_v1.json	PY_L10_pm_trace_001	PM형 코드 흐름 추론	함수 이름과 매개변수로 의도한 흐름을 추론하고 본문과 호출부에서 확인해야 함을 안다.	def load_chunks(path):\n    ...\n\ndef extract_node_candidates(chunks):\n    ...\n\ndef write_candidates(rows, output_path):\n    ...	함수 이름이 암시하는 의도에 가장 가까운 흐름은?	청크를 읽어 노드 후보를 추출하고 저장한다	이름만 보면 load_chunks는 청크를 읽고, extract_node_candidates는 노드 후보를 추출하며, write_candidates는 결과를 저장하려는 함수로 보인다. 그래서 가장 가까운 의도는 ‘청크를 읽어 노드 후보를 추출하고 저장한다’이다. 다만 현재 코드는 본문이 ...인 함수 정의만 있고 호출 순서도 없으므로, 실제 동작은 함수 본문과 호출부를 확인해야 확정할 수 있다.	데이터 처리 파이프라인을 훑을 때 함수 이름으로 가설을 세우고 호출부에서 검증하는 연습이다.	reverse_inference	"[""def"",""function"",""pipeline"",""pm"",""function_chain"",""jsonl""]"
10	python_daily_review_expansion_v9.json	PY9_REVIEW_AI_API_006	[오늘의 코드리뷰 6/6] 이 코드의 개선 우선순위	긴 코드를 읽고 운영 관점의 개선 지점을 고른다.	"import os\nimport time\nimport json\nimport requests\nfrom pathlib import Path\n\nAPI_URL = ""https://api.example.com/v1/chat/completions""\nOUT_DIR = Path(""outputs"")\nOUT_DIR.mkdir(exist_ok=True)\n\ndef build_payload(prompt, model=""small-chat-model""):\n    return {\n        ""model"": model,\n        ""messages"": [\n            {""role"": ""system"", ""content"": ""Answer briefly and cite evidence when possible.""},\n            {""role"": ""user"", ""content"": prompt},\n        ],\n        ""temperature"": 0.2,\n        ""max_tokens"": 500,\n    }\n\ndef call_llm(prompt, run_id, max_retries=3):\n    token = os.environ.get(""LLM_API_KEY"")\n    if not token:\n        raise RuntimeError(""LLM_API_KEY is missing"")\n\n    headers = {""Authorization"": f""Bearer {token}"", ""Content-Type"": ""application/json""}\n    payload = build_payload(prompt)\n\n    for attempt in range(max_retries):\n        try:\n            response = requests.post(API_URL, headers=headers, json=payload, timeout=30)\n            if response.status_code == 429:\n                time.sleep(2 ** attempt)\n                continue\n            response.raise_for_status()\n            data = response.json()\n            text = data[""choices""][0][""message""][""content""]\n            out_path = OUT_DIR / f""{run_id}.json""\n            out_path.write_text(json.dumps({""prompt"": prompt, ""answer"": text}, ensure_ascii=False, indent=2), encoding=""utf-8"")\n            return text\n        except requests.RequestException:\n            if attempt == max_retries - 1:\n                raise\n            time.sleep(2 ** attempt)"	제시된 선택지 중 운영 관측성과 검토에 가장 도움이 되는 개선은?	run_id, 비용 추정, 요청/응답 크기, 실패 로그를 더 명확히 남긴다	네 선택지 중 run_id·비용 추정·요청/응답 크기·실패 로그를 구조화하는 안만 실행을 추적하고 이상 사용량을 검토하는 데 도움이 된다. 하지만 관측성만 추가하면 충분한 것은 아니다. 마지막 429 뒤 None이 되는 흐름을 명시적 실패로 바꾸고, Retry-After와 jitter, 응답 스키마, 안전한 출력 경로, 비밀키 권한도 함께 보완해야 운영 안정성이 생긴다.	LLM batch 운영 사고와 직접 연결된다.	review_choice	"[""if"",""for"",""def"",""function"",""return"",""try_except"",""import"",""range"",""continue"",""logging"",""cost"",""security"",""review""]"
10	python_daily_review_expansion_v9.json	PY9_REVIEW_FASTAPI_005	[오늘의 코드리뷰 5/5] 응답 모델 장점	response_model을 쓰면 API 응답 구조가 명확해지는 이유를 읽는다.	"from fastapi import FastAPI, HTTPException\nfrom pydantic import BaseModel\n\napp = FastAPI()\n\nclass SearchRequest(BaseModel):\n    query: str\n    top_k: int = 5\n\nclass SearchHit(BaseModel):\n    doc_id: str\n    title: str\n    score: float\n\nclass SearchResponse(BaseModel):\n    query: str\n    hits: list[SearchHit]\n\n@app.post(""/api/search"", response_model=SearchResponse)\ndef search(req: SearchRequest):\n    if not req.query.strip():\n        raise HTTPException(status_code=400, detail=""query is empty"")\n    if req.top_k < 1 or req.top_k > 20:\n        raise HTTPException(status_code=400, detail=""top_k out of range"")\n    rows = search_index(req.query, limit=req.top_k)\n    hits = [SearchHit(doc_id=row[""doc_id""], title=row[""title""], score=row[""score""]) for row in rows]\n    return SearchResponse(query=req.query, hits=hits)"	response_model=SearchResponse의 장점은?	응답 구조를 명확히 하고 검증/문서화에 도움을 준다	response_model=SearchResponse는 FastAPI가 응답을 해당 스키마로 문서화하고 직렬화·검증·필터링하는 기준으로 사용한다. 선언되지 않은 필드를 응답에서 제외하는 데 도움을 주고 클라이언트 계약을 명확히 한다. 그러나 검색 속도를 높이거나 API 키를 만들지는 않으며, 반환값이 모델과 맞지 않으면 서버 측 응답 검증 오류가 될 수 있다. 이 함수는 이미 SearchResponse를 직접 만들어 반환하므로 내부 row 전체를 노출하지 않는다.	로컬 검색 API를 안정적으로 설계하는 감각과 연결된다.	review_choice	"[""if"",""def"",""function"",""return"",""class"",""import"",""response_model"",""schema"",""api""]"
10	python_daily_review_expansion_v9.json	PY9_REVIEW_KALMAN_001	[오늘의 코드리뷰 1/6] Kalman Filter 전체 목적	칼만필터 코드를 수학 암기보다 코드 흐름으로 읽는다.	import numpy as np\n\nclass OneDimKalman:\n    def __init__(self, x=0.0, v=0.0):\n        self.state = np.array([[x], [v]])\n        self.P = np.eye(2) * 1.0\n        self.Q = np.eye(2) * 0.01\n        self.R = np.array([[0.25]])\n\n    def predict(self, dt):\n        F = np.array([[1.0, dt], [0.0, 1.0]])\n        self.state = F @ self.state\n        self.P = F @ self.P @ F.T + self.Q\n        return self.state[0, 0]\n\n    def update(self, measured_x):\n        H = np.array([[1.0, 0.0]])\n        z = np.array([[measured_x]])\n        y = z - H @ self.state\n        S = H @ self.P @ H.T + self.R\n        K = self.P @ H.T @ np.linalg.inv(S)\n        self.state = self.state + K @ y\n        I = np.eye(2)\n        self.P = (I - K @ H) @ self.P\n        return self.state[0, 0]	이 코드의 전체 목적은?	측정값을 이용해 1차원 위치 상태를 예측/보정한다	이 클래스는 [위치 x, 속도 v] 상태와 그 오차 공분산 P를 유지한다. predict는 일정 속도 모델 F로 상태와 P를 앞으로 투영하고, update는 새 위치 측정값과 예측 위치의 차이를 이용해 상태를 보정한다. 따라서 선택지 중 목적은 1차원 위치·속도 상태의 예측과 측정 보정이다. 모델·Q·R이 실제 시스템과 맞아야 하며, 코드만으로 모든 잡음 측정이 더 정확해진다고 보장할 수는 없다.	자율주행/UAM/로봇 센서 추정 코드 독해에 연결된다.	review_choice	"[""def"",""function"",""return"",""class"",""import"",""kalman_filter"",""state"",""prediction"",""review""]"
10	python_daily_review_expansion_v9.json	PY9_REVIEW_KALMAN_002	[오늘의 코드리뷰 2/6] state 의미 찾기	state 벡터가 무엇을 담고 있는지 코드에서 읽는다.	import numpy as np\n\nclass OneDimKalman:\n    def __init__(self, x=0.0, v=0.0):\n        self.state = np.array([[x], [v]])\n        self.P = np.eye(2) * 1.0\n        self.Q = np.eye(2) * 0.01\n        self.R = np.array([[0.25]])\n\n    def predict(self, dt):\n        F = np.array([[1.0, dt], [0.0, 1.0]])\n        self.state = F @ self.state\n        self.P = F @ self.P @ F.T + self.Q\n        return self.state[0, 0]\n\n    def update(self, measured_x):\n        H = np.array([[1.0, 0.0]])\n        z = np.array([[measured_x]])\n        y = z - H @ self.state\n        S = H @ self.P @ H.T + self.R\n        K = self.P @ H.T @ np.linalg.inv(S)\n        self.state = self.state + K @ y\n        I = np.eye(2)\n        self.P = (I - K @ H) @ self.P\n        return self.state[0, 0]	self.state = [[x], [v]]는 무엇을 담는가?	위치 x와 속도 v	실제 코드는 np.array([[x], [v]])로 shape (2, 1)의 열벡터를 만든다. 첫 행은 위치 x, 둘째 행은 속도 v다. 이 둘은 공간이 2차원이라는 뜻이 아니라 1차원 운동을 두 상태 변수로 나타낸 것이다. 이후 F는 위치에 dt×속도를 더하고 속도는 그대로 두는 일정 속도 모델로 이 순서를 사용한다.	상태추정 코드를 읽을 때 state 정의를 먼저 찾는 훈련이다.	review_choice	"[""def"",""function"",""return"",""class"",""import"",""kalman_filter"",""state"",""numpy""]"
10	python_daily_review_expansion_v9.json	PY9_REVIEW_KALMAN_003	[오늘의 코드리뷰 3/6] predict step 찾기	이전 상태를 dt만큼 앞으로 보내는 예측 단계를 찾는다.	import numpy as np\n\nclass OneDimKalman:\n    def __init__(self, x=0.0, v=0.0):\n        self.state = np.array([[x], [v]])\n        self.P = np.eye(2) * 1.0\n        self.Q = np.eye(2) * 0.01\n        self.R = np.array([[0.25]])\n\n    def predict(self, dt):\n        F = np.array([[1.0, dt], [0.0, 1.0]])\n        self.state = F @ self.state\n        self.P = F @ self.P @ F.T + self.Q\n        return self.state[0, 0]\n\n    def update(self, measured_x):\n        H = np.array([[1.0, 0.0]])\n        z = np.array([[measured_x]])\n        y = z - H @ self.state\n        S = H @ self.P @ H.T + self.R\n        K = self.P @ H.T @ np.linalg.inv(S)\n        self.state = self.state + K @ y\n        I = np.eye(2)\n        self.P = (I - K @ H) @ self.P\n        return self.state[0, 0]	predict에서 상태를 앞으로 예측하는 줄은?	self.state = F @ self.state	F @ self.state는 [x + dt·v, v]ᵀ를 계산해 self.state를 예측 상태로 바꾼다. 바로 다음 줄은 같은 F와 과정 잡음 공분산 Q로 오차 공분산 P도 예측한다. 질문의 정답은 상태값을 전진시키는 첫 줄이지만 완전한 predict 단계에는 P 갱신도 포함된다. dt의 단위와 x·v 단위가 서로 맞아야 계산에 의미가 있다.	센서 융합 코드에서 predict/update 분리를 읽는 훈련이다.	review_choice	"[""def"",""function"",""return"",""class"",""import"",""kalman_filter"",""predict"",""matrix""]"
10	python_daily_review_expansion_v9.json	PY9_REVIEW_KALMAN_004	[오늘의 코드리뷰 4/6] measurement update 찾기	측정값 measured_x가 어디서 보정에 들어가는지 읽는다.	import numpy as np\n\nclass OneDimKalman:\n    def __init__(self, x=0.0, v=0.0):\n        self.state = np.array([[x], [v]])\n        self.P = np.eye(2) * 1.0\n        self.Q = np.eye(2) * 0.01\n        self.R = np.array([[0.25]])\n\n    def predict(self, dt):\n        F = np.array([[1.0, dt], [0.0, 1.0]])\n        self.state = F @ self.state\n        self.P = F @ self.P @ F.T + self.Q\n        return self.state[0, 0]\n\n    def update(self, measured_x):\n        H = np.array([[1.0, 0.0]])\n        z = np.array([[measured_x]])\n        y = z - H @ self.state\n        S = H @ self.P @ H.T + self.R\n        K = self.P @ H.T @ np.linalg.inv(S)\n        self.state = self.state + K @ y\n        I = np.eye(2)\n        self.P = (I - K @ H) @ self.P\n        return self.state[0, 0]	측정값을 행렬로 바꾸는 줄은?	z = np.array([[measured_x]])	z = np.array([[measured_x]])는 스칼라 위치 측정값을 shape (1, 1)의 측정 벡터로 만든다. H = [[1, 0]]은 상태에서 예측 위치만 꺼내는 측정 행렬이고, 다음 y = z - H @ state가 측정과 예측의 잔차를 계산한다. z가 센서 입력이라는 사실만으로 참값이라는 뜻은 아니며, 이후 R과 Kalman gain이 반영 비율에 영향을 준다.	센서 측정값이 필터에 들어가는 위치를 찾는 연습이다.	review_choice	"[""def"",""function"",""return"",""class"",""import"",""kalman_filter"",""measurement"",""update""]"
10	python_daily_review_expansion_v9.json	PY9_REVIEW_KALMAN_005	[오늘의 코드리뷰 5/6] Q와 R의 코드상 역할	Q/R 같은 noise 변수가 어느 계산에 들어가는지 읽는다.	import numpy as np\n\nclass OneDimKalman:\n    def __init__(self, x=0.0, v=0.0):\n        self.state = np.array([[x], [v]])\n        self.P = np.eye(2) * 1.0\n        self.Q = np.eye(2) * 0.01\n        self.R = np.array([[0.25]])\n\n    def predict(self, dt):\n        F = np.array([[1.0, dt], [0.0, 1.0]])\n        self.state = F @ self.state\n        self.P = F @ self.P @ F.T + self.Q\n        return self.state[0, 0]\n\n    def update(self, measured_x):\n        H = np.array([[1.0, 0.0]])\n        z = np.array([[measured_x]])\n        y = z - H @ self.state\n        S = H @ self.P @ H.T + self.R\n        K = self.P @ H.T @ np.linalg.inv(S)\n        self.state = self.state + K @ y\n        I = np.eye(2)\n        self.P = (I - K @ H) @ self.P\n        return self.state[0, 0]	R은 어디에 사용되는가?	S = H @ P @ H.T + R 계산	R은 이 1차원 측정의 잡음 공분산으로 shape (1, 1)이며, HPHᵀ에 더해 innovation 공분산 S를 만든다. S는 다음 줄에서 Kalman gain K를 계산할 때 역행렬로 사용된다. 다른 값이 같다면 R을 크게 잡을수록 보통 K가 작아져 측정을 덜 반영한다. Q는 별도로 predict의 P 갱신에 더해지는 과정 잡음 공분산이므로 R과 역할을 바꾸어 읽으면 안 된다.	수식을 다 외우지 않아도 noise가 코드 어디에 들어가는지 읽는 훈련이다.	review_choice	"[""def"",""function"",""return"",""class"",""import"",""kalman_filter"",""noise"",""uncertainty""]"
10	python_daily_review_expansion_v9.json	PY9_REVIEW_KALMAN_006	[오늘의 코드리뷰 6/6] Kalman 코드 읽는 순서	긴 수식 코드에서 어떤 순서로 읽으면 되는지 정리한다.	import numpy as np\n\nclass OneDimKalman:\n    def __init__(self, x=0.0, v=0.0):\n        self.state = np.array([[x], [v]])\n        self.P = np.eye(2) * 1.0\n        self.Q = np.eye(2) * 0.01\n        self.R = np.array([[0.25]])\n\n    def predict(self, dt):\n        F = np.array([[1.0, dt], [0.0, 1.0]])\n        self.state = F @ self.state\n        self.P = F @ self.P @ F.T + self.Q\n        return self.state[0, 0]\n\n    def update(self, measured_x):\n        H = np.array([[1.0, 0.0]])\n        z = np.array([[measured_x]])\n        y = z - H @ self.state\n        S = H @ self.P @ H.T + self.R\n        K = self.P @ H.T @ np.linalg.inv(S)\n        self.state = self.state + K @ y\n        I = np.eye(2)\n        self.P = (I - K @ H) @ self.P\n        return self.state[0, 0]	제시된 흐름 중 이 코드의 구조를 가장 직접적으로 따라가는 읽기 순서는?	state 정의 → predict → update → loop에서 사용 방식	먼저 state와 P·Q·R의 shape와 의미를 확인하고, predict에서 상태·공분산이 어떻게 이동하는지, update에서 z·잔차·gain이 어떻게 반영되는지 따라가면 데이터 흐름이 보인다. 마지막으로 이 조각 밖의 호출부에서 predict와 update의 순서·주기·dt·측정 단위를 확인한다. 선택지의 ‘loop에서 사용 방식’은 이 코드 안에 실제 loop가 있다는 뜻이 아니라 사용 위치를 추가로 찾으라는 단계다.	자율시스템 코드 독해의 핵심 습관이다.	review_choice	"[""def"",""function"",""return"",""class"",""import"",""kalman_filter"",""review"",""debugging""]"
10	python_daily_review_expansion_v9.json	PY9_REVIEW_RAG_006	[오늘의 코드리뷰 6/6] RAG 코드 개선점	단순 검색 RAG 코드에서 품질 개선 지점을 고른다.	"from pathlib import Path\nimport json\n\nCHUNK_PATH = Path(""chunks.jsonl"")\nOUT_PATH = Path(""answers.jsonl"")\n\ndef load_chunks():\n    chunks = []\n    with CHUNK_PATH.open(""r"", encoding=""utf-8"") as f:\n        for line in f:\n            chunks.append(json.loads(line))\n    return chunks\n\ndef retrieve(query, chunks, top_k=3):\n    terms = query.lower().split()\n    scored = []\n    for chunk in chunks:\n        text = chunk[""text""].lower()\n        score = sum(1 for term in terms if term in text)\n        if score > 0:\n            scored.append((score, chunk))\n    scored.sort(key=lambda pair: pair[0], reverse=True)\n    return [chunk for score, chunk in scored[:top_k]]\n\ndef build_prompt(query, hits):\n    context = ""\n\n"".join(f""[{hit['doc_id']}:{hit['chunk_id']}] {hit['text']}"" for hit in hits)\n    return f""Use only the context below.\n\n{context}\n\nQuestion: {query}""\n\ndef answer_with_rag(query):\n    chunks = load_chunks()\n    hits = retrieve(query, chunks)\n    if not hits:\n        return {""answer"": ""근거 문서가 부족합니다."", ""citations"": []}\n    prompt = build_prompt(query, hits)\n    answer = call_llm(prompt)\n    citations = [{""doc_id"": h[""doc_id""], ""chunk_id"": h[""chunk_id""]} for h in hits]\n    row = {""query"": query, ""answer"": answer, ""citations"": citations}\n    with OUT_PATH.open(""a"", encoding=""utf-8"") as f:\n        f.write(json.dumps(row, ensure_ascii=False) + ""\n"")\n    return row"	이 RAG 코드의 다음 개선으로 가장 자연스러운 것은?	embedding 검색이나 rerank를 추가하고 citation 검증을 강화한다	네 선택지 중 embedding 검색이나 rerank와 citation 검증을 추가하는 안만 현재의 부분문자열 검색과 무검증 인용이라는 약점을 직접 겨냥한다. 다만 새 검색기를 넣는 것만으로 품질 향상이 보장되지는 않는다. 대표 질의의 정답·근거 데이터로 기존 방식과 recall, ranking, 인용 지지율을 비교하고, 빈 줄·스키마 오류·LLM 실패·동시 append 처리도 함께 보완해야 한다.	Cross-Verified RAG 방향과 직접 연결된다.	review_choice	"[""if"",""for"",""def"",""function"",""return"",""import"",""rag"",""rerank"",""embedding"",""quality""]"
10	python_daily_review_expansion_v9.json	PY9_REVIEW_SHARD_005	[오늘의 코드리뷰 5/5] shard 요약 반환	done/skipped/failed를 summary로 남기는 이유를 읽는다.	"import json\nfrom pathlib import Path\n\nINPUT_PATH = Path(""tasks.jsonl"")\nOUT_DIR = Path(""outputs"")\nOUT_DIR.mkdir(exist_ok=True)\n\ndef shard_slice(tasks, shard_id, shard_size):\n    start = shard_id * shard_size\n    end = start + shard_size\n    return tasks[start:end]\n\ndef output_path(task):\n    return OUT_DIR / f""{task['id']}.json""\n\ndef run_shard(tasks, shard_id, shard_size=200):\n    selected = shard_slice(tasks, shard_id, shard_size)\n    done = 0\n    skipped = 0\n    failed = []\n    for task in selected:\n        if output_path(task).exists():\n            skipped += 1\n            continue\n        try:\n            answer = call_llm(task[""prompt""])\n            output_path(task).write_text(json.dumps({""id"": task[""id""], ""answer"": answer}, ensure_ascii=False), encoding=""utf-8"")\n            done += 1\n        except Exception as error:\n            failed.append({""id"": task[""id""], ""error"": str(error)})\n    return {""shard_id"": shard_id, ""done"": done, ""skipped"": skipped, ""failed"": failed}"	summary를 반환하는 가장 큰 이유는?	나중에 shard 진행상태와 실패를 확인하기 위해	반환 dict에는 shard_id, 이번 실행에서 저장에 성공한 done 수, 파일 존재로 건너뛴 skipped 수, 실패 항목 dict 목록이 들어간다. 호출부는 이를 로그나 재시도 입력으로 사용할 수 있어 정답은 진행상태와 실패 확인이다. 다만 코드가 비용·전체 선택 수·시작과 끝 인덱스·실행 시간을 반환하는 것은 아니며, 반환값을 실제로 저장하지 않으면 프로세스 종료 뒤 기록도 남지 않는다.	LLM shard 운영 로그 읽기와 직접 연결된다.	review_choice	"[""if"",""for"",""def"",""function"",""return"",""try_except"",""import"",""continue"",""summary"",""json"",""monitoring""]"
10	python_data_governance_copyright_v57.json	PY57_L10_data_governance_pipeline_001	data governance pipeline 읽기	수집, 검증, 가공, 표기까지 이어지는 데이터 거버넌스 흐름을 이해한다.	collectMetadataAndQuarantine()\nverifyRightsForIntendedUse()\ntransformWithProvenance()\nstoreManifestAndEvidence()\npublishWithRequiredAttribution()	data governance pipeline의 자연스러운 순서는?	수집 → 라이선스 확인 → 가공 → manifest 저장 → 출처표기	먼저 metadata와 후보 content를 격리해 수집하고 intended use의 권리를 검증한 뒤에만 가공·공개한다. transform마다 provenance와 license 의무를 전파하고 manifest와 review evidence를 보존한다. 권리가 불명확하면 publish 대상에서 제외하며 이 흐름은 특정 관할의 법률 자문을 대신하지 않는다.	감사 v2에서 DATA_GOVERNANCE_COPYRIGHT가 0 hits였으므로, v57은 학습앱 데이터의 출처, 라이선스, 출처표기, 제출 근거 관리를 보강한다.	meaning_choice	"[""data_governance_pipeline"",""source_policy"",""pipeline""]"
10	python_data_governance_copyright_v57.json	PY57_L10_license_audit_001	license audit 읽기	전체 데이터의 출처와 라이선스 상태를 점검하는 license audit을 이해한다.	missing = items.filter(item => !item.license || !item.sourceUrl)	license audit에서 찾는 대표 문제는?	출처 URL이나 라이선스 정보가 빠진 자료	이 filter는 license 또는 sourceUrl이 비어 있는 record를 찾는 completeness check다. 값이 있어도 license가 진짜 적용되는지, intended use가 허용되는지, attribution·변경 표시를 충족했는지는 별도 audit가 필요하다. 원본 license text와 review evidence를 표본이 아니라 적용 대상 전체에 연결한다.	감사 v2에서 DATA_GOVERNANCE_COPYRIGHT가 0 hits였으므로, v57은 학습앱 데이터의 출처, 라이선스, 출처표기, 제출 근거 관리를 보강한다.	meaning_choice	"[""license_audit"",""audit"",""quality_gate""]"
10	python_data_governance_copyright_v57.json	PY57_L10_submission_evidence_001	submission evidence 읽기	대회나 제출 문서에서 사용 데이터와 출처 근거를 정리하는 방식을 이해한다.	submissionTable = [\n  { source, license, usage, attribution }\n]	submission evidence의 목적은?	어떤 데이터를 어떤 조건으로 썼는지 제출용으로 설명하기 위해	공공데이터 활용이나 교육자료 기반 프로젝트에서는 사용 데이터 표가 신뢰도를 높인다. submission evidence는 제출물의 근거를 증명하기 위한 자료다. 사용 데이터, 출처, 처리 과정, 검증 결과를 함께 묶어 두면 심사 대응이 쉬워진다. 따라서 정답은 ‘어떤 데이터를 어떤 조건으로 썼는지 제출용으로 설명하기 위해’이다.	감사 v2에서 DATA_GOVERNANCE_COPYRIGHT가 0 hits였으므로, v57은 학습앱 데이터의 출처, 라이선스, 출처표기, 제출 근거 관리를 보강한다.	meaning_choice	"[""submission_evidence"",""public_data"",""documentation""]"
10	python_data_processing_pandas_jsonl_v42.json	PY42_L10_audit_tsv_001	audit TSV 읽기	검증 결과를 audit TSV로 남기는 이유를 이해한다.	audit.tsv\nid\tstatus\treason\tchecked_at\nPY41...\tOK\tanswer in choices\t2026-05-30	audit TSV가 있으면 좋은 점은?	무엇이 통과했고 무엇이 실패했는지 나중에 다시 추적할 수 있다	이 audit.tsv는 각 id의 status, reason, checked_at을 구조화해 통과·실패와 판정 이유를 나중에 filter하고 집계하게 한다. 표시된 column에 없는 길이·원본 파일까지 추적하려면 해당 column이나 별도 provenance가 실제로 추가되어야 한다. 생성 도구 version과 입력 hash도 있으면 재현성이 높아진다.	노드 승격, 엣지 검증, lesson 카드 검증, 제출 파일 검증에 모두 연결된다.	meaning_choice	"[""audit"",""TSV"",""validation_report""]"
10	python_data_processing_pandas_jsonl_v42.json	PY42_L10_manifest_001	manifest 파일 읽기	manifest가 파일 목록과 메타정보를 기록하는 관리표라는 점을 이해한다.	manifest.tsv\nfile_path\trows\tsha256\tcreated_at\tstatus	manifest 파일의 주된 목적은?	어떤 파일이 있고 상태가 어떤지 추적한다	manifest는 데이터 파이프라인에서 입력/출력 파일의 존재와 상태를 관리하는 표다. manifest 파일은 데이터 파일들의 목록과 설명을 담는 안내서 역할을 한다. 어떤 파일을 읽어야 하는지, 경로와 버전이 맞는지 확인하는 기준으로 쓰인다. 따라서 정답은 ‘어떤 파일이 있고 상태가 어떤지 추적한다’이다.	KG 수집팩, curriculum graph, clean text, shard output 관리에 매우 중요하다.	meaning_choice	"[""manifest"",""file_inventory"",""metadata""]"
10	python_data_processing_pandas_jsonl_v42.json	PY42_L10_pipeline_data_quality_001	pipeline data quality 읽기	데이터 파이프라인에서 품질 검증 지점을 두는 이유를 이해한다.	raw files\n  -> parse\n  -> schema check\n  -> dedup\n  -> merge\n  -> audit\n  -> final dataset	schema check와 dedup을 중간에 넣는 이유는?	깨진 데이터가 뒤 단계로 퍼지기 전에 잡기 위해	schema check는 필요한 field와 type을 조기에 검사하고 dedup은 명시한 identity 규칙의 중복을 처리해 잘못된 데이터가 merge 이후 증폭되는 것을 줄인다. pipeline 단계마다 row 수가 유지될 필요는 없으므로 예상 증감, key uniqueness, rejected row와 provenance를 따로 기록해야 한다.	KG/LoRA/교육앱 모두 extract -> validate -> merge -> audit 흐름이 필요하다.	meaning_choice	"[""data_quality"",""pipeline"",""validation""]"
10	python_data_structures_json_v29.json	PY29_L10_answer_in_choices_001	answer in choices 검증 읽기	정답이 선택지 안에 실제로 있는지 검사하는 코드를 이해한다.	"answer = card[""answer""]\nchoices = card[""choices""]\n\nif answer not in choices:\n    print(""bad answer"", card[""id""])"	이 검증이 필요한 이유는?	정답이 선택지에 없으면 사용자가 맞힐 수 없기 때문	answer in choices 검사는 정답 값이 선택지 목록 안에 실제로 있는지 확인한다. 퀴즈 데이터에서는 answer와 choices의 일관성이 매우 중요하다. 따라서 출력은 ‘정답이 선택지에 없으면 사용자가 맞힐 수 없기 때문’이다.	매번 확장 후 ANSWER NOT IN CHOICES: OK를 확인하는 이유다.	meaning_choice	"[""if"",""print"",""validation"",""answer"",""choices"",""data_quality""]"
10	python_data_structures_json_v29.json	PY29_L10_flatten_001	중첩 리스트 flatten 읽기	리스트 안의 리스트를 한 줄짜리 리스트로 펼치는 코드를 읽는다.	"groups = [\n    [""json"", ""dict""],\n    [""list"", ""set""],\n]\n\nflat = [x for group in groups for x in group]\nprint(flat)"	flat의 값은?	"평탄화된 리스트 [""json"", ""dict"", ""list"", ""set""]"	"이중 for comprehension은 각 group 안의 x를 차례대로 꺼내 하나의 리스트로 만든다. flatten은 중첩된 리스트를 한 단계 또는 여러 단계 풀어 하나의 리스트처럼 만드는 처리다. 그룹별 결과를 합쳐 전체 목록으로 만들 때 유용하다. 따라서 출력은 ‘평탄화된 리스트 [""json"", ""dict"", ""list"", ""set""]’이다."	여러 lesson 파일의 카드 목록을 하나로 합치는 사고방식이다.	meaning_choice	"[""print"",""flatten"",""list"",""nested""]"
10	python_data_structures_json_v29.json	PY29_L10_jsonl_stream_001	JSONL streaming 읽기	큰 JSONL 파일을 한 줄씩 읽어 메모리를 아끼는 방식을 이해한다.	"import json\n\nwith open(""chunks.jsonl"", encoding=""utf-8"") as f:\n    for line in f:\n        item = json.loads(line)\n        process(item)"	JSONL을 한 줄씩 읽는 장점은?	큰 파일을 한 번에 전부 메모리에 올리지 않아도 된다	file object를 반복해 한 줄씩 parse하므로 전체 file string을 한 번에 memory에 올리지 않는다. 하지만 blank line이나 invalid JSON 한 줄이 나오면 이 code는 중단되고, 자동으로 실패 지점 뒤에서 resume하지 않는다. 계속 처리하려면 line number별 try/except와 checkpoint policy를 명시해야 한다.	KG/LoRA chunk, node 후보, 대량 teacher 데이터 처리에 직접 연결된다.	meaning_choice	"[""for"",""import"",""jsonl"",""streaming"",""large_file"",""json""]"
10	python_data_structures_json_v29.json	PY29_L10_lookup_table_001	id 기반 lookup table 읽기	리스트를 매번 찾지 않고 id→객체 dict를 만들어 빠르게 조회하는 방식을 이해한다.	"side_by_id = {sc[""id""]: sc for sc in side_cards}\n\ncard = side_by_id.get(""AI_rag_001"")\nif card:\n    print(card[""title""])"	side_by_id의 키는 무엇인가?	side card의 id	"dict comprehension의 key는 각 sc[""id""]이고 value는 side-card dict 전체다. 같은 id가 여러 번 나오면 뒤 항목이 앞 항목을 조용히 덮어쓰므로 lookup table을 만들기 전에 duplicate ID를 검증해야 한다. get은 없는 id에 None을 반환하고 if card는 empty dict도 없는 것처럼 처리한다."	getSideCardById 같은 함수와 직접 연결되는 데이터 구조다.	meaning_choice	"[""if"",""print"",""lookup"",""dict"",""id"",""performance""]"
10	python_data_structures_json_v29.json	PY29_L10_manifest_rows_001	manifest row 처리 읽기	파일 목록/상태/경로를 row 단위로 읽어 처리하는 구조를 이해한다.	"rows = [\n    {""doc_id"": ""d1"", ""path"": ""a.pdf"", ""status"": ""ready""},\n    {""doc_id"": ""d2"", ""path"": ""b.pdf"", ""status"": ""missing""},\n]\n\nready = [row for row in rows if row[""status""] == ""ready""]\nprint(len(ready))"	ready 리스트에 들어가는 row는?	status가 ready인 row	manifest rows는 파일 목록이나 처리 대상 목록을 표 형태로 관리하는 행이다. status가 ready인 행만 남기면 준비된 항목만 후속 처리할 수 있다.	PDF 추출, KG 입력, 수집 manifest, lesson 검증 목록과 연결된다.	meaning_choice	"[""print"",""manifest"",""row"",""csv"",""pipeline""]"
10	python_data_structures_json_v29.json	PY29_L10_merge_update_001	dict merge/update 읽기	기존 dict에 새 값을 덮어쓰거나 추가하는 update 패턴을 이해한다.	"state = {""level"": ""all"", ""mode"": ""all"", ""queueIds"": []}\npatch = {""level"": ""3"", ""mode"": ""wrong_or_unseen""}\n\nstate.update(patch)\nprint(state[""level""])"	출력되는 값은?	3	state.update(patch)는 state object 자체를 mutate하고 patch의 level과 mode가 같은 key의 기존 값을 덮어쓴다. queueIds는 patch에 없으므로 그대로 남고 print는 문자열 3을 출력한다. update는 nested dict를 재귀 merge하지 않는 shallow operation이므로 nested setting은 전체 value가 교체될 수 있다.	localStorage 상태, 추천 진도 상태, 설정 patch에 쓰이는 사고방식이다.	meaning_choice	"[""print"",""dict_update"",""merge"",""override""]"
10	python_database_sql_repository_v21.json	PY21_L10_d1_prepare_bind_001	Cloudflare D1 prepare/bind 읽기	D1에서 SQL과 파라미터를 분리해 실행하는 구조를 읽는다.	"const row = await env.DB.prepare(\n  ""SELECT id, title FROM items WHERE id = ?""\n).bind(itemId).first();"	bind(itemId)의 역할은?	SQL의 ? 자리에 itemId 값을 바인딩한다	env.DB는 Worker에 설정된 D1 binding이고 prepare가 statement를 만든다. bind(itemId)는 ? placeholder에 값을 분리해 전달해 직접 문자열 연결보다 SQL injection 위험을 줄인다. first()는 첫 result row를 반환하므로 결과가 없을 때의 null과 실행 error를 호출 code에서 구분해야 한다.	Cloudflare Worker에서 D1 prepared statement를 실행하는 기본 흐름이다.	meaning_choice	"[""d1"",""prepare"",""bind"",""cloudflare""]"
10	python_database_sql_repository_v21.json	PY21_L10_migration_001	migration SQL 읽기	이미 있는 테이블에 새 컬럼을 추가하는 SQL을 읽는다.	ALTER TABLE items\nADD COLUMN summary TEXT;	이 SQL의 목적은?	items 테이블에 summary 컬럼을 추가한다	ALTER TABLE ... ADD COLUMN은 기존 items table에 nullable summary column을 추가한다. migration은 이런 schema 변경을 version 순서로 기록하고 각 환경에 한 번씩 적용하는 절차다. DB engine별 지원 범위와 lock 시간을 확인하고, backup·transaction·rollback 또는 forward-fix 계획과 이미 적용됐는지 추적하는 migration table이 필요하다.	D1/Supabase schema가 점점 확장될 때 migration을 읽는 기본이다.	meaning_choice	"[""migration"",""alter_table"",""schema_change""]"
10	python_database_sql_repository_v21.json	PY21_L10_orphan_check_001	orphan row 점검 쿼리 읽기	참조 대상이 없는 행을 찾는 SQL을 읽는다.	SELECT c.id, c.item_id\nFROM curations c\nLEFT JOIN items i ON c.item_id = i.id\nWHERE i.id IS NULL;	WHERE i.id IS NULL은 무엇을 찾는가?	items에 매칭되지 않는 curations 행	LEFT JOIN 후 오른쪽 테이블 값이 NULL이면 참조 대상이 없다는 뜻이다. orphan row 점검은 연결되어야 할 부모 데이터가 없는 행을 찾는 검사다. 외래키 관계나 조인 조건을 보며 빠진 참조가 있는지 확인해야 한다. 따라서 정답은 ‘items에 매칭되지 않는 curations 행’이다.	curations → items orphan 검증처럼 데이터 정합성 점검에 쓰인다.	meaning_choice	"[""orphan"",""left_join"",""integrity"",""sql""]"
10	python_database_sql_repository_v21.json	PY21_L10_pagination_001	LIMIT/OFFSET pagination 읽기	목록 API에서 페이지 단위로 데이터를 가져오는 SQL을 읽는다.	"def list_items(conn, page: int, page_size: int = 20):\n    offset = (page - 1) * page_size\n    return conn.execute(\n        ""SELECT id, title FROM items ORDER BY created_at DESC LIMIT ? OFFSET ?"",\n        (page_size, offset)\n    ).fetchall()"	page=3, page_size=20이면 offset은?	40	page=3이면 (3-1)*20으로 offset 40을 만들고 앞의 40 row를 건너뛴 뒤 최대 20 row를 가져온다. page와 page_size가 양수인지, 최대 page_size가 얼마인지 먼저 검증해야 한다. 같은 created_at 값이 있을 때 page 경계가 흔들리지 않도록 id 같은 고유 tie-breaker도 ORDER BY에 추가하는 것이 안전하다.	카드/문서/검색 결과 목록 API에서 필요한 기본 페이지네이션이다.	meaning_choice	"[""def"",""function"",""return"",""pagination"",""limit"",""offset"",""sql""]"
10	python_database_sql_repository_v21.json	PY21_L10_repository_api_flow_001	API-Service-Repository-DB 흐름 읽기	요청이 endpoint에서 service와 repository를 거쳐 DB로 가는 흐름을 이해한다.	"@app.get(""/items/{item_id}"")\ndef get_item(item_id: str):\n    return item_service.get_item(item_id)\n\nclass ItemService:\n    def get_item(self, item_id):\n        row = self.repo.find_by_id(item_id)\n        if row is None:\n            raise NotFound()\n        return to_response(row)"	이 구조에서 repo.find_by_id의 역할은?	DB에서 item 행을 찾는다	API는 요청을 받고, service는 업무 규칙을 처리하고, repository는 DB 접근을 담당한다. API-Service-Repository-DB 흐름은 요청이 API에서 서비스 로직을 거쳐 저장소 계층과 DB로 내려가는 구조다. 각 계층의 책임을 구분해야 한다. 따라서 반환/호출 결과는 ‘DB에서 item 행을 찾는다’이다.	교육 서비스/RAG 서비스 MVP에서 코드가 커질 때 필요한 계층 구조다.	meaning_choice	"[""if"",""def"",""function"",""return"",""class"",""api"",""service"",""repository"",""database""]"
10	python_database_sql_repository_v21.json	PY21_L10_repository_pattern_001	repository 함수 패턴 읽기	DB 접근 코드를 repository 함수로 분리하는 구조를 이해한다.	"class ItemRepository:\n    def __init__(self, conn):\n        self.conn = conn\n\n    def find_by_id(self, item_id: str):\n        return self.conn.execute(\n            ""SELECT * FROM items WHERE id = ?"",\n            (item_id,)\n        ).fetchone()"	ItemRepository의 역할에 가장 가까운 것은?	items 테이블 접근 로직을 모아둔다	repository는 DB 접근 코드를 한 곳에 모아 service/API 코드와 분리한다. repository 함수 패턴은 DB 접근 코드를 한 계층에 모으는 방식이다. 서비스 로직이 SQL 세부사항을 직접 알지 않아도 되게 해 유지보수를 돕는다. 따라서 반환/호출 결과는 ‘items 테이블 접근 로직을 모아둔다’이다.	FastAPI endpoint가 직접 SQL을 많이 들고 있지 않게 만드는 설계다.	meaning_choice	"[""def"",""function"",""return"",""class"",""repository"",""database"",""architecture""]"
10	python_database_sql_repository_v21.json	PY21_L10_supabase_select_001	Supabase select 체인 읽기	Supabase JS 클라이언트의 from/select/eq 체인을 읽는다.	"const { data, error } = await supabase\n  .from(""items"")\n  .select(""id,title,source_url"")\n  .eq(""id"", itemId)\n  .single();"	.eq('id', itemId)의 의미는?	id가 itemId와 같은 행만 필터링한다	.from은 items table을 선택하고 select는 반환할 columns를 정하며 eq는 id가 itemId와 같은 rows만 남긴다. single은 결과가 정확히 한 row이기를 기대하므로 0개이거나 여러 개면 error가 생긴다. 이 code는 error도 구조 분해하므로 반드시 검사해야 하며, 권한은 client filter가 아니라 server의 RLS와 인증 정책으로 보호한다.	Supabase 서빙레이어/게시 레이어 접근 코드를 읽는 데 필요하다.	meaning_choice	"[""supabase"",""select"",""database"",""api_client""]"
10	python_database_storage_crud_v37.json	PY37_L10_migration_001	migration 읽기	DB 구조 변경을 기록으로 관리하는 migration을 이해한다.	-- migration_002_add_last_seen.sql\nALTER TABLE progress\nADD COLUMN last_seen_at TEXT;	이 migration은 무엇을 하는가?	progress 테이블에 last_seen_at column을 추가한다	migration은 DB 스키마 변경을 파일로 남겨 순서대로 적용하는 방식이다. 테이블 변경을 재현 가능하게 만들고 배포 실수를 줄인다. 여러 환경에서 같은 DB 구조를 맞춰야 하므로 변경 이력을 코드처럼 관리하는 습관이 중요하다. 따라서 정답은 ‘progress 테이블에 last_seen_at column을 추가한다’이다.	학습앱 저장 구조가 커지면 스키마 변경 이력을 관리해야 한다.	meaning_choice	"[""migration"",""schema_change"",""database_version""]"
10	python_database_storage_crud_v37.json	PY37_L10_progress_storage_001	progress 저장 구조 읽기	학습앱에서 사용자별 진행률을 어떤 필드로 저장할지 읽는다.	progress:\n  user_id\n  card_id\n  seen_count\n  correct_count\n  wrong_count\n  last_seen_at	last_seen_at의 역할로 가장 가까운 것은?	마지막으로 본 시간을 저장한다	last_seen_at은 해당 사용자와 카드 조합을 마지막으로 본 시각을 저장하는 필드다. 사용자별 카드 진행률을 한 행으로 유지하려면 (user_id, card_id)에 UNIQUE 또는 primary key 제약을 두고, 시각의 timezone·형식도 정해야 한다. 이 정보는 복습 추천의 입력이지 추천 품질을 혼자 보장하지는 않는다.	오늘의 추천 10장, 오답 복습, 장기 기억 큐를 만들 때 기반 데이터가 된다.	meaning_choice	"[""progress"",""storage"",""learning_app"",""schema""]"
10	python_database_storage_crud_v37.json	PY37_L10_repository_pattern_001	repository pattern 읽기	DB 접근 코드를 앱 로직과 분리하는 repository pattern을 이해한다.	class ProgressRepository:\n    def save_answer(self, user_id, card_id, correct):\n        # database write here\n        pass	ProgressRepository의 역할로 가장 자연스러운 것은?	progress 저장/조회 같은 DB 접근을 담당한다	repository는 데이터 저장소 접근을 한 곳에 모아 앱 로직을 깔끔하게 만든다. repository pattern은 DB 접근 코드를 한곳에 모아 서비스 코드와 분리하는 방식이다. 조회, 저장, 삭제 함수가 어디에 모여 있는지 확인하면 구조가 보인다.	v31 클래스/객체 카드와 v37 DB 개념을 연결하는 실전 구조다.	meaning_choice	"[""comment"",""def"",""function"",""class"",""repository_pattern"",""data_access"",""separation""]"
10	python_database_storage_crud_v37.json	PY37_L10_sqlite_supabase_d1_001	SQLite / Supabase / D1 구분	로컬 DB와 클라우드 DB 선택지를 큰 그림에서 구분한다.	SQLite: embedded file database\nSupabase: hosted platform built around Postgres\nD1: managed serverless database with SQLite semantics	SQLite의 특징으로 가장 가까운 것은?	로컬 파일 기반 DB로 시작하기 쉽다	SQLite는 애플리케이션에 내장되어 로컬 파일을 직접 사용하는 DB다. Supabase는 Postgres를 중심으로 여러 백엔드 기능을 제공하는 호스팅 플랫폼이고, Cloudflare D1은 SQLite 의미론을 기반으로 한 관리형 serverless DB다. SQL을 쓴다는 공통점만 보고 배포 위치, 동시성, 기능, 운영 모델이 같다고 가정하면 안 된다.	학습 앱의 규모와 배포 환경에 맞춰 embedded DB와 hosted DB의 운영 차이를 비교할 수 있다.	meaning_choice	"[""SQLite"",""Supabase"",""D1"",""database_choice""]"
10	python_database_storage_crud_v37.json	PY37_L10_transaction_001	transaction 읽기	여러 DB 변경을 하나의 묶음으로 성공/실패 처리하는 transaction을 이해한다.	BEGIN;\nUPDATE progress\nSET correct_count = correct_count + 1\nWHERE user_id = 'u1' AND card_id = 'c101';\nINSERT INTO answer_logs (...) VALUES (...);\nCOMMIT;	transaction을 쓰는 이유로 맞는 것은?	여러 변경을 한 묶음으로 안전하게 처리하기 위해	transaction은 관련된 여러 DB 변경의 all-or-nothing 경계를 만든다. 두 문장이 모두 성공한 뒤 COMMIT해야 함께 반영된다. 중간 실패 때는 애플리케이션이나 DB 도구가 ROLLBACK을 실행하도록 오류 처리를 구성해야 하며, BEGIN만 썼다고 모든 실패가 자동으로 안전하게 복구된다고 가정하면 안 된다.	정답 로그와 진행률 업데이트를 같이 저장할 때 유용하다.	meaning_choice	"[""transaction"",""atomic"",""commit"",""rollback""]"
10	python_debug_logs_cache_git_v17.json	PY17_L10_loading_stuck_debug_001	Loading... 멈춤 원인 분기 읽기	Loading 상태에서 멈출 때 원인을 로그 기준으로 나누는 사고방식을 익힌다.	"if index_requested and not app_js_requested:\n    cause = ""HTML은 열렸지만 JS 로딩이 안 됨: 캐시/PWA/스크립트 태그 의심""\nelif app_js_requested and data_json_failed:\n    cause = ""JS는 실행됐지만 데이터 JSON 로딩 실패""\nelse:\n    cause = ""브라우저 콘솔 오류 확인 필요"""	index만 요청되고 app.js 요청이 없으면 먼저 의심할 것은?	HTML 캐시/PWA/스크립트 태그 문제	첫 조건이 참이면 HTML 요청은 보였지만 app.js 요청은 보이지 않았으므로 script 태그, HTML/service-worker 캐시, 브라우저 정책이나 네트워크 차단을 먼저 조사한다. 두 번째 조건은 JS 요청 뒤 데이터 JSON 실패를 가리킨다. 이 분기는 원인을 확정하는 진단이 아니라 다음 확인 지점을 고르는 가설이며 Console과 Network 기록으로 검증해야 한다.	Loading 화면에서 요청이 멈춘 단계를 기준으로 조사 범위를 좁히는 진단 예시다.	meaning_choice	"[""if"",""else"",""debugging"",""loading"",""fetch"",""browser_cache""]"
10	python_debug_logs_cache_git_v17.json	PY17_L10_pwa_deploy_address_001	GitHub Pages 주소와 로컬 주소 구분	공개 배포 주소와 로컬 테스트 주소가 다른 이유를 이해한다.	# 공개 배포 주소 예시: 일반 push 뒤에도 보통 같은 주소 사용\nhttps://<account>.github.io/<repository>/\n\n# 로컬 테스트 주소: 서버를 실행한 PC에서 접속\nhttp://localhost:8790/src/pwa/index.html	같은 Pages 설정과 저장소 이름을 유지한 채 새 커밋을 배포하면 URL은?	보통 그대로이고 배포 내용이 갱신된다	같은 계정, 저장소, Pages 설정을 유지하면 일반적인 새 배포는 같은 공개 URL의 내용을 갱신한다. 저장소 이름, 계정, custom domain, Pages 설정을 바꾸면 주소가 달라질 수 있으므로 절대 고정이라는 뜻은 아니다. 로컬 URL과 공개 URL은 경로, 캐시, 배포 시점이 서로 다른 환경이다.	로컬 개발 주소와 공개 Pages 배포 주소를 구분해 검증하는 카드다.	meaning_choice	"[""comment"",""github_pages"",""local_server"",""deployment"",""url""]"
10	python_debug_logs_cache_git_v17.json	PY17_L10_safe_render_fallback_001	렌더링 fallback 함수 읽기	여러 후보 필드 중 존재하는 값을 순서대로 선택하는 코드를 읽는다.	"function getSideText(sc) {\n  return sc.body || sc.summary || sc.description || sc.detail || """";\n}"	sc.body가 빈 문자열이고 sc.summary가 있으면 무엇을 반환하는가?	sc.summary	||는 왼쪽 값이 undefined나 null뿐 아니라 빈 문자열, 0, false처럼 falsy이면 다음 값을 평가한다. 따라서 body가 빈 문자열이고 summary가 truthy이면 summary를 반환한다. 이 fallback은 화면 중단을 줄이지만 데이터 오류를 숨길 수도 있으므로, 필수 필드는 별도 schema 검증과 경고로 확인해야 한다.	여러 버전의 side-card 텍스트 필드를 읽는 호환 fallback 예시다.	meaning_choice	"[""return"",""fallback"",""rendering"",""or"",""side_card""]"
10	python_debug_logs_cache_git_v17.json	PY17_L10_service_recovery_habit_001	실험 패치 후 복구 습관 읽기	실험 패치가 실패했을 때 안정 지점을 만드는 절차를 이해한다.	# 1. git diff로 실패를 만든 변경 범위 확인\n# 2. 해당 실험 블록만 비활성화하거나 되돌림\n# 3. JSON parse와 lessonFiles 검증\n# 4. 로컬 서버와 브라우저 Console/Network 확인\n# 5. 검증된 복구 변경만 커밋	실험 패치가 앱 로딩을 깨뜨렸을 때 가장 먼저 해야 할 일은?	실험 블록을 제거하고 정상 로딩을 복구한다	먼저 diff와 오류 기록으로 실패를 만든 변경을 특정한 뒤 해당 실험 범위만 되돌리거나 비활성화한다. 작업 폴더에 다른 미완성 변경이 있을 수 있으므로 전체 파일이나 저장소를 무작정 되돌리면 안 된다. 정상 로딩을 복구하고 자동 검증과 브라우저 확인을 통과한 변경만 별도 커밋으로 기록한다.	실험 변경으로 앱이 깨졌을 때 다른 작업을 보존하며 최소 범위로 복구하는 절차다.	order_choice	"[""comment"",""rollback"",""recovery"",""commit"",""debugging""]"
10	python_debug_logs_cache_git_v17.json	PY17_L10_side_card_field_bug_001	side card 필드 불일치 버그 읽기	데이터는 있는데 화면에 안 보이는 필드명 불일치 버그를 읽는다.	"const body = document.createElement(""div"");\nbody.className = ""side-card-body"";\nbody.textContent = sc.body;"	side card 데이터가 summary/detail 중심이면 이 코드의 문제는?	sc.body만 읽어서 summary/detail이 화면에 안 보일 수 있다	렌더러는 sc.body만 읽으므로 데이터가 summary나 detail에 있어도 그 값은 사용하지 않는다. sc.body가 undefined이면 브라우저의 DOM 문자열 변환 결과가 의도치 않게 표시될 수도 있다. 해결하려면 데이터 schema를 하나로 통일하거나, 지원할 필드를 명시적인 우선순위와 기본값으로 처리하고 schema 테스트를 추가해야 한다.	데이터 필드 이름과 화면 렌더러의 계약이 어긋났을 때 생기는 표시 오류다.	meaning_choice	"[""field_mismatch"",""rendering"",""summary"",""detail""]"
10	python_debugging_error_routines_v28.json	PY28_L10_browser_cache_001	브라우저 캐시 문제 읽기	코드를 바꿨는데 화면이 그대로일 때 버전 쿼리와 캐시를 확인한다.	"const APP_DATA_VERSION = ""20260529_v28"";\n\nfetch(""../../data/lessons/cards.json?v="" + APP_DATA_VERSION)"	v=APP_DATA_VERSION을 붙이는 이유는?	브라우저가 오래된 데이터 캐시를 계속 쓰는 것을 줄이기 위해	query version이 바뀌면 전체 URL이 달라져 일반 browser cache에서 별도 resource로 다시 요청될 가능성이 높다. 그러나 server, CDN이나 service worker가 query를 무시하거나 자체 cache key를 쓰면 보장되지 않는다. response의 content version과 service-worker update state를 확인하고 일관된 version/hash policy를 사용한다.	PWA/정적 앱에서 업데이트했는데 안 바뀌는 문제를 줄이는 핵심 패턴이다.	meaning_choice	"[""cache"",""version"",""browser"",""PWA""]"
10	python_debugging_error_routines_v28.json	PY28_L10_devtools_network_001	DevTools Network 확인 루틴	브라우저에서 파일 로딩 성공/실패를 Network 탭으로 확인하는 루틴을 이해한다.	확인 순서:\n1. F12\n2. Network tab\n3. 새로고침\n4. app.js / style.css / lesson JSON의 URL·status·response 확인	lesson JSON이 로딩되지 않을 때 가장 직접적으로 볼 탭은?	Network	Network tab은 request URL, status, response body, initiator와 cache/service-worker 정보를 보여 준다. lesson JSON이 안 보이면 request가 시작됐는지, 어느 URL인지, 404/500인지, 200 body가 기대한 JSON인지 순서대로 본다. parse와 runtime error는 Console에서도 함께 확인해야 한다.	모바일/PC에서 화면이 안 뜰 때 서버 로그와 함께 보는 기본 도구다.	order_choice	"[""DevTools"",""Network"",""status_code"",""debugging""]"
10	python_debugging_error_routines_v28.json	PY28_L10_git_restore_001	git restore 사고방식	잘못 수정한 파일을 마지막 커밋 상태로 되돌리는 명령의 위험과 의미를 이해한다.	git status\ngit restore src/pwa/app.js	staged change가 없는 상태에서 git restore src/pwa/app.js는 무엇을 하는가?	working tree의 app.js를 index 상태로 되돌린다	source를 지정하지 않은 git restore는 기본적으로 working tree file을 index 상태로 복원한다. staged change가 없다면 보통 마지막 commit과 같지만 staged content가 있으면 그 staged version으로 돌아간다. local 수정이 사라질 수 있으므로 먼저 git diff와 git diff --cached를 보고 필요한 patch를 보관한 뒤 exact file만 복원한다.	깨진 패치를 되돌릴 때 유용하지만, 작업물을 잃을 수 있어 조심해야 한다.	meaning_choice	"[""git"",""restore"",""rollback"",""working_tree""]"
10	python_debugging_error_routines_v28.json	PY28_L10_hypothesis_debug_001	원인 가설 세우기	무작정 고치기보다 가설과 확인 명령을 나눠 생각하는 방법을 익힌다.	증상: 새 card가 화면에 안 보임\n\n가설 A: loading manifest에 file이 빠짐\n확인: exact path set을 file manifest와 비교\n\n가설 B: JSON syntax 또는 schema 오류\n확인: Get-Content file.json -Raw | ConvertFrom-Json	이 방식의 장점은?	원인 후보별로 확인 명령을 분리해 헛수정을 줄인다	하나의 symptom에 대해 서로 배타적이지 않은 hypothesis를 세우고 각 hypothesis를 falsify할 evidence를 정한다. 단순 v28 substring은 false positive가 날 수 있어 exact path set을 비교하고, PowerShell JSON은 -Raw로 전체 document를 parse한다. 한 번에 한 변수를 확인하고 결과를 기록한 뒤 fix를 적용한다.	이번 앱 작업처럼 캐시/JSON/app.js/서버 로그가 얽힐 때 필요한 사고방식이다.	meaning_choice	"[""hypothesis"",""debugging"",""evidence"",""validation""]"
10	python_debugging_error_routines_v28.json	PY28_L10_reproduce_command_001	재현 명령어 남기기	오류를 다시 만들 수 있는 최소 명령어를 남기는 이유를 이해한다.	"# reproduction command\nSet-Location ""<repository-root>""\n.\run_local_server.ps1\n\n# symptom\nbrowser remains on ""Loading..."""	재현 명령어를 남기는 가장 큰 이유는?	같은 문제를 다시 확인하고 수정 여부를 검증하기 위해	재현 절차는 다른 사람이 같은 symptom을 반복하고 fix 전후를 비교하게 한다. 개인 absolute path 대신 repository revision, OS/shell, Python/browser version, 입력 data, exact command, expected·actual result와 log를 함께 남긴다. secret이나 개인 경로는 report에서 제거한다.	다음 대화창 인계, 패치 검증, 서버 문제 추적에 매우 중요하다.	meaning_choice	"[""comment"",""reproduction"",""debugging"",""runbook"",""command""]"
10	python_deep_expansion_v4.json	PY4_L10_edge_promotion_001	엣지 승격 조건 읽기	점수와 근거 조건을 만족할 때 후보 엣지를 승격하는 코드를 읽는다.	"def promote_edge(candidate):\n    if candidate[""score""] >= 0.8 and candidate[""evidence_count""] >= 2:\n        return {""status"": ""promoted"", ""edge"": candidate}\n    return {""status"": ""rejected""}"	승격 조건은?	score 0.8 이상이고 evidence_count 2 이상	and 조건이므로 score가 0.8 이상이고 evidence_count가 2 이상일 때만 promoted 상태와 원본 candidate를 반환한다. 그 외에는 rejected다. 이 임계값은 코드에 정한 정책일 뿐이며, evidence_count가 2라는 사실만으로 근거의 품질이나 독립성이 보장되지는 않는다. 두 key가 없으면 KeyError가 날 수 있다는 입력 전제도 확인해야 한다.	KG edge promotion과 evidence-first 검증 사고에 직접 연결된다.	meaning_choice	"[""if"",""def"",""function"",""return"",""kg"",""edge"",""promotion"",""evidence""]"
10	python_deep_expansion_v4.json	PY4_L10_label_adjudication_001	라벨 adjudication 흐름 읽기	여러 라벨 후보를 규칙으로 최종 확정하는 흐름을 읽는다.	"def adjudicate(labels):\n    if labels.count(""KEEP"") >= 2:\n        return ""KEEP""\n    if ""REJECT"" in labels:\n        return ""REJECT""\n    return ""REVIEW"""	KEEP이 2개 이상이면 결과는?	KEEP	labels에서 KEEP이 두 번 이상이면 첫 번째 return이 즉시 실행되어 KEEP이 된다. 이 규칙은 REJECT가 함께 있어도 KEEP 조건을 먼저 적용하므로 조건 순서가 우선순위다. KEEP이 두 개 미만일 때만 REJECT 포함 여부를 보고, 둘 다 아니면 REVIEW를 반환한다. 코드의 라벨 이름은 DROP이 아니라 REJECT다.	노드 승격/라벨 검수/teacher data 정리 흐름과 연결된다.	meaning_choice	"[""if"",""def"",""function"",""return"",""labeling"",""adjudication"",""dataset""]"
10	python_deep_expansion_v4.json	PY4_L10_node_candidate_extract_001	노드 후보 추출 흐름 읽기	텍스트에서 용어 후보를 찾아 node 후보 row로 만드는 흐름을 읽는다.	"def extract_candidates(chunk):\n    rows = []\n    for term in TERMS:\n        if term.lower() in chunk[""text""].lower():\n            rows.append({""term"": term, ""chunk_id"": chunk[""id""]})\n    return rows"	이 함수의 목적은?	chunk text에서 용어 후보를 찾는다	각 term과 chunk text를 소문자로 바꾼 뒤 단순 부분 문자열 포함 여부를 검사하고, 맞으면 term과 chunk_id를 후보 row로 추가한다. 이는 최종 노드 확정이 아니라 검토 후보 수집 단계다. 단어 경계를 보지 않으므로 짧은 term이 더 긴 단어 일부와 우연히 맞는 오탐이 생길 수 있어 후속 검증이 필요하다.	KG node pass의 아주 단순화된 독해 버전이다.	reverse_inference	"[""if"",""for"",""def"",""function"",""return"",""kg"",""node_candidate"",""extraction""]"
10	python_deep_expansion_v4.json	PY4_L10_shard_status_001	shard status 집계 읽기	여러 shard의 완료 상태를 집계하는 코드를 읽는다.	"statuses = [""DONE"", ""DONE"", ""FAILED"", ""PENDING""]\ndone = sum(1 for status in statuses if status == ""DONE"")\nprint(done)"	출력은?	2	shard status는 여러 작업 조각의 진행 상태를 나타낸다. DONE 상태가 두 개라면 완료된 shard 수를 세어 2가 출력된다. 대량 배치에서는 shard별 상태를 세어야 재시작할 범위와 실패한 조각을 빠르게 찾을 수 있다.	LLM batch/shard 진행 상황을 읽는 데 직접 도움이 된다.	output_prediction	"[""print"",""shard"",""status"",""batch""]"
10	python_deploy_pwa_cache_storage_v23.json	PY23_L10_deploy_verify_checklist_001	배포 후 검증 체크리스트 읽기	push 후 앱이 실제로 최신 파일을 보는지 확인하는 순서를 익힌다.	# 1. commit과 push 대상 branch 확인\n# 2. CI/Pages deployment 성공과 source revision 확인\n# 3. 공개 URL에서 HTML·JS·JSON status/response 확인\n# 4. app.js와 data content version 확인\n# 5. Console 오류와 service-worker/cache 상태 확인	push 후 최신 반영이 안 보이면 특히 확인할 것은?	브라우저/Pages 캐시와 app.js/data version	local git status나 200 status 하나만으로 원하는 commit이 공개 배포됐다고 증명할 수 없다. remote branch와 deployment job이 가리키는 revision, 공개 URL의 response content/version, browser Console과 service worker cache를 순서대로 대조한다. cache 삭제부터 하기 전에 실제 어느 계층이 오래된지 evidence를 남기면 원인 추적이 쉽다.	GitHub Pages 고정 주소에서 내용만 갱신되는 구조를 검증하는 루틴이다.	order_choice	"[""comment"",""deploy"",""verification"",""checklist"",""github_pages""]"
10	python_deploy_pwa_cache_storage_v23.json	PY23_L10_devtools_console_001	DevTools Console 오류 읽기	Console 오류가 파일명/줄번호/메시지를 제공한다는 것을 이해한다.	Uncaught SyntaxError: Unexpected token '}'\n    at app.js?v=20260529_force1:312:5	이 오류에서 먼저 확인할 위치는?	app.js의 312번째 줄 근처	stack location은 app.js의 312행 5열 부근을 먼저 볼 단서다. SyntaxError는 parser가 더 진행한 뒤 문제를 발견할 수 있어 실제 누락된 quote나 brace가 앞줄에 있을 수도 있다. generated/minified bundle이면 source map으로 원본 위치를 찾고, 표시 줄 주변의 최근 diff와 syntax validation을 함께 확인한다.	함수 블록 교체 후 괄호가 깨졌는지 확인하는 데 중요하다.	meaning_choice	"[""devtools"",""console"",""javascript_error"",""debugging""]"
10	python_deploy_pwa_cache_storage_v23.json	PY23_L10_devtools_network_001	DevTools Network 점검 포인트	브라우저 Network 탭에서 어떤 파일이 실제로 로딩됐는지 확인하는 관점을 익힌다.	Network tab check:\n- index.html status\n- app.js status and query version\n- style.css status\n- lesson JSON status\n- side_cards JSON status	Loading 화면을 조사할 때 Network에서 확인할 내용은?	app.js와 JSON 요청의 status·response·version	Network tab에서 request URL, status, response body, initiator와 cache/service-worker 표시를 확인한다. 200만 보인다고 JavaScript 실행이나 JSON parse가 성공한 것은 아니고 304도 정상 cache validation일 수 있다. Console error와 application state를 함께 연결해 어느 단계에서 멈췄는지 찾는다.	서버 로그와 브라우저 Network 탭을 같이 보면 캐시/404/JS 오류를 빨리 좁힐 수 있다.	meaning_choice	"[""devtools"",""network"",""debugging"",""http_status""]"
10	python_deploy_pwa_cache_storage_v23.json	PY23_L10_manifest_json_001	PWA manifest.json 읽기	PWA 설치 정보가 manifest.json에 담긴다는 것을 이해한다.	"{\n  ""name"": ""Python Reading Trainer"",\n  ""short_name"": ""PyReader"",\n  ""start_url"": ""./index.html"",\n  ""display"": ""standalone""\n}"	display: standalone의 의미에 가장 가까운 것은?	브라우저 UI가 덜 보이는 앱처럼 실행되게 한다	"display=""standalone""은 installed app을 열 때 가능한 경우 browser UI를 줄인 standalone 표시 mode를 선호한다는 뜻이다. 이것만으로 설치 가능하거나 실제 standalone 표시가 보장되지는 않으며 browser와 platform 지원에 따라 fallback된다. name, icons, start_url, scope와 HTTPS/service worker 등 설치 기준도 함께 검증해야 한다."	폰 홈 화면에 학습 앱처럼 붙여 쓰는 방향과 연결된다.	meaning_choice	"[""pwa"",""manifest"",""install"",""web_app""]"
10	python_deploy_pwa_cache_storage_v23.json	PY23_L10_mobile_layout_001	모바일 화면 대응 CSS 읽기	화면 폭이 좁을 때 레이아웃을 바꾸는 CSS를 읽는다.	@media (max-width: 720px) {\n  .app-shell {\n    grid-template-columns: 1fr;\n  }\n}	max-width: 720px 조건은 언제 적용되는가?	화면 폭이 720px 이하일 때	mobile layout은 작은 화면에서도 버튼과 글자가 잘 보이게 배치하는 방식이다. media query를 쓰면 화면 크기에 따라 CSS를 다르게 적용할 수 있다. 따라서 정답은 ‘화면 폭이 720px 이하일 때’이다.	폰에서 오른쪽 패널이나 코드 블록이 너무 넓어지는 문제를 줄이는 방식이다.	meaning_choice	"[""responsive"",""css"",""media_query"",""mobile""]"
10	python_deploy_pwa_cache_storage_v23.json	PY23_L10_service_worker_concept_001	service worker 캐시 개념 읽기	service worker가 네트워크 요청과 캐시 사이에 끼어들 수 있음을 이해한다.	"self.addEventListener(""fetch"", (event) => {\n  event.respondWith(\n    caches.match(event.request).then((cached) => cached || fetch(event.request))\n  );\n});"	cached가 있으면 어떻게 되는가?	네트워크 대신 캐시된 응답을 반환할 수 있다	caches.match가 response를 찾으면 network에 가지 않고 cached response를 반환하는 cache-first 흐름이다. 이 snippet은 cache에 항목을 넣거나 version·삭제·network failure fallback을 구현하지 않는다. cache-first는 빠르고 offline에 도움이 되지만 stale asset을 오래 제공할 수 있으므로 install/activate의 version migration과 update 안내가 필요하다.	PWA 캐시가 강하면 app.js를 바꿔도 오래된 코드가 보일 수 있다.	meaning_choice	"[""service_worker"",""cache"",""offline"",""pwa""]"
10	python_deploy_pwa_cache_storage_v23.json	PY23_L10_static_api_connection_001	정적 앱과 API 서버 연결 구조	정적 PWA가 fetch로 별도 API 서버를 호출하는 구조를 이해한다.	"# static app\nhttp://localhost:8790/src/pwa/index.html\n\n# API server\nhttp://127.0.0.1:8000/search?q=lidar\n\n# browser JS\nfetch(""http://127.0.0.1:8000/search?q="" + encodeURIComponent(q))"	이 구조에서 8790 서버의 역할은?	HTML/CSS/JS 같은 정적 파일 제공	8790 server는 이 예시에서 HTML, CSS, JavaScript 같은 frontend file을 제공하고 8000 application은 search response를 만든다. 두 origin은 port가 달라 CORS 설정이 필요할 수 있다. phone에서 이 code를 실행하면 127.0.0.1은 PC가 아니라 phone이므로 공개 API host나 PC LAN address 및 bind/firewall 조건으로 바꿔야 한다.	정적 학습 frontend와 별도 search API를 연결할 때 origin과 host를 구분하는 구조다.	meaning_choice	"[""comment"",""static_app"",""api_server"",""fetch"",""architecture""]"
10	python_dev_environment_foundation_v103_a1.json	PY103_L10_restore_reset_revert_001	restore, reset, revert 차이 읽기	되돌리기 명령의 영향 범위를 구분한다.	git restore src/pwa/app.js\ngit revert 57bf043	커밋하지 않은 파일 수정을 되돌릴 때 먼저 고려할 명령은?	git restore	git restore는 보통 작업 폴더의 미커밋 변경을 기준 commit 상태로 되돌리고, git revert는 이미 기록된 commit을 취소하는 새 commit을 만든다. restore는 대상 파일의 미커밋 내용을 잃게 할 수 있으므로 먼저 git diff를 읽고 필요한 변경은 복사하거나 stash한다. reset은 index나 이력까지 움직일 수 있어 범위를 이해한 뒤 사용해야 한다.	잘못된 패치나 임시 변경을 되돌릴 때 필요한 카드다.	meaning_choice	"[""restore"",""reset"",""revert"",""git""]"
10	python_dev_environment_foundation_v103_a1.json	PY103_L10_setup_checklist_001	개발환경 재현 체크리스트 읽기	새 PC나 서버에서 환경을 재현하는 순서를 정리한다.	python --version\npython -m venv .venv\n.\.venv\Scripts\Activate.ps1\npython -m pip install -r requirements.txt\npython tools/validate_lessons.py	이 흐름의 목적은?	새 환경에서 같은 프로젝트 실행 조건을 재현하고 검증한다	개발환경 재현은 Python 버전 확인, venv 생성, 활성화, 패키지 설치, 검증 명령 실행을 한 묶음으로 본다. 설치만 끝났다고 성공이 아니라 실제 프로젝트 검증이 통과해야 환경이 맞다고 볼 수 있다. Windows와 Ubuntu는 활성화 명령이 다를 수 있고, GPU 프로젝트는 nvidia-smi와 torch.cuda 확인도 추가해야 한다. 체크리스트를 남기면 새 장비나 서버에서 시행착오가 줄어든다.	앞으로 프로젝트를 다른 PC나 GPU 서버에 옮길 때 기준이 되는 카드다.	meaning_choice	"[""setup_checklist"",""validation"",""reproducibility""]"
10	python_error_recovery_retry_ux_v59.json	PY59_L10_error_recovery_flow_001	error recovery flow 읽기	오류 감지, 안내, 재시도, 캐시 대체, 로그 기록까지 이어지는 복구 흐름을 이해한다.	detectError()\nlogSafely()\nshowCacheOrFallback()\nofferRetry()\nrestoreState()	error recovery flow의 자연스러운 순서는?	오류 감지 → 안전한 로그 기록 → 캐시 또는 대체 안내 → 재시도 제공 → 상태 복구	오류를 감지하면 먼저 진단 정보를 민감 정보 없이 기록한다. 그다음 사용할 수 있는 캐시나 대체 화면을 보여 주고, 안전하게 반복 가능한 작업에는 재시도를 제공한다. 성공하면 입력과 화면 상태를 복구해야 한다. 실제 구현에서는 캐시 표시와 재시도 순서가 상황에 따라 달라질 수 있지만, 사용자가 데이터 손실 없이 다음 행동을 알 수 있어야 한다.	감사 v2에서 ERROR_RECOVERY_USER_FACING이 0 hits였으므로, v59는 사용자가 오류 상황에서도 앱을 복구하고 학습을 이어갈 수 있는 UX를 보강한다.	meaning_choice	"[""error_recovery_flow"",""fallback_UI"",""retry""]"
10	python_error_recovery_retry_ux_v59.json	PY59_L10_recovery_quality_gate_001	recovery quality gate 읽기	오류 복구 UX가 실제로 동작하는지 테스트 케이스로 확인하는 습관을 이해한다.	assert loadFailedShowsRetry()\nassert invalidJsonShowsMessage()\nassert cacheFallbackWorks()	recovery quality gate의 목적은?	실패 상황에서도 앱이 안내와 복구 행동을 제공하는지 검증하기 위해	recovery quality gate는 실패 상황에서도 사용자가 복구할 수 있는지 확인하는 검증 기준이다. 성공 케이스만 테스트하면 실제 실패 UX를 놓치기 쉽다.	감사 v2에서 ERROR_RECOVERY_USER_FACING이 0 hits였으므로, v59는 사용자가 오류 상황에서도 앱을 복구하고 학습을 이어갈 수 있는 UX를 보강한다.	meaning_choice	"[""quality_gate"",""error_recovery"",""test_case""]"
10	python_error_recovery_retry_ux_v59.json	PY59_L10_retry_policy_001	retry policy 읽기	무한 재시도를 피하고 횟수와 간격을 정하는 retry policy를 이해한다.	maxRetries = 3\nwaitMs = 500 * (2 ** attempt)	retry policy가 필요한 이유는?	무한 재시도나 과도한 요청을 막기 위해	retry policy는 어떤 실패를 몇 번, 어떤 간격으로 다시 시도할지 정하는 규칙이다. 예시는 시도 횟수에 따라 대기 시간이 커지는 지수 backoff의 단순 형태다. 실제 서비스에서는 여러 클라이언트가 동시에 몰리지 않도록 작은 무작위 지연(jitter)을 더하고, 일시적이며 반복 실행해도 안전한 요청만 재시도해야 한다.	감사 v2에서 ERROR_RECOVERY_USER_FACING이 0 hits였으므로, v59는 사용자가 오류 상황에서도 앱을 복구하고 학습을 이어갈 수 있는 UX를 보강한다.	meaning_choice	"[""retry_policy"",""backoff"",""resilience""]"
10	python_fastapi_api_server_v20.json	PY20_L10_api_service_repository_001	API-Service-Repository 흐름 읽기	endpoint가 직접 모든 일을 하지 않고 service/repository로 위임하는 구조를 읽는다.	"@app.get(""/search"")\ndef search(q: str):\n    return search_service.search(q)\n\nclass SearchService:\n    def search(self, q):\n        chunks = self.repo.find_chunks(q)\n        return self.answer_builder.build(q, chunks)"	endpoint가 search_service.search(q)를 호출하는 이유에 가장 가까운 것은?	API 계층과 검색 로직을 분리하기 위해	endpoint는 요청/응답에 집중하고, 실제 검색 로직은 service가 담당하게 나누면 유지보수가 쉽다. API-Service-Repository 흐름은 endpoint가 요청을 받고 service가 규칙을 처리한 뒤 repository가 DB를 다루는 구조다. 테스트와 유지보수에 유리하다.	교육 서비스/RAG 서비스 MVP를 조금 더 깔끔하게 키울 때 필요한 구조다.	meaning_choice	"[""def"",""function"",""return"",""class"",""api"",""service"",""repository"",""architecture""]"
10	python_fastapi_api_server_v20.json	PY20_L10_api_timeout_retry_001	fetch timeout과 AbortController 흐름 읽기	느린 API 요청을 제한 시간 안에 끝내고 실패 시 재시도하는 구조를 읽는다.	async function fetchWithTimeout(url, ms = 10000) {\n  const controller = new AbortController();\n  const timer = setTimeout(() => controller.abort(), ms);\n  try {\n    return await fetch(url, { signal: controller.signal });\n  } finally {\n    clearTimeout(timer);\n  }\n}	controller.abort()는 언제 호출되는가?	ms 시간이 지나 timeout이 발생할 때	setTimeout callback은 ms가 지난 뒤 controller.abort()를 호출하고, 아직 진행 중인 fetch는 보통 AbortError로 reject된다. fetch가 먼저 끝나면 finally가 timer를 지운다. 이 함수는 timeout만 구현하며 retry는 전혀 하지 않는다. 재시도를 추가할 때는 AbortError와 사용자 취소를 구분하고 안전한 요청에만 횟수 제한과 backoff를 적용해야 한다.	로컬 RAG API가 느릴 때 프론트가 무한 대기하지 않게 하는 코드다.	meaning_choice	"[""return"",""timeout"",""retry"",""fetch"",""AbortController""]"
10	python_fastapi_api_server_v20.json	PY20_L10_async_endpoint_001	async endpoint 읽기	비동기 endpoint에서 await로 작업을 기다리는 구조를 읽는다.	"@app.get(""/health"")\nasync def health():\n    status = await check_database()\n    return {""db"": status}"	await check_database()의 의미는?	비동기 작업 check_database가 끝날 때까지 기다린다	await는 check_database coroutine이 완료될 때까지 현재 health task를 일시 중단한다. 그 coroutine이 non-blocking I/O에서 제어권을 event loop에 돌려주면 server가 그동안 다른 준비된 task를 실행할 수 있다. 단순히 async def로 바꾸는 것만으로 blocking DB driver나 CPU 작업이 non-blocking이 되는 것은 아니다.	외부 API, DB, 파일 I/O가 섞인 서버 코드에서 자주 나온다.	meaning_choice	"[""return"",""async"",""await"",""endpoint"",""fastapi""]"
10	python_fastapi_api_server_v20.json	PY20_L10_fetch_error_handling_001	fetch 오류 처리 읽기	HTTP 응답이 실패일 때 명확히 에러를 던지는 코드를 읽는다.	"const res = await fetch(""/api/search?q=lidar"");\nif (!res.ok) {\n  throw new Error(""API failed: "" + res.status);\n}\nconst data = await res.json();"	res.ok가 false이면 무슨 일이 일어나는가?	Error를 던지고 data 파싱으로 넘어가지 않는다	Response.ok는 status가 200~299이면 true다. false이면 throw가 현재 async 흐름을 중단하므로 이 함수 안에서는 res.json까지 가지 않는다. 그러나 화면이 멈추지 않게 하려면 이 코드를 호출한 곳에서 try/catch로 error를 받아 사용자 메시지와 재시도 동작을 제공해야 한다. fetch 자체의 network rejection도 같은 경계에서 처리한다.	프론트에서 API 실패를 조용히 무시하지 않게 만드는 실전 패턴이다.	meaning_choice	"[""fetch"",""error_handling"",""http_status"",""frontend""]"
10	python_fastapi_api_server_v20.json	PY20_L10_frontend_fetch_001	프론트엔드 fetch API 호출 읽기	브라우저 JS에서 로컬 API를 호출하고 JSON을 읽는 흐름을 이해한다.	"async function search(q) {\n  const res = await fetch(""http://127.0.0.1:8000/search?q="" + encodeURIComponent(q));\n  const data = await res.json();\n  return data;\n}"	encodeURIComponent(q)를 쓰는 이유는?	검색어의 공백/특수문자를 URL에 안전하게 넣기 위해	encodeURIComponent는 q를 query 값 한 칸에 넣을 수 있도록 공백, &, # 같은 문자를 percent-encode한다. 암호화나 접근 제어는 아니다. fetch는 404나 500에서도 보통 resolve하므로 이 함수는 res.ok를 검사해야 하고, JSON이 아닌 응답이나 network 오류를 caller가 처리해야 한다.	정적 PWA에서 로컬 RAG API를 붙이는 흐름이다.	meaning_choice	"[""return"",""fetch"",""frontend"",""api"",""json""]"
10	python_fastapi_api_server_v20.json	PY20_L10_request_logging_001	요청 로그 middleware 읽기	모든 요청의 경로와 처리 시간을 기록하는 middleware 구조를 읽는다.	"import time\n\n@app.middleware(""http"")\nasync def log_requests(request, call_next):\n    start = time.perf_counter()\n    status = 500\n    try:\n        response = await call_next(request)\n        status = response.status_code\n        return response\n    finally:\n        elapsed = time.perf_counter() - start\n        print(request.method, request.url.path, status, elapsed)"	call_next(request)의 역할은?	다음 요청 처리 단계로 요청을 넘기고 응답을 받는다	call_next는 요청을 다음 middleware와 endpoint로 보내고 response를 돌려준다. status를 먼저 500으로 두어 아래 단계가 예외를 내도 finally에서 시간과 실패 상태를 기록한다. 경과 시간에는 시스템 시각 조정의 영향을 덜 받는 perf_counter를 쓴다. production에서는 print 대신 구조화 logger와 request ID를 사용하고 민감한 query·header는 기록하지 않는다.	API 사용량, 응답시간, 오류 상태를 추적하는 운영 코드의 기본이다.	meaning_choice	"[""return"",""try_except"",""import"",""print"",""middleware"",""logging"",""request"",""api""]"
10	python_fastapi_api_server_v20.json	PY20_L10_static_plus_api_001	정적 PWA와 API 서버 역할 구분	정적 파일 서버와 API 서버가 하는 일이 다르다는 것을 이해한다.	# 정적 개발 서버\npython -m http.server 8790 --bind 127.0.0.1\n# 디렉터리의 HTML/CSS/JS/JSON 파일 제공\n\n# ASGI API 개발 서버\nuvicorn search_api:app --host 127.0.0.1 --port 8000\n# application 코드가 검색/질문/DB 조회 요청 처리	uvicorn 서버의 역할에 가장 가까운 것은?	검색/질문/DB 조회 같은 동적 요청 처리	첫 command는 현재 디렉터리의 파일을 거의 그대로 제공하는 개발용 정적 server다. 둘째 command는 ASGI application을 실행해 route 함수가 입력에 따라 동적 응답을 만든다. FastAPI도 설정하면 정적 파일을 제공할 수 있으므로 기술적으로 완전히 분리된다는 뜻은 아니며, 둘 다 예시 설정은 localhost 개발용이다.	정적 frontend와 동적 API의 책임 및 개발 port를 구분하는 구조다.	meaning_choice	"[""comment"",""static_app"",""api_server"",""architecture"",""pwa""]"
10	python_file_data_processing_v19.json	PY19_L10_atomic_write_001	임시 파일 후 교체 저장 읽기	저장 중 실패해도 원본 파일 손상을 줄이는 패턴을 이해한다.	"from pathlib import Path\n\npath = Path(""result.json"")\ntmp = path.with_suffix("".tmp"")\n\ntmp.write_text(""{\""ok\"": true}"", encoding=""utf-8"")\ntmp.replace(path)"	tmp.replace(path)의 의미는?	임시 파일을 최종 파일 위치로 교체한다	result.tmp를 완전히 쓴 뒤 replace가 같은 디렉터리의 result.json 위치로 이름을 바꾼다. 같은 filesystem에서 운영체제가 atomic rename을 제공하면 독자가 중간 파일을 볼 위험이 줄어든다. 하지만 write가 storage에 영구 반영됐음을 보장하려면 flush/fsync와 디렉터리 fsync 정책이 필요할 수 있고, 권한·filesystem·다른 process 조건에 따라 replace도 실패할 수 있다.	중요한 manifest, progress, 검증 결과를 안전하게 저장할 때 쓸 수 있다.	meaning_choice	"[""import"",""atomic_write"",""temp_file"",""replace"",""safe_write""]"
10	python_file_data_processing_v19.json	PY19_L10_failed_list_001	실패 목록 수집 패턴 읽기	배치 처리 중 실패한 파일만 따로 모으는 코드를 읽는다.	"failed = []\n\nfor path in files:\n    try:\n        convert(path)\n    except Exception as e:\n        failed.append({""path"": str(path), ""error"": str(e)})\n\nprint(""failed"", len(failed))"	이 코드가 실패해도 전체 루프가 계속될 수 있는 이유는?	try/except로 각 파일의 오류를 잡기 때문에	각 convert 호출을 try/except로 감싸므로 Exception이 발생한 파일은 path와 오류 문자열을 failed에 추가한 뒤 다음 반복으로 넘어간다. 모든 Exception을 같은 방식으로 삼키면 디스크 부족이나 설정 오류 같은 시스템 전체 문제도 계속 반복할 수 있다. 예상 가능한 항목별 오류만 잡고, 치명적 오류는 중단하며, 오류 문자열의 민감 정보도 정제해야 한다.	PDF 추출, zip 해제, JSON 파싱, 수집 파일 처리에서 꼭 필요한 운용 패턴이다.	meaning_choice	"[""for"",""print"",""error_handling"",""failed_list"",""try_except"",""batch""]"
10	python_file_data_processing_v19.json	PY19_L10_file_exists_guard_001	파일 존재 여부 guard 읽기	입력 파일이 없을 때 명확한 오류를 내는 코드를 읽는다.	"from pathlib import Path\n\ninput_path = Path(""input.jsonl"")\nif not input_path.exists():\n    raise FileNotFoundError(f""missing input: {input_path}"")"	이 guard의 목적은?	입력 파일이 없을 때 조기에 명확히 실패시키기	exists가 False이면 뒤 처리로 가지 않고 구체적인 path가 든 FileNotFoundError를 일찍 발생시킨다. 다만 exists는 같은 이름의 디렉터리에도 True이므로 입력이 일반 파일이어야 한다면 input_path.is_file()을 검사해야 한다. 검사 직후 파일이 사라질 수도 있으므로 실제 open 오류도 여전히 처리해야 한다.	긴 파이프라인에서 잘못된 경로를 빠르게 잡아내는 습관이다.	meaning_choice	"[""if"",""import"",""exists"",""guard"",""file"",""error_handling""]"
10	python_file_data_processing_v19.json	PY19_L10_large_file_count_001	대용량 파일 줄 수 세기	큰 파일을 전체 로드하지 않고 줄 수만 세는 코드를 읽는다.	"count = 0\nwith open(""chunks.jsonl"", ""r"", encoding=""utf-8"") as f:\n    for _ in f:\n        count += 1\n\nprint(count)"	이 방식이 read_text().splitlines()보다 유리한 점은?	파일 전체를 메모리에 올리지 않는다	대용량 파일은 한 번에 모두 읽으면 메모리를 많이 쓸 수 있다. for _ in f처럼 줄 단위로 순차 처리하면 더 안전하게 개수를 셀 수 있다. 스트리밍 방식은 파일 크기가 커져도 메모리 사용량이 비교적 일정해 배치 처리에 적합하다. 따라서 출력은 ‘파일 전체를 메모리에 올리지 않는다’이다.	수 GB chunk jsonl처럼 큰 파일을 점검할 때 필요한 독해다.	meaning_choice	"[""for"",""print"",""large_file"",""streaming"",""count"",""memory""]"
10	python_file_data_processing_v19.json	PY19_L10_resume_done_set_001	resume 가능한 처리 루프 읽기	이미 처리한 id를 건너뛰고 중단 지점부터 이어가는 코드를 읽는다.	"done_ids = set(load_done_ids(""done.txt""))\n\nfor row in rows:\n    if row[""id""] in done_ids:\n        continue\n    process(row)\n    append_done_id(""done.txt"", row[""id""])"	if row['id'] in done_ids: continue의 의미는?	이미 처리한 항목은 건너뛴다	done_ids에 있는 id는 continue로 건너뛰고, 새 항목은 process가 성공한 뒤 done.txt에 기록한다. set membership은 평균적으로 빠르다. 다만 process의 외부 효과는 성공했는데 완료 기록이 실패하면 재실행 때 중복 처리될 수 있다. 작업을 idempotent하게 만들거나 결과와 완료 상태를 하나의 transaction으로 기록하고, 동시 worker의 중복 실행도 제어해야 한다.	샤드/노드패스/파일 추출 작업처럼 오래 걸리는 루틴에 필요한 패턴이다.	meaning_choice	"[""if"",""for"",""continue"",""resume"",""checkpoint"",""set"",""batch""]"
10	python_files_paths_project_structure_v32.json	PY32_L10_config_location_001	config 파일 위치 읽기	바뀔 수 있는 설정을 코드와 분리하는 이유를 이해한다.	config/\n  app_settings.json\n\nsrc/\n  app.py	config를 따로 두는 장점은?	코드를 덜 고치고 설정만 바꿀 수 있다	일반 설정을 코드와 분리하면 환경별 값을 바꿀 때 애플리케이션 코드를 덜 수정해도 된다. 하지만 app_settings.json이나 커밋되는 .env 파일에 비밀값을 넣어도 안전해지는 것은 아니다. 비밀값은 배포 환경의 환경 변수나 전용 비밀 저장소처럼 접근이 통제된 위치에서 관리해야 한다.	lessonFiles 목록이나 API endpoint를 장기적으로 config화할 때 필요한 사고방식이다.	meaning_choice	"[""config"",""settings"",""project_structure""]"
10	python_files_paths_project_structure_v32.json	PY32_L10_file_pipeline_001	파일 처리 파이프라인 읽기	입력 파일을 읽고 변환한 뒤 출력 파일로 저장하는 흐름을 이해한다.	"input_path = "".\data\raw\cards_source.json""\noutput_path = "".\data\lessons\cards_clean.json""\n\nraw = read_json(input_path)\nclean = normalize_cards(raw)\nwrite_json(output_path, clean)"	이 코드의 흐름으로 맞는 것은?	읽기 → 정리 → 쓰기	이 코드는 input_path의 JSON을 읽고 normalize_cards로 정리한 뒤 output_path에 쓴다. 따라서 보이는 흐름은 읽기 → 정리 → 쓰기다. 검증이 필요하다면 write_json 전에 별도의 validate 단계가 코드에 실제로 있어야 한다.	카드 생성, 문서 추출, KG chunk 처리 모두 같은 패턴이다.	meaning_choice	"[""pipeline"",""input"",""output"",""file_processing""]"
10	python_files_paths_project_structure_v32.json	PY32_L10_git_ignore_outputs_001	.gitignore와 산출물 분리	Git에 올릴 파일과 올리지 않을 파일을 구분하는 이유를 이해한다.	# .gitignore 예시\ntmp/\noutputs/\n*.bak	tmp/를 .gitignore에 넣는 이유로 가장 맞는 것은?	임시 파일을 Git 추적에서 제외하기 위해	.gitignore의 tmp/, outputs/, *.bak 규칙은 아직 추적되지 않은 일치 항목이 새로 Git에 추가되지 않게 한다. 이미 커밋되어 추적 중인 파일에는 규칙만 추가해도 적용되지 않는다. 또한 재생성 가능한 임시 산출물인지 확인한 뒤 제외하고, 필요한 공식 산출물은 프로젝트 정책에 따라 추적한다.	패치 ps1, 임시 백업, 검증 산출물을 정리할 때 필요한 개념이다.	meaning_choice	"[""comment"",""gitignore"",""outputs"",""temporary_files""]"
10	python_files_paths_project_structure_v32.json	PY32_L10_output_folder_001	output 폴더 구조 읽기	스크립트 산출물을 output 폴더에 모으는 이유를 이해한다.	outputs/\n  validation_report_20260529.txt\n  cards_summary_20260529.json	outputs 폴더에 넣기 좋은 것은?	검증 리포트나 생성 결과물	output folder는 생성 결과와 리포트를 원본 코드에서 분리해 모으는 위치다. 이렇게 하면 정리, 보존 기간, 배포 포함 여부를 한곳에서 관리하기 쉽다. 다만 재현이 어렵거나 공식 산출물인 파일은 무조건 Git에서 제외하지 말고 프로젝트 정책에 따라 추적 여부를 정해야 한다.	확장 스크립트 결과, 검증 로그, 카드 통계를 모으는 데 쓸 수 있다.	meaning_choice	"[""output"",""artifact"",""folder_structure""]"
10	python_files_paths_project_structure_v32.json	PY32_L10_project_structure_001	scripts/data/src 구조 읽기	프로젝트에서 코드, 데이터, 스크립트 폴더를 나누는 이유를 이해한다.	project/\n  src/\n    pwa/\n  data/\n    lessons/\n  scripts/\n    validate_lessons.ps1	data/lessons 폴더의 역할로 맞는 것은?	학습 카드 JSON 데이터를 보관한다	src는 앱 코드, data는 데이터, scripts는 자동화 스크립트로 나누면 찾기 쉽다. scripts/data/src 구조는 실행 도구, 데이터 파일, 앱 코드를 역할별로 나누는 방식이다. 파일이 어디에 있어야 하는지 기준이 생겨 유지보수가 쉬워진다. 따라서 정답은 ‘학습 카드 JSON 데이터를 보관한다’이다.	현재 python-reading-trainer 프로젝트 구조와 직접 연결된다.	meaning_choice	"[""project_structure"",""scripts"",""data"",""src""]"
10	python_frontend_state_storage_cache_v39.json	PY39_L10_debounce_001	debounce 읽기	입력이 멈춘 뒤 일정 시간 후 한 번만 실행하는 debounce를 이해한다.	onSearchInput(text):\n  cancelPreviousTimer()\n  setTimer(300ms, () => search(text))	debounce를 검색창에 쓰는 이유는?	키를 누를 때마다 API를 과도하게 호출하지 않기 위해	debounce는 마지막 입력 뒤 300ms 동안 새 입력이 없을 때만 search를 호출해 입력마다 요청하는 일을 줄인다. 이미 시작된 이전 fetch는 timer 취소만으로 멈추지 않으므로 AbortController로 취소하거나 request ID를 비교해 늦게 도착한 옛 결과가 새 결과를 덮지 않게 해야 한다.	카드 검색, 노드 검색, RAG 검색 UI를 붙일 때 중요하다.	meaning_choice	"[""debounce"",""input"",""performance"",""search""]"
10	python_frontend_state_storage_cache_v39.json	PY39_L10_event_handler_001	event handler 읽기	사용자 행동에 반응하는 event handler의 역할을 이해한다.	"button.addEventListener(""click"", () => {\n  showNextCard()\n})"	이 event handler는 언제 실행되는가?	버튼을 클릭했을 때	event handler는 클릭, 입력, 스크롤 같은 사용자 이벤트에 반응하는 함수다. event handler는 사용자의 클릭, 입력, 스크롤 같은 사건이 발생했을 때 실행되는 함수다. 어떤 이벤트에 연결되어 있고, 실행 뒤 상태나 화면이 어떻게 바뀌는지 확인해야 한다. 따라서 정답은 ‘버튼을 클릭했을 때’이다.	다음 카드, 정답 보기, 설정 열기 버튼 모두 event handler로 연결된다.	meaning_choice	"[""event_handler"",""click"",""UI""]"
10	python_frontend_state_storage_cache_v39.json	PY39_L10_loading_error_empty_001	loading / error / empty state 읽기	데이터 화면에서 로딩/오류/빈 상태를 각각 다뤄야 하는 이유를 이해한다.	"if (loading) {\n  show(""불러오는 중"");\n} else if (error) {\n  show(""불러오지 못했습니다"");\n} else if (items.length === 0) {\n  show(""표시할 카드가 없습니다"");\n} else {\n  render(items);\n}"	items.length == 0일 때의 상태는?	empty state	loading, error, empty, success를 구분하면 빈 화면의 이유를 사용자가 알 수 있다. 이 순서에서는 loading과 error가 먼저이고, 요청이 끝나 오류가 없으며 items가 빈 배열일 때만 empty state를 보여 준다. items가 아직 undefined라면 length 접근 전에 초기값이나 guard도 필요하다.	추천 카드가 없거나 검색 결과가 없을 때 필요한 UI 패턴이다.	meaning_choice	"[""loading_state"",""error_state"",""empty_state"",""UX""]"
10	python_frontend_state_storage_cache_v39.json	PY39_L10_pwa_update_check_001	PWA 업데이트 확인 흐름	PWA가 오래된 캐시를 쓸 수 있어 버전 확인이 필요한 이유를 이해한다.	"currentVersion = ""20260529_v38""\nserverVersion = ""20260529_v39""\n\nif currentVersion != serverVersion:\n  show(""새 버전이 있습니다"")"	버전이 다를 때 자연스러운 UI는?	새 버전 안내 또는 새로고침 유도	서버 version을 cache되지 않은 신뢰할 수 있는 경로에서 받아 현재 실행 version과 비교했을 때 다르면 새 버전 안내를 할 수 있다. 이것만으로 service worker update가 설치·활성화됐다는 뜻은 아니다. 새 worker의 waiting 상태와 사용자 작업 보존을 고려해 안전한 새로고침 흐름을 제공해야 한다.	APP_DATA_VERSION과 실제 로딩 파일 버전을 확인하는 운영 패턴이다.	meaning_choice	"[""if"",""PWA_update"",""cache"",""version_check""]"
10	python_frontend_state_storage_cache_v39.json	PY39_L10_render_flow_001	render flow 읽기	state가 바뀌면 화면을 다시 그리는 render flow를 이해한다.	const nextIndex = state.currentIndex + 1;\nif (nextIndex < state.cards.length) {\n  state.currentIndex = nextIndex;\n  renderCard(state.cards[state.currentIndex]);\n  updateProgressText();\n}	state.currentIndex가 바뀐 뒤 필요한 동작은?	새 currentIndex에 맞게 화면을 다시 그린다	다음 index가 cards 길이보다 작은지 확인한 뒤 state를 갱신하고 새 카드와 진행 문구를 렌더링한다. 경계 확인 없이 currentIndex를 먼저 늘리면 마지막 카드 다음에 undefined를 전달할 수 있다. 상태 변경과 DOM 갱신이 같은 상태를 기준으로 이뤄져야 한다.	추천 10장 중 다음 카드로 넘어가는 흐름과 연결된다.	meaning_choice	"[""render"",""state_change"",""UI_flow""]"
10	python_function_design_io_v30.json	PY30_L10_filter_function_001	filter function 읽기	조건을 받아 카드 목록을 줄이는 filter 함수를 이해한다.	"def filter_by_level(cards, level):\n    if level == ""all"":\n        return cards\n    return [card for card in cards if str(card[""level""]) == str(level)]"	level이 all이면 무엇을 반환하는가?	원래 cards 전체	"level이 정확히 문자열 ""all""이면 input cards와 같은 list object를 반환한다. caller가 반환 list를 mutate하면 원본도 바뀐다. 다른 경우 str 비교는 숫자 3과 문자열 ""3""을 같게 보지만 invalid type도 조용히 합칠 수 있으므로 level schema를 먼저 normalize·validate하고 aliasing을 원치 않으면 copy를 반환한다."	학습 도구의 레벨 선택, 검색 필터, 오늘 큐 생성과 직접 연결된다.	meaning_choice	"[""if"",""def"",""return"",""filter"",""predicate"",""function"",""cards""]"
10	python_function_design_io_v30.json	PY30_L10_function_name_001	함수명으로 의도 읽기	함수명을 보고 그 함수가 하는 일을 추정하는 습관을 익힌다.	loadProgress()\nsaveProgress(progress)\nrenderCard(card)\nfilterCards(cards, options)	renderCard(card)가 할 일로 가장 자연스러운 것은?	card를 화면에 표시할 형태로 만든다	load, save, render, filter라는 이름은 의도를 추측하게 하는 convention이라 renderCard는 card 표시 형태를 만들 가능성이 가장 높다. 하지만 이름만으로 side effect, return type와 실제 behavior를 보장하지는 않는다. definition, call site, tests와 documentation을 확인해 추론을 검증한다.	긴 app.js를 처음 읽을 때 함수명만 훑어도 대략적인 구조가 잡힌다.	meaning_choice	"[""naming"",""function"",""readability""]"
10	python_function_design_io_v30.json	PY30_L10_load_save_pair_001	load/save 함수 쌍 읽기	상태를 불러오는 함수와 저장하는 함수를 쌍으로 이해한다.	"def load_settings():\n    return read_json(""settings.json"")\n\ndef save_settings(settings):\n    write_json(""settings.json"", settings)"	load_settings와 save_settings의 관계로 맞는 것은?	같은 설정 데이터를 읽고 저장하는 쌍이다	load/save pair는 저장한 상태를 다시 불러오기 위해 함께 설계하는 함수 쌍이다. 상태를 유지하는 기능은 보통 저장과 복원이 같이 필요하다. 저장 형식이 바뀌면 load 함수도 함께 바뀌어야 하므로 두 함수를 같이 검증해야 한다. 따라서 반환/호출 결과는 ‘같은 설정 데이터를 읽고 저장하는 쌍이다’이다.	progress, memo, study tools 상태 저장 구조를 읽는 데 필요하다.	meaning_choice	"[""def"",""function"",""return"",""load"",""save"",""state"",""persistence""]"
10	python_function_design_io_v30.json	PY30_L10_orchestrator_function_001	orchestrator function 읽기	작은 함수들을 순서대로 호출해 전체 흐름을 만드는 orchestrator를 이해한다.	def run_validation():\n    cards = load_cards()\n    errors = validate_cards(cards)\n    print_report(errors)	run_validation의 역할은?	카드 로딩, 검증, 보고서 출력을 순서대로 묶는다	orchestrator는 세부 작업을 직접 다 하기보다 작은 함수들을 연결해 흐름을 만든다. orchestrator function은 여러 작은 함수를 순서대로 호출해 전체 흐름을 조립하는 함수다. 각 단계가 입력과 출력을 어떻게 넘기는지 확인해야 한다.	확장 스크립트의 생성→검증→APP CHECK→git status 흐름과 비슷하다.	meaning_choice	"[""def"",""function"",""orchestrator"",""pipeline"",""function_design""]"
10	python_function_design_io_v30.json	PY30_L10_split_long_function_001	긴 함수 쪼개기 읽기	하나의 긴 함수를 여러 작은 함수로 나누는 기준을 이해한다.	def build_today_queue(cards, progress):\n    candidates = filter_candidates(cards, progress)\n    scored = score_candidates(candidates, progress)\n    return pick_top(scored, limit=10)	이 구조의 장점은?	후보 추리기, 점수 계산, 선택 단계를 따로 읽고 테스트할 수 있다	split long function은 하나의 긴 함수를 여러 작은 함수로 나누는 리팩터링이다. 책임이 나뉘면 수정, 테스트, 검증이 쉬워진다. 입력 준비, 처리, 저장처럼 단계를 나누면 각 함수의 실패 원인을 따로 확인하기 쉽다.	추천 진도/오늘 큐 로직이 커질수록 이런 분리가 필요하다.	meaning_choice	"[""def"",""function"",""return"",""refactoring"",""small_function"",""maintainability""]"
10	python_function_design_io_v30.json	PY30_L10_testable_function_001	테스트 가능한 함수 구조 읽기	브라우저나 파일 없이도 테스트 가능한 함수 구조를 이해한다.	"def make_recommendation(cards, progress, limit=10):\n    unseen = [c for c in cards if not progress[""seen""].get(c[""id""])]\n    return unseen[:limit]"	make_recommendation이 비교적 test하기 쉬운 이유는?	cards와 progress input만으로 반환 list를 확인할 수 있기 때문	"function은 DOM·network·storage를 직접 쓰지 않고 cards와 progress에서 unseen slice를 반환하므로 작은 input으로 결과를 검사할 수 있다. 다만 progress[""seen""]이 mapping이라는 schema와 nonnegative limit을 검증하지 않고, 같은 mutable card object를 반환한다는 contract는 test에 명시해야 한다."	추천 10장 로직을 안정화하려면 이런 함수형 구조가 유리하다.	meaning_choice	"[""def"",""function"",""return"",""testing"",""function_design"",""dependency""]"
10	python_git_github_workflow_v33.json	PY33_L10_commit_scope_001	커밋 범위 정하기	하나의 커밋에 관련 변경만 묶는 이유를 이해한다.	"git add data/lessons/python_git_github_workflow_v33.json src/pwa/app.js\ngit commit -m ""Add Git workflow reading cards"""	이 커밋 범위가 자연스러운 이유는?	새 lesson 파일과 그 파일을 연결한 app.js가 같은 목적이기 때문	commit scope는 한 커밋에 어떤 범위의 변경을 묶을지 정하는 기준이다. 관련 있는 변경끼리 묶으면 리뷰와 되돌리기가 쉬워진다. 서로 다른 기능 수정과 문서 정리를 한 커밋에 섞으면 나중에 원인 추적이 어려워질 수 있다. 따라서 정답은 ‘새 lesson 파일과 그 파일을 연결한 app.js가 같은 목적이기 때문’이다.	확장 카드 추가 커밋은 lesson JSON과 app.js 연결만 포함하는 것이 깔끔하다.	meaning_choice	"[""commit_scope"",""atomic_commit"",""review""]"
10	python_git_github_workflow_v33.json	PY33_L10_commit_script_cleanup_001	패치 스크립트 정리 읽기	실행 후 남은 패치 ps1을 Git에 넣지 않고 정리하는 이유를 이해한다.	Remove-Item .\python_reading_trainer_expand_v33_git_github_workflow.ps1 -ErrorAction SilentlyContinue\ngit status	패치 스크립트를 지운 뒤 git status를 보는 이유는?	untracked 파일이 남았는지 확인하기 위해	정확히 확인한 임시 스크립트만 삭제한 뒤 git status로 남은 untracked 파일과 예상 밖 변경을 확인한다. -ErrorAction SilentlyContinue는 삭제 실패 메시지를 숨길 수 있으므로 status 확인을 생략하면 안 된다. 보존할 가치가 있는 자동화 도구라면 임시 파일로 취급하지 말고 검토해 정식 위치에 둔다.	지금까지 v27~v32 작업 후 매번 정리하던 루틴이다.	meaning_choice	"[""cleanup"",""untracked"",""script_file""]"
10	python_git_github_workflow_v33.json	PY33_L10_crlf_warning_001	CRLF warning 읽기	Windows에서 자주 보이는 LF/CRLF 경고의 의미를 이해한다.	warning: in the working copy of src/pwa/app.js,\nLF will be replaced by CRLF the next time Git touches it	이 경고의 핵심 의미는?	줄바꿈 형식이 Git 처리 과정에서 바뀔 수 있다	이 경고는 Git의 줄바꿈 변환 설정 때문에 작업 트리의 LF가 나중에 CRLF로 바뀔 수 있다는 뜻이다. 보통 즉시 실패를 뜻하지는 않지만 파일 전체가 바뀐 것처럼 보이는 diff나 도구 간 불일치를 만들 수 있다. 팀에서는 .gitattributes와 core.autocrlf 정책을 맞추고 실제 diff를 확인한다.	매번 git add 때 보이는 LF to CRLF 경고를 이해하기 위한 카드다.	meaning_choice	"[""CRLF"",""line_ending"",""Git_warning"",""Windows""]"
10	python_git_github_workflow_v33.json	PY33_L10_github_pages_001	GitHub Pages 배포 흐름 읽기	정적 앱이 GitHub Pages로 배포되는 기본 흐름을 이해한다.	local change\ngit add\ngit commit\ngit push\nconfigured Pages build/deploy\npublic URL updated	GitHub Pages URL에 반영되려면 보통 어떤 단계가 먼저 필요한가?	git push	로컬 변경은 먼저 commit과 push로 원격 저장소에 도달해야 한다. 그 다음 Pages가 해당 브랜치·폴더 또는 Actions workflow를 배포 원본으로 사용하도록 설정되어 있어야 빌드와 배포가 시작된다. push만 성공해도 공개 URL 갱신은 실패하거나 시작되지 않을 수 있으므로 배포 상태와 실제 revision을 확인한다.	로컬에서만 보이는 변경은 push 전에는 Pages에 반영되지 않는다.	order_choice	"[""GitHub_Pages"",""deploy"",""static_site""]"
10	python_git_github_workflow_v33.json	PY33_L10_remote_tracking_001	origin/main 추적 상태 읽기	로컬 브랜치와 원격 브랜치의 관계를 나타내는 문장을 이해한다.	On branch main\nYour branch is up to date with origin/main.	up to date with origin/main의 의미는?	로컬 main과 로컬에 기록된 origin/main이 같은 커밋을 가리킨다	origin/main은 마지막 fetch나 pull 때 갱신된 로컬 원격 추적 참조다. 이 문구는 로컬 main이 그 저장된 참조와 앞서거나 뒤처지지 않았다는 뜻이지, 원격 서버를 방금 조회했다는 뜻은 아니다. 최신 원격 상태와 비교하려면 먼저 git fetch가 성공해야 한다.	커밋과 push가 끝난 뒤 정상 종료 여부를 확인하는 핵심 문장이다.	meaning_choice	"[""origin"",""remote_tracking"",""main""]"
10	python_github_actions_ci_validation_v48.json	PY48_L10_ci_as_quality_gate_001	CI as quality gate 읽기	CI를 단순 실행기가 아니라 품질 게이트로 보는 관점을 이해한다.	commit -> push -> CI validation -> trusted main	CI를 quality gate로 둔다는 뜻은?	자동 검증을 통과한 변경만 안전한 기준으로 삼는 것	CI status를 branch protection의 required check로 설정해야 실패한 job이 merge를 실제로 막는 gate가 된다. workflow가 존재하거나 빨간 표시가 난다는 사실만으로 merge 차단이 자동 보장되지는 않는다. 관리자 bypass, skipped job, 권한과 protected branch 설정도 확인한다.	v48 이후 main에 올라간 lesson 데이터는 자동 검증 대상이 된다.	meaning_choice	"[""CI"",""quality_gate"",""release_safety""]"
10	python_github_actions_ci_validation_v48.json	PY48_L10_failing_ci_001	failing CI 읽기	CI 실패가 나쁜 것이 아니라 깨진 변경을 알려주는 신호임을 이해한다.	CI failed:\n  ANSWER NOT IN CHOICES: ['PYxx_bad']	CI 실패가 의미하는 것은?	자동 검증이 문제를 발견했다는 뜻	failing CI는 자동 검증 중 하나 이상이 실패했다는 신호다. 실패 로그를 읽으면 수정해야 할 파일이나 조건을 찾는 데 도움이 된다. CI가 실패하면 코드 자체 문제일 수도 있고 테스트 기대값이나 환경 설정 문제일 수도 있어 로그 확인이 먼저다. 따라서 정답은 ‘자동 검증이 문제를 발견했다는 뜻’이다.	answer not in choices, duplicate id, missing file 같은 문제를 CI가 알려줄 수 있다.	meaning_choice	"[""CI_fail"",""quality_gate"",""debugging""]"
10	python_github_actions_ci_validation_v48.json	PY48_L10_no_hardcoded_ci_count_001	CI에서 count 하드코딩 피하기	CI에서는 버전마다 바뀌는 카드 수를 너무 강하게 고정하지 않는 이유를 이해한다.	CI:\n  python tools/validate_lessons.py\n\nlocal release check:\n  python tools/validate_lessons.py --expected-lesson-cards 956	CI에서 카드 수 하드코딩을 피하면 좋은 점은?	새 버전 추가 때마다 workflow 파일을 수정하지 않아도 된다	workflow YAML을 매번 수정하지 않는 장점은 있지만 CI에서 count expectation을 완전히 빼면 lesson 연결 누락을 놓칠 수 있다. 예상 파일과 count를 version 관리된 manifest 또는 validator가 읽는 독립 metadata로 두면 workflow 변경 없이도 회귀 검사를 유지할 수 있다.	v42/v44/v47처럼 기대 카드 수가 달라지는 문제를 줄이기 위한 설계다.	meaning_choice	"[""hardcoded_count"",""future_proof"",""validation_policy""]"
10	python_github_actions_ci_validation_v48.json	PY48_L10_reproducible_validation_001	reproducible validation 읽기	같은 검증 스크립트를 로컬과 CI에서 반복 실행하는 재현 가능한 검증을 이해한다.	same repo\nsame script\nsame rules\nsame pass/fail	reproducible validation의 핵심은?	어디서 실행해도 같은 규칙으로 검증하는 것	재현 가능한 검증은 같은 input revision, validator, config, runtime과 dependency에서 같은 판정을 내는 것을 목표로 한다. same repo라는 표현만으로는 branch 시점, generated file, timezone, network 변화가 고정되지 않는다. tool version과 environment를 pin하고 외부 의존을 제거하거나 기록한다.	python-reading-trainer의 카드 품질 기준을 도구 파일로 고정하는 목적이다.	meaning_choice	"[""reproducible_validation"",""same_script"",""automation""]"
10	python_grouped_concepts_v15.json	PY15_L10_integrated_concept_map_001	KG/RAG/보안/운영 통합 지도	앱을 만들 때 여러 개념이 어떻게 함께 쓰이는지 통합해서 본다.	Data pipeline: extract -> chunk -> dedup -> canonicalize\nKG: entity/node -> relation -> evidence -> provenance\nRAG: retrieval -> grounding -> citation verification\nSecurity: authentication -> authorization -> secret protection -> audit log\nOperation: cache -> retry policy -> timeout -> monitoring	API key를 코드에 직접 넣지 않는 것은 어느 축에 가까운가?	Security	실제 서비스에서는 데이터 처리, KG, RAG, 보안, 운영이 연결된다. API key를 코드에 직접 넣지 않고 비밀 저장소나 안전하게 관리되는 환경 변수에서 읽는 일은 secret protection이므로 security 축에 해당한다. 다만 각 줄은 모든 시스템이 반드시 따르는 고정 순서가 아니라 역할을 정리한 개념 지도다.	Python 학습 앱과 KG/RAG 서비스의 여러 책임을 한눈에 연결하는 카드다.	meaning_choice	"[""knowledge_graph"",""rag"",""security"",""operation"",""system_design""]"
10	python_i18n_locale_language_toggle_v62.json	PY62_L10_i18n_flow_001	i18n flow 읽기	언어 감지, 설정 저장, 문구 조회, fallback, 품질 검증까지 이어지는 i18n 흐름을 이해한다.	detectSupportedLocale()\nloadMessages()\ncheckMissingKeys()\nsetLocale()\nrenderLocalizedUI()	i18n flow의 자연스러운 순서는?	지원 언어 감지 → 번역 문구 로드 → 누락 검증 → 언어 선택 적용 → 지역화된 화면 렌더링	먼저 브라우저 선호와 사용자 저장값을 지원 목록에 맞춰 locale 후보로 정한다. 번역 문구를 불러온 뒤 필수 key와 자리표시자를 검사하고, 선택을 적용해 문구와 날짜·숫자를 렌더링한다. 언어 변경 때도 같은 검증과 재렌더링 경로를 거쳐야 일부 화면만 이전 언어로 남는 일을 줄일 수 있다.	감사 v2에서 I18N_LANGUAGE_TOGGLE이 0 hits였으므로, v62는 언어 설정, locale, 번역 dictionary, fallback, 다국어 학습 UX를 보강한다.	meaning_choice	"[""i18n_flow"",""language_toggle"",""localization""]"
10	python_i18n_locale_language_toggle_v62.json	PY62_L10_i18n_quality_gate_001	i18n quality gate 읽기	언어 전환, 누락 번역, fallback이 제대로 동작하는지 테스트하는 기준을 이해한다.	assert t('next', 'ko-KR') == '다음'\nassert t('next', 'en-US') == 'Next'\nassert fallbackWorks()	i18n quality gate의 목적은?	언어 전환과 번역 누락 방어가 제대로 되는지 검증하기 위해	값이 존재한다는 사실만 검사하면 잘못된 언어의 문자열도 통과할 수 있다. 예시처럼 핵심 key의 실제 예상값, 누락 key fallback, 언어 변경 뒤 재렌더링을 확인한다. 복수형, 변수 자리표시자, 날짜·숫자 형식과 오른쪽에서 왼쪽으로 쓰는 레이아웃도 대표 locale별로 테스트해야 한다.	감사 v2에서 I18N_LANGUAGE_TOGGLE이 0 hits였으므로, v62는 언어 설정, locale, 번역 dictionary, fallback, 다국어 학습 UX를 보강한다.	meaning_choice	"[""quality_gate"",""i18n"",""test_case""]"
10	python_i18n_locale_language_toggle_v62.json	PY62_L10_translation_manifest_001	translation manifest 읽기	번역 파일의 언어, 버전, 완료 상태를 manifest로 관리하는 방식을 이해한다.	manifest = {\n  locale: 'en-US',\n  version: 'v62',\n  complete: true\n}	translation manifest의 역할은?	언어별 번역 파일의 버전과 상태를 추적하기 위해	translation manifest는 locale, 번역 버전과 적용 상태를 추적한다. complete: true라는 수동 표시는 선언일 뿐 완성을 보장하지 않으므로 필수 key와 자리표시자 검사를 통과했을 때 빌드가 계산하도록 하는 편이 안전하다. 원문 버전이 바뀌면 번역이 다시 검토 대상이 되도록 연결해야 한다.	감사 v2에서 I18N_LANGUAGE_TOGGLE이 0 hits였으므로, v62는 언어 설정, locale, 번역 dictionary, fallback, 다국어 학습 UX를 보강한다.	meaning_choice	"[""translation_manifest"",""metadata"",""i18n""]"
10	python_learning_streak_goal_habit_v63.json	PY63_L10_goal_quality_gate_001	goal quality gate 읽기	목표 저장, 진행률 계산, 달성 여부가 맞는지 테스트하는 품질 기준을 이해한다.	assert saveGoal()\nassert progressCalculated()\nassert completionDetected()	goal quality gate의 목적은?	목표 기능이 저장과 계산에서 일관되게 동작하는지 검증하기 위해	goal quality gate는 저장, 0 목표, 진행률 상한, 목표 변경과 일일 초기화가 일관되게 동작하는지 검증한다. 사용자 time zone의 자정과 일광 절약 시간 전환도 테스트해야 한다. 알림을 끈 사용자에게 알림이 가지 않는지와 목표를 낮춰도 과거 기록이 보존되는지도 포함한다.	감사 v2에서 LEARNING_STREAK_GOAL 축이 약했으므로, v63은 연속 학습, 하루 목표, 습관 루프, 목표 달성/복귀 UX를 보강한다.	meaning_choice	"[""quality_gate"",""goal"",""test_case""]"
10	python_learning_streak_goal_habit_v63.json	PY63_L10_habit_learning_flow_001	habit learning flow 읽기	목표 설정, 학습 기록, streak 계산, 보상, 복귀 UX까지 이어지는 전체 흐름을 이해한다.	setGoal()\nlogStudyDay()\nupdateStreak()\nshowReward()\nsuggestRecovery()	habit learning flow의 자연스러운 순서는?	목표 설정 → 학습 날짜 기록 → streak 계산 → 보상 메시지 → 실패 후 복귀 제안	사용자가 원하면 목표를 정하고, 같은 time zone 규칙으로 학습일을 기록한 뒤 streak와 목표 상태를 계산한다. 확인된 행동에만 선택적 피드백을 보여 주고, 쉬었다면 손실을 과장하지 않는 복귀 선택을 제공한다. 어느 단계에서도 알림·목표·streak를 끌 수 있어야 학습 흐름이 강제가 되지 않는다.	감사 v2에서 LEARNING_STREAK_GOAL 축이 약했으므로, v63은 연속 학습, 하루 목표, 습관 루프, 목표 달성/복귀 UX를 보강한다.	meaning_choice	"[""habit_learning_flow"",""learning_streak"",""daily_goal""]"
10	python_learning_streak_goal_habit_v63.json	PY63_L10_streak_quality_gate_001	streak quality gate 읽기	연속 학습 일수 계산이 날짜 경계에서 맞는지 확인하는 테스트를 이해한다.	assert streak(['2026-05-30','2026-05-31']) == 2	streak quality gate에서 중요한 것은?	연속 날짜 계산과 중복 날짜 처리가 맞는지 확인하는 것	streak quality gate는 중복 날짜를 한 번만 세고 실제로 이어진 현지 날짜만 연속으로 계산하는지 확인한다. 한 사례만으로는 부족하므로 날짜 순서 뒤섞임, 빈 기록, 월·연도 경계, time zone과 일광 절약 시간 변경, freeze 표시를 함께 테스트한다.	감사 v2에서 LEARNING_STREAK_GOAL 축이 약했으므로, v63은 연속 학습, 하루 목표, 습관 루프, 목표 달성/복귀 UX를 보강한다.	meaning_choice	"[""quality_gate"",""streak"",""date_logic""]"
10	python_learning_ux_review_algorithm_v49.json	PY49_L10_adaptive_learning_loop_001	adaptive learning loop 읽기	답변 결과가 다음 카드 추천에 다시 반영되는 학습 루프를 이해한다.	show_card()\nrecord_answer()\nupdate_mastery()\nreschedule_review()\nrecommend_next_card()	adaptive learning loop의 흐름으로 가장 알맞은 것은?	카드 제시 → 답변 기록 → 숙련도 갱신 → 복습 재예약 → 다음 카드 추천	adaptive learning loop는 사용자의 답변 데이터를 다음 학습 선택에 반영하는 반복 구조다. 풀기, 기록, 분석, 추천이 계속 이어진다. 이 루프가 잘 동작하려면 정답 여부뿐 아니라 시간, 반복 횟수, 난이도도 함께 기록해야 한다.	단순 카드 뷰어에서 개인화된 학습 코치로 넘어가는 핵심 구조다.	meaning_choice	"[""adaptive_learning"",""feedback_loop"",""review_algorithm""]"
10	python_learning_ux_review_algorithm_v49.json	PY49_L10_learning_roadmap_bridge_001	learning roadmap bridge 읽기	복습 알고리즘을 개념 그래프와 연결하는 방향을 이해한다.	if weak_concept == 'json':\n    recommend_prerequisite(['dict', 'list'])	concept graph와 복습 알고리즘을 연결하면 좋은 점은?	틀린 개념의 선행 개념까지 함께 추천할 수 있다	concept graph가 json의 prerequisite로 dict와 list를 명시하면 해당 내용을 보충 추천할 수 있다. 그러나 json 문제를 틀렸다는 사실만으로 선행 개념 부족이 원인이라고 확정할 수 없다. 진단 질문, 여러 시도와 graph edge의 근거를 사용하고 사용자가 추천을 건너뛸 수 있게 한다.	Python 학습앱과 교육 KG/개념 그래프를 연결하는 장기 방향이다.	meaning_choice	"[""if"",""learning_roadmap"",""concept_graph"",""prerequisite""]"
10	python_learning_ux_review_algorithm_v49.json	PY49_L10_learning_state_schema_001	learning state schema 읽기	카드별 학습 상태를 저장하는 데이터 구조를 설계하는 방식을 이해한다.	progress = {\n  'card_id': 'PY49_L06_spaced_repetition_001',\n  'attempts': 3,\n  'correct': 2,\n  'mastery': 0.67,\n  'next_review_at': '2026-06-03'\n}	learning state schema에 필요한 필드는?	card_id, attempts, correct, mastery, next_review_at	복습 알고리즘은 카드별 시도 횟수, 정답 수, 숙련도, 다음 복습일 같은 상태가 필요하다. learning state schema는 사용자의 학습 상태를 어떤 필드로 저장할지 정한 구조다. 완료 여부, 점수, 마지막 학습 시각의 의미를 확인해야 한다. 따라서 정답은 ‘card_id, attempts, correct, mastery, next_review_at’이다.	v50의 진도/오답노트 저장 구조로 이어지는 기반 개념이다.	meaning_choice	"[""learning_state"",""schema"",""progress_storage""]"
10	python_learning_ux_review_algorithm_v49.json	PY49_L10_review_algorithm_guard_001	review algorithm guard 읽기	복습 알고리즘에도 과도한 반복이나 편향을 막는 guard가 필요함을 이해한다.	if same_concept_count >= 5:\n    pick_different_concept()\nif session_size >= 30:\n    stop_for_today()	review algorithm guard가 필요한 이유는?	같은 개념만 과도하게 반복되거나 학습량이 너무 많아지는 것을 막기 위해	이미 같은 concept 5개 또는 session 30개에 도달했을 때 다음 추가 전에 guard를 실행한다. >를 쓰면 각각 한 개 더 허용하는 off-by-one이 생긴다. 숫자는 강제 학습 제한이 아니라 기본값으로 두고 접근성·사용자 선택과 학습 목표에 맞춰 조정한다.	학습앱은 약점 보강뿐 아니라 지치지 않게 학습 세션을 조절해야 한다.	meaning_choice	"[""if"",""review_algorithm"",""guardrail"",""learning_ux""]"
10	python_libraries_missing_topics_v11.json	PY11_L10_confusion_matrix_counter_001	confusion pair 집계 읽기	정답/예측 쌍별로 빈도를 세는 코드를 읽는다.	from collections import Counter\n\npairs = list(zip(y_true, y_pred))\ncounts = Counter(pairs)	counts에는 무엇이 들어가는가?	정답/예측 쌍별 빈도	zip은 같은 위치의 실제 라벨과 예측 라벨을 tuple로 묶고, Counter는 각 tuple이 나온 횟수를 센다. 따라서 counts의 키는 (실제값, 예측값), 값은 그 조합의 빈도다. 이는 confusion matrix를 만들 수 있는 pair 집계이지만 아직 행·열 라벨을 갖춘 2차원 표 자체는 아니다. 두 입력 길이가 다르면 zip이 짧은 쪽에서 멈추므로 평가 전 길이 검사가 필요하다.	피싱/분류/노드승격 평가 분석에 연결된다.	meaning_choice	"[""import"",""confusion_matrix"",""Counter"",""evaluation""]"
10	python_libraries_missing_topics_v11.json	PY11_L10_cosine_similarity_001	cosine similarity 흐름 읽기	코사인 유사도가 임베딩 검색에서 쓰이는 흐름을 읽는다.	"import numpy as np\n\ndef cosine(a, b):\n    denominator = np.linalg.norm(a) * np.linalg.norm(b)\n    if denominator == 0:\n        raise ValueError(""zero vector has no direction"")\n    return np.dot(a, b) / denominator"	이 함수의 목적은?	두 벡터의 방향 유사도를 계산한다	cosine similarity는 내적을 두 벡터 크기의 곱으로 나눠 크기의 영향을 줄이고 방향을 비교한다. 0이 아닌 실수 벡터에서는 보통 -1부터 1 사이이며 1에 가까울수록 같은 방향, 0은 직교, -1은 반대 방향이다. 0 벡터는 방향이 없어 분모가 0이 되므로 이 함수는 ValueError를 낸다. 임베딩 검색에서는 모델과 정규화 방식에 따라 점수 분포가 달라 실제 검색 결과와 함께 평가해야 한다.	RAG/semantic search/후보 매칭 코드에 중요하다.	meaning_choice	"[""if"",""def"",""function"",""return"",""import"",""vector_search"",""cosine_similarity"",""embedding""]"
10	python_libraries_missing_topics_v11.json	PY11_L10_eval_metric_accuracy_001	accuracy metric 읽기	정답과 예측이 일치한 비율을 계산하는 코드를 읽는다.	"def accuracy(y_true, y_pred):\n    if not y_true or len(y_true) != len(y_pred):\n        raise ValueError(""labels must be non-empty and equal length"")\n    correct = sum(1 for a, b in zip(y_true, y_pred) if a == b)\n    return correct / len(y_true)"	이 함수는 무엇을 계산하는가?	정답과 예측이 같은 비율	먼저 정답과 예측이 비어 있지 않고 길이가 같은지 확인한다. zip으로 같은 위치의 실제값 a와 예측값 b를 짝지어 같은 쌍마다 1을 더하고, 그 합을 전체 정답 수로 나누어 0~1 비율을 반환한다. 길이 검사가 없으면 zip이 짧은 쪽에서 조용히 멈춰 잘못된 점수가 나올 수 있다. accuracy는 클래스 불균형이 큰 데이터에서는 소수 클래스를 거의 못 맞혀도 높게 보일 수 있어 다른 지표도 함께 본다.	모델/규칙/분류기 평가 코드 읽기에 필요하다.	meaning_choice	"[""if"",""def"",""function"",""return"",""evaluation"",""metric"",""accuracy""]"
10	python_libraries_missing_topics_v11.json	PY11_L10_sensor_rolling_mean_001	sensor rolling mean 읽기	센서 시계열을 이동평균으로 부드럽게 만드는 코드를 읽는다.	"import pandas as pd\n\ndf[""smooth""] = df[""accel""].rolling(window=3).mean()"	rolling(window=3).mean()의 목적은?	최근 3개 값의 평균을 계산한다	기본 rolling(window=3)은 각 행에서 현재 값과 바로 앞의 두 값, 즉 뒤를 따라오는 3개 구간의 평균을 계산한다. 가운데를 기준으로 앞뒤 값을 쓰는 방식은 center=True를 따로 지정해야 한다. 기본 min_periods가 window와 같으므로 앞의 두 행은 값이 3개 모이지 않아 NaN이 된다. 이동평균은 변동을 줄이지만 급격한 변화가 늦게 보일 수도 있다.	센서 데이터/시계열 데이터 전처리에 자주 쓰인다.	meaning_choice	"[""import"",""sensor"",""pandas"",""rolling"",""mean""]"
10	python_llm_api_prompt_validation_v44.json	PY44_L10_evidence_grounded_generation_001	evidence-grounded generation 읽기	검색 근거를 답변 생성에 강하게 묶는 구조를 이해한다.	prompt = f'''\nQuestion: {question}\nEvidence:\n{context}\nRule: answer only from evidence\n'''	evidence-grounded generation의 핵심 규칙은?	주어진 근거 안에서만 답변하게 하는 것	prompt는 model에게 context 안의 evidence만 사용하라고 지시한다. 이는 원하는 동작을 유도할 뿐 보장하지 않으므로, 근거가 없을 때 거절 규칙, claim별 citation, answer-evidence 검증이 필요하다. context 자체가 신뢰할 수 있는 출처인지와 그 안의 명령형 text가 prompt injection이 아닌지도 확인한다.	교육 답변, KG 질의응답, 검증형 AI Proxy 모두 근거-우선 생성이 핵심이다.	meaning_choice	"[""evidence_grounded_generation"",""RAG"",""citation""]"
10	python_llm_api_prompt_validation_v44.json	PY44_L10_hallucination_guard_001	hallucination guard 읽기	근거 없는 답변을 줄이기 위한 검증 장치를 이해한다.	if answer_claims_not_supported(answer, evidence):\n    return revise_or_refuse(answer)	hallucination guard의 역할은?	근거로 확인되지 않는 주장을 줄인다	answer_claims_not_supported가 신뢰할 수 있게 각 claim과 evidence를 비교한다면 unsupported 답을 revise하거나 refuse할 수 있다. 하지만 자동 checker도 오류가 있고 한 함수가 hallucination을 완전히 막지는 못한다. claim별 citation, source 대조, calibrated threshold, 평가 dataset과 고위험 영역의 사람 검토를 함께 쓴다.	Cross-Verified RAG에서 evidence-first 검증과 soft penalty 로직으로 이어진다.	meaning_choice	"[""if"",""return"",""hallucination_guard"",""evidence"",""safety_check""]"
10	python_llm_api_prompt_validation_v44.json	PY44_L10_model_adapter_001	model adapter 읽기	모델 제공자별 API 차이를 adapter로 감싸는 이유를 이해한다.	class LLMAdapter:\n    def generate(self, messages):\n        raise NotImplementedError\n\nclass QwenAdapter(LLMAdapter): ...\nclass GPTAdapter(LLMAdapter): ...	model adapter를 두는 장점은?	모델 제공자가 바뀌어도 호출하는 쪽 수정 범위를 줄인다	adapter는 provider마다 다른 요청, 응답, 오류를 generate(messages)라는 내부 contract로 맞춘다. 공통 timeout과 관측 로직을 둘 수 있지만 retry를 adapter 안팎에서 중복하지 않도록 책임을 정한다. tool calling, context 한도, streaming 같은 capability 차이는 최저 공통분모로 숨기지 말고 명시적으로 노출하거나 거절한다.	로컬 Llama, Qwen, GPT를 MVP 상황에 맞게 바꿔 끼우려면 adapter가 필요하다.	meaning_choice	"[""def"",""function"",""class"",""model_adapter"",""provider_switch"",""interface""]"
10	python_llm_api_prompt_validation_v44.json	PY44_L10_tool_calling_001	tool calling 읽기	LLM이 도구 이름과 입력값을 구조화해 요청하고, 애플리케이션이 검증·실행한 결과를 다시 전달하는 흐름을 이해한다.	"tools = [search_docs, solve_math, get_profile]\n\nmodel requests:\n  tool_name = ""search_docs""\n  arguments = {""query"": question}\n\napp validates and runs the tool"	tool calling의 핵심은?	모델이 필요한 외부 기능 호출을 구조화해서 요청하는 것	model은 tool_name과 arguments를 제안하고 application이 실제 실행 여부를 결정한다. 앱은 server-side allowlist, argument schema, 현재 사용자의 권한, resource 범위와 rate limit을 확인해야 한다. 쓰기·결제 같은 side effect에는 확인과 idempotency를 두고, tool 결과도 untrusted input으로 취급해 prompt injection과 민감정보 노출을 막는다.	자연어 문제를 수식 변환 후 계산 도구에 넘기거나, RAG 검색 도구를 호출하는 구조와 연결된다.	meaning_choice	"[""tool_calling"",""function_call"",""external_tool""]"
10	python_logging_monitoring_ops_v25.json	PY25_L10_alert_condition_001	alert 조건 읽기	오류율이 임계값을 넘으면 알림을 발생시키는 조건을 읽는다.	"error_rate = errors / max(total_requests, 1)\nif error_rate > 0.05:\n    send_alert(f""high error rate: {error_rate:.2%}"")"	total_requests가 0일 때 max(total_requests, 1)를 쓰는 이유는?	0으로 나누는 오류를 피하기 위해	max(total_requests, 1)은 분모 0 exception을 피하고 요청이 0이면 error_rate를 0으로 계산한다. 하지만 요청 한두 건의 오류율은 매우 흔들리므로 alert에는 최소 traffic, 시간 window, 지속 시간과 severity를 함께 둔다. 비율만으로 장애를 단정하지 말고 latency와 절대 error count도 확인한다.	서빙 API나 수집 배치 오류율을 감시하는 기본 사고방식이다.	meaning_choice	"[""if"",""alert"",""error_rate"",""monitoring""]"
10	python_logging_monitoring_ops_v25.json	PY25_L10_audit_log_001	audit log 저장 읽기	누가 어떤 중요한 작업을 했는지 기록하는 감사로그 구조를 이해한다.	"def write_audit(user_id, action, target_id):\n    repo.insert_audit_log({\n        ""user_id"": user_id,\n        ""action"": action,\n        ""target_id"": target_id,\n        ""created_at"": now_iso(),\n    })"	audit log의 목적에 가장 가까운 것은?	중요 작업의 주체/행위/대상을 추적하기 위해	이 record는 누가(user_id), 어떤 action을, 어느 target에, 언제 수행했는지 추적하는 기본 field를 저장한다. 중요한 audit에는 결과, request/run id와 정책에 맞는 source context도 필요하다. log 자체를 최소 권한으로 보호하고 tamper-resistant storage, 시간 동기화, 보존·삭제 정책을 적용하며 secret이나 불필요한 PII를 넣지 않는다.	비공개 자산, API 키, 프롬프트/스코어링 변경 이력 관리와 연결된다.	meaning_choice	"[""def"",""function"",""audit_log"",""security"",""traceability"",""database""]"
10	python_logging_monitoring_ops_v25.json	PY25_L10_cost_quota_monitor_001	비용/쿼터 모니터링 코드 읽기	사용량이 예산이나 한도에 가까워지면 경고하는 코드를 읽는다.	"usage_ratio = used_credits / max(total_credits, 1)\nif usage_ratio > 0.8:\n    logging.warning(""credit usage high: %.1f%%"", usage_ratio * 100)"	usage_ratio가 0.85이면 어떤 로그가 남는가?	warning 로그	total_credits가 양수이고 ratio가 0.85이면 threshold 0.8을 넘으므로 warning을 남긴다. total_credits가 0인 경우 max(...,1)은 division error만 피할 뿐 의미 있는 quota ratio가 아니므로 별도 configuration error로 처리해야 한다. 경고는 과금을 막지 않으므로 hard budget, rate limit과 provider usage source도 함께 둔다.	AWS credit, LLM API 사용량, 무료 quota를 안전하게 쓰는 운영 습관이다.	meaning_choice	"[""if"",""quota"",""cost"",""rate_limit"",""monitoring""]"
10	python_logging_monitoring_ops_v25.json	PY25_L10_cron_log_001	worker cron 로그 읽기	스케줄러가 어떤 작업을 언제 실행했는지 로그로 확인하는 구조를 읽는다.	"export default {\n  async scheduled(event, env, ctx) {\n    console.log(""cron fired"", event.cron)\n    ctx.waitUntil(runCurate(env))\n  }\n}"	ctx.waitUntil(runCurate(env))의 의미에 가장 가까운 것은?	스케줄 이벤트에서 비동기 작업을 끝까지 실행하도록 등록한다	ctx.waitUntil은 scheduled handler가 반환한 뒤에도 platform execution lifetime 안에서 promise를 추적하도록 등록한다. 무제한 실행이나 반드시 완료를 보장하는 것은 아니며 platform limit, exception, deployment로 중단될 수 있다. runCurate는 idempotent하게 만들고 실패 log·retry·durable checkpoint를 두며 ctx.waitUntil에 전달한 promise의 rejection도 관찰해야 한다.	wrangler tail로 cron 실행 로그를 확인하던 흐름과 연결된다.	meaning_choice	"[""cron"",""worker"",""scheduled_job"",""log""]"
10	python_logging_monitoring_ops_v25.json	PY25_L10_incident_summary_001	장애 요약 객체 읽기	문제가 생겼을 때 원인/영향/조치/다음 할 일을 구조화하는 방식을 이해한다.	"incident = {\n    ""symptom"": ""Loading screen stuck"",\n    ""impact"": ""cards not visible"",\n    ""root_cause"": ""old app.js cache"",\n    ""fix"": ""bump asset query version"",\n    ""next_action"": ""add cache-bust validation""\n}"	root_cause 필드는 무엇을 담는가?	문제의 근본 원인	root_cause에는 증상이 아니라 evidence로 검증한 근본 원인을 기록한다. 이 object는 symptom, impact, suspected/confirmed cause, fix와 next action을 구분하는 출발점이지만 timestamp, detection, affected version, evidence links, owner와 verification 결과가 없다. 원인을 확정하기 전에는 hypothesis로 표시해 잘못된 결론이 재발 방지 작업을 이끌지 않게 한다.	대화창을 넘어갈 때 현재상황/앞으로할일/관련명령어를 정리하는 습관과 연결된다.	meaning_choice	"[""incident"",""summary"",""ops"",""postmortem""]"
10	python_logging_monitoring_ops_v25.json	PY25_L10_stale_job_reaper_001	stale job reaper 읽기	오래 running 상태로 남은 작업을 error로 정리하는 운영 코드를 읽는다.	"def reap_stale_runs(db, cutoff_time):\n    db.execute(""""""\n        UPDATE runs\n        SET status = 'error', error_message = 'stale run reaped'\n        WHERE status = 'running' AND started_at < ?\n    """""", (cutoff_time,))"	이 코드는 어떤 runs를 정리하는가?	오래 running 상태로 남은 runs	status가 running이고 started_at이 cutoff보다 이른 모든 row를 error로 바꾼다. 오래 실행되는 정상 job도 잘못 reap할 수 있으므로 started_at 하나보다 갱신되는 heartbeat나 lease expiry를 사용하고, update 직전 ownership/version 조건을 비교해 완료와 reaper가 경쟁하는 race를 막아야 한다. 영향을 받은 row count도 audit한다.	home-curator D1 runs 테이블 reaper 로직과 직접 연결된다.	meaning_choice	"[""def"",""function"",""stale_job"",""reaper"",""cron"",""run_status""]"
10	python_mobile_touch_responsive_ux_v54.json	PY54_L10_mobile_first_design_001	mobile first design 읽기	작은 화면을 먼저 기준으로 잡고 큰 화면을 확장하는 mobile first 관점을 이해한다.	.card { padding: 16px; }\n@media (min-width: 900px) {\n  .card { max-width: 840px; }\n}	mobile first design의 핵심은?	작은 화면에서 먼저 잘 작동하게 만들고 큰 화면을 확장하는 것	학습앱은 휴대폰으로 짧게 반복 학습할 가능성이 높으므로 모바일 기준 설계가 중요하다. mobile first design은 작은 화면과 터치 조작을 먼저 기준으로 설계하는 방식이다. 이후 큰 화면으로 확장하면 핵심 기능이 더 안정적으로 유지된다.	감사 v2에서 MOBILE_TOUCH_RESPONSIVE_UX가 0 hits였으므로, v54는 모바일 화면과 터치 조작에서 학습앱을 편하게 쓰게 하는 UX를 보강한다.	meaning_choice	"[""mobile_first"",""responsive_design"",""product_quality""]"
10	python_mobile_touch_responsive_ux_v54.json	PY54_L10_mobile_learning_flow_001	mobile learning flow 읽기	모바일에서 카드 읽기, 답 선택, 해설 확인, 다음 카드 이동이 자연스럽게 이어지는 흐름을 이해한다.	readCard()\ntapChoice()\nshowExplanation()\ntapNext()	mobile learning flow의 좋은 순서는?	카드 읽기 → 답 선택 → 해설 확인 → 다음 카드 이동	mobile learning flow는 모바일에서 카드 읽기, 정답 선택, 해설 확인, 다음 카드 이동이 자연스럽게 이어지는 흐름이다. 반복 학습 전체가 손에 맞아야 한다.	감사 v2에서 MOBILE_TOUCH_RESPONSIVE_UX가 0 hits였으므로, v54는 모바일 화면과 터치 조작에서 학습앱을 편하게 쓰게 하는 UX를 보강한다.	meaning_choice	"[""mobile_learning_flow"",""learning_ux"",""touch_flow""]"
10	python_mobile_touch_responsive_ux_v54.json	PY54_L10_mobile_ux_checklist_001	mobile UX checklist 읽기	모바일 UI 변경 후 확인해야 할 체크리스트를 이해한다.	checklist = ['viewport', 'touch target', 'spacing', 'safe area', 'code block']	mobile UX checklist에 들어갈 항목은?	viewport, 터치 크기, 버튼 간격, safe area, 코드 블록	viewport, hit area, spacing, safe area, code readability를 checklist로 확인한다. emulator만으로 실제 thumb reach, browser chrome, keyboard, screen reader와 performance를 알 수 없으므로 여러 실제 device, zoom, orientation과 assistive technology로 test한다.	감사 v2에서 MOBILE_TOUCH_RESPONSIVE_UX가 0 hits였으므로, v54는 모바일 화면과 터치 조작에서 학습앱을 편하게 쓰게 하는 UX를 보강한다.	meaning_choice	"[""mobile_ux_checklist"",""quality_gate"",""responsive_review""]"
10	python_offline_first_sync_conflict_v61.json	PY61_L10_idempotent_sync_001	idempotent sync 읽기	같은 동기화 요청이 여러 번 가도 결과가 망가지지 않게 만드는 idempotent sync를 이해한다.	upsertProgress(record.id, record, operationId)	idempotent sync가 필요한 이유는?	재시도 때문에 같은 요청이 여러 번 실행될 수 있기 때문에	재시도하면 같은 요청이 여러 번 도착할 수 있으므로 서버는 안정적인 operationId로 이미 처리한 작업인지 확인해야 한다. 같은 ID와 절대 상태를 쓰는 upsert는 도움이 되지만 내부에서 점수를 누적하거나 알림을 보내면 그것만으로 멱등성이 보장되지는 않는다. 중복 요청이 와도 최종 상태와 부수 효과가 한 번 처리된 것과 같아야 한다.	감사 v2에서 OFFLINE_FIRST_CONFLICT_SYNC가 0 hits였으므로, v61은 오프라인 우선 저장, 동기화 큐, 충돌 해결, 클라우드 동기화 개념을 보강한다.	meaning_choice	"[""idempotent"",""sync"",""retry""]"
10	python_offline_first_sync_conflict_v61.json	PY61_L10_offline_sync_flow_001	offline sync flow 읽기	로컬 저장, 큐 적재, 온라인 감지, 서버 동기화, 충돌 해결까지 이어지는 전체 흐름을 이해한다.	saveLocal()\nmarkDirty()\nqueueSync()\nflushOnline()\nresolveConflict()	offline sync flow의 자연스러운 순서는?	로컬 저장 → dirty 표시 → sync queue 적재 → 온라인 시 전송 → 충돌 해결	먼저 변경을 로컬에 영속 저장하고 dirty 표시와 안정적인 작업 ID를 큐에 남긴다. 온라인 상태라는 신호만 믿지 말고 실제 전송을 시도해 서버 승인을 확인한다. 서버 버전이 달라 충돌하면 해결한 뒤 새 버전을 저장하고, 성공이 확인된 큐 항목만 제거해야 빠른 저장과 데이터 보존을 함께 만족한다.	감사 v2에서 OFFLINE_FIRST_CONFLICT_SYNC가 0 hits였으므로, v61은 오프라인 우선 저장, 동기화 큐, 충돌 해결, 클라우드 동기화 개념을 보강한다.	meaning_choice	"[""offline_sync_flow"",""offline_first"",""cloud_sync""]"
10	python_offline_first_sync_conflict_v61.json	PY61_L10_sync_quality_gate_001	sync quality gate 읽기	오프라인 저장, 온라인 복구, 충돌 처리를 테스트하는 품질 기준을 이해한다.	assert saveOffline()\nassert syncWhenOnline()\nassert conflictDetected()	sync quality gate의 목적은?	오프라인과 동기화 상황에서도 기록이 안전한지 검증하기 위해	sync quality gate는 오프라인 저장, 재실행 뒤 큐 복구, 중복 요청, 연결 재개와 실제 충돌을 검증한다. 필드 존재만 확인해서는 충분하지 않다. 실패 직후 앱을 닫는 경우, 여러 기기에서 동시에 고치는 경우, 삭제와 수정이 맞서는 경우에도 기록이 조용히 사라지지 않는지 테스트해야 한다.	감사 v2에서 OFFLINE_FIRST_CONFLICT_SYNC가 0 hits였으므로, v61은 오프라인 우선 저장, 동기화 큐, 충돌 해결, 클라우드 동기화 개념을 보강한다.	meaning_choice	"[""quality_gate"",""sync"",""test_case""]"
10	python_packaging_env_dependencies_v27.json	PY27_L10_dependency_lock_001	dependency lock 개념 읽기	의존성 버전을 고정해 재현성을 높이는 이유를 이해한다.	# requirements.txt\nfastapi==0.115.0\nuvicorn==0.30.6\npydantic==2.8.2	이처럼 ==로 버전을 고정하는 장점은?	다른 PC에서도 같은 버전 조합을 재현하기 쉽다	세 direct package의 exact version은 이 세 requirement가 다른 PC에서도 같은 release를 선택하게 돕는다. 하지만 transitive dependencies, artifact hash, Python/platform marker가 완전히 고정되지 않아 엄밀한 lock file은 아니다. resolver로 생성한 lock, trusted index와 hash, 정기 update·security review를 함께 사용한다.	GPU 서버/노트북/로컬 PC에서 같은 결과를 만들려면 의존성 재현성이 중요하다.	meaning_choice	"[""comment"",""dependency_lock"",""reproducibility"",""package""]"
10	python_packaging_env_dependencies_v27.json	PY27_L10_dev_prod_config_001	dev/prod 설정 분리 읽기	개발환경과 운영환경의 API URL을 분리하는 구조를 이해한다.	"CONFIG = {\n    ""dev"": {""api_base"": ""http://127.0.0.1:8000""},\n    ""prod"": {""api_base"": ""https://api.example.com""},\n}\n\nenv_name = ""dev""\napi_base = CONFIG[env_name][""api_base""]"	env_name이 dev이면 api_base는?	http://127.0.0.1:8000	dev/prod config는 개발 환경과 운영 환경의 설정을 나누는 방식이다. CONFIG['dev']['api_base']처럼 환경별 값을 읽으면 배포 대상에 맞게 주소를 바꿀 수 있다. 따라서 정답은 ‘http://127.0.0.1:8000’이다.	로컬 FastAPI와 배포 API 주소를 혼동하지 않게 하는 방식이다.	meaning_choice	"[""config"",""dev_prod"",""environment""]"
10	python_packaging_env_dependencies_v27.json	PY27_L10_env_file_load_001	.env 로딩 코드 읽기	.env 파일에서 설정값을 로딩하는 코드의 의미를 이해한다.	"from dotenv import load_dotenv\nimport os\n\nload_dotenv()\napi_base = os.getenv(""API_BASE_URL"", ""http://127.0.0.1:8000"")"	API_BASE_URL이 없으면 api_base는?	http://127.0.0.1:8000	load_dotenv는 기본적으로 기존 environment value를 덮어쓰지 않고 .env에서 아직 없는 값을 채운다. os.getenv의 default는 variable이 아예 없을 때만 쓰이며 값이 empty string이면 empty string을 반환한다. production에서 잘못된 missing setting을 조용히 localhost로 보내지 않도록 environment별 required validation을 두고 .env secret은 commit하지 않는다.	로컬/운영 API 주소, 키, 옵션을 코드 수정 없이 바꾸는 방식이다.	meaning_choice	"[""import"",""dotenv"",""env_file"",""configuration"",""secret""]"
10	python_packaging_env_dependencies_v27.json	PY27_L10_package_entrypoint_001	패키지 entrypoint 개념 읽기	명령어 하나로 Python 함수를 실행하게 연결하는 개념을 이해한다.	"[project.scripts]\npy-reader-validate = ""tools.validate:main"""	py-reader-validate는 무엇에 연결되는가?	tools.validate 모듈의 main 함수	package를 install하면 packaging tool이 py-reader-validate command를 만들고 실행 시 import 가능한 tools.validate module의 main callable을 부른다. module path가 package에 포함되어야 하고 main은 argument·exit code를 CLI 규약에 맞게 처리해야 한다. 이 table을 적는 것만으로 source checkout에서 command가 즉시 생기지는 않는다.	나중에 검증 스크립트를 명령어화할 때 유용하다.	meaning_choice	"[""entrypoint"",""cli"",""packaging""]"
10	python_packaging_env_dependencies_v27.json	PY27_L10_readme_run_section_001	README 실행법 섹션 읽기	README에 설치/실행/검증 명령을 남기는 이유를 이해한다.	## Run locally\n\n1. Clone the repository and create the documented Python environment.\n2. Run `./run_local_server.ps1` from the repository root.\n3. Open `http://localhost:8790/src/pwa/index.html`.	README의 Run locally 섹션이 중요한 이유는?	나중에 같은 실행 절차를 빠르게 재현하기 위해	Run section은 새 reader가 prerequisite, environment 생성, dependency 설치, validation과 launch를 순서대로 재현하게 해야 한다. 개인 absolute path 대신 repository root 기준 command와 지원 OS/shell, expected output, stop 방법과 common error link를 적어야 실제 runbook이 된다.	다음 대화창 인계와 로컬 실행 루틴 정리에 중요하다.	meaning_choice	"[""comment"",""readme"",""setup"",""runbook"",""documentation""]"
10	python_packaging_env_dependencies_v27.json	PY27_L10_repro_setup_checklist_001	재현 가능한 설치 체크리스트 읽기	새 PC/서버에서 같은 프로젝트를 다시 띄우는 순서를 이해한다.	# 1. git clone\n# 2. python --version\n# 3. python -m venv .venv\n# 4. activate venv\n# 5. pip install -r requirements.txt\n# 6. run validation\n# 7. start local server	가상환경을 만든 뒤 보통 바로 이어질 단계는?	venv 활성화 후 의존성 설치	venv 생성 뒤에는 해당 shell에서 activate하고 그 interpreter의 python -m pip로 verified requirements를 설치하는 흐름이 흔하다. activation 없이 .venv Python을 직접 호출해도 된다. 재현성을 위해 repository revision, Python version, lock/hash, OS prerequisite, validation result까지 기록하며 local server는 개발용으로 제한한다.	새 워크스테이션/서버를 받을 때 프로젝트를 재현하는 절차다.	order_choice	"[""comment"",""setup_checklist"",""reproducibility"",""environment""]"
10	python_packaging_env_dependencies_v27.json	PY27_L10_run_script_portable_001	portable run script 읽기	프로젝트 루트로 이동한 뒤 서버를 실행하는 스크립트 구조를 읽는다.	$scriptDir = Split-Path -Parent $MyInvocation.MyCommand.Path\nSet-Location $scriptDir\npython -m http.server 8790 --bind 127.0.0.1	Set-Location을 먼저 하는 이유는?	상대경로 기준을 프로젝트 루트로 맞추기 위해	script 자신의 directory를 계산해 그곳으로 이동하므로 사용자별 D: 경로를 hard-code하지 않고 상대 file serving root를 맞춘다. 그래도 python command가 원하는 interpreter인지와 port 사용 여부를 확인해야 한다. http.server는 localhost 개발용이지 production server가 아니다.	현재 run_local_server.ps1의 핵심 구조다.	meaning_choice	"[""run_script"",""portable"",""path"",""server""]"
10	python_performance_large_card_ux_v53.json	PY53_L10_large_card_ux_strategy_001	large card UX strategy 읽기	대량 카드 학습앱에서 로딩, 검색, 렌더링, 피드백을 함께 설계하는 전략을 이해한다.	loadFast()\nshowProgress()\nsearchWithDebounce()\nrenderVisibleOnly()	large card UX strategy의 핵심은?	빠르게 로드하고, 상태를 보여주고, 검색을 줄이고, 보이는 것만 렌더링하는 것	빠른 첫 화면, 명확한 loading·error 상태, 입력 debounce, visible-only rendering은 큰 목록 UX의 후보 전략이다. 모든 app에 전부 필요한 것은 아니며 측정된 bottleneck과 사용자 task에 맞춰 pagination, indexing, virtualization을 고른다. 검색 정확성과 접근성을 성능 때문에 희생하지 않는다.	카드 수가 1000장을 넘었으므로, 이제 대량 카드 로딩/검색/렌더링 성능과 사용자 피드백이 중요하다.	meaning_choice	"[""large_card_ux"",""performance_strategy"",""learning_app""]"
10	python_performance_large_card_ux_v53.json	PY53_L10_performance_budget_001	performance budget 읽기	로딩 시간이나 렌더링 시간에 목표 기준을 두는 performance budget을 이해한다.	budget = {\n  initialLoadMs: 1500,\n  searchMs: 100,\n  renderMs: 200\n}	performance budget의 목적은?	앱이 느려지지 않도록 성능 목표를 정해두기 위해	performance budget은 initial load, search, render의 목표를 수치로 정해 regression을 찾게 한다. 1500/100/200ms는 예시이며 device·network 조건과 p75/p95 같은 percentile, 측정 시작·종료점을 명시해야 한다. 넘었다고 기능을 바로 제거하기보다 profile로 원인을 찾는다.	카드 수가 1000장을 넘었으므로, 이제 대량 카드 로딩/검색/렌더링 성능과 사용자 피드백이 중요하다.	meaning_choice	"[""performance_budget"",""quality_gate"",""UX""]"
10	python_performance_large_card_ux_v53.json	PY53_L10_performance_measurement_001	performance measurement 읽기	느낌이 아니라 측정값으로 성능을 확인하는 방식을 이해한다.	console.time('filter')\nfilterCards(query)\nconsole.timeEnd('filter')	console.time을 쓰는 이유는?	특정 작업이 얼마나 걸리는지 측정하기 위해	console.time/timeEnd는 같은 label 사이의 경과 시간을 간단히 본다. 한 번의 devtools 측정은 JIT warmup, cache, background work 영향이 커서 대표 성능이 아닐 수 있다. Performance API와 반복 benchmark, 실제 device percentile을 사용하고 filter result가 사용되지 않아 optimizer가 영향을 주지 않는지도 확인한다.	카드 수가 1000장을 넘었으므로, 이제 대량 카드 로딩/검색/렌더링 성능과 사용자 피드백이 중요하다.	meaning_choice	"[""performance_measurement"",""console_time"",""profiling""]"
10	python_powershell_automation_reliable_scripts_v45.json	PY45_L10_atomic_commit_001	atomic commit 읽기	하나의 버전 확장을 하나의 작은 커밋으로 묶는 이유를 이해한다.	"git add data/lessons/v45.json src/pwa/app.js\ngit commit -m ""Add PowerShell automation reading cards"""	atomic commit의 장점은?	문제가 생겼을 때 어떤 변경이 원인인지 찾기 쉽다	버전별 lesson JSON과 app.js 연결만 한 커밋에 넣으면 이력 추적이 쉽다. atomic commit은 하나의 의미 있는 변경만 묶어 커밋하는 습관이다. 검증 통과 결과와 관련 파일만 포함하면 나중에 되돌리거나 추적하기 쉽다. 따라서 정답은 ‘문제가 생겼을 때 어떤 변경이 원인인지 찾기 쉽다’이다.	v41, v42, v43, v44가 각각 하나의 기능 커밋으로 남아 있다.	meaning_choice	"[""atomic_commit"",""git_commit"",""change_set""]"
10	python_powershell_automation_reliable_scripts_v45.json	PY45_L10_rollback_with_git_001	git rollback 읽기	자동화 적용이 꼬였을 때 Git으로 변경을 되돌리는 방법을 이해한다.	git restore src/pwa/app.js\nRemove-Item data/lessons/bad_v45.json	git restore가 필요한 경우는?	수정이 잘못 적용되어 추적 파일을 마지막 커밋 상태로 되돌릴 때	기본 git restore app.js는 작업 트리의 unstaged 변경을 index 내용으로 덮어써 사용자 수정을 잃게 할 수 있고 stage된 변경은 남을 수 있다. Remove-Item은 untracked file을 복구 불가능하게 지운다. 실행 전 exact target, status, git diff와 --cached diff를 확인하고 필요한 내용은 patch나 backup으로 보존한다.	v41 초기에 상태 확인 후 필요하면 app.js와 생성 파일을 분리해 복구할 수 있었다.	meaning_choice	"[""rollback"",""git_restore"",""recovery""]"
10	python_practical_expansion_v2.json	PY2_L10_agent_tool_001	조건 기반 도구 라우팅 읽기	if 조건이 task 문자열을 검사해 호출할 함수를 고르는 흐름을 읽는다.	"def run_agent(task):\n    if ""search"" in task:\n        return search_tool(task)\n    if ""file"" in task:\n        return file_tool(task)\n    return chat_model(task)"	이 코드의 핵심은?	task 문자열에 따라 호출할 함수를 고른다	이 선택은 모델이 아니라 run_agent 안의 if 문이 수행한다. task에 search가 있으면 search_tool을 즉시 호출해 반환하고, 그렇지 않고 file이 있으면 file_tool을 호출하며, 둘 다 없으면 chat_model을 호출한다. search와 file이 모두 있으면 첫 번째 조건의 return 때문에 search_tool만 실행된다. 도구 결과를 다시 해석하는 단계는 이 코드에 없다.	코드 에이전트나 자동화 에이전트의 기본 흐름을 이해하는 데 좋다.	meaning_choice	"[""if"",""def"",""return"",""agent"",""tool_calling"",""function"",""workflow""]"
10	python_practical_expansion_v2.json	PY2_L10_rag_pipeline_001	RAG 파이프라인 함수 흐름 읽기	검색 후 모델에 근거를 넣는 함수 흐름을 읽는다.	def answer_question(question):\n    query_vec = embed(question)\n    docs = search_similar_docs(query_vec)\n    prompt = build_prompt(question, docs)\n    return call_llm(prompt)	이 함수의 목적에 가장 가까운 것은?	질문과 관련 문서를 검색해 LLM 답변을 만든다	question을 embed해 query_vec을 만들고, 그 벡터로 docs를 검색한 뒤, 질문과 문서를 prompt에 넣어 LLM을 호출한다. 따라서 질문과 관련 문서를 검색해 답변을 만드는 RAG 흐름이다. 다만 검색된 문서가 실제로 관련 있는지와 생성된 답이 근거에 맞는지는 이 함수 구조만으로 보장되지 않으므로 별도 평가가 필요하다.	검색 증강 생성 코드를 읽을 때 검색 단계와 생성 단계를 분리해 추적하는 예제다.	reverse_inference	"[""def"",""function"",""return"",""rag"",""embedding"",""retrieval"",""llm"",""pipeline""]"
10	python_progress_score_mistake_note_v50.json	PY50_L10_export_progress_001	export progress 읽기	진도 데이터를 파일로 내보내 백업하고 옮기는 흐름을 읽는다.	blob = new Blob([JSON.stringify(progress)], {type: 'application/json'})\ndownload(blob, 'progress_backup.json')	export progress의 목적은?	학습 기록을 백업하거나 다른 기기로 옮기기 위해	export는 계정 sync가 없는 환경에서 progress를 backup·이동하게 한다. file에 schema version, exported_at, app version과 integrity check를 넣고 민감한 user identifier·note는 필요한지 검토한다. download 성공과 나중 import 가능성을 test해야 실제 backup이 된다.	v49의 복습 알고리즘 다음 단계로, 실제 학습 진도와 오답 기록을 저장하는 기능 설계와 연결된다.	meaning_choice	"[""export_progress"",""backup"",""user_data""]"
10	python_progress_score_mistake_note_v50.json	PY50_L10_import_progress_001	import progress 읽기	백업한 진도 파일을 다시 불러올 때 검증한다.	data = JSON.parse(file_text)\nclean = validateAndMigrateProgress(data)\nbackupCurrentProgress()\nlocalStorage.setItem('pythonReadingProgress', JSON.stringify(clean))	import progress 전에 validateProgress가 필요한 이유는?	깨진 파일이나 다른 형식의 데이터를 막기 위해	외부 file은 untrusted input이므로 size, schema, type, 허용 key와 version을 검증·migration한 clean data만 저장한다. 기존 progress를 먼저 backup하고 overwrite·merge policy를 사용자에게 알려야 한다. parse 성공만으로 안전하거나 호환된다는 뜻은 아니다.	v49의 복습 알고리즘 다음 단계로, 실제 학습 진도와 오답 기록을 저장하는 기능 설계와 연결된다.	meaning_choice	"[""import_progress"",""restore"",""validation""]"
10	python_progress_score_mistake_note_v50.json	PY50_L10_privacy_of_progress_001	progress privacy 읽기	학습 기록도 사용자 데이터이므로 저장 위치와 공개 범위를 신경 쓴다.	localStorage.setItem('progress', JSON.stringify(progress))\n# do not upload without consent	progress privacy에서 중요한 원칙은?	사용자 동의 없이 학습 기록을 외부로 보내지 않는다	오답, 점수, 학습 pattern은 개인 data가 될 수 있다. 외부 전송에는 목적과 필요한 동의·법적 근거를 확인하고, 수집 최소화, 접근 통제, 보존 기간, 삭제·export 기능을 제공한다. localStorage에만 있어도 같은 origin script와 device 사용자가 접근할 수 있으므로 민감도를 평가한다.	v49의 복습 알고리즘 다음 단계로, 실제 학습 진도와 오답 기록을 저장하는 기능 설계와 연결된다.	meaning_choice	"[""comment"",""privacy"",""progress_data"",""local_storage""]"
10	python_progress_score_mistake_note_v50.json	PY50_L10_progress_dashboard_001	progress dashboard 읽기	진도, 점수, 약점 개념을 대시보드로 요약하는 방식을 읽는다.	dashboard = {'total_cards': 973, 'seen_cards': 120, 'accuracy': 0.78, 'weak_concepts': ['validation', 'dict']}	progress dashboard가 보여주면 좋은 정보는?	학습한 카드 수, 정답률, 약한 개념	progress dashboard는 진도, 점수, 약점 개념을 한눈에 보여주는 화면이다. 사용자가 자신의 학습 상태를 빠르게 이해하게 돕는다. 최근 학습일, 연속 학습, 오답 추세까지 함께 보이면 사용자가 다음 행동을 정하기 쉽다. 따라서 정답은 ‘학습한 카드 수, 정답률, 약한 개념’이다.	v49의 복습 알고리즘 다음 단계로, 실제 학습 진도와 오답 기록을 저장하는 기능 설계와 연결된다.	meaning_choice	"[""progress_dashboard"",""learning_report"",""score_history""]"
10	python_project_expansion_v6.json	PY6_L10_bedrock_invoke_001	Bedrock invoke_model 구조 읽기	AWS Bedrock Runtime으로 모델을 호출하는 흐름을 읽는다.	"import boto3\n\nclient = boto3.client(""bedrock-runtime"", region_name=""us-east-1"")\nresult = client.invoke_model(\n    modelId=model_id,\n    contentType=""application/json"",\n    body=body_json\n)"	modelId는 무엇을 지정하는가?	호출할 모델	"modelId는 호출할 Bedrock 모델·추론 프로필·배포 자원을 지정한다. body에는 해당 모델이 요구하는 JSON 형식의 prompt와 추론 파라미터를 넣고, contentType=""application/json""으로 입력 형식을 밝힌다. 반환된 result 자체가 생성 문장은 아니며 result[""body""] 스트림을 읽어 JSON으로 파싱해야 한다. 모델마다 요청·응답 스키마가 다를 수 있어 adapter로 분리하는 편이 안전하다."	노드패스/teacher generation에서 Bedrock 호출 로그를 읽는 데 연결된다.	meaning_choice	"[""import"",""bedrock"",""llm"",""aws"",""api""]"
10	python_project_expansion_v6.json	PY6_L10_openai_client_001	OpenAI Responses API 호출 구조 읽기	Responses API 클라이언트로 역할이 표시된 입력 메시지를 보내고 텍스트 출력을 읽는 구조를 이해한다.	"import os\nfrom openai import OpenAI\n\nclient = OpenAI(api_key=os.environ[""OPENAI_API_KEY""])\nresponse = client.responses.create(\n    model=""gpt-5.6"",\n    input=[{""role"": ""user"", ""content"": ""hello""}]\n)\nprint(response.output_text)"	input 배열은 무엇에 가까운가?	모델에 보낼 입력 메시지	"현재 신규 텍스트 생성에는 Responses API가 권장된다. input에는 문자열 하나를 줄 수도 있고, 이 예제처럼 role과 content를 가진 메시지 목록을 줄 수도 있다. 여기서는 user 역할의 ""hello""가 모델 입력이며, 응답의 합쳐진 텍스트는 SDK 편의 속성 output_text로 읽는다. OPENAI_API_KEY가 없으면 설정 오류가 나고, 실제 호출에는 네트워크·권한·요금·모델 접근 조건도 따른다."	교육용 LLM/RAG API를 붙일 때 기본 흐름이다.	meaning_choice	"[""import"",""print"",""openai"",""llm"",""api"",""client""]"
10	python_project_expansion_v6.json	PY6_L10_reading_queue_001	reading queue 생성 흐름 읽기	후보 중 허용된 도메인만 원래 순서대로 모아 최대 10개의 읽을거리 큐를 만드는 흐름을 읽는다.	"def build_reading_queue(candidates):\n    queue = []\n    for item in candidates:\n        if item[""domain""] in [""UAM"", ""AI"", ""Robotics""]:\n            queue.append(item)\n    return queue[:10]"	queue에 들어가는 조건은?	domain이 UAM/AI/Robotics 중 하나	"candidates를 앞에서부터 돌며 item[""domain""]이 UAM·AI·Robotics 중 하나일 때만 같은 item을 queue에 추가한다. 마지막 queue[:10] 때문에 조건을 통과한 항목 중 원래 순서가 빠른 최대 10개만 반환된다. 점수 정렬이나 중복 제거는 하지 않으며, domain key가 없는 item은 KeyError가 난다."	사용자의 daily reading queue와 학습앱 콘텐츠 선별에 연결된다.	meaning_choice	"[""if"",""for"",""def"",""function"",""return"",""reading_queue"",""filter"",""domain""]"
10	python_project_structure_imports_v18.json	PY18_L10_cli_entrypoint_001	CLI entrypoint 함수 읽기	명령행 인자를 받아 파이프라인 함수를 호출하는 구조를 읽는다.	"def main():\n    args = parse_args()\n    run_pipeline(\n        input_path=args.input,\n        output_path=args.output,\n        limit=args.limit,\n    )\n\nif __name__ == ""__main__"":\n    main()"	main 함수의 역할에 가장 가까운 것은?	CLI 인자를 파이프라인 실행 함수에 연결한다	main은 parse_args와 run_pipeline을 이어주는 실행 진입점 역할을 한다. CLI entrypoint 함수는 명령줄에서 실행될 때 가장 먼저 호출되는 시작점이다. 인자를 읽고 핵심 함수로 넘기는 흐름을 확인하면 구조가 보인다.	배치 스크립트가 내부 파이프라인 함수를 호출하는 구조를 이해하는 카드다.	meaning_choice	"[""if"",""def"",""function"",""cli"",""entrypoint"",""argparse"",""main""]"
10	python_project_structure_imports_v18.json	PY18_L10_import_error_debug_001	ModuleNotFoundError 디버깅 읽기	모듈을 못 찾는 오류가 경로 문제일 수 있음을 이해한다.	ModuleNotFoundError: No module named 'app'\n\n# 확인할 항목\n# 1. 프로젝트가 현재 환경에 설치됐는가\n# 2. src가 import 경로에 포함됐는가\n# 3. 실행한 Python과 설치한 Python이 같은가	이 오류의 원인과 관련이 없는 것은?	CSS 색상이 파란색인 것	ModuleNotFoundError는 import가 이름에 해당하는 module이나 package를 검색 경로에서 찾지 못했다는 뜻이다. 현재 작업 폴더 자체보다 어떤 Python 실행 파일을 썼는지, package가 그 환경에 설치됐는지, sys.path에 project root나 src가 들어 있는지를 확인한다. 단순히 project root에서 실행한다고 src layout의 app이 항상 import되는 것은 아니다.	서버/배치 스크립트 실행 중 모듈을 못 찾는 오류를 해석하는 기본 카드다.	meaning_choice	"[""comment"",""import_error"",""pythonpath"",""module"",""debugging""]"
10	python_project_structure_imports_v18.json	PY18_L10_layered_architecture_001	레이어드 구조 흐름 읽기	API, service, repository 역할 분리를 읽는다.	"# api.py\n@app.get(""/search"")\ndef search(q: str):\n    return search_service.search(q)\n\n# service.py\ndef search(q):\n    chunks = repository.find_chunks(q)\n    return build_answer(chunks)\n\n# repository.py\ndef find_chunks(q):\n    return db.query(q)"	repository.py의 역할에 가장 가까운 것은?	DB나 저장소 접근을 담당한다	API는 요청을 받고, service는 업무 로직을 처리하고, repository는 저장소 접근을 담당하는 식으로 나눌 수 있다. repository.py는 DB나 파일 같은 저장소 세부 처리를 감싸서 다른 계층이 저장 방식에 덜 묶이게 해 준다.	RAG API나 교육 서비스 MVP를 만들 때 코드가 커지면 필요한 구조다.	meaning_choice	"[""comment"",""def"",""function"",""return"",""architecture"",""layer"",""service"",""repository""]"
10	python_project_structure_imports_v18.json	PY18_L10_pytest_basic_001	pytest 기본 테스트 읽기	함수 출력이 기대값과 같은지 검사하는 테스트 코드를 읽는다.	"def normalize(text):\n    return "" "".join(text.lower().split())\n\ndef test_normalize():\n    assert normalize(""  LiDAR   Sensor "") == ""lidar sensor"""	assert가 실패하면 무엇을 의미하는가?	실제 결과가 기대값과 다르다	pytest는 test_로 시작하는 함수를 찾아 테스트로 실행한다. 함수 안의 assert 조건이 참이면 통과하고 거짓이면 실패로 표시한다. 실패한 assert는 실제 값이 기대값과 다르다는 뜻이므로 실패 메시지와 입력값을 함께 봐야 한다.	정규화, dedup, chunk_id 생성 같은 작은 함수부터 테스트할 수 있다.	meaning_choice	"[""def"",""function"",""return"",""pytest"",""assert"",""test""]"
10	python_project_structure_imports_v18.json	PY18_L10_src_vs_scripts_001	src 코드와 scripts 실행파일 구분	재사용 가능한 코드와 실행용 스크립트를 구분하는 설계를 이해한다.	"# src/app/chunker.py\ndef make_chunks(text):\n    return text.split(""\n\n"")\n\n# scripts/build_chunks.py\nfrom app.chunker import make_chunks\n\nchunks = make_chunks(open(""input.txt"", encoding=""utf-8"").read())"	make_chunks가 src/app/chunker.py에 있는 이유에 가장 가까운 것은?	여러 스크립트에서 재사용할 핵심 로직이기 때문에	make_chunks는 재사용할 핵심 변환이므로 import 가능한 src package에 두고, scripts 파일은 입력을 읽고 함수를 호출하는 실행 조립을 맡는다. 다만 예시의 from app... import가 동작하려면 프로젝트를 설치하거나 src를 import 경로에 넣어야 한다. 파일도 with open(...)으로 열면 닫힘 시점이 명확해진다.	실행 스크립트가 늘어나는 프로젝트에서 재사용 로직과 일회성 조립 코드를 구분하는 예시다.	meaning_choice	"[""comment"",""def"",""function"",""return"",""import"",""src"",""scripts"",""entrypoint"",""architecture""]"
10	python_project_structure_imports_v18.json	PY18_L10_test_fixture_001	pytest fixture 읽기	테스트에서 반복 사용할 데이터를 fixture로 제공하는 구조를 읽는다.	"import pytest\n\n@pytest.fixture\ndef sample_doc():\n    return {""doc_id"": ""d1"", ""text"": ""LiDAR detects objects.""}\n\ndef test_doc_has_id(sample_doc):\n    assert sample_doc[""doc_id""] == ""d1"""	sample_doc fixture의 역할은?	테스트에 사용할 샘플 dict를 제공한다	pytest는 test_doc_has_id의 sample_doc 매개변수 이름을 보고 같은 이름의 fixture를 실행한 뒤 반환 dict를 인자로 전달한다. 기본 function scope에서는 fixture가 필요한 테스트마다 새 값이 만들어진다. 여러 테스트가 같은 준비 코드를 재사용한다는 뜻이지, 반드시 같은 dict 객체 하나를 공유한다는 뜻은 아니다.	chunk, node, evidence 샘플을 테스트에 반복 사용하기 좋다.	meaning_choice	"[""def"",""function"",""return"",""import"",""pytest"",""fixture"",""test_data""]"
10	python_pwa_install_update_ux_v51.json	PY51_L10_install_onboarding_001	install onboarding 읽기	처음 방문한 사용자에게 설치 방법과 앱 사용 흐름을 안내하는 onboarding을 이해한다.	steps = ['앱 열기', '설치 버튼 누르기', '홈 화면에서 실행하기']	install onboarding에 들어가면 좋은 내용은?	설치 방법과 설치 후 실행 방법	모바일 사용자는 브라우저와 설치 앱의 차이를 모를 수 있으므로 짧은 안내가 필요하다. install onboarding은 사용자가 앱을 설치하고 처음 쓰는 과정을 안내하는 흐름이다. 설치 가능 조건과 안내 메시지가 언제 보이는지 확인해야 한다.	v50에서 학습 진도 저장을 다뤘으므로, v51은 PWA 설치와 업데이트 과정에서 사용자가 혼란 없이 최신 앱을 쓰게 하는 UX와 연결된다.	meaning_choice	"[""install_onboarding"",""PWA_install"",""user_guidance""]"
10	python_pwa_install_update_ux_v51.json	PY51_L10_pwa_update_flow_001	PWA update flow 전체 읽기	새 버전 감지부터 사용자 안내, 새로고침, 버전 확인까지의 전체 흐름을 이해한다.	detectNewVersion()\nshowUpdateBanner()\nsaveProgress()\nreloadApp()\nshowVersion()	PWA update flow의 자연스러운 순서는?	새 버전 감지 → 업데이트 안내 → 진도 저장 → 새로고침 → 버전 확인	새 service worker 발견 뒤 사용자의 저장 중 작업을 확인하고 update를 안내한다. 동의하면 progress 저장 성공을 확인하고 waiting worker를 activate한 뒤 controllerchange에서 한 번 reload하며, 실행된 app·data version을 확인한다. 단계별 실패와 여러 tab의 old client도 처리해야 한다.	v50에서 학습 진도 저장을 다뤘으므로, v51은 PWA 설치와 업데이트 과정에서 사용자가 혼란 없이 최신 앱을 쓰게 하는 UX와 연결된다.	meaning_choice	"[""PWA_update_flow"",""install_update_ux"",""release_safety""]"
10	python_pwa_install_update_ux_v51.json	PY51_L10_update_guard_001	update guard 읽기	업데이트 전에 저장되지 않은 학습 기록을 보호하는 guard를 이해한다.	if (hasUnsavedProgress) {\n  const saved = await saveProgressBeforeReload();\n  if (!saved) return;\n}\nactivateUpdate();	update guard가 필요한 이유는?	새로고침 전에 학습 기록이 사라지지 않게 하기 위해	reload 전에 비동기 저장이 성공했는지 확인하고 실패하면 update 적용을 멈춰야 한다. local draft와 server sync가 다른 경우 둘을 구분하고, schema migration backup과 recovery도 준비한다. 함수를 호출했다는 사실만으로 data 보존이 보장되지는 않는다.	v50에서 학습 진도 저장을 다뤘으므로, v51은 PWA 설치와 업데이트 과정에서 사용자가 혼란 없이 최신 앱을 쓰게 하는 UX와 연결된다.	meaning_choice	"[""update_guard"",""unsaved_progress"",""PWA_update""]"
10	python_rag_kg_pipeline_review_v16.json	PY16_L10_edge_pass_001	Edge pass 입력 만들기	승격된 노드만 사용해 관계 추출 입력을 만드는 코드를 읽는다.	"def make_edge_pass_input(chunk, promoted_nodes):\n    return {\n        ""chunk_id"": chunk[""chunk_id""],\n        ""text"": chunk[""text""],\n        ""allowed_nodes"": promoted_nodes,\n        ""task"": ""extract relations only between allowed nodes""\n    }"	allowed_nodes에 promoted_nodes만 넣는 이유는?	관계 추출의 정밀도를 높이기 위해	allowed_nodes를 승격된 노드로 제한하면 관계 후보의 양을 줄여 정밀도를 높이는 데 도움이 된다. 하지만 이 딕셔너리는 모델에 task 문자열과 목록을 전달할 뿐이며, 실제로 목록 밖 노드를 쓰지 않거나 관계가 문서에 존재한다고 보장하지 않는다. 출력 schema 검증과 원문 근거 위치 확인을 거쳐 관계를 승격해야 한다.	Node pass에서 확정한 노드를 바탕으로 Edge pass의 관계 후보 범위를 제한하는 분리 원칙과 연결된다.	meaning_choice	"[""def"",""function"",""return"",""edge_pass"",""relation"",""promoted_node"",""kg""]"
10	python_rag_kg_pipeline_review_v16.json	PY16_L10_evidence_pack_001	evidence pack 조립 읽기	검색된 chunk를 답변 근거 묶음으로 바꾸는 코드를 읽는다.	"def build_evidence_pack(hits):\n    pack = []\n    for hit in hits:\n        pack.append({\n            ""doc_id"": hit[""doc_id""],\n            ""chunk_id"": hit[""chunk_id""],\n            ""quote"": hit[""text""][:300],\n            ""score"": hit.get(""score"", 0),\n        })\n    return pack"	hit['text'][:300]의 의미는?	근거 텍스트 앞 300자만 quote로 저장한다	"hit[""text""][:300]은 파이썬 문자열의 처음 300개 문자를 가져온다. 토큰 300개나 문장 300개가 아니며, 문장 중간에서 끊길 수 있다. 이 코드는 prompt 크기를 제한하는 간단한 예지만 처음 300자가 실제 주장을 뒷받침한다고 보장하지 않으므로, 실무에서는 관련 구간과 원문 위치도 함께 저장해야 한다."	근거 중심 RAG에서 답변보다 먼저 evidence 구조를 안정적으로 만드는 부분이다.	meaning_choice	"[""for"",""def"",""function"",""return"",""evidence"",""citation"",""chunk"",""grounding""]"
10	python_rag_kg_pipeline_review_v16.json	PY16_L10_grounding_guard_001	근거 부족 가드 읽기	근거가 부족하면 답변 생성을 막는 조건문을 읽는다.	"def answer_question(question, evidence, llm):\n    if len(evidence) < 2:\n        return {\n            ""answer"": ""근거가 부족해 확답할 수 없습니다."",\n            ""confidence"": ""low""\n        }\n    prompt = make_prompt(question, evidence)\n    return {""answer"": llm(prompt), ""confidence"": ""normal""}"	len(evidence) < 2 조건의 목적은?	근거가 너무 적으면 저신뢰 답변을 반환한다	evidence가 두 개보다 적으면 make_prompt와 llm을 호출하지 않고 low confidence 응답을 반환한다. 그러나 근거 개수만으로 충분성을 판단할 수는 없다. 서로 중복된 두 조각이거나 질문과 무관한 근거일 수도 있으므로 관련도, 출처 다양성, 주장 뒷받침 여부를 함께 검사해야 한다. 이 조건은 단순한 예시 가드이지 hallucination 방지 보장이 아니다.	Evidence-first verification pipeline의 소프트 가드와 연결되는 코드 독해다.	meaning_choice	"[""if"",""def"",""function"",""return"",""grounding"",""evidence"",""guardrail"",""rag""]"
10	python_rag_kg_pipeline_review_v16.json	PY16_L10_llm_retry_timeout_001	LLM 호출 재시도 흐름 읽기	실패할 수 있는 LLM 호출을 재시도하는 코드를 읽는다.	"def call_with_retry(client, prompt, max_attempts=3):\n    if max_attempts < 1:\n        raise ValueError(""max_attempts must be at least 1"")\n    for attempt in range(max_attempts):\n        try:\n            return client.generate(prompt, timeout=60)\n        except TimeoutError:\n            if attempt == max_attempts - 1:\n                raise"	이 함수가 TimeoutError를 만나면 바로 종료하지 않는 이유는?	최대 max_attempts번까지 다시 시도하기 위해	TimeoutError가 나면 마지막 시도가 아닌 동안 except 블록을 빠져나와 다음 반복으로 간다. 성공하면 즉시 결과를 반환하고, 마지막 시도도 시간 초과이면 bare raise가 원래 TimeoutError를 다시 발생시킨다. 실제 API에서는 재시도해도 안전한 요청인지 확인하고, 서버 부담을 줄이도록 backoff와 jitter를 추가하며 다른 영구 오류까지 무조건 재시도하지 않아야 한다.	Bedrock/로컬 LLM/외부 API 호출 자동화에서 실패 복구를 읽는 훈련이다.	meaning_choice	"[""if"",""for"",""def"",""function"",""return"",""try_except"",""range"",""retry"",""timeout"",""llm"",""api""]"
10	python_rag_kg_pipeline_review_v16.json	PY16_L10_node_pass_001	Node pass 입력 만들기	chunk에서 노드 후보 추출용 입력을 만드는 코드를 읽는다.	"def make_node_pass_input(chunk, node_catalog):\n    return {\n        ""chunk_id"": chunk[""chunk_id""],\n        ""text"": chunk[""text""],\n        ""known_nodes"": node_catalog,\n        ""task"": ""extract candidate nodes""\n    }"	known_nodes에 node_catalog를 함께 넣는 가장 직접적인 이유는?	후보가 기존 노드와 같은 개념이나 별칭인지 비교하기 위해	node pass는 chunk의 text에서 노드 후보를 찾는 단계다. known_nodes로 기존 catalog를 함께 주면 추출한 표현이 기존 노드와 같은 개념인지, 별칭인지, 새 후보인지 비교하기 쉬워진다. 따라서 정답은 ‘후보가 기존 노드와 같은 개념이나 별칭인지 비교하기 위해’이다. 다만 known_nodes에 없는 표현도 새 후보로 남길 수 있어야 하며, 목록에 있는 항목만 고르게 제한하면 새로운 노드를 놓칠 수 있다.	노드 후보를 먼저 식별·정규화한 뒤, 확정된 노드 사이의 관계를 Edge pass에서 추출하는 분리 원칙 중 첫 단계다.	meaning_choice	"[""def"",""function"",""return"",""node_pass"",""candidate"",""chunk"",""kg""]"
10	python_rag_kg_pipeline_review_v16.json	PY16_L10_pipeline_status_001	pipeline status 기록 읽기	실행 성공/실패 상태를 run_id와 함께 기록하는 코드를 읽는다.	"def finalize_run(db, run_id, ok, stats, error=None):\n    status = ""ok"" if ok else ""error""\n    db.update(""runs"", run_id, {\n        ""status"": status,\n        ""stats"": stats,\n        ""error_message"": str(error) if error else None,\n    })"	ok가 False이면 status는 무엇이 되는가?	error	"조건식은 ok가 truthy이면 ""ok"", falsy이면 ""error""를 선택하므로 False일 때 정답은 error다. 이어서 db.update가 runs의 해당 run_id 레코드에 상태, 통계, 오류 문자열을 저장한다. 이 코드는 파일 로그를 쓰는 코드는 아니다. str(error)에 토큰이나 개인정보가 섞일 수 있으므로 운영 환경에서는 저장할 오류 내용을 정제해야 한다."	배치 실행 테이블의 상태 일관성과 작업 감사 기록을 읽는 코드다.	meaning_choice	"[""def"",""function"",""pipeline"",""status"",""logging"",""run_id""]"
10	python_rag_kg_pipeline_review_v16.json	PY16_L10_prompt_with_citations_001	근거 포함 프롬프트 만들기	근거 목록을 LLM 프롬프트 문자열로 조립하는 코드를 읽는다.	"def make_prompt(question, evidence):\n    lines = [""Answer using only the evidence below.""]\n    for i, ev in enumerate(evidence, start=1):\n        lines.append(f""[{i}] {ev['quote']}"")\n    lines.append(""Question: "" + question)\n    return ""\n"".join(lines)"	enumerate(evidence, start=1)의 역할은?	근거에 1번부터 번호를 붙인다	"enumerate는 순번과 값을 함께 꺼내며 start=1 때문에 첫 근거 번호가 1이 된다. 마지막의 ""\n"".join은 각 항목을 줄바꿈으로 연결한다. 번호를 붙이면 모델과 사용자가 근거를 가리키기 쉬워지지만, 이 문자열만으로 모델이 실제로 [1] 형식의 인용을 출력하거나 해당 근거를 정확히 사용한다고 보장되지는 않는다. 출력 형식 검사와 인용-주장 검증이 별도로 필요하다."	답변이 어떤 근거를 보고 생성됐는지 추적하기 위한 핵심 패턴이다.	meaning_choice	"[""for"",""def"",""function"",""return"",""prompt"",""citation"",""rag"",""grounding""]"
10	python_rag_kg_pipeline_review_v16.json	PY16_L10_provenance_lineage_001	provenance/lineage 기록 읽기	결과가 어떤 입력과 모델에서 나왔는지 기록하는 코드를 읽는다.	"def attach_lineage(result, run_id, model_name, input_ids):\n    result[""lineage""] = {\n        ""run_id"": run_id,\n        ""model"": model_name,\n        ""input_ids"": input_ids,\n    }\n    return result"	lineage 필드의 주된 목적은?	결과의 출처와 생성 과정을 추적한다	이 함수는 기존 result 딕셔너리에 run_id, model, input_ids를 담은 lineage를 붙인 뒤 같은 객체를 반환한다. 이 정보는 어떤 실행과 입력에서 결과가 나왔는지 추적하는 단서다. 다만 완전한 재현을 위해서는 모델 버전, 코드와 설정 버전, 프롬프트, 난수 seed 같은 정보가 더 필요하고, input_ids가 실제 원문 출처를 가리키는지도 별도로 보장해야 한다.	KG/LoRA 데이터셋 생성에서 어떤 결과가 어떤 샤드와 모델에서 나왔는지 추적하는 데 필요하다.	meaning_choice	"[""def"",""function"",""return"",""provenance"",""lineage"",""evidence"",""audit""]"
10	python_rag_kg_pipeline_review_v16.json	PY16_L10_rag_test_harness_001	RAG 테스트 하네스 읽기	질문 세트를 돌려 RAG 출력이 최소 조건을 만족하는지 검사하는 코드를 읽는다.	"def run_eval(cases, rag):\n    failures = []\n    for case in cases:\n        result = rag(case[""question""])\n        if case[""must_cite""] and not result.get(""citations""):\n            failures.append(case[""id""])\n    return failures"	failures에 case id가 들어가는 경우는?	인용이 필요한 case인데 citations가 없을 때	"must_cite가 truthy이고 result.get(""citations"")가 없거나 빈 값이면 case id가 failures에 들어간다. 이 테스트는 인용의 존재만 검사하며, 인용이 올바른 원문을 가리키는지 또는 답변의 주장을 실제로 뒷받침하는지는 검사하지 않는다. RAG 회귀 테스트에는 관련 근거, 답변 정확성, 실패 응답 같은 기준도 별도로 추가해야 한다."	RAG 품질을 감으로 보지 않고 테스트 케이스로 확인하는 기본 구조다.	meaning_choice	"[""if"",""for"",""def"",""function"",""return"",""test_harness"",""rag"",""evaluation"",""assert""]"
10	python_realworld_expansion_v8.json	PY8_L10_node_page_md_001	노드페이지 Markdown 생성 읽기	노드 label과 근거 snippet으로 Markdown 초안을 만드는 흐름을 읽는다.	"def make_node_page(node, evidence):\n    return f""# {node['label']}\n\n## Definition\n{evidence[0]['snippet']}"""	Markdown 제목에는 무엇이 들어가는가?	node label	f-string의 # {node['label']}이 node의 label 값을 1단계 Markdown 제목에 넣고, evidence[0]['snippet']은 Definition 본문에 넣는다. 따라서 제목의 값은 node label이다. 다만 evidence가 비어 있으면 evidence[0]에서 IndexError가 나고, 필수 key가 없으면 KeyError가 난다. label이나 snippet의 Markdown 특수문자를 이스케이프하지도 않으므로 자동 문서 생성 전 입력 검증이 필요하다.	KG 노드페이지/기술백서 자동 초안 생성과 연결된다.	meaning_choice	"[""def"",""function"",""return"",""kg"",""markdown"",""node_page""]"
10	python_realworld_expansion_v8.json	PY8_L10_node_promotion_rule_001	노드 승격 규칙 읽기	출현 횟수와 정의 근거 조건으로 노드 승격 여부를 판단하는 코드를 읽는다.	"def promote_node(candidate):\n    if candidate[""occurrence_count""] >= 3 and candidate[""has_definition""]:\n        return ""PROMOTE""\n    return ""REVIEW"""	PROMOTE 조건은?	3회 이상 출현하고 has_definition이 truthy	and의 두 피연산자가 모두 참이어야 PROMOTE를 반환한다. 즉 occurrence_count가 3 이상이고 has_definition 값이 truthy여야 하며, 하나라도 거짓이면 REVIEW다. 여기서 코드는 has_definition의 진리값만 볼 뿐 실제 정의 문장이나 근거의 품질을 검증하지 않는다. 두 key가 없으면 KeyError가 나므로 이 함수만으로 완전한 노드 승격 검증이라고 부르기는 어렵다.	노드패스/수동검토앱/teacher dataset 흐름과 연결된다.	meaning_choice	"[""if"",""def"",""function"",""return"",""kg"",""node_promotion"",""rule""]"
10	python_realworld_expansion_v8.json	PY8_L10_rag_citation_001	RAG citation 생성 읽기	답변에 근거 doc_id/chunk_id를 붙이는 구조를 읽는다.	"def cite_answer(answer, chunks):\n    citations = []\n    for chunk in chunks:\n        citations.append({""doc_id"": chunk[""doc_id""], ""chunk_id"": chunk[""id""]})\n    return {""answer"": answer, ""citations"": citations}"	citations에 들어가는 것은?	doc_id와 chunk_id	반복문은 chunks의 각 항목에서 doc_id와 id를 읽어 {doc_id, chunk_id} 객체를 citations에 추가한다. 그래서 반환값에는 answer와 모든 입력 chunk의 식별자가 함께 들어간다. 이 코드는 answer가 실제로 어느 문장을 사용했는지 확인하지 않고 모든 chunk를 인용하며, 식별자가 존재한다는 사실만으로 답변이 그 근거의 지지를 받거나 신뢰할 수 있다고 보장하지 않는다. 화면에서 출처를 열려면 이 식별자를 원문 위치로 해석하는 별도 매핑도 필요하다.	검증 가능한 답변과 근거 추적에 중요하다.	meaning_choice	"[""for"",""def"",""function"",""return"",""rag"",""citation"",""evidence""]"
10	python_realworld_expansion_v8.json	PY8_L10_rag_strict_prompt_001	근거 제한 프롬프트 읽기	검색된 근거 chunk만 사용하라고 지시하는 프롬프트 생성 흐름을 읽는다.	"def build_prompt(question, evidence_chunks):\n    context = ""\n\n"".join(chunk[""text""] for chunk in evidence_chunks)\n    return f""Use only the context.\n{context}\nQuestion: {question}"""	Use only the context의 목적은?	근거 밖 답변을 줄이기	함수는 chunk의 text를 빈 줄 두 개로 이어 붙이고, 그 앞에 Use only the context라는 지시를 넣는다. 이 지시의 의도는 근거 밖 답변을 줄이는 것이지만 모델 출력을 기술적으로 강제하는 접근 제어는 아니다. 또한 프롬프트에는 근거가 없을 때 ‘모른다’고 답하라는 명시적 규칙도 없다. 운영 코드라면 빈 evidence를 차단하고, 출력의 주장과 인용 근거가 실제로 맞는지 별도 검증해야 한다.	Evidence-first RAG 서비스 설계와 직접 연결된다.	meaning_choice	"[""def"",""function"",""return"",""rag"",""prompt"",""evidence""]"
10	python_refactoring_maintainability_v40.json	PY40_L10_backward_compatibility_001	backward compatibility 읽기	기존 데이터/기능과 호환되게 바꾸는 backward compatibility를 이해한다.	"old card:\n  title\n\nnew card:\n  title\n  difficulty\n\nreader:\n  difficulty = card.difficulty ?? ""normal"""	?? 'normal' 같은 기본값이 필요한 이유는?	기존 카드에 difficulty가 없어도 동작하게 하려고	JavaScript의 ??는 왼쪽 값이 null 또는 undefined일 때만 normal을 사용하므로 difficulty가 없는 기존 카드도 읽게 한다. 빈 문자열이나 알 수 없는 값은 그대로 통과하므로 허용값 검증은 별도다. 기본값은 호환 정책이며 기존 데이터 오류를 무조건 숨기지 않도록 관찰과 migration도 필요하다.	v1~v39 카드가 있는 상태에서 새 필드를 추가할 때 필요한 관점이다.	meaning_choice	"[""backward_compatibility"",""compatibility"",""safe_change""]"
10	python_refactoring_maintainability_v40.json	PY40_L10_code_review_checklist_001	code review checklist 읽기	리뷰 때 확인할 항목을 체크리스트로 보는 이유를 이해한다.	review checklist:\n  [ ] intended behavior preserved\n  [ ] names are clear\n  [ ] duplication is intentional or removed\n  [ ] validation and tests pass\n  [ ] rollback/forward-fix is planned	이 체크리스트의 목적은?	변경이 안전하고 읽기 쉬운지 확인한다	체크리스트는 반복해서 놓치는 검증을 줄이는 보조 도구다. 항목을 기계적으로 체크하는 것만으로 품질이 보장되지는 않으므로 diff, 테스트 결과, 위험한 가정의 근거를 함께 검토한다. 의도된 중복이나 되돌릴 수 없는 side effect처럼 맥락에 따라 판단할 항목도 명시해야 한다.	SWAP-IN 방식, 검증 OK, git status clean 확인도 넓은 의미의 리뷰 체크리스트다.	meaning_choice	"[""code_review"",""checklist"",""quality""]"
10	python_refactoring_maintainability_v40.json	PY40_L10_migration_safe_change_001	migration-safe change 읽기	데이터 구조 변경을 한 번에 깨뜨리지 않고 단계적으로 적용하는 방식을 이해한다.	step 1: reader supports old + new field\nstep 2: writer starts writing new field\nstep 3: migrate old data\nstep 4: remove old field later	가장 먼저 해야 안전한 단계는?	reader supports old + new field	migration safe change는 배포 중간에도 앱이 깨지지 않도록 변경 순서를 잡는 방식이다. 읽는 쪽이 먼저 양쪽 형식을 지원하면 위험이 줄어든다. 새 형식 저장을 시작하기 전에 구버전과 신버전을 모두 읽을 수 있게 만드는 것이 안전하다. 따라서 정답은 ‘reader supports old + new field’이다.	카드 JSON 스키마를 바꾸거나 progress 저장 구조를 바꿀 때 필요한 절차다.	order_choice	"[""migration_safe"",""schema_change"",""compatibility""]"
10	python_refactoring_maintainability_v40.json	PY40_L10_patch_risk_001	patch risk 읽기	패치가 어디를 건드리는지에 따라 위험도가 달라짐을 이해한다.	low risk:\n  add new lesson json\n\nhigher risk:\n  rewrite app.js loading logic	app.js loading logic 재작성의 위험이 더 큰 이유는?	기존 모든 lesson 로딩을 깨뜨릴 수 있기 때문	patch risk는 작은 수정이 예상보다 넓은 기능에 영향을 줄 가능성이다. 공통 로딩 로직처럼 영향 범위가 넓은 코드는 회귀 검증이 필요하다. 위험이 큰 패치는 작게 나누고 smoke test와 회귀 검증을 붙여 영향 범위를 확인해야 한다. 따라서 정답은 ‘기존 모든 lesson 로딩을 깨뜨릴 수 있기 때문’이다.	오래된 Expand V3 스크립트가 v4 이후 lessonFiles를 지울 수 있었던 위험과 연결된다.	meaning_choice	"[""patch_risk"",""risk_management"",""safe_patch""]"
10	python_refactoring_maintainability_v40.json	PY40_L10_rollback_friendly_001	rollback-friendly change 읽기	문제가 생겼을 때 쉽게 되돌릴 수 있는 변경 방식을 이해한다.	good:\n  one topic per commit\n  validation passes\n  git status clean\n\nbad:\n  many unrelated changes in one commit	one topic per commit의 장점은?	문제 발생 시 특정 변경만 되돌리기 쉽다	한 목적의 작은 커밋은 코드 변경의 원인을 좁히고 특정 commit을 revert하기 쉽게 한다. 하지만 DB migration, 외부 API 호출, 이미 사용자에게 저장된 데이터 같은 side effect는 Git revert만으로 되돌아가지 않을 수 있다. 배포 전 검증과 별도의 rollback·forward-fix 계획이 필요하다.	v27~v39를 주제별 커밋으로 나눈 현재 방식과 맞다.	meaning_choice	"[""rollback"",""small_change"",""release_safety""]"
10	python_refactoring_maintainability_v40.json	PY40_L10_small_commit_001	small commit 읽기	작고 관련된 변경만 묶는 commit 습관을 이해한다.	commit:\n  add v40 lesson json\n  update app.js lessonFiles	이 커밋 범위가 좋은 이유는?	v40 추가라는 한 목적에 집중되어 있다	small commit은 관련 있는 작은 변경만 하나의 커밋에 담는 습관이다. 범위가 작으면 리뷰, 검증, 되돌리기가 쉬워진다. 나중에 문제가 생겼을 때 어떤 변경이 원인이었는지 좁히기 쉬워서 품질 관리에도 유리하다. 따라서 정답은 ‘v40 추가라는 한 목적에 집중되어 있다’이다.	새 확장 카드 추가는 lesson JSON + app.js 연결만 커밋하는 것이 깔끔하다.	meaning_choice	"[""small_commit"",""git"",""review""]"
10	python_resume_safe_pipeline_checkpoint_v46.json	PY46_L10_crash_recovery_001	crash recovery 읽기	프로그램이 죽은 뒤 checkpoint와 output 검증으로 복구하는 흐름을 이해한다.	on_start:\n  load checkpoint\n  scan outputs\n  validate done markers\n  resume pending jobs	crash recovery에서 먼저 해야 할 일은?	checkpoint와 기존 output 상태를 다시 확인한다	시작 시 checkpoint, output, done marker를 입력·code version과 함께 reconcile해 어느 상태가 authoritative한지 정한다. 유효한 hash·schema·count를 가진 완료 output만 보존하고 partial·stale 상태는 격리하거나 idempotent하게 다시 처리한다. checkpoint만 무조건 믿으면 누락이 생길 수 있다.	중간에 끊긴 shard, partial JSONL, 누락된 done marker를 점검하는 루틴이다.	meaning_choice	"[""crash_recovery"",""restart"",""checkpoint""]"
10	python_resume_safe_pipeline_checkpoint_v46.json	PY46_L10_final_manifest_001	final manifest 읽기	최종 산출물 목록과 검증 결과를 manifest로 남기는 이유를 이해한다.	final_manifest.tsv\noutput_path\trows\tsha256\tstatus\tvalidated_at	final manifest가 있으면 좋은 점은?	최종 산출물의 경로, row 수, hash와 검증 상태를 재확인한다	manifest의 output_path, rows, sha256, status, validated_at은 예상 파일과 record 수, 정확한 byte content, 검증 시점을 확인하는 근거다. hash를 신뢰하려면 어떤 algorithm과 생성 version을 썼는지, manifest 자체의 무결성과 입력 provenance도 관리해야 한다.	KG pack, clean text, lesson files, shard outputs를 묶을 때 final manifest가 필요하다.	meaning_choice	"[""final_manifest"",""audit"",""reproducibility""]"
10	python_resume_safe_pipeline_checkpoint_v46.json	PY46_L10_resume_safe_nodepass_001	resume-safe node_pass 읽기	KG node_pass 같은 실제 장시간 작업에 resume-safe 원칙을 적용한다.	for shard in pending_shards:\n    run_node_pass(shard)\n    validate_jsonl(shard.output)\n    mark_done(shard)	resume-safe node_pass에서 mark_done은 언제 해야 하나?	jsonl 출력 검증이 통과한 뒤	run_node_pass가 output을 durable하게 저장하고 validate_jsonl이 schema·count·참조를 통과한 뒤 mark_done을 atomic하게 기록한다. validation 뒤 marker 전 crash가 나면 재실행될 수 있으므로 node pass와 저장은 idempotent해야 한다. 실패 목록과 input/model version도 shard 상태에 연결한다.	노드 추출, 노드 승격, 엣지 승격 파이프라인을 안정화하는 핵심 습관이다.	meaning_choice	"[""for"",""node_pass"",""resume_safe"",""shard_pipeline""]"
10	python_search_embedding_rag_flow_v43.json	PY43_L10_no_answer_fallback_001	no-answer fallback 읽기	근거가 부족할 때 억지 답변 대신 fallback하는 방식을 이해한다.	evidence = retrieve(question)\nconfidence = calibrated_confidence(evidence)\nif not evidence or confidence < threshold:\n    return '근거가 부족합니다'\nanswer = generate_answer(question, evidence)\nreturn answer	no-answer fallback이 필요한 이유는?	근거가 없을 때 환각 답변을 줄이기 위해	근거가 없거나 calibration된 confidence가 기준보다 낮으면 답을 꾸며내지 않고 부족함을 알린다. threshold가 부정확하면 답할 수 있는 질문을 과도하게 거절하거나 근거 없는 답을 허용할 수 있으므로 labeled evaluation으로 조정한다. 가능하면 필요한 추가 정보나 검색 범위도 안내한다.	교육앱이나 KG 질의응답에서 모르면 모른다고 하고 추가 근거를 요청해야 한다.	meaning_choice	"[""if"",""return"",""fallback"",""no_answer"",""retrieval_confidence""]"
10	python_search_embedding_rag_flow_v43.json	PY43_L10_rag_evaluation_001	RAG evaluation 읽기	RAG 평가는 검색 품질과 답변 품질을 나누어 봐야 함을 이해한다.	retrieval_eval:\n  did we retrieve the right evidence?\n\nanswer_eval:\n  did the answer use the evidence correctly?	RAG 평가를 나누어 보는 이유는?	검색이 틀린 문제와 답변 생성이 틀린 문제를 구분하기 위해	retrieval 평가와 answer 평가를 나누면 관련 근거를 못 찾은 문제와 찾은 근거를 잘못 사용한 문제를 구분할 수 있다. retrieval에는 recall·context precision, generation에는 faithfulness·answer correctness·citation accuracy 같은 서로 다른 지표와 labeled 질문이 필요하다. 최종 사용자 과업 성공도 별도로 확인한다.	검색 recall, evidence precision, answer faithfulness를 따로 보면 개선 지점이 선명해진다.	meaning_choice	"[""RAG_evaluation"",""retrieval_eval"",""answer_eval""]"
10	python_search_embedding_rag_flow_v43.json	PY43_L10_retrieval_log_001	retrieval log 읽기	검색 결과와 점수를 로그로 남기는 이유를 이해한다.	log = {\n  'query': query,\n  'top_ids': [r.id for r in results],\n  'scores': [r.score for r in results]\n}	retrieval log가 있으면 좋은 점은?	왜 특정 근거가 선택됐는지 나중에 추적할 수 있다	query, top_ids, scores는 어떤 후보가 선택됐는지 재현·분석하는 기초다. 같은 결과를 비교하려면 model/index/query-normalization version, filter, top_k와 request ID도 기록해야 한다. query와 문서 내용에는 개인정보가 있을 수 있으므로 최소 수집, 접근 통제, 보존 기간과 redaction 정책을 적용한다.	query, top_k, score, doc_id, chunk_id를 남기면 실패 분석과 회귀 테스트가 쉬워진다.	meaning_choice	"[""retrieval_log"",""debugging"",""audit""]"
10	python_tag_filter_advanced_search_v55.json	PY55_L10_advanced_search_quality_gate_001	advanced search quality gate 읽기	고급 검색 기능이 제대로 동작하는지 테스트 케이스로 확인하는 습관을 이해한다.	assert [c.id for c in search('json', levelMin=8)] == expected_ranked_ids\nassert {c.id for c in filterByConcept('validation')} == expected_concept_ids	advanced search quality gate의 목적은?	검색/필터/정렬이 의도대로 동작하는지 검증하기 위해	단순 truthy assert는 잘못된 card나 순서를 반환해도 통과할 수 있다. 고정 fixture에서 expected ID와 ranking order를 비교하고 empty, Unicode, invalid level, combined filter도 검사한다. Python -O에 의존하지 않도록 test runner를 사용한다.	감사 v2에서 TAG_FILTER_ADVANCED_SEARCH가 0 hits였으므로, v55는 대량 카드 학습앱에서 원하는 카드를 빠르게 찾는 검색/필터 UX를 보강한다.	meaning_choice	"[""search_quality"",""quality_gate"",""test_case""]"
10	python_tag_filter_advanced_search_v55.json	PY55_L10_filter_pipeline_001	filter pipeline 읽기	검색어 처리, 필터링, 정렬, 렌더링이 이어지는 filter pipeline을 이해한다.	normalizeQuery()\nfilterCards()\nrankResults()\nrenderResults()	filter pipeline의 자연스러운 순서는?	검색어 정규화 → 카드 필터링 → 관련도 정렬 → 결과 렌더링	filter pipeline은 검색어 적용, 태그 필터, level 필터, 정렬을 단계별로 처리하는 흐름이다. 대량 카드 앱에서는 단계 분리가 유지보수에 좋다. 각 단계를 함수로 나누면 검색 조건이 늘어나도 특정 단계만 고쳐 확장할 수 있다.	감사 v2에서 TAG_FILTER_ADVANCED_SEARCH가 0 hits였으므로, v55는 대량 카드 학습앱에서 원하는 카드를 빠르게 찾는 검색/필터 UX를 보강한다.	meaning_choice	"[""filter_pipeline"",""search_architecture"",""pipeline""]"
10	python_tag_filter_advanced_search_v55.json	PY55_L10_search_index_fields_001	search index fields 읽기	검색 인덱스에 어떤 필드를 넣을지 정하는 방식을 이해한다.	searchText = [\n  card.title,\n  card.question,\n  card.explanation,\n  card.concepts.join(' ')\n].join(' ')	search index fields에 넣기 좋은 값은?	title, question, answer, concepts 같은 검색 대상 필드	learner-facing search index에는 title, question, explanation, concepts를 모은다. 정답을 아직 풀기 전에 answer를 index와 snippet에 넣으면 quiz spoiler가 될 수 있으므로 일반 검색에서는 제외하고 authoring/admin search에만 별도 포함한다. field 변경 때 index도 재생성한다.	감사 v2에서 TAG_FILTER_ADVANCED_SEARCH가 0 hits였으므로, v55는 대량 카드 학습앱에서 원하는 카드를 빠르게 찾는 검색/필터 UX를 보강한다.	meaning_choice	"[""search_index"",""index_fields"",""performance""]"
10	python_tests_regression_quality_gate_v47.json	PY47_L10_ci_check_001	CI check 읽기	Git push 후 원격에서 자동으로 테스트하는 CI 개념을 이해한다.	on push:\n  install dependencies\n  run validation.py\n  report pass/fail	CI check의 핵심은?	push된 코드에 대해 자동 검증을 실행한다	CI check는 원격 저장소에서 자동으로 실행되는 검증 절차다. 사람이 매번 수동으로 실행하지 않아도 같은 기준으로 반복 확인할 수 있다. 커밋이나 PR마다 검증이 자동 실행되면 로컬에서 놓친 회귀를 원격에서 한 번 더 잡을 수 있다. 따라서 정답은 ‘push된 코드에 대해 자동 검증을 실행한다’이다.	향후 GitHub Actions로 lesson JSON 검증을 자동화할 수 있다.	meaning_choice	"[""CI"",""automated_test"",""remote_validation""]"
10	python_tests_regression_quality_gate_v47.json	PY47_L10_quality_gate_before_commit_001	quality gate before commit 읽기	커밋 전 품질 게이트를 통과시키는 작업 규칙을 이해한다.	if validation_ok and server_200_ok:\n    git add ...\n    git commit ...\nelse:\n    stop	commit 전 quality gate가 중요한 이유는?	검증된 변경만 이력에 남기기 위해	이 조건은 validation과 HTTP smoke check가 모두 true일 때만 add·commit을 진행하는 policy를 표현한다. server_200_ok만으로 화면 동작을 보장하지 않고, commit이 곧 배포 안전을 뜻하지도 않는다. relevant test, diff review와 배포 검증을 위험도에 맞게 추가한다.	v41~v46은 생성, 검증, 서버 200 확인, 커밋, push 순서로 안정화했다.	meaning_choice	"[""if"",""else"",""quality_gate"",""commit_policy"",""release_safety""]"
10	python_tests_regression_quality_gate_v47.json	PY47_L10_regression_suite_001	regression suite 읽기	여러 회귀검증 항목을 묶어 반복 실행하는 regression suite를 이해한다.	run_suite([\n  check_json_loads,\n  check_duplicate_ids,\n  check_answers,\n  check_side_refs\n])	regression suite의 장점은?	여러 검증을 매번 같은 순서로 반복 실행할 수 있다	suite로 묶으면 새 버전을 추가할 때마다 같은 기준으로 안정성을 확인할 수 있다. regression suite는 예전에 되던 기능이 다시 깨지지 않았는지 확인하는 테스트 묶음이다. 새 기능을 넣은 뒤 기존 핵심 흐름을 함께 검사해야 한다.	현재 반복 중인 full validation 스크립트를 나중에 tests/validate_lessons.py로 고정할 수 있다.	meaning_choice	"[""regression_suite"",""test_suite"",""repeatable_validation""]"
10	python_tests_regression_quality_gate_v47.json	PY47_L10_test_report_001	test report 읽기	검증 결과를 사람이 읽기 좋은 보고서로 남기는 이유를 이해한다.	TEST REPORT\npassed: 6\nfailed: 1\nfailure: PY47_x answer not in choices	test report에 들어가면 좋은 정보는?	통과/실패 개수와 실패 원인	test report는 어떤 테스트가 성공했고 무엇이 실패했는지 정리한 결과물이다. 실패 위치와 원인을 빠르게 파악하게 해준다. 단순히 실패했다는 말보다 어떤 입력, 어떤 기대값, 어떤 실제값에서 깨졌는지 적히면 수정이 쉬워진다.	MISSING FILES, DUPLICATE IDS, ANSWER NOT IN CHOICES 같은 출력이 test report 역할을 한다.	meaning_choice	"[""test_report"",""summary"",""failure_detail""]"
10	python_tests_validation_regression_v24.json	PY24_L10_ci_fail_fast_001	CI fail-fast 사고방식 읽기	검증 실패 시 배포나 다음 단계로 넘어가지 않게 막는 품질 게이트를 이해한다.	"python scripts/validate_lessons.py\nif ($LASTEXITCODE -ne 0) {\n  throw ""validation failed; stop deploy""\n}"	 0이 아니면 무엇을 의미하는가?	직전 명령이 실패했다	CI fail fast는 검증 명령이 실패하면 뒤 단계를 멈추는 방식이다. 종료 코드가 0이 아니면 배포나 커밋 후속 작업을 막아 실수를 줄인다. 자동화에서는 실패한 상태로 계속 진행하면 잘못된 결과가 배포될 수 있어 즉시 중단이 중요하다. 따라서 정답은 ‘직전 명령이 실패했다’이다.	나중에 자동 검증 스크립트를 만들 때 품질 게이트로 쓸 수 있다.	meaning_choice	"[""ci"",""fail_fast"",""quality_gate"",""automation""]"
10	python_tests_validation_regression_v24.json	PY24_L10_ci_github_actions_001	GitHub Actions CI YAML 읽기	push할 때 자동으로 검증 명령을 실행하는 CI 설정을 읽는다.	name: validate\non: [push]\njobs:\n  test:\n    runs-on: ubuntu-latest\n    steps:\n      - uses: actions/checkout@v4\n      - uses: actions/setup-python@v5\n      - run: python scripts/validate_lessons.py	CI workflow에서 on: [push]의 의미는?	push 이벤트 때 workflow를 실행한다	on: [push]는 repository에 push event가 생길 때 workflow를 시작한다. checkout 뒤 setup-python으로 Python을 준비하고 validation script를 실행한다. 재현성을 위해 Python version을 명시하고 action reference 정책을 정하며, script가 실패할 때 nonzero exit code를 반환하는지 확인해야 한다. CI 통과는 이 한 command가 검사한 범위만 보장한다.	카드 수가 많아진 뒤에는 GitHub Actions로 기본 검증을 자동화할 수 있다.	meaning_choice	"[""github_actions"",""ci"",""yaml"",""test""]"
10	python_tests_validation_regression_v24.json	PY24_L10_commit_after_tests_001	테스트 후 커밋 루틴 읽기	검증 통과 후에만 커밋하는 안전한 작업 순서를 이해한다.	# 1. run expand script\n# 2. validate JSON/card integrity\n# 3. run local server smoke test\n# 4. git status\n# 5. git add / commit / push	가장 안전한 순서에 가까운 것은?	검증 → 로컬 확인 → git add/commit/push	먼저 검증하고 로컬에서 200 로딩을 확인한 뒤 안정 상태를 커밋하는 것이 안전하다. 테스트 후 커밋 루틴은 검증을 통과한 상태만 저장소에 남기기 위한 습관이다. 실패한 테스트가 있으면 먼저 원인을 고치고 다시 검증한 뒤 커밋해야 한다.	v16~v23에서 반복한 안정 루틴을 카드화한 것이다.	order_choice	"[""comment"",""workflow"",""test"",""commit"",""git""]"
10	python_tests_validation_regression_v24.json	PY24_L10_lessonfiles_tail_check_001	lessonFiles tail 검사 읽기	app.js의 lessonFiles 마지막 항목이 최신 파일인지 확인하는 코드를 읽는다.	"const expected = ""python_tests_validation_regression_v24.json"";\nconst connected = lessonFiles.some((path) => path.endsWith(""/"" + expected));\nif (!connected) {\n  throw new Error(""lesson not connected: "" + expected);\n}"	이 검사가 잡으려는 문제는?	기대 lesson file이 app.js loading list에 없는 문제	some은 lessonFiles 전체에서 expected filename으로 끝나는 path가 하나라도 있는지 검사한다. 마지막 원소만 검사하면 list 정렬 방식에 불필요하게 의존하고 includes는 비슷한 긴 filename도 통과시킬 수 있다. 더 강한 검사는 실제 file manifest와 loading list의 exact path set을 양방향 비교한다.	Select-String으로 APP_DATA_VERSION과 최신 파일명을 확인하던 습관과 연결된다.	meaning_choice	"[""lessonFiles"",""tail_check"",""regression"",""app_js""]"
10	python_tests_validation_regression_v24.json	PY24_L10_schema_level_range_001	level 범위 검사 읽기	카드 난이도 level이 허용 범위 안에 있는지 검사하는 코드를 읽는다.	"for card in cards:\n    level = card[""level""]\n    if type(level) is not int or not (1 <= level <= 10):\n        raise ValueError(f""bad level: {card['id']}={level!r}"")"	level이 11이면 어떻게 되는가?	ValueError가 발생한다	"level이 Python int가 아니거나 1~10 밖이면 ValueError가 난다. 먼저 int(...)로 강제 변환하면 ""3"" 같은 잘못된 schema type이 조용히 통과하고 bool도 int의 subclass라 단순 isinstance로 통과할 수 있다. type(level) is int를 확인하면 JSON number로 의도한 정수와 범위를 함께 검증할 수 있다."	난이도 필터와 목차 통계가 깨지지 않게 하는 검증이다.	meaning_choice	"[""if"",""for"",""schema"",""level"",""range_check"",""validation""]"
10	python_tests_validation_regression_v24.json	PY24_L10_server_200_smoke_001	로컬 서버 200 smoke test 읽기	앱 핵심 파일과 새 JSON이 200으로 응답하는지 확인하는 테스트를 읽는다.	"import requests\n\nurls = [\n    ""http://127.0.0.1:8790/src/pwa/index.html"",\n    ""http://127.0.0.1:8790/data/lessons/python_tests_validation_regression_v24.json"",\n]\nfor url in urls:\n    r = requests.get(url, timeout=5)\n    assert r.status_code == 200, (url, r.status_code)"	status_code가 404이면 assert는 어떻게 되는가?	실패한다	404이면 status_code == 200이 false라 assert가 AssertionError를 낸다. timeout이나 connection error는 requests.get에서 별도 exception이 난다. requests는 redirect를 기본적으로 따라가므로 최종 200이 원래 URL의 기대 file임을 보장하지 않고, body의 JSON·HTML 내용과 version도 확인하지 않는다. 이 검사는 availability의 한 조각이다.	로컬 서버 로그에서 v1~v23 JSON이 200인지 확인하던 과정을 자동화한 형태다.	meaning_choice	"[""for"",""import"",""smoke_test"",""http_status"",""local_server"",""requests""]"
10	python_tests_validation_regression_v24.json	PY24_L10_test_report_summary_001	실패 로그 요약 코드 읽기	검증 실패를 사람이 읽기 좋은 요약으로 모으는 구조를 이해한다.	"failures = []\nif duplicates:\n    failures.append(f""duplicate ids: {len(duplicates)}"")\nif bad_answers:\n    failures.append(f""bad answers: {len(bad_answers)}"")\nif missing_side:\n    failures.append(f""missing side cards: {len(missing_side)}"")\n\nif failures:\n    print(""FAIL: "" + "", "".join(failures))\n    raise SystemExit(1)\nprint(""OK"")"	failures가 비어 있으면 출력은?	OK	failures가 비어 있으면 if를 건너뛰고 OK를 출력한다. 하나라도 있으면 요약을 출력하고 exit code 1로 종료한다. 원래처럼 FAIL text만 출력하고 정상 종료하면 CI가 성공으로 오해할 수 있으므로 machine-readable 실패 신호가 필요하다.	현재 PowerShell 검증 로그를 더 자동화된 리포트로 만들 때 쓰기 좋다.	meaning_choice	"[""if"",""print"",""test_report"",""failure_summary"",""debugging""]"
10	python_tests_validation_regression_v34.json	PY34_L10_answer_choices_test_001	answer in choices 검증	퀴즈 정답이 선택지 안에 들어 있는지 확인하는 검증을 이해한다.	"if card[""answer""] not in card[""choices""]:\n    raise AssertionError(f""bad answer: {card['id']}"")"	이 검증이 필요한 가장 큰 이유는?	정답이 선택지에 없으면 사용자가 맞힐 수 없기 때문	정답이 choices 안에 없으면 사용자는 정답을 선택할 수 없다. 단순히 메시지만 출력하면 자동 검증이 성공 코드로 끝날 수 있으므로, 이 코드는 AssertionError를 발생시켜 테스트와 CI가 실패를 감지하게 한다.	v29/v31에서 실제로 이 검증이 문제를 잡아냈다.	meaning_choice	"[""if"",""answer_in_choices"",""quiz_validation"",""data_quality""]"
10	python_tests_validation_regression_v34.json	PY34_L10_lessonfiles_loading_test_001	lessonFiles 로딩 검증	app.js에 연결된 lesson 파일들이 실제로 200으로 로딩되는지 확인하는 검증을 이해한다.	GET /data/lessons/python_git_github_workflow_v33.json 200\nGET /data/lessons/python_tests_validation_regression_v34.json 200	HTTP 200은 무엇을 의미하는가?	파일 요청이 성공했다	HTTP 200은 서버가 해당 요청을 성공 상태로 응답했다는 뜻이다. 파일 경로 연결 여부를 확인하는 데 유용하지만, 본문이 올바른 JSON인지, 스키마가 맞는지, 앱이 렌더링했는지는 증명하지 않는다. 응답 본문 파싱과 데이터 검증을 이어서 수행해야 한다.	로컬 서버 로그에서 v1~최신 lesson이 모두 200인지 보는 핵심 검증이다.	meaning_choice	"[""lessonFiles"",""loading_test"",""HTTP_200""]"
10	python_tests_validation_regression_v34.json	PY34_L10_release_checklist_001	배포 전 체크리스트 읽기	커밋/푸시 전 확인해야 할 항목을 체크리스트로 묶는 이유를 이해한다.	[ ] validation OK\n[ ] local smoke test OK\n[ ] asset/data version updated if required\n[ ] git status and diff expected\n[ ] commit and push\n[ ] deployed revision/status verified	체크리스트의 장점은?	반복 작업에서 빠뜨리는 항목을 줄인다	release checklist는 반복 배포에서 누락하기 쉬운 검증을 순서대로 기록한다. 버전 갱신은 캐시 전략상 필요한 경우에만 하고, push 뒤에는 배포 상태와 실제 공개 revision도 확인해야 한다. 체크 표시 자체보다 각 항목의 증거가 중요하다.	v27~v33 확장 작업에서 사실상 같은 체크리스트를 반복하고 있다.	meaning_choice	"[""checklist"",""release"",""deploy"",""quality_gate""]"
10	python_tests_validation_regression_v34.json	PY34_L10_side_card_ref_test_001	side_card reference 검증	카드가 참조하는 side_card_id가 실제 존재하는지 확인하는 검증을 이해한다.	"for sid in card.get(""side_card_ids"", []):\n    if sid not in side_ids:\n        raise AssertionError(f""missing side card: {sid}"")"	sid not in side_ids가 의미하는 것은?	카드가 없는 side card를 참조하고 있다	sid not in side_ids는 lesson이 실제 목록에 없는 side card ID를 참조한다는 뜻이다. get(..., [])는 선택적인 참조 목록이 없는 카드를 빈 목록으로 다루고, AssertionError는 깨진 참조가 있으면 자동 검증을 확실히 실패시킨다.	MISSING SIDE CARD REFERENCES: OK를 확인하는 이유다.	meaning_choice	"[""if"",""for"",""side_card"",""reference"",""foreign_key"",""validation""]"
10	python_tests_validation_regression_v34.json	PY34_L10_total_count_test_001	카드 총수 검증 읽기	전체 카드 수가 예상대로 증가했는지 검증하는 이유를 이해한다.	"expected_total = previous_total + new_file_card_count\nif total_cards != expected_total:\n    raise AssertionError(""unexpected card count"")"	이 검증이 잡아낼 수 있는 문제는?	새 lesson이 app.js에 연결되지 않았거나 합산되지 않은 문제	이 검사는 실제 총수가 이전 총수와 새 파일의 카드 수를 더한 정확한 예상값과 같은지 확인한다. 새 lesson 연결 누락뿐 아니라 예상 밖 중복이나 추가도 잡을 수 있다. 총수만 맞아도 ID·참조·내용이 옳다는 뜻은 아니므로 다른 검증과 함께 사용한다.	각 확장 후 카드 수가 늘었는지 확인하는 이유다.	meaning_choice	"[""if"",""total_count"",""validation"",""regression""]"
10	python_user_notes_bookmarks_v56.json	PY56_L10_import_notes_001	import notes 읽기	백업한 메모 파일을 다시 가져올 때 검증이 필요함을 이해한다.	if (isValidNotesBackup(data)) {\n  restoreNotes(data)\n}	import notes에서 검증이 필요한 이유는?	깨진 파일이나 잘못된 구조가 앱 상태를 망치지 않게 하기 위해	import file은 untrusted이므로 size, schema version, text type·length, 허용 key와 card ID를 검증한다. 기존 data를 backup하고 overwrite, merge, 충돌·중복 처리 방식을 사용자에게 보여 준 뒤 atomic하게 반영한다. isValid 이름만으로 검증 범위가 보장되지는 않는다.	감사 v2에서 USER_NOTES_BOOKMARKS 축이 거의 비어 있었으므로, v56은 사용자가 중요한 카드와 자기 메모를 남겨 개인화 복습에 활용하는 기능을 보강한다.	meaning_choice	"[""import_notes"",""restore"",""validation""]"
10	python_user_notes_bookmarks_v56.json	PY56_L10_notes_bookmarks_quality_gate_001	notes bookmarks quality gate 읽기	메모/북마크 기능이 저장, 복원, 삭제, 필터까지 되는지 확인하는 품질 기준을 이해한다.	saved = saveNote(fixtureNote)\nassert saved\nassert loadNote(fixtureNote.cardId) == fixtureNote\nassert toggleBookmark(fixtureCardId) is True\nassert fixtureCardId in filterBookmarks()	notes/bookmarks quality gate의 목적은?	개인 메모와 북마크 기능이 안정적으로 동작하는지 확인하기 위해	저장 함수가 truthy인지뿐 아니라 같은 fixture가 round-trip되는지와 bookmark 상태·filter 결과를 확인한다. 저장 실패, malformed legacy data, quota, duplicate, migration과 export/import recovery도 별도 test한다.	감사 v2에서 USER_NOTES_BOOKMARKS 축이 거의 비어 있었으므로, v56은 사용자가 중요한 카드와 자기 메모를 남겨 개인화 복습에 활용하는 기능을 보강한다.	meaning_choice	"[""quality_gate"",""notes"",""bookmarks""]"
10	python_user_notes_bookmarks_v56.json	PY56_L10_personal_review_queue_001	personal review queue 읽기	북마크, 오답, 메모를 합쳐 개인 복습 큐를 만드는 전략을 이해한다.	queue = deduplicateAndPrioritize(\n  bookmarkedCards, wrongCards, notedCards\n)	personal review queue의 핵심은?	북마크, 오답, 메모가 있는 카드를 개인 복습 대상으로 묶는 것	세 source에 같은 card가 있을 수 있으므로 stable ID로 deduplicate하고 due·오답·사용자 선택의 priority 규칙을 적용한다. 단순 merge 순서가 학습 효과를 보장하지 않으며 queue가 빈 경우와 삭제된 card도 처리한다.	감사 v2에서 USER_NOTES_BOOKMARKS 축이 거의 비어 있었으므로, v56은 사용자가 중요한 카드와 자기 메모를 남겨 개인화 복습에 활용하는 기능을 보강한다.	meaning_choice	"[""personal_review_queue"",""bookmark"",""mistake_note""]"
10	python_web_http_api_flow_v35.json	PY35_L10_cors_basic_001	CORS 기초 읽기	브라우저가 다른 출처 API 호출을 제한할 수 있다는 CORS 개념을 이해한다.	Access to fetch at http://localhost:8000/api/search\nfrom origin http://localhost:8790\nhas been blocked by CORS policy.	이 오류가 말하는 핵심은?	브라우저가 다른 origin API 호출을 차단했다	origin은 scheme, host, port의 조합이므로 포트가 다르면 다른 출처다. CORS는 브라우저가 다른 origin의 응답을 프론트엔드 코드에 공개해도 되는지 서버 헤더를 보고 판단하는 규칙이다. 요청이 서버에 도달했어도 브라우저가 응답 읽기를 막을 수 있으며, 서버 장애와 같은 뜻은 아니다.	PWA는 8790, FastAPI는 8000처럼 포트가 다를 때 만날 수 있다.	meaning_choice	"[""CORS"",""browser_security"",""origin""]"
10	python_web_http_api_flow_v35.json	PY35_L10_fastapi_route_001	FastAPI route 읽기	FastAPI에서 URL 경로와 Python 함수가 연결되는 방식을 이해한다.	"@app.get(""/api/search"")\ndef search(q: str):\n    return {""items"": search_cards(q)}"	이 코드에서 /api/search는 무엇인가?	GET 요청을 받을 API route	FastAPI route는 특정 HTTP 경로와 파이썬 함수를 연결하는 설정이다. @app.get은 해당 경로로 들어온 GET 요청을 아래 함수에 연결한다. route를 읽을 때는 HTTP method, 경로, 함수 인자를 함께 보면 요청 흐름이 보인다.	나중에 reading trainer에 검색 라우터나 RAG 검색 API를 붙일 때 필요한 구조다.	meaning_choice	"[""def"",""function"",""return"",""FastAPI"",""route"",""backend"",""API""]"
10	python_web_http_api_flow_v35.json	PY35_L10_frontend_backend_flow_001	frontend ↔ backend 흐름 읽기	화면에서 버튼을 누른 뒤 API를 거쳐 결과가 다시 화면에 표시되는 흐름을 이해한다.	User clicks search\nFrontend fetches /api/search?q=RAG\nBackend searches data\nBackend returns JSON\nFrontend renders results	Backend returns JSON 다음 단계로 자연스러운 것은?	Frontend renders results	백엔드가 JSON을 돌려주면 프론트엔드는 그 데이터를 화면 표시 형태로 렌더링한다. frontend와 backend 흐름은 화면에서 요청을 만들고 서버가 처리한 뒤 응답을 돌려주는 순서로 읽으면 된다. 요청 payload와 응답 JSON을 함께 확인해야 한다. 따라서 반환/호출 결과는 ‘Frontend renders results’이다.	현재 정적 PWA에서 API 붙은 학습/검색 앱으로 확장할 때 핵심 흐름이다.	order_choice	"[""frontend"",""backend"",""API_flow"",""fetch""]"
10	python_web_http_api_flow_v35.json	PY35_L10_rate_limit_001	rate limit 읽기	짧은 시간에 너무 많은 요청을 보내면 제한될 수 있다는 개념을 이해한다.	429 Too Many Requests\nRetry-After: 60	Retry-After: 60은 무엇을 의미하는가?	60초 뒤 다시 시도하라는 뜻	429는 짧은 시간에 허용량보다 많은 요청을 보냈음을 뜻한다. Retry-After 값은 초 단위 지연 또는 HTTP 날짜 형식일 수 있는데, 여기의 60은 60초 뒤 재시도하라는 뜻이다. 클라이언트는 이 헤더와 자체 최대 재시도 횟수를 함께 지켜야 한다.	GitHub API, 모델 API, 검색 API를 많이 호출할 때 중요한 운영 개념이다.	meaning_choice	"[""rate_limit"",""429"",""quota"",""API""]"
10	python_web_http_api_flow_v35.json	PY35_L10_retry_001	retry 읽기	일시적 실패일 수 있는 요청을 다시 시도하는 retry 패턴을 이해한다.	for attempt in range(3):\n    try:\n        return call_api()\n    except TimeoutError:\n        if attempt == 2:\n            raise\n        sleep(2 ** attempt)	이 코드는 최대 몇 번 call_api를 시도하는가?	3번	range(3)으로 call_api는 최대 세 번 시도한다. 첫 두 번의 TimeoutError에는 1초, 2초를 기다린 뒤 재시도하고 마지막 실패는 호출자에게 다시 전달한다. 재시도는 일시적 오류와 중복 실행해도 안전한 작업에 제한하고, 횟수 제한과 backoff를 둬야 한다.	외부 API, 검색 API, 대량 처리 job에서 일시적 오류를 견디는 데 필요하다.	meaning_choice	"[""if"",""for"",""return"",""try_except"",""range"",""retry"",""transient_error"",""backoff""]"
10	python_web_http_api_flow_v35.json	PY35_L10_timeout_001	timeout 읽기	응답이 너무 오래 걸릴 때 요청을 포기하는 timeout 개념을 이해한다.	"import requests\n\ntry:\n    response = requests.get(url, timeout=10)\nexcept requests.Timeout:\n    print(""request timed out"")"	timeout이 필요한 이유는?	응답 없는 요청을 무한히 기다리지 않기 위해	timeout을 두면 연결이나 응답이 끝없이 지연될 때 호출자가 무한히 기다리는 문제를 줄일 수 있다. requests에서는 requests.Timeout처럼 실제 라이브러리가 정의한 예외를 잡아야 한다. timeout 뒤 서버 작업이 이미 수행됐을 수도 있으므로 재시도 전에는 요청의 중복 실행 안전성도 확인한다.	검색 API나 외부 모델 호출을 붙일 때 중요하다.	meaning_choice	"[""try_except"",""import"",""print"",""timeout"",""network"",""API""]"
