file	index	id	title	answer	action	answer_explicit_now	final_status	reason	explanation
data/lessons/cards_seed_v1.json	2	L02_var_flow_001	변수에 들어간 값 따라가기	LiDAR	NO_ACTION	YES	OK_ALREADY_EXPLICIT	V318에서 조치 불필요였고 현재도 정답 표현 확인	label에 저장된 'LiDAR' 값이 name으로 복사되므로 print(name)은 LiDAR를 출력한다. 이때 복사는 값을 새 이름으로 따라갈 수 있게 만드는 흐름이다. 이후 label이나 name이 다시 대입되는 줄이 있는지 확인해야 최종 출력을 정확히 알 수 있다. 변수 문제는 오른쪽 값을 먼저 계산하고 왼쪽 이름에 저장한다고 순서대로 추적하면 안정적이다.
data/lessons/python_advanced_expansion_v5.json	3	PY5_L09_decorator_wrapper_001	decorator wrapper 흐름 읽기	before	NO_ACTION	YES	OK_ALREADY_EXPLICIT	V318에서 조치 불필요였고 현재도 정답 표현 확인	@log_call 때문에 run은 wrapper로 감싸지고 wrapper 안에서 before가 먼저 출력된다. decorator wrapper는 원래 함수를 감싸 실행 전후에 추가 동작을 넣는 함수다. 로그, 권한 확인, 실행 시간 측정 같은 공통 처리에 자주 쓰인다.
data/lessons/python_ai_learning_methods_v14.json	1	PY14_L07_learning_methods_compare_001	지도학습/비지도학습/자기지도학습/강화학습 한 번에 비교	지도학습	NO_ACTION	YES	OK_ALREADY_EXPLICIT	V318에서 조치 불필요였고 현재도 정답 표현 확인	지도학습은 이미지 분류, 스팸 분류, 점수 예측처럼 정답 label이 있는 데이터로 학습한다. 지도학습, 비지도학습, 자기지도학습, 강화학습은 데이터와 피드백 방식이 다르다. 정답 라벨, 숨은 구조, 보상 신호 중 무엇을 쓰는지 구분해야 한다.
data/lessons/python_beginner_mixed_review_v96_a1.json	1	PYV96_A1_REVIEW_001_VAR_REASSIGN	변수 다시 대입 읽기	5	NO_ACTION	YES	OK_ALREADY_EXPLICIT	V318에서 조치 불필요였고 현재도 정답 표현 확인	x는 처음 2였다가 x + 3으로 5가 된다. 이 문제는 초급 파이썬 코드를 한 줄씩 읽는 복습 문제다. 정답을 고를 때는 문법 이름을 외우는 것보다 실행 순서, 변수의 현재 값, 조건의 True/False, 반복 중 바뀌는 값, 자료구조에 남는 값을 확인해야 한다. 특히 print되는 값과 변수에 저장되는 값은 다를 수 있고, 함수는 호출될 때 실행되어 return 값을 돌려준다.
data/lessons/python_beginner_mixed_review_v96_a1.json	3	PYV96_A1_REVIEW_003_TYPE_NAME	자료형 이름 읽기	str	NO_ACTION	YES	OK_ALREADY_EXPLICIT	V318에서 조치 불필요였고 현재도 정답 표현 확인	hello는 따옴표로 감싼 문자열이므로 type 이름은 str이다. 이 문제는 초급 파이썬 코드를 한 줄씩 읽는 복습 문제다. 정답을 고를 때는 문법 이름을 외우는 것보다 실행 순서, 변수의 현재 값, 조건의 True/False, 반복 중 바뀌는 값, 자료구조에 남는 값을 확인해야 한다. 특히 print되는 값과 변수에 저장되는 값은 다를 수 있고, 함수는 호출될 때 실행되어 return 값을 돌려준다.
data/lessons/python_beginner_mixed_review_v96_a1.json	4	PYV96_A1_REVIEW_004_INT_ADD	숫자 덧셈 읽기	6	NO_ACTION	YES	OK_ALREADY_EXPLICIT	V318에서 조치 불필요였고 현재도 정답 표현 확인	a는 2, b는 4이므로 a + b는 6이다. 이 문제는 초급 파이썬 코드를 한 줄씩 읽는 복습 문제다. 정답을 고를 때는 문법 이름을 외우는 것보다 실행 순서, 변수의 현재 값, 조건의 True/False, 반복 중 바뀌는 값, 자료구조에 남는 값을 확인해야 한다. 특히 print되는 값과 변수에 저장되는 값은 다를 수 있고, 함수는 호출될 때 실행되어 return 값을 돌려준다.
data/lessons/python_beginner_mixed_review_v96_a1.json	12	PYV96_A1_REVIEW_012_DICT_UPDATE	딕셔너리 값 바꾸기	3	NO_ACTION	YES	OK_ALREADY_EXPLICIT	V318에서 조치 불필요였고 현재도 정답 표현 확인	score key의 값이 1에서 3으로 바뀐다. 이 문제는 초급 파이썬 코드를 한 줄씩 읽는 복습 문제다. 정답을 고를 때는 문법 이름을 외우는 것보다 실행 순서, 변수의 현재 값, 조건의 True/False, 반복 중 바뀌는 값, 자료구조에 남는 값을 확인해야 한다. 특히 print되는 값과 변수에 저장되는 값은 다를 수 있고, 함수는 호출될 때 실행되어 return 값을 돌려준다.
data/lessons/python_beginner_mixed_review_v96_a1.json	13	PYV96_A1_REVIEW_013_IF_ELSE	if/else 한쪽 실행	retry	NO_ACTION	YES	OK_ALREADY_EXPLICIT	V318에서 조치 불필요였고 현재도 정답 표현 확인	55 >= 60은 False라서 result는 retry가 된다. 이 문제는 초급 파이썬 코드를 한 줄씩 읽는 복습 문제다. 정답을 고를 때는 문법 이름을 외우는 것보다 실행 순서, 변수의 현재 값, 조건의 True/False, 반복 중 바뀌는 값, 자료구조에 남는 값을 확인해야 한다. 특히 print되는 값과 변수에 저장되는 값은 다를 수 있고, 함수는 호출될 때 실행되어 return 값을 돌려준다.
data/lessons/python_beginner_mixed_review_v96_a1.json	15	PYV96_A1_REVIEW_015_FOR_SUM	for로 합계 누적	6	NO_ACTION	YES	OK_ALREADY_EXPLICIT	V318에서 조치 불필요였고 현재도 정답 표현 확인	0에 1, 2, 3이 차례로 더해져 6이 된다. 이 문제는 초급 파이썬 코드를 한 줄씩 읽는 복습 문제다. 정답을 고를 때는 문법 이름을 외우는 것보다 실행 순서, 변수의 현재 값, 조건의 True/False, 반복 중 바뀌는 값, 자료구조에 남는 값을 확인해야 한다. 특히 print되는 값과 변수에 저장되는 값은 다를 수 있고, 함수는 호출될 때 실행되어 return 값을 돌려준다.
data/lessons/python_beginner_mixed_review_v96_a1.json	18	PYV96_A1_REVIEW_018_RANGE_LOOP	range 반복 횟수 읽기	3	NO_ACTION	YES	OK_ALREADY_EXPLICIT	V318에서 조치 불필요였고 현재도 정답 표현 확인	0 + 1 + 2는 3이다. 이 문제는 초급 파이썬 코드를 한 줄씩 읽는 복습 문제다. 정답을 고를 때는 문법 이름을 외우는 것보다 실행 순서, 변수의 현재 값, 조건의 True/False, 반복 중 바뀌는 값, 자료구조에 남는 값을 확인해야 한다. 특히 print되는 값과 변수에 저장되는 값은 다를 수 있고, 함수는 호출될 때 실행되어 return 값을 돌려준다.
data/lessons/python_beginner_mixed_review_v96_a1.json	19	PYV96_A1_REVIEW_019_NESTED_LIST_INDEX	중첩 리스트 값 읽기	3	NO_ACTION	YES	OK_ALREADY_EXPLICIT	V318에서 조치 불필요였고 현재도 정답 표현 확인	grid[1]은 [3, 4]이고 그중 [0]은 3이다. 이 문제는 초급 파이썬 코드를 한 줄씩 읽는 복습 문제다. 정답을 고를 때는 문법 이름을 외우는 것보다 실행 순서, 변수의 현재 값, 조건의 True/False, 반복 중 바뀌는 값, 자료구조에 남는 값을 확인해야 한다. 특히 print되는 값과 변수에 저장되는 값은 다를 수 있고, 함수는 호출될 때 실행되어 return 값을 돌려준다.
data/lessons/python_beginner_mixed_review_v96_a1.json	22	PYV96_A1_REVIEW_022_JOIN_LIST	리스트 join 읽기	python	NO_ACTION	YES	OK_ALREADY_EXPLICIT	V318에서 조치 불필요였고 현재도 정답 표현 확인	빈 문자열을 사이에 두고 py와 thon을 붙여 python이 된다. 이 문제는 초급 파이썬 코드를 한 줄씩 읽는 복습 문제다. 정답을 고를 때는 문법 이름을 외우는 것보다 실행 순서, 변수의 현재 값, 조건의 True/False, 반복 중 바뀌는 값, 자료구조에 남는 값을 확인해야 한다. 특히 print되는 값과 변수에 저장되는 값은 다를 수 있고, 함수는 호출될 때 실행되어 return 값을 돌려준다.
data/lessons/python_beginner_mixed_review_v96_a1.json	25	PYV96_A1_REVIEW_025_FUNCTION_RETURN	함수 return 복습	7	NO_ACTION	YES	OK_ALREADY_EXPLICIT	V318에서 조치 불필요였고 현재도 정답 표현 확인	a는 2, b는 5이고 return 값 7이 result에 저장된다. 이 문제는 초급 파이썬 코드를 한 줄씩 읽는 복습 문제다. 정답을 고를 때는 문법 이름을 외우는 것보다 실행 순서, 변수의 현재 값, 조건의 True/False, 반복 중 바뀌는 값, 자료구조에 남는 값을 확인해야 한다. 특히 print되는 값과 변수에 저장되는 값은 다를 수 있고, 함수는 호출될 때 실행되어 return 값을 돌려준다.
data/lessons/python_beginner_mixed_review_v96_a1.json	28	PYV96_A1_REVIEW_028_FUNCTION_LIST_SUM	함수 안 반복 합계	6	NO_ACTION	YES	OK_ALREADY_EXPLICIT	V318에서 조치 불필요였고 현재도 정답 표현 확인	total 함수는 result를 0에서 시작한 뒤 nums의 값을 하나씩 더한다. 1, 2, 3을 차례대로 더하면 result는 6이 되고, return result가 그 값을 함수 밖으로 돌려준다. print(total([1, 2, 3]))은 반환된 6을 화면에 출력한다. 이 카드는 반복 합계 과정과 return 값을 분리해서 읽는 연습이다.
data/lessons/python_beginner_mixed_review_v96_a1.json	30	PYV96_A1_REVIEW_030_SORTED_REVIEW	sorted 복습	1	NO_ACTION	YES	OK_ALREADY_EXPLICIT	V318에서 조치 불필요였고 현재도 정답 표현 확인	정렬 결과는 [1, 2, 3]이고 index 0은 1이다. 이 문제는 초급 파이썬 코드를 한 줄씩 읽는 복습 문제다. 정답을 고를 때는 문법 이름을 외우는 것보다 실행 순서, 변수의 현재 값, 조건의 True/False, 반복 중 바뀌는 값, 자료구조에 남는 값을 확인해야 한다. 특히 print되는 값과 변수에 저장되는 값은 다를 수 있고, 함수는 호출될 때 실행되어 return 값을 돌려준다.
data/lessons/python_beginner_reading_notes_v96_a2.json	1	PYV96_A2_NOTE_001_ASSIGNMENT_TRACE	대입 흐름 복습	6	NO_ACTION	YES	OK_ALREADY_EXPLICIT	V318에서 조치 불필요였고 현재도 정답 표현 확인	y는 5가 되고 x는 y + 1이라서 6이 된다. 이 문제는 새 문법을 늘리는 것보다 초급자가 코드를 읽는 순서를 복습하도록 만든 문제다. 먼저 출력 줄을 확인하고, 그 출력에 필요한 변수 값과 자료구조 값을 위에서부터 추적한다. 조건문은 True/False 결과를 판단하고, 반복문은 반복마다 바뀌는 값을 따라가며, 함수는 호출될 때 실행되어 return 값을 돌려준다는 점을 기준으로 정답을 고른다. 이 문제는 새 문법을 늘리는 것보다
data/lessons/python_beginner_reading_notes_v96_a2.json	9	PYV96_A2_NOTE_009_LOOP_ACCUMULATE	반복 누적 읽기	6	NO_ACTION	YES	OK_ALREADY_EXPLICIT	V318에서 조치 불필요였고 현재도 정답 표현 확인	total은 1에서 2가 되고 다시 6이 된다. 이 문제는 새 문법을 늘리는 것보다 초급자가 코드를 읽는 순서를 복습하도록 만든 문제다. 먼저 출력 줄을 확인하고, 그 출력에 필요한 변수 값과 자료구조 값을 위에서부터 추적한다. 조건문은 True/False 결과를 판단하고, 반복문은 반복마다 바뀌는 값을 따라가며, 함수는 호출될 때 실행되어 return 값을 돌려준다는 점을 기준으로 정답을 고른다. 이 문제는 새 문법을 늘리는 것보다
data/lessons/python_beginner_reading_notes_v96_a2.json	11	PYV96_A2_NOTE_011_FUNCTION_RETURN_USED	함수 return 값 사용	9	NO_ACTION	YES	OK_ALREADY_EXPLICIT	V318에서 조치 불필요였고 현재도 정답 표현 확인	double(4)는 8이고 8 + 1은 9다. 이 문제는 새 문법을 늘리는 것보다 초급자가 코드를 읽는 순서를 복습하도록 만든 문제다. 먼저 출력 줄을 확인하고, 그 출력에 필요한 변수 값과 자료구조 값을 위에서부터 추적한다. 조건문은 True/False 결과를 판단하고, 반복문은 반복마다 바뀌는 값을 따라가며, 함수는 호출될 때 실행되어 return 값을 돌려준다는 점을 기준으로 정답을 고른다. 이 문제는 새 문법을 늘리는 것보다
data/lessons/python_broad_expansion_v3.json	1	PY3_L03_split_001	split()으로 문자열 나누기	Radar	NO_ACTION	YES	OK_ALREADY_EXPLICIT	V318에서 조치 불필요였고 현재도 정답 표현 확인	split(',')은 문자열을 쉼표 기준으로 나누어 리스트를 만든다. 그래서 'LiDAR,Radar,UAM'은 0번 LiDAR, 1번 Radar, 2번 UAM 순서의 리스트가 된다. split 결과는 문자열 하나가 아니라 리스트이므로 이후 인덱스로 꺼내거나 반복문으로 하나씩 처리할 수 있다. 기준 문자를 무엇으로 주었는지에 따라 나뉘는 위치가 달라진다.
data/lessons/python_broad_expansion_v3.json	7	PY3_L05_safe_nested_get_001	중첩 get() 안전 접근	0	NO_ACTION	YES	OK_ALREADY_EXPLICIT	V318에서 조치 불필요였고 현재도 정답 표현 확인	중첩된 값은 중간 key가 없으면 오류가 날 수 있다. get을 단계적으로 쓰면 meta 안에 score가 없을 때 기본값 0을 안전하게 돌려줄 수 있다. 중첩 get은 편하지만 구조가 복잡해지면 helper 함수로 감싸 읽기 쉽게 만드는 것도 좋다.
data/lessons/python_broad_expansion_v3.json	18	PY3_L08_numpy_argmax_001	numpy argmax 읽기	1	NO_ACTION	YES	OK_ALREADY_EXPLICIT	V318에서 조치 불필요였고 현재도 정답 표현 확인	argmax는 배열에서 가장 큰 값이 있는 위치의 인덱스를 반환한다. 값 0.9가 가장 크고 그 위치가 1번이면 결과는 1이다. 가장 큰 값 자체가 아니라 그 위치를 돌려준다는 점 때문에 후속 코드에서 인덱스로 다시 접근할 수 있다.
data/lessons/python_broad_expansion_v3.json	20	PY3_L09_pydantic_validation_001	Pydantic 검증 흐름 읽기	0.8	NO_ACTION	YES	OK_ALREADY_EXPLICIT	V318에서 조치 불필요였고 현재도 정답 표현 확인	Pydantic 모델은 입력 데이터를 정해진 필드 구조에 맞게 검증하고 객체로 만든다. 이 코드에서는 Item 객체의 score 값 0.8을 읽는다. Pydantic은 타입 변환과 검증을 함께 처리하므로 API 입력 모델에 자주 쓰인다.
data/lessons/python_class_object_datamodel_v31.json	2	PY31_L07_init_001	__init__ 읽기	class 읽기	NO_ACTION	YES	OK_ALREADY_EXPLICIT	V318에서 조치 불필요였고 현재도 정답 표현 확인	__init__에서 self.title = title로 저장했기 때문에 card.title은 'class 읽기'가 된다. __init__은 객체가 만들어질 때 초기 속성을 설정하는 메서드다. 생성자 인자와 self에 저장되는 값의 흐름을 보면 객체 상태를 이해할 수 있다.
data/lessons/python_core_expansion_v1.json	14	PY_L05_kwargs_001	**kwargs 읽기	fast	NO_ACTION	YES	OK_ALREADY_EXPLICIT	V318에서 조치 불필요였고 현재도 정답 표현 확인	**kwargs는 이름이 붙은 추가 인자들을 딕셔너리 형태로 모은다. 따라서 mode='fast'처럼 넘긴 값은 kwargs 안에 key-value 쌍으로 저장된다.
data/lessons/python_core_expansion_v1.json	25	PY_L09_class_001	class 구조 읽기	LiDAR	NO_ACTION	YES	OK_ALREADY_EXPLICIT	V318에서 조치 불필요였고 현재도 정답 표현 확인	class는 관련 데이터와 동작을 묶는 설계도다. Node('LiDAR')로 객체를 만들면 그 객체의 label 값으로 LiDAR가 저장된다. 객체를 만들면 설계도인 class에 따라 속성과 메서드를 가진 하나의 데이터 단위가 생긴다.
data/lessons/python_core_expansion_v1.json	26	PY_L09_dataclass_001	dataclass 읽기	Sensor	NO_ACTION	YES	OK_ALREADY_EXPLICIT	V318에서 조치 불필요였고 현재도 정답 표현 확인	dataclass는 데이터를 담는 클래스를 간단히 만들게 해 준다. 생성할 때 넣은 kind='Sensor' 값은 node.kind에 저장되어 읽을 수 있다. 필드가 많은 단순 데이터 객체는 dataclass를 쓰면 생성자와 출력 표현을 자동으로 얻을 수 있다.
data/lessons/python_core_gaps_v99_a1.json	1	PYV99_A1_GAP_001_MIN_SMALLEST	min으로 가장 작은 값 찾기	3	NO_ACTION	YES	OK_ALREADY_EXPLICIT	V318에서 조치 불필요였고 현재도 정답 표현 확인	min(scores)는 리스트 안에서 가장 작은 값을 찾아 반환한다. 리스트를 정렬하거나 직접 반복문으로 비교하지 않아도 최솟값만 바로 얻을 수 있다. 이 예제에서는 7, 3, 9 중 가장 작은 3이 결과가 된다. min은 원본 리스트를 바꾸지 않고 새 결과값만 만든다. 최솟값, 최저 점수, 가장 작은 거리처럼 후보 중 가장 작은 값을 고를 때 자주 쓰인다.
data/lessons/python_core_gaps_v99_a1.json	3	PYV99_A1_GAP_003_ROUND_FLOAT	round로 소수 반올림 읽기	4	NO_ACTION	YES	OK_ALREADY_EXPLICIT	V318에서 조치 불필요였고 현재도 정답 표현 확인	round(3.6)은 가까운 정수인 4를 반환한다. round는 소수 값을 보기 좋게 만들거나 정해진 자리수로 반올림할 때 사용한다. 원래 float 값이 직접 바뀌는 것이 아니라 반올림된 새 결과를 만들어 쓰는 흐름이다. 출력용 숫자와 계산용 원본 값을 구분해야 한다. 자리수를 함께 지정하는 round(x, 2) 같은 형태도 있으므로 인자 개수를 확인하면 더 정확히 읽을 수 있다.
data/lessons/python_core_gaps_v99_a1.json	19	PYV99_A1_GAP_019_SET_COMPREHENSION	set comprehension으로 중복 없는 새 set 만들기	[1, 4, 9]	NO_ACTION	YES	OK_ALREADY_EXPLICIT	V318에서 조치 불필요였고 현재도 정답 표현 확인	각 숫자를 제곱하면 1, 4, 4, 9가 되지만 set은 중복을 제거하므로 1, 4, 9만 남는다. set comprehension은 반복 결과를 set으로 모아 중복을 제거한다. 리스트 컴프리헨션과 비슷하지만 결과가 순서보다 유일한 값 중심이라는 점을 기억해야 한다.
data/lessons/python_data_structures_json_v29.json	3	PY29_L08_dict_get_default_001	dict.get 기본값 읽기	1	NO_ACTION	YES	OK_ALREADY_EXPLICIT	V318에서 조치 불필요였고 현재도 정답 표현 확인	dict.get은 키가 없을 때 오류를 내지 않고 기본값을 돌려줄 수 있다. card에 level 키가 없으면 get의 기본값 1이 사용된다. 대괄호 접근과 달리 get은 키가 없어도 예외 대신 기본값을 돌려주어 안전한 읽기에 자주 쓰인다.
data/lessons/python_database_sql_repository_v21.json	11	PY21_L10_pagination_001	LIMIT/OFFSET pagination 읽기	40	NO_ACTION	YES	OK_ALREADY_EXPLICIT	V318에서 조치 불필요였고 현재도 정답 표현 확인	(3 - 1) * 20 = 40이다. 앞의 40개를 건너뛰고 다음 20개를 가져온다. LIMIT과 OFFSET pagination은 많은 결과를 페이지 단위로 나누어 가져오는 방식이다. 몇 개를 가져올지와 어디서부터 가져올지를 함께 확인해야 한다.
data/lessons/python_foundation_beginner_v94_a1_part1.json	1	PYF94_A1_L01_PRINT_001	문자열 그대로 출력하기	Python	NO_ACTION	YES	OK_ALREADY_EXPLICIT	V318에서 조치 불필요였고 현재도 정답 표현 확인	print() 안에 문자열이 직접 들어 있으므로 화면에는 따옴표를 제외한 Python이 보인다. 이 문제는 코드를 위에서 아래로 읽으면서 값이 언제 만들어지고 언제 출력되는지 확인하는 연습이다. 정답은 보기의 익숙한 단어가 아니라 실제 실행 흐름이 만든 값이다. 특히 따옴표까지 출력된다고 생각하는 부분을 조심해야 한다. 비슷한 코드를 만났을 때도 먼저 변수 값, 따옴표 여부, 계산 순서, print가 실행되는 시점을 차례대로 확인하면 안전하게 판단할 수 있다. 초급 단계에서는 이런 작은 흐름을 정확히 읽는 것이 이후 조건문, 반복문, 파일 처리 코드를 이해하는 기반이 된다.
data/lessons/python_foundation_beginner_v94_a1_part1.json	1	PYF94_A1_L01_PRINT_001	문자열 그대로 출력하기	Python	NO_ACTION	YES	OK_ALREADY_EXPLICIT	V318에서 조치 불필요였고 현재도 정답 표현 확인	print() 안에 문자열이 직접 들어 있으므로 화면에는 따옴표를 제외한 Python이 보인다. 이 문제는 코드를 위에서 아래로 읽으면서 값이 언제 만들어지고 언제 출력되는지 확인하는 연습이다. 정답은 보기의 익숙한 단어가 아니라 실제 실행 흐름이 만든 값이다. 특히 따옴표까지 출력된다고 생각하는 부분을 조심해야 한다. 비슷한 코드를 만났을 때도 먼저 변수 값, 따옴표 여부, 계산 순서, print가 실행되는 시점을 차례대로 확인하면 안전하게 판단할 수 있다. 초급 단계에서는 이런 작은 흐름을 정확히 읽는 것이 이후 조건문, 반복문, 파일 처리 코드를 이해하는 기반이 된다.
data/lessons/python_foundation_beginner_v94_a1_part1.json	2	PYF94_A1_L01_PRINT_002	변수 값 출력하기	Python	NO_ACTION	YES	OK_ALREADY_EXPLICIT	V318에서 조치 불필요였고 현재도 정답 표현 확인	name은 문자열 Python을 가리키는 변수이므로 print(name)은 변수 안의 값을 찾아 출력한다. 이 문제는 코드를 위에서 아래로 읽으면서 값이 언제 만들어지고 언제 출력되는지 확인하는 연습이다. 정답은 보기의 익숙한 단어가 아니라 실제 실행 흐름이 만든 값이다. 특히 변수 이름 자체가 출력된다고 생각하는 부분을 조심해야 한다. 비슷한 코드를 만났을 때도 먼저 변수 값, 따옴표 여부, 계산 순서, print가 실행되는 시점을 차례대로 확인하면 안전하게 판단할 수 있다. 초급 단계에서는 이런 작은 흐름을 정확히 읽는 것이 이후 조건문, 반복문, 파일 처리 코드를 이해하는 기반이 된다.
data/lessons/python_foundation_beginner_v94_a1_part1.json	2	PYF94_A1_L01_PRINT_002	변수 값 출력하기	Python	NO_ACTION	YES	OK_ALREADY_EXPLICIT	V318에서 조치 불필요였고 현재도 정답 표현 확인	name은 문자열 Python을 가리키는 변수이므로 print(name)은 변수 안의 값을 찾아 출력한다. 이 문제는 코드를 위에서 아래로 읽으면서 값이 언제 만들어지고 언제 출력되는지 확인하는 연습이다. 정답은 보기의 익숙한 단어가 아니라 실제 실행 흐름이 만든 값이다. 특히 변수 이름 자체가 출력된다고 생각하는 부분을 조심해야 한다. 비슷한 코드를 만났을 때도 먼저 변수 값, 따옴표 여부, 계산 순서, print가 실행되는 시점을 차례대로 확인하면 안전하게 판단할 수 있다. 초급 단계에서는 이런 작은 흐름을 정확히 읽는 것이 이후 조건문, 반복문, 파일 처리 코드를 이해하는 기반이 된다.
data/lessons/python_foundation_beginner_v94_a1_part1.json	3	PYF94_A1_L01_PRINT_003	따옴표 안 이름 출력하기	name	NO_ACTION	YES	OK_ALREADY_EXPLICIT	V318에서 조치 불필요였고 현재도 정답 표현 확인	"따옴표로 감싼 ""name""은 변수 name을 찾지 않고 글자 그대로 name이라는 문자열을 만든다. 이 문제는 코드를 위에서 아래로 읽으면서 값이 언제 만들어지고 언제 출력되는지 확인하는 연습이다. 정답은 보기의 익숙한 단어가 아니라 실제 실행 흐름이 만든 값이다. 특히 print(name)과 print(""name"")을 같은 코드로 보는 부분을 조심해야 한다. 비슷한 코드를 만났을 때도 먼저 변수 값, 따옴표 여부, 계산 순서, print가 실행되는 시점을 차례대로 확인하면 안전하게 판단할 수 있다. 초급 단계에서는 이런 작은 흐름을 정확히 읽는 것이 이후 조건문, 반복문, 파일 처리 코드를 이해하는 기반이 된다."
data/lessons/python_foundation_beginner_v94_a1_part1.json	4	PYF94_A1_L01_PRINT_004	두 줄 출력 순서 읽기	A 다음 B	REVIEW_AND_PATCH	YES	OK_PATCHED	V319에서 보강했고 현재 정답 표현 확인	첫 번째 print가 먼저 실행되어 A를 보여 주고, 그다음 두 번째 print가 B를 보여 준다. 이 문제는 코드를 위에서 아래로 읽으면서 값이 언제 만들어지고 언제 출력되는지 확인하는 연습이다. 정답은 보기의 익숙한 단어가 아니라 실제 실행 흐름이 만든 값이다. 특히 마지막 print만 결과라고 생각하는 부분을 조심해야 한다. 비슷한 코드를 만났을 때도 먼저 변수 값, 따옴표 여부, 계산 순서, print가 실행되는 시점을 차례대로 확인하면 안전하게 판단할 수 있다. 초급 단계에서는 이런 작은 흐름을 정확히 읽는 것이 이후 조건문, 반복문, 파일 처리 코드를 이해하는 기반이 된다. 따라서 출력 순서는 ‘A 다음 B’이다.
data/lessons/python_foundation_beginner_v94_a1_part1.json	5	PYF94_A1_L01_PRINT_005	계산 결과 출력하기	5	NO_ACTION	YES	OK_ALREADY_EXPLICIT	V318에서 조치 불필요였고 현재도 정답 표현 확인	괄호 안의 2 + 3이 먼저 숫자 계산으로 처리되고, 그 결과인 5가 print로 출력된다. 이 문제는 코드를 위에서 아래로 읽으면서 값이 언제 만들어지고 언제 출력되는지 확인하는 연습이다. 정답은 보기의 익숙한 단어가 아니라 실제 실행 흐름이 만든 값이다. 특히 계산식 자체가 글자 그대로 출력된다고 생각하는 부분을 조심해야 한다. 비슷한 코드를 만났을 때도 먼저 변수 값, 따옴표 여부, 계산 순서, print가 실행되는 시점을 차례대로 확인하면 안전하게 판단할 수 있다. 초급 단계에서는 이런 작은 흐름을 정확히 읽는 것이 이후 조건문, 반복문, 파일 처리 코드를 이해하는 기반이 된다.
data/lessons/python_foundation_beginner_v94_a1_part1.json	6	PYF94_A1_L01_PRINT_006	문자열 이어 붙이기 출력	Python	NO_ACTION	YES	OK_ALREADY_EXPLICIT	V318에서 조치 불필요였고 현재도 정답 표현 확인	두 값이 모두 문자열이므로 +는 산술 계산이 아니라 앞뒤 문자열을 이어 붙이는 역할을 한다. 이 문제는 코드를 위에서 아래로 읽으면서 값이 언제 만들어지고 언제 출력되는지 확인하는 연습이다. 정답은 보기의 익숙한 단어가 아니라 실제 실행 흐름이 만든 값이다. 특히 문자열 더하기에도 자동으로 공백이 생긴다고 생각하는 부분을 조심해야 한다. 비슷한 코드를 만났을 때도 먼저 변수 값, 따옴표 여부, 계산 순서, print가 실행되는 시점을 차례대로 확인하면 안전하게 판단할 수 있다. 초급 단계에서는 이런 작은 흐름을 정확히 읽는 것이 이후 조건문, 반복문, 파일 처리 코드를 이해하는 기반이 된다. 따라서 정답은 ‘Python’이다.
data/lessons/python_foundation_beginner_v94_a1_part1.json	7	PYF94_A1_L01_PRINT_007	쉼표 출력 읽기	A B	NO_ACTION	YES	OK_ALREADY_EXPLICIT	V318에서 조치 불필요였고 현재도 정답 표현 확인	print()에 쉼표로 두 값을 주면 두 값이 차례로 출력되고, 기본 출력에서는 사이에 공백이 보인다. 이 문제는 코드를 위에서 아래로 읽으면서 값이 언제 만들어지고 언제 출력되는지 확인하는 연습이다. 정답은 보기의 익숙한 단어가 아니라 실제 실행 흐름이 만든 값이다. 특히 쉼표 자체가 반드시 그대로 출력된다고 생각하는 부분을 조심해야 한다. 비슷한 코드를 만났을 때도 먼저 변수 값, 따옴표 여부, 계산 순서, print가 실행되는 시점을 차례대로 확인하면 안전하게 판단할 수 있다. 초급 단계에서는 이런 작은 흐름을 정확히 읽는 것이 이후 조건문, 반복문, 파일 처리 코드를 이해하는 기반이 된다. 따라서 정답은 ‘A B’이다.
data/lessons/python_foundation_beginner_v94_a1_part1.json	8	PYF94_A1_L01_PRINT_008	print 시점의 값 읽기	1	NO_ACTION	YES	OK_ALREADY_EXPLICIT	V318에서 조치 불필요였고 현재도 정답 표현 확인	print(x)는 두 번째 줄에서 실행되고, 그 시점의 x 값은 첫 줄에서 저장한 1이다. 이 문제는 코드를 위에서 아래로 읽으면서 값이 언제 만들어지고 언제 출력되는지 확인하는 연습이다. 정답은 보기의 익숙한 단어가 아니라 실제 실행 흐름이 만든 값이다. 특히 나중에 바뀐 값을 앞선 출력에 적용하는 부분을 조심해야 한다. 비슷한 코드를 만났을 때도 먼저 변수 값, 따옴표 여부, 계산 순서, print가 실행되는 시점을 차례대로 확인하면 안전하게 판단할 수 있다. 초급 단계에서는 이런 작은 흐름을 정확히 읽는 것이 이후 조건문, 반복문, 파일 처리 코드를 이해하는 기반이 된다.
data/lessons/python_foundation_beginner_v94_a1_part1.json	9	PYF94_A1_L01_PRINT_009	변경 후 값 출력하기	2	NO_ACTION	YES	OK_ALREADY_EXPLICIT	V318에서 조치 불필요였고 현재도 정답 표현 확인	두 번째 줄에서 x가 2를 가리키도록 바뀌었기 때문에 print는 마지막 상태의 x 값을 보여 준다. 이 문제는 코드를 위에서 아래로 읽으면서 값이 언제 만들어지고 언제 출력되는지 확인하는 연습이다. 정답은 보기의 익숙한 단어가 아니라 실제 실행 흐름이 만든 값이다. 특히 처음 저장한 값이 계속 남아 있다고 생각하는 부분을 조심해야 한다. 비슷한 코드를 만났을 때도 먼저 변수 값, 따옴표 여부, 계산 순서, print가 실행되는 시점을 차례대로 확인하면 안전하게 판단할 수 있다. 초급 단계에서는 이런 작은 흐름을 정확히 읽는 것이 이후 조건문, 반복문, 파일 처리 코드를 이해하는 기반이 된다.
data/lessons/python_foundation_beginner_v94_a1_part1.json	10	PYF94_A1_L01_PRINT_010	빈 문자열 출력 이해하기	빈 문자열	NO_ACTION	YES	OK_ALREADY_EXPLICIT	V318에서 조치 불필요였고 현재도 정답 표현 확인	text에는 글자가 하나도 없는 문자열이 저장되어 있다. print(text)는 실행되지만 화면에 보이는 글자는 없을 수 있다. 이 문제는 코드를 위에서 아래로 읽으면서 값이 언제 만들어지고 언제 출력되는지 확인하는 연습이다. 정답은 보기의 익숙한 단어가 아니라 실제 실행 흐름이 만든 값이다. 특히 빈 문자열을 None이나 숫자 0과 같은 값으로 보는 부분을 조심해야 한다. 비슷한 코드를 만났을 때도 먼저 변수 값, 따옴표 여부, 계산 순서, print가 실행되는 시점을 차례대로 확인하면 안전하게 판단할 수 있다. 초급 단계에서는 이런 작은 흐름을 정확히 읽는 것이 이후 조건문, 반복문, 파일 처리 코드를 이해하는 기반이 된다.
data/lessons/python_foundation_beginner_v94_a1_part1.json	10	PYF94_A1_L01_PRINT_010	빈 문자열 출력 이해하기	빈 문자열	NO_ACTION	YES	OK_ALREADY_EXPLICIT	V318에서 조치 불필요였고 현재도 정답 표현 확인	text에는 글자가 하나도 없는 문자열이 저장되어 있다. print(text)는 실행되지만 화면에 보이는 글자는 없을 수 있다. 이 문제는 코드를 위에서 아래로 읽으면서 값이 언제 만들어지고 언제 출력되는지 확인하는 연습이다. 정답은 보기의 익숙한 단어가 아니라 실제 실행 흐름이 만든 값이다. 특히 빈 문자열을 None이나 숫자 0과 같은 값으로 보는 부분을 조심해야 한다. 비슷한 코드를 만났을 때도 먼저 변수 값, 따옴표 여부, 계산 순서, print가 실행되는 시점을 차례대로 확인하면 안전하게 판단할 수 있다. 초급 단계에서는 이런 작은 흐름을 정확히 읽는 것이 이후 조건문, 반복문, 파일 처리 코드를 이해하는 기반이 된다.
data/lessons/python_foundation_beginner_v94_a1_part1.json	11	PYF94_A1_L01_PRINT_011	숫자와 문자열 출력 비교	둘 다 3처럼 보인다	NO_ACTION	YES	OK_ALREADY_EXPLICIT	V318에서 조치 불필요였고 현재도 정답 표현 확인	"첫 줄은 숫자 3을 출력하고 둘째 줄은 문자열 ""3""을 출력하지만, 화면에는 둘 다 3처럼 보인다. 이 문제는 코드를 위에서 아래로 읽으면서 값이 언제 만들어지고 언제 출력되는지 확인하는 연습이다. 정답은 보기의 익숙한 단어가 아니라 실제 실행 흐름이 만든 값이다. 특히 화면에 같게 보이면 자료형도 같다고 판단하는 부분을 조심해야 한다. 비슷한 코드를 만났을 때도 먼저 변수 값, 따옴표 여부, 계산 순서, print가 실행되는 시점을 차례대로 확인하면 안전하게 판단할 수 있다. 초급 단계에서는 이런 작은 흐름을 정확히 읽는 것이 이후 조건문, 반복문, 파일 처리 코드를 이해하는 기반이 된다."
data/lessons/python_foundation_beginner_v94_a1_part1.json	12	PYF94_A1_L01_PRINT_012	출력 전 계산된 변수 읽기	3	NO_ACTION	YES	OK_ALREADY_EXPLICIT	V318에서 조치 불필요였고 현재도 정답 표현 확인	오른쪽 count는 이전 값 2이고, 거기에 1을 더한 3이 다시 count에 저장된 뒤 출력된다. 이 문제는 코드를 위에서 아래로 읽으면서 값이 언제 만들어지고 언제 출력되는지 확인하는 연습이다. 정답은 보기의 익숙한 단어가 아니라 실제 실행 흐름이 만든 값이다. 특히 count = count + 1을 수학의 등식처럼 보는 부분을 조심해야 한다. 비슷한 코드를 만났을 때도 먼저 변수 값, 따옴표 여부, 계산 순서, print가 실행되는 시점을 차례대로 확인하면 안전하게 판단할 수 있다. 초급 단계에서는 이런 작은 흐름을 정확히 읽는 것이 이후 조건문, 반복문, 파일 처리 코드를 이해하는 기반이 된다.
data/lessons/python_foundation_beginner_v94_a1_part1.json	12	PYF94_A1_L01_PRINT_012	출력 전 계산된 변수 읽기	3	NO_ACTION	YES	OK_ALREADY_EXPLICIT	V318에서 조치 불필요였고 현재도 정답 표현 확인	오른쪽 count는 이전 값 2이고, 거기에 1을 더한 3이 다시 count에 저장된 뒤 출력된다. 이 문제는 코드를 위에서 아래로 읽으면서 값이 언제 만들어지고 언제 출력되는지 확인하는 연습이다. 정답은 보기의 익숙한 단어가 아니라 실제 실행 흐름이 만든 값이다. 특히 count = count + 1을 수학의 등식처럼 보는 부분을 조심해야 한다. 비슷한 코드를 만났을 때도 먼저 변수 값, 따옴표 여부, 계산 순서, print가 실행되는 시점을 차례대로 확인하면 안전하게 판단할 수 있다. 초급 단계에서는 이런 작은 흐름을 정확히 읽는 것이 이후 조건문, 반복문, 파일 처리 코드를 이해하는 기반이 된다.
data/lessons/python_foundation_beginner_v94_a1_part1.json	13	PYF94_A1_L01_VAR_001	변수에 문자열 저장하기	UAM	NO_ACTION	YES	OK_ALREADY_EXPLICIT	V318에서 조치 불필요였고 현재도 정답 표현 확인	label은 문자열 UAM을 가리키므로 print(label)은 변수 이름이 아니라 그 안의 값을 출력한다. 이 문제는 코드를 위에서 아래로 읽으면서 값이 언제 만들어지고 언제 출력되는지 확인하는 연습이다. 정답은 보기의 익숙한 단어가 아니라 실제 실행 흐름이 만든 값이다. 특히 변수 이름과 문자열 값을 혼동하는 부분을 조심해야 한다. 비슷한 코드를 만났을 때도 먼저 변수 값, 따옴표 여부, 계산 순서, print가 실행되는 시점을 차례대로 확인하면 안전하게 판단할 수 있다. 초급 단계에서는 이런 작은 흐름을 정확히 읽는 것이 이후 조건문, 반복문, 파일 처리 코드를 이해하는 기반이 된다.
data/lessons/python_foundation_beginner_v94_a1_part1.json	13	PYF94_A1_L01_VAR_001	변수에 문자열 저장하기	UAM	NO_ACTION	YES	OK_ALREADY_EXPLICIT	V318에서 조치 불필요였고 현재도 정답 표현 확인	label은 문자열 UAM을 가리키므로 print(label)은 변수 이름이 아니라 그 안의 값을 출력한다. 이 문제는 코드를 위에서 아래로 읽으면서 값이 언제 만들어지고 언제 출력되는지 확인하는 연습이다. 정답은 보기의 익숙한 단어가 아니라 실제 실행 흐름이 만든 값이다. 특히 변수 이름과 문자열 값을 혼동하는 부분을 조심해야 한다. 비슷한 코드를 만났을 때도 먼저 변수 값, 따옴표 여부, 계산 순서, print가 실행되는 시점을 차례대로 확인하면 안전하게 판단할 수 있다. 초급 단계에서는 이런 작은 흐름을 정확히 읽는 것이 이후 조건문, 반복문, 파일 처리 코드를 이해하는 기반이 된다.
data/lessons/python_foundation_beginner_v94_a1_part1.json	14	PYF94_A1_L01_VAR_002	같은 변수에 다시 저장하기	5	NO_ACTION	YES	OK_ALREADY_EXPLICIT	V318에서 조치 불필요였고 현재도 정답 표현 확인	두 번째 대입에서 score가 5를 가리키도록 바뀌었고, print는 그 마지막 값을 보여 준다. 이 문제는 코드를 위에서 아래로 읽으면서 값이 언제 만들어지고 언제 출력되는지 확인하는 연습이다. 정답은 보기의 익숙한 단어가 아니라 실제 실행 흐름이 만든 값이다. 특히 처음 값 1이 계속 유지된다고 생각하는 부분을 조심해야 한다. 비슷한 코드를 만났을 때도 먼저 변수 값, 따옴표 여부, 계산 순서, print가 실행되는 시점을 차례대로 확인하면 안전하게 판단할 수 있다. 초급 단계에서는 이런 작은 흐름을 정확히 읽는 것이 이후 조건문, 반복문, 파일 처리 코드를 이해하는 기반이 된다.
data/lessons/python_foundation_beginner_v94_a1_part1.json	14	PYF94_A1_L01_VAR_002	같은 변수에 다시 저장하기	5	NO_ACTION	YES	OK_ALREADY_EXPLICIT	V318에서 조치 불필요였고 현재도 정답 표현 확인	두 번째 대입에서 score가 5를 가리키도록 바뀌었고, print는 그 마지막 값을 보여 준다. 이 문제는 코드를 위에서 아래로 읽으면서 값이 언제 만들어지고 언제 출력되는지 확인하는 연습이다. 정답은 보기의 익숙한 단어가 아니라 실제 실행 흐름이 만든 값이다. 특히 처음 값 1이 계속 유지된다고 생각하는 부분을 조심해야 한다. 비슷한 코드를 만났을 때도 먼저 변수 값, 따옴표 여부, 계산 순서, print가 실행되는 시점을 차례대로 확인하면 안전하게 판단할 수 있다. 초급 단계에서는 이런 작은 흐름을 정확히 읽는 것이 이후 조건문, 반복문, 파일 처리 코드를 이해하는 기반이 된다.
data/lessons/python_foundation_beginner_v94_a1_part1.json	15	PYF94_A1_L01_VAR_003	변수 값을 다른 변수로 복사하기	robot	NO_ACTION	YES	OK_ALREADY_EXPLICIT	V318에서 조치 불필요였고 현재도 정답 표현 확인	b = a는 a라는 글자를 저장하는 것이 아니라, a가 가리키던 값 robot을 b에도 저장한다. 이 문제는 코드를 위에서 아래로 읽으면서 값이 언제 만들어지고 언제 출력되는지 확인하는 연습이다. 정답은 보기의 익숙한 단어가 아니라 실제 실행 흐름이 만든 값이다. 특히 b에 변수 이름 a가 그대로 들어간다고 생각하는 부분을 조심해야 한다. 비슷한 코드를 만났을 때도 먼저 변수 값, 따옴표 여부, 계산 순서, print가 실행되는 시점을 차례대로 확인하면 안전하게 판단할 수 있다. 초급 단계에서는 이런 작은 흐름을 정확히 읽는 것이 이후 조건문, 반복문, 파일 처리 코드를 이해하는 기반이 된다.
data/lessons/python_foundation_beginner_v94_a1_part1.json	16	PYF94_A1_L01_VAR_004	복사 뒤 원래 변수 바꾸기	old	NO_ACTION	YES	OK_ALREADY_EXPLICIT	V318에서 조치 불필요였고 현재도 정답 표현 확인	b = a가 실행될 때 b에는 당시 a의 값 old가 들어갔다. 이후 a를 바꾸어도 b가 자동으로 바뀌지는 않는다. 이 문제는 코드를 위에서 아래로 읽으면서 값이 언제 만들어지고 언제 출력되는지 확인하는 연습이다. 정답은 보기의 익숙한 단어가 아니라 실제 실행 흐름이 만든 값이다. 특히 두 변수가 계속 묶여 함께 바뀐다고 생각하는 부분을 조심해야 한다. 비슷한 코드를 만났을 때도 먼저 변수 값, 따옴표 여부, 계산 순서, print가 실행되는 시점을 차례대로 확인하면 안전하게 판단할 수 있다. 초급 단계에서는 이런 작은 흐름을 정확히 읽는 것이 이후 조건문, 반복문, 파일 처리 코드를 이해하는 기반이 된다.
data/lessons/python_foundation_beginner_v94_a1_part1.json	17	PYF94_A1_L01_VAR_005	숫자 변수 계산하기	4가 출력된다	REVIEW_AND_PATCH	YES	OK_PATCHED	V319에서 보강했고 현재 정답 표현 확인	오른쪽 count + 1이 먼저 계산되어 4가 되고, 그 결과가 next_count에 저장된 뒤 출력된다. 이 문제는 코드를 위에서 아래로 읽으면서 값이 언제 만들어지고 언제 출력되는지 확인하는 연습이다. 정답은 보기의 익숙한 단어가 아니라 실제 실행 흐름이 만든 값이다. 특히 새 변수 이름이 출력된다고 생각하는 부분을 조심해야 한다. 비슷한 코드를 만났을 때도 먼저 변수 값, 따옴표 여부, 계산 순서, print가 실행되는 시점을 차례대로 확인하면 안전하게 판단할 수 있다. 초급 단계에서는 이런 작은 흐름을 정확히 읽는 것이 이후 조건문, 반복문, 파일 처리 코드를 이해하는 기반이 된다. 따라서 4가 출력된다.
data/lessons/python_foundation_beginner_v94_a1_part1.json	18	PYF94_A1_L01_VAR_006	문자열 변수 이어 붙이기	Python	NO_ACTION	YES	OK_ALREADY_EXPLICIT	V318에서 조치 불필요였고 현재도 정답 표현 확인	first에는 Py, second에는 thon이 있으므로 문자열 더하기 결과는 Python이 되고 word에 저장된다. 이 문제는 코드를 위에서 아래로 읽으면서 값이 언제 만들어지고 언제 출력되는지 확인하는 연습이다. 정답은 보기의 익숙한 단어가 아니라 실제 실행 흐름이 만든 값이다. 특히 문자열 사이에 자동 공백이 들어간다고 생각하는 부분을 조심해야 한다. 비슷한 코드를 만났을 때도 먼저 변수 값, 따옴표 여부, 계산 순서, print가 실행되는 시점을 차례대로 확인하면 안전하게 판단할 수 있다. 초급 단계에서는 이런 작은 흐름을 정확히 읽는 것이 이후 조건문, 반복문, 파일 처리 코드를 이해하는 기반이 된다.
data/lessons/python_foundation_beginner_v94_a1_part1.json	18	PYF94_A1_L01_VAR_006	문자열 변수 이어 붙이기	Python	NO_ACTION	YES	OK_ALREADY_EXPLICIT	V318에서 조치 불필요였고 현재도 정답 표현 확인	first에는 Py, second에는 thon이 있으므로 문자열 더하기 결과는 Python이 되고 word에 저장된다. 이 문제는 코드를 위에서 아래로 읽으면서 값이 언제 만들어지고 언제 출력되는지 확인하는 연습이다. 정답은 보기의 익숙한 단어가 아니라 실제 실행 흐름이 만든 값이다. 특히 문자열 사이에 자동 공백이 들어간다고 생각하는 부분을 조심해야 한다. 비슷한 코드를 만났을 때도 먼저 변수 값, 따옴표 여부, 계산 순서, print가 실행되는 시점을 차례대로 확인하면 안전하게 판단할 수 있다. 초급 단계에서는 이런 작은 흐름을 정확히 읽는 것이 이후 조건문, 반복문, 파일 처리 코드를 이해하는 기반이 된다.
data/lessons/python_foundation_beginner_v94_a1_part1.json	19	PYF94_A1_L01_VAR_007	따옴표 안 변수 이름 구분하기	city	NO_ACTION	YES	OK_ALREADY_EXPLICIT	V318에서 조치 불필요였고 현재도 정답 표현 확인	"따옴표가 있는 ""city""는 변수 city를 찾지 않고 글자 그대로 city라는 문자열이 된다. 이 문제는 코드를 위에서 아래로 읽으면서 값이 언제 만들어지고 언제 출력되는지 확인하는 연습이다. 정답은 보기의 익숙한 단어가 아니라 실제 실행 흐름이 만든 값이다. 특히 따옴표를 무시하고 변수 값을 찾는 부분을 조심해야 한다. 비슷한 코드를 만났을 때도 먼저 변수 값, 따옴표 여부, 계산 순서, print가 실행되는 시점을 차례대로 확인하면 안전하게 판단할 수 있다. 초급 단계에서는 이런 작은 흐름을 정확히 읽는 것이 이후 조건문, 반복문, 파일 처리 코드를 이해하는 기반이 된다."
data/lessons/python_foundation_beginner_v94_a1_part1.json	20	PYF94_A1_L01_VAR_008	변수 값 증가 읽기	15	NO_ACTION	YES	OK_ALREADY_EXPLICIT	V318에서 조치 불필요였고 현재도 정답 표현 확인	이 줄은 오른쪽 n의 이전 값 10에 5를 더해 15를 만든 뒤, 그 값을 다시 n에 저장한다. 이 문제는 코드를 위에서 아래로 읽으면서 값이 언제 만들어지고 언제 출력되는지 확인하는 연습이다. 정답은 보기의 익숙한 단어가 아니라 실제 실행 흐름이 만든 값이다. 특히 왼쪽과 오른쪽 n을 동시에 같은 값으로 보는 부분을 조심해야 한다. 비슷한 코드를 만났을 때도 먼저 변수 값, 따옴표 여부, 계산 순서, print가 실행되는 시점을 차례대로 확인하면 안전하게 판단할 수 있다. 초급 단계에서는 이런 작은 흐름을 정확히 읽는 것이 이후 조건문, 반복문, 파일 처리 코드를 이해하는 기반이 된다.
data/lessons/python_foundation_beginner_v94_a1_part1.json	20	PYF94_A1_L01_VAR_008	변수 값 증가 읽기	15	NO_ACTION	YES	OK_ALREADY_EXPLICIT	V318에서 조치 불필요였고 현재도 정답 표현 확인	이 줄은 오른쪽 n의 이전 값 10에 5를 더해 15를 만든 뒤, 그 값을 다시 n에 저장한다. 이 문제는 코드를 위에서 아래로 읽으면서 값이 언제 만들어지고 언제 출력되는지 확인하는 연습이다. 정답은 보기의 익숙한 단어가 아니라 실제 실행 흐름이 만든 값이다. 특히 왼쪽과 오른쪽 n을 동시에 같은 값으로 보는 부분을 조심해야 한다. 비슷한 코드를 만났을 때도 먼저 변수 값, 따옴표 여부, 계산 순서, print가 실행되는 시점을 차례대로 확인하면 안전하게 판단할 수 있다. 초급 단계에서는 이런 작은 흐름을 정확히 읽는 것이 이후 조건문, 반복문, 파일 처리 코드를 이해하는 기반이 된다.
data/lessons/python_foundation_beginner_v94_a1_part1.json	21	PYF94_A1_L01_VAR_009	서로 다른 변수 더하기	5	NO_ACTION	YES	OK_ALREADY_EXPLICIT	V318에서 조치 불필요였고 현재도 정답 표현 확인	x와 y는 숫자이므로 +는 산술 덧셈으로 계산되고, 결과 5가 출력된다. 이 문제는 코드를 위에서 아래로 읽으면서 값이 언제 만들어지고 언제 출력되는지 확인하는 연습이다. 정답은 보기의 익숙한 단어가 아니라 실제 실행 흐름이 만든 값이다. 특히 숫자 변수도 문자열처럼 이어 붙는다고 생각하는 부분을 조심해야 한다. 비슷한 코드를 만났을 때도 먼저 변수 값, 따옴표 여부, 계산 순서, print가 실행되는 시점을 차례대로 확인하면 안전하게 판단할 수 있다. 초급 단계에서는 이런 작은 흐름을 정확히 읽는 것이 이후 조건문, 반복문, 파일 처리 코드를 이해하는 기반이 된다.
data/lessons/python_foundation_beginner_v94_a1_part1.json	22	PYF94_A1_L01_VAR_010	print 뒤 변수 변경 구분하기	start	NO_ACTION	YES	OK_ALREADY_EXPLICIT	V318에서 조치 불필요였고 현재도 정답 표현 확인	print는 두 번째 줄에서 실행되고, 그 시점의 result 값은 아직 start이다. 뒤의 end 저장은 이후 상태만 바꾼다. 이 문제는 코드를 위에서 아래로 읽으면서 값이 언제 만들어지고 언제 출력되는지 확인하는 연습이다. 정답은 보기의 익숙한 단어가 아니라 실제 실행 흐름이 만든 값이다. 특히 나중 값을 앞선 출력에 적용하는 부분을 조심해야 한다. 비슷한 코드를 만났을 때도 먼저 변수 값, 따옴표 여부, 계산 순서, print가 실행되는 시점을 차례대로 확인하면 안전하게 판단할 수 있다. 초급 단계에서는 이런 작은 흐름을 정확히 읽는 것이 이후 조건문, 반복문, 파일 처리 코드를 이해하는 기반이 된다.
data/lessons/python_foundation_beginner_v94_a1_part1.json	22	PYF94_A1_L01_VAR_010	print 뒤 변수 변경 구분하기	start	NO_ACTION	YES	OK_ALREADY_EXPLICIT	V318에서 조치 불필요였고 현재도 정답 표현 확인	print는 두 번째 줄에서 실행되고, 그 시점의 result 값은 아직 start이다. 뒤의 end 저장은 이후 상태만 바꾼다. 이 문제는 코드를 위에서 아래로 읽으면서 값이 언제 만들어지고 언제 출력되는지 확인하는 연습이다. 정답은 보기의 익숙한 단어가 아니라 실제 실행 흐름이 만든 값이다. 특히 나중 값을 앞선 출력에 적용하는 부분을 조심해야 한다. 비슷한 코드를 만났을 때도 먼저 변수 값, 따옴표 여부, 계산 순서, print가 실행되는 시점을 차례대로 확인하면 안전하게 판단할 수 있다. 초급 단계에서는 이런 작은 흐름을 정확히 읽는 것이 이후 조건문, 반복문, 파일 처리 코드를 이해하는 기반이 된다.
data/lessons/python_foundation_beginner_v94_a1_part1.json	23	PYF94_A1_L01_VAR_011	값 교체 흐름 읽기	hard	NO_ACTION	YES	OK_ALREADY_EXPLICIT	V318에서 조치 불필요였고 현재도 정답 표현 확인	마지막 대입문이 mode의 현재 값을 hard로 바꾸었기 때문에 print는 hard를 출력한다. 이 문제는 코드를 위에서 아래로 읽으면서 값이 언제 만들어지고 언제 출력되는지 확인하는 연습이다. 정답은 보기의 익숙한 단어가 아니라 실제 실행 흐름이 만든 값이다. 특히 변수가 여러 값을 동시에 가진다고 생각하는 부분을 조심해야 한다. 비슷한 코드를 만났을 때도 먼저 변수 값, 따옴표 여부, 계산 순서, print가 실행되는 시점을 차례대로 확인하면 안전하게 판단할 수 있다. 초급 단계에서는 이런 작은 흐름을 정확히 읽는 것이 이후 조건문, 반복문, 파일 처리 코드를 이해하는 기반이 된다.
data/lessons/python_foundation_beginner_v94_a1_part1.json	24	PYF94_A1_L01_VAR_012	리스트를 변수에 저장하기	['A', 'B']가 출력된다	REVIEW_ONLY	NO	KEPT_REVIEW_ONLY	LOW 후보 중 의미상 설명 가능성이 있어 자동 수정 제외, 수동 샘플 검토용으로 보존	items 변수는 리스트 전체를 가리키고 있으므로 print(items)는 리스트 형태의 값 전체를 보여 준다. 이 문제는 코드를 위에서 아래로 읽으면서 값이 언제 만들어지고 언제 출력되는지 확인하는 연습이다. 정답은 보기의 익숙한 단어가 아니라 실제 실행 흐름이 만든 값이다. 특히 첫 번째 값만 자동으로 출력된다고 생각하는 부분을 조심해야 한다. 비슷한 코드를 만났을 때도 먼저 변수 값, 따옴표 여부, 계산 순서, print가 실행되는 시점을 차례대로 확인하면 안전하게 판단할 수 있다. 초급 단계에서는 이런 작은 흐름을 정확히 읽는 것이 이후 조건문, 반복문, 파일 처리 코드를 이해하는 기반이 된다.
data/lessons/python_foundation_beginner_v94_a1_part2.json	1	PYF94_A1_L01_TYPE_001	문자열 숫자 더하기	34	NO_ACTION	YES	OK_ALREADY_EXPLICIT	V318에서 조치 불필요였고 현재도 정답 표현 확인	두 값 모두 문자열이므로 +는 산술 덧셈이 아니라 두 글자를 이어 붙여 34를 만든다. 이 문제는 값이 문자열인지 숫자인지, 그리고 변환 함수가 적용되었는지를 확인하는 초급 독해 연습이다. 정답은 보기의 모양이 아니라 실제 파이썬 실행 규칙이 만든 값이다. 특히 화면에 숫자처럼 보이면 무조건 계산된다고 생각하는 부분을 조심해야 한다. 비슷한 코드를 만났을 때도 먼저 따옴표 여부, input() 결과의 자료형, int()나 str() 같은 변환 함수, print가 보여 주는 최종 값을 차례대로 확인하면 안전하게 판단할 수 있다. 이 흐름은 나중에 사용자 입력, 설정값, 파일에서 읽은 문자열 데이터를 처리할 때 그대로 이어진다.
data/lessons/python_foundation_beginner_v94_a1_part2.json	2	PYF94_A1_L01_TYPE_002	숫자 더하기	7	NO_ACTION	YES	OK_ALREADY_EXPLICIT	V318에서 조치 불필요였고 현재도 정답 표현 확인	3과 4는 숫자이므로 +가 산술 덧셈으로 처리되어 결과 7이 출력된다. 이 문제는 값이 문자열인지 숫자인지, 그리고 변환 함수가 적용되었는지를 확인하는 초급 독해 연습이다. 정답은 보기의 모양이 아니라 실제 파이썬 실행 규칙이 만든 값이다. 특히 문자열 예시와 숫자 예시를 같은 규칙으로 보는 부분을 조심해야 한다. 비슷한 코드를 만났을 때도 먼저 따옴표 여부, input() 결과의 자료형, int()나 str() 같은 변환 함수, print가 보여 주는 최종 값을 차례대로 확인하면 안전하게 판단할 수 있다. 이 흐름은 나중에 사용자 입력, 설정값, 파일에서 읽은 문자열 데이터를 처리할 때 그대로 이어진다.
data/lessons/python_foundation_beginner_v94_a1_part2.json	3	PYF94_A1_L01_TYPE_003	int 변환 뒤 계산하기	15	NO_ACTION	YES	OK_ALREADY_EXPLICIT	V318에서 조치 불필요였고 현재도 정답 표현 확인	"int(text)가 문자열 ""10""을 숫자 10으로 바꾸고, 그 뒤 10 + 5가 계산되어 15가 된다. 이 문제는 값이 문자열인지 숫자인지, 그리고 변환 함수가 적용되었는지를 확인하는 초급 독해 연습이다. 정답은 보기의 모양이 아니라 실제 파이썬 실행 규칙이 만든 값이다. 특히 문자열 ""10""과 숫자 10을 같은 상태로 보는 부분을 조심해야 한다. 비슷한 코드를 만났을 때도 먼저 따옴표 여부, input() 결과의 자료형, int()나 str() 같은 변환 함수, print가 보여 주는 최종 값을 차례대로 확인하면 안전하게 판단할 수 있다. 이 흐름은 나중에 사용자 입력, 설정값, 파일에서 읽은 문자열 데이터를 처리할 때 그대로 이어진다."
data/lessons/python_foundation_beginner_v94_a1_part2.json	4	PYF94_A1_L01_TYPE_004	str 변환 뒤 문자열 붙이기	3개	NO_ACTION	YES	OK_ALREADY_EXPLICIT	V318에서 조치 불필요였고 현재도 정답 표현 확인	"str(count)는 숫자 3을 문자열 ""3""으로 바꾸고, 그 결과가 ""개""와 이어 붙어 3개가 된다. 이 문제는 값이 문자열인지 숫자인지, 그리고 변환 함수가 적용되었는지를 확인하는 초급 독해 연습이다. 정답은 보기의 모양이 아니라 실제 파이썬 실행 규칙이 만든 값이다. 특히 숫자와 문자열을 항상 바로 더할 수 있다고 생각하는 부분을 조심해야 한다. 비슷한 코드를 만났을 때도 먼저 따옴표 여부, input() 결과의 자료형, int()나 str() 같은 변환 함수, print가 보여 주는 최종 값을 차례대로 확인하면 안전하게 판단할 수 있다. 이 흐름은 나중에 사용자 입력, 설정값, 파일에서 읽은 문자열 데이터를 처리할 때 그대로 이어진다."
data/lessons/python_foundation_beginner_v94_a1_part2.json	5	PYF94_A1_L01_TYPE_005	type() 의미 읽기	값의 자료형	NO_ACTION	YES	OK_ALREADY_EXPLICIT	V318에서 조치 불필요였고 현재도 정답 표현 확인	type()은 값이 문자열인지 숫자인지 리스트인지 같은 자료형을 확인할 때 사용하는 함수다. 이 문제는 값이 문자열인지 숫자인지, 그리고 변환 함수가 적용되었는지를 확인하는 초급 독해 연습이다. 정답은 보기의 모양이 아니라 실제 파이썬 실행 규칙이 만든 값이다. 특히 type()을 길이나 개수를 세는 함수로 보는 부분을 조심해야 한다. 비슷한 코드를 만났을 때도 먼저 따옴표 여부, input() 결과의 자료형, int()나 str() 같은 변환 함수, print가 보여 주는 최종 값을 차례대로 확인하면 안전하게 판단할 수 있다. 이 흐름은 나중에 사용자 입력, 설정값, 파일에서 읽은 문자열 데이터를 처리할 때 그대로 이어진다. 따라서 정답은 ‘값의 자료형’이다.
data/lessons/python_foundation_beginner_v94_a1_part2.json	6	PYF94_A1_L01_TYPE_006	float 변환 뒤 계산하기	4.0	NO_ACTION	YES	OK_ALREADY_EXPLICIT	V318에서 조치 불필요였고 현재도 정답 표현 확인	float(text)가 문자열을 소수 숫자 3.5로 바꾸고, 0.5를 더해 4.0이라는 결과를 만든다. 이 문제는 값이 문자열인지 숫자인지, 그리고 변환 함수가 적용되었는지를 확인하는 초급 독해 연습이다. 정답은 보기의 모양이 아니라 실제 파이썬 실행 규칙이 만든 값이다. 특히 소수 문자열도 그냥 이어 붙인다고 생각하는 부분을 조심해야 한다. 비슷한 코드를 만났을 때도 먼저 따옴표 여부, input() 결과의 자료형, int()나 str() 같은 변환 함수, print가 보여 주는 최종 값을 차례대로 확인하면 안전하게 판단할 수 있다. 이 흐름은 나중에 사용자 입력, 설정값, 파일에서 읽은 문자열 데이터를 처리할 때 그대로 이어진다.
data/lessons/python_foundation_beginner_v94_a1_part2.json	6	PYF94_A1_L01_TYPE_006	float 변환 뒤 계산하기	4.0	NO_ACTION	YES	OK_ALREADY_EXPLICIT	V318에서 조치 불필요였고 현재도 정답 표현 확인	float(text)가 문자열을 소수 숫자 3.5로 바꾸고, 0.5를 더해 4.0이라는 결과를 만든다. 이 문제는 값이 문자열인지 숫자인지, 그리고 변환 함수가 적용되었는지를 확인하는 초급 독해 연습이다. 정답은 보기의 모양이 아니라 실제 파이썬 실행 규칙이 만든 값이다. 특히 소수 문자열도 그냥 이어 붙인다고 생각하는 부분을 조심해야 한다. 비슷한 코드를 만났을 때도 먼저 따옴표 여부, input() 결과의 자료형, int()나 str() 같은 변환 함수, print가 보여 주는 최종 값을 차례대로 확인하면 안전하게 판단할 수 있다. 이 흐름은 나중에 사용자 입력, 설정값, 파일에서 읽은 문자열 데이터를 처리할 때 그대로 이어진다.
data/lessons/python_foundation_beginner_v94_a1_part2.json	7	PYF94_A1_L01_TYPE_007	문자열 반복하기	'hahaha'가 된다	NO_ACTION	YES	OK_ALREADY_EXPLICIT	V318에서 조치 불필요였고 현재도 정답 표현 확인	문자열과 정수의 곱셈은 문자열을 정해진 횟수만큼 반복해 새 문자열을 만든다. 이 문제는 값이 문자열인지 숫자인지, 그리고 변환 함수가 적용되었는지를 확인하는 초급 독해 연습이다. 정답은 보기의 모양이 아니라 실제 파이썬 실행 규칙이 만든 값이다. 특히 문자열 길이와 숫자를 곱해 숫자 결과가 나온다고 생각하는 부분을 조심해야 한다. 비슷한 코드를 만났을 때도 먼저 따옴표 여부, input() 결과의 자료형, int()나 str() 같은 변환 함수, print가 보여 주는 최종 값을 차례대로 확인하면 안전하게 판단할 수 있다. 이 흐름은 나중에 사용자 입력, 설정값, 파일에서 읽은 문자열 데이터를 처리할 때 그대로 이어진다. 따라서 출력 결과는 'hahaha'가 된다.
data/lessons/python_foundation_beginner_v94_a1_part2.json	8	PYF94_A1_L01_TYPE_008	문자열 2와 숫자 2 비교하기	False	NO_ACTION	YES	OK_ALREADY_EXPLICIT	V318에서 조치 불필요였고 현재도 정답 표현 확인	값의 모양은 비슷하지만 하나는 문자열이고 하나는 숫자이므로 == 비교 결과는 False가 된다. 이 문제는 값이 문자열인지 숫자인지, 그리고 변환 함수가 적용되었는지를 확인하는 초급 독해 연습이다. 정답은 보기의 모양이 아니라 실제 파이썬 실행 규칙이 만든 값이다. 특히 보이는 글자가 같으면 비교 결과도 True라고 생각하는 부분을 조심해야 한다. 비슷한 코드를 만났을 때도 먼저 따옴표 여부, input() 결과의 자료형, int()나 str() 같은 변환 함수, print가 보여 주는 최종 값을 차례대로 확인하면 안전하게 판단할 수 있다. 이 흐름은 나중에 사용자 입력, 설정값, 파일에서 읽은 문자열 데이터를 처리할 때 그대로 이어진다.
data/lessons/python_foundation_beginner_v94_a1_part2.json	9	PYF94_A1_L01_TYPE_009	비교식의 bool 결과 읽기	True	NO_ACTION	YES	OK_ALREADY_EXPLICIT	V318에서 조치 불필요였고 현재도 정답 표현 확인	80은 60 이상이므로 비교식 score >= 60의 결과는 True가 되고 그 값이 출력된다. 이 문제는 값이 문자열인지 숫자인지, 그리고 변환 함수가 적용되었는지를 확인하는 초급 독해 연습이다. 정답은 보기의 모양이 아니라 실제 파이썬 실행 규칙이 만든 값이다. 특히 비교식이 숫자 자체를 출력한다고 생각하는 부분을 조심해야 한다. 비슷한 코드를 만났을 때도 먼저 따옴표 여부, input() 결과의 자료형, int()나 str() 같은 변환 함수, print가 보여 주는 최종 값을 차례대로 확인하면 안전하게 판단할 수 있다. 이 흐름은 나중에 사용자 입력, 설정값, 파일에서 읽은 문자열 데이터를 처리할 때 그대로 이어진다.
data/lessons/python_foundation_beginner_v94_a1_part2.json	10	PYF94_A1_L01_TYPE_010	문자열 길이 세기	결과는 6이다	NO_ACTION	YES	OK_ALREADY_EXPLICIT	V318에서 조치 불필요였고 현재도 정답 표현 확인	Python은 P, y, t, h, o, n 여섯 글자로 이루어져 있으므로 len(word)는 6을 반환한다. 이 문제는 값이 문자열인지 숫자인지, 그리고 변환 함수가 적용되었는지를 확인하는 초급 독해 연습이다. 정답은 보기의 모양이 아니라 실제 파이썬 실행 규칙이 만든 값이다. 특히 단어의 의미나 변수 이름을 길이로 세는 부분을 조심해야 한다. 비슷한 코드를 만났을 때도 먼저 따옴표 여부, input() 결과의 자료형, int()나 str() 같은 변환 함수, print가 보여 주는 최종 값을 차례대로 확인하면 안전하게 판단할 수 있다. 이 흐름은 나중에 사용자 입력, 설정값, 파일에서 읽은 문자열 데이터를 처리할 때 그대로 이어진다. 따라서 결과는 6이다.
data/lessons/python_foundation_beginner_v94_a1_part2.json	11	PYF94_A1_L01_TYPE_011	공백도 문자로 세기	3	NO_ACTION	YES	OK_ALREADY_EXPLICIT	V318에서 조치 불필요였고 현재도 정답 표현 확인	A와 B 사이의 공백도 문자 하나로 세기 때문에 전체 길이는 A, 공백, B를 합쳐 3이다. 이 문제는 값이 문자열인지 숫자인지, 그리고 변환 함수가 적용되었는지를 확인하는 초급 독해 연습이다. 정답은 보기의 모양이 아니라 실제 파이썬 실행 규칙이 만든 값이다. 특히 눈에 잘 보이지 않는 공백은 길이에 포함되지 않는다고 생각하는 부분을 조심해야 한다. 비슷한 코드를 만났을 때도 먼저 따옴표 여부, input() 결과의 자료형, int()나 str() 같은 변환 함수, print가 보여 주는 최종 값을 차례대로 확인하면 안전하게 판단할 수 있다. 이 흐름은 나중에 사용자 입력, 설정값, 파일에서 읽은 문자열 데이터를 처리할 때 그대로 이어진다.
data/lessons/python_foundation_beginner_v94_a1_part2.json	12	PYF94_A1_L01_TYPE_012	앞자리 0과 int 변환	7	NO_ACTION	YES	OK_ALREADY_EXPLICIT	V318에서 조치 불필요였고 현재도 정답 표현 확인	int()는 문자열을 숫자값으로 바꾸므로 숫자의 의미에 영향을 주지 않는 앞자리 0은 표시되지 않는다. 이 문제는 값이 문자열인지 숫자인지, 그리고 변환 함수가 적용되었는지를 확인하는 초급 독해 연습이다. 정답은 보기의 모양이 아니라 실제 파이썬 실행 규칙이 만든 값이다. 특히 문자열의 표시 모양이 숫자 변환 뒤에도 그대로 남는다고 생각하는 부분을 조심해야 한다. 비슷한 코드를 만났을 때도 먼저 따옴표 여부, input() 결과의 자료형, int()나 str() 같은 변환 함수, print가 보여 주는 최종 값을 차례대로 확인하면 안전하게 판단할 수 있다. 이 흐름은 나중에 사용자 입력, 설정값, 파일에서 읽은 문자열 데이터를 처리할 때 그대로 이어진다. 따라서 출력은 ‘7’이다.
data/lessons/python_foundation_beginner_v94_a1_part2.json	13	PYF94_A1_L01_INPUT_001	입력값 저장하기	Python	NO_ACTION	YES	OK_ALREADY_EXPLICIT	V318에서 조치 불필요였고 현재도 정답 표현 확인	input()은 사용자가 입력한 값을 문자열로 받아 name에 저장하고, print(name)은 그 저장된 값을 보여 준다. 이 문제는 값이 문자열인지 숫자인지, 그리고 변환 함수가 적용되었는지를 확인하는 초급 독해 연습이다. 정답은 보기의 모양이 아니라 실제 파이썬 실행 규칙이 만든 값이다. 특히 안내 문구가 변수에 저장된다고 생각하는 부분을 조심해야 한다. 비슷한 코드를 만났을 때도 먼저 따옴표 여부, input() 결과의 자료형, int()나 str() 같은 변환 함수, print가 보여 주는 최종 값을 차례대로 확인하면 안전하게 판단할 수 있다. 이 흐름은 나중에 사용자 입력, 설정값, 파일에서 읽은 문자열 데이터를 처리할 때 그대로 이어진다. 따라서 정답은 ‘Python’이다.
data/lessons/python_foundation_beginner_v94_a1_part2.json	14	PYF94_A1_L01_INPUT_002	입력값 문자열 붙이기	10살	NO_ACTION	YES	OK_ALREADY_EXPLICIT	V318에서 조치 불필요였고 현재도 정답 표현 확인	"input() 결과는 문자열 ""10""이고, 여기에 문자열 ""살""이 이어 붙어 10살이 된다. 이 문제는 값이 문자열인지 숫자인지, 그리고 변환 함수가 적용되었는지를 확인하는 초급 독해 연습이다. 정답은 보기의 모양이 아니라 실제 파이썬 실행 규칙이 만든 값이다. 특히 input으로 받은 10이 자동으로 숫자 계산된다고 생각하는 부분을 조심해야 한다. 비슷한 코드를 만났을 때도 먼저 따옴표 여부, input() 결과의 자료형, int()나 str() 같은 변환 함수, print가 보여 주는 최종 값을 차례대로 확인하면 안전하게 판단할 수 있다. 이 흐름은 나중에 사용자 입력, 설정값, 파일에서 읽은 문자열 데이터를 처리할 때 그대로 이어진다."
data/lessons/python_foundation_beginner_v94_a1_part2.json	15	PYF94_A1_L01_INPUT_003	입력값 숫자 변환하기	11	NO_ACTION	YES	OK_ALREADY_EXPLICIT	V318에서 조치 불필요였고 현재도 정답 표현 확인	input은 문자열을 받지만 int()가 그것을 숫자 10으로 바꾸기 때문에 10 + 1이 계산되어 11이 된다. 이 문제는 값이 문자열인지 숫자인지, 그리고 변환 함수가 적용되었는지를 확인하는 초급 독해 연습이다. 정답은 보기의 모양이 아니라 실제 파이썬 실행 규칙이 만든 값이다. 특히 문자열 이어 붙이기와 숫자 더하기를 구분하지 않는 부분을 조심해야 한다. 비슷한 코드를 만났을 때도 먼저 따옴표 여부, input() 결과의 자료형, int()나 str() 같은 변환 함수, print가 보여 주는 최종 값을 차례대로 확인하면 안전하게 판단할 수 있다. 이 흐름은 나중에 사용자 입력, 설정값, 파일에서 읽은 문자열 데이터를 처리할 때 그대로 이어진다.
data/lessons/python_foundation_beginner_v94_a1_part2.json	16	PYF94_A1_L01_INPUT_004	두 입력 이어 붙이기	AB	NO_ACTION	YES	OK_ALREADY_EXPLICIT	V318에서 조치 불필요였고 현재도 정답 표현 확인	first에는 A, second에는 B가 문자열로 저장되고, first + second는 두 문자열을 순서대로 이어 붙인다. 이 문제는 값이 문자열인지 숫자인지, 그리고 변환 함수가 적용되었는지를 확인하는 초급 독해 연습이다. 정답은 보기의 모양이 아니라 실제 파이썬 실행 규칙이 만든 값이다. 특히 두 입력 사이에 자동 공백이 생긴다고 생각하는 부분을 조심해야 한다. 비슷한 코드를 만났을 때도 먼저 따옴표 여부, input() 결과의 자료형, int()나 str() 같은 변환 함수, print가 보여 주는 최종 값을 차례대로 확인하면 안전하게 판단할 수 있다. 이 흐름은 나중에 사용자 입력, 설정값, 파일에서 읽은 문자열 데이터를 처리할 때 그대로 이어진다. 따라서 정답은 ‘AB’이다.
data/lessons/python_foundation_beginner_v94_a1_part2.json	17	PYF94_A1_L01_INPUT_005	두 입력 숫자로 더하기	7	NO_ACTION	YES	OK_ALREADY_EXPLICIT	V318에서 조치 불필요였고 현재도 정답 표현 확인	각 input 결과가 int()로 숫자 3과 4가 되고, 두 숫자의 덧셈 결과 7이 출력된다. 이 문제는 값이 문자열인지 숫자인지, 그리고 변환 함수가 적용되었는지를 확인하는 초급 독해 연습이다. 정답은 보기의 모양이 아니라 실제 파이썬 실행 규칙이 만든 값이다. 특히 입력값이 문자열인 상태로 이어 붙는다고 생각하는 부분을 조심해야 한다. 비슷한 코드를 만났을 때도 먼저 따옴표 여부, input() 결과의 자료형, int()나 str() 같은 변환 함수, print가 보여 주는 최종 값을 차례대로 확인하면 안전하게 판단할 수 있다. 이 흐름은 나중에 사용자 입력, 설정값, 파일에서 읽은 문자열 데이터를 처리할 때 그대로 이어진다.
data/lessons/python_foundation_beginner_v94_a1_part2.json	18	PYF94_A1_L01_INPUT_006	안내 문구와 저장값 구분하기	Seoul	NO_ACTION	YES	OK_ALREADY_EXPLICIT	V318에서 조치 불필요였고 현재도 정답 표현 확인	안내 문구는 사용자에게 보여 주는 설명이고, city에 저장되는 값은 사용자가 직접 입력한 Seoul이다. 이 문제는 값이 문자열인지 숫자인지, 그리고 변환 함수가 적용되었는지를 확인하는 초급 독해 연습이다. 정답은 보기의 모양이 아니라 실제 파이썬 실행 규칙이 만든 값이다. 특히 프롬프트 문구가 그대로 변수값이 된다고 생각하는 부분을 조심해야 한다. 비슷한 코드를 만났을 때도 먼저 따옴표 여부, input() 결과의 자료형, int()나 str() 같은 변환 함수, print가 보여 주는 최종 값을 차례대로 확인하면 안전하게 판단할 수 있다. 이 흐름은 나중에 사용자 입력, 설정값, 파일에서 읽은 문자열 데이터를 처리할 때 그대로 이어진다.
data/lessons/python_foundation_beginner_v94_a1_part2.json	19	PYF94_A1_L01_INPUT_007	입력값 공백 정리하기	hi	NO_ACTION	YES	OK_ALREADY_EXPLICIT	V318에서 조치 불필요였고 현재도 정답 표현 확인	text에는 공백이 포함된 문자열이 들어가지만 strip() 결과를 clean에 저장했기 때문에 양쪽 공백이 제거된다. 이 문제는 값이 문자열인지 숫자인지, 그리고 변환 함수가 적용되었는지를 확인하는 초급 독해 연습이다. 정답은 보기의 모양이 아니라 실제 파이썬 실행 규칙이 만든 값이다. 특히 strip이 원본과 결과를 구분하지 않아도 된다고 생각하는 부분을 조심해야 한다. 비슷한 코드를 만났을 때도 먼저 따옴표 여부, input() 결과의 자료형, int()나 str() 같은 변환 함수, print가 보여 주는 최종 값을 차례대로 확인하면 안전하게 판단할 수 있다. 이 흐름은 나중에 사용자 입력, 설정값, 파일에서 읽은 문자열 데이터를 처리할 때 그대로 이어진다. 따라서 정답은 ‘hi’이다.
data/lessons/python_foundation_beginner_v94_a1_part2.json	20	PYF94_A1_L01_INPUT_008	입력값과 문자열 비교하기	True	NO_ACTION	YES	OK_ALREADY_EXPLICIT	V318에서 조치 불필요였고 현재도 정답 표현 확인	"answer에는 문자열 yes가 저장되고, 기준 문자열 ""yes""와 같기 때문에 비교 결과는 True가 된다. 이 문제는 값이 문자열인지 숫자인지, 그리고 변환 함수가 적용되었는지를 확인하는 초급 독해 연습이다. 정답은 보기의 모양이 아니라 실제 파이썬 실행 규칙이 만든 값이다. 특히 비교식이 입력값 자체를 출력한다고 생각하는 부분을 조심해야 한다. 비슷한 코드를 만났을 때도 먼저 따옴표 여부, input() 결과의 자료형, int()나 str() 같은 변환 함수, print가 보여 주는 최종 값을 차례대로 확인하면 안전하게 판단할 수 있다. 이 흐름은 나중에 사용자 입력, 설정값, 파일에서 읽은 문자열 데이터를 처리할 때 그대로 이어진다."
data/lessons/python_foundation_beginner_v94_a1_part2.json	21	PYF94_A1_L01_INPUT_009	입력값 대소문자 구분하기	False	NO_ACTION	YES	OK_ALREADY_EXPLICIT	V318에서 조치 불필요였고 현재도 정답 표현 확인	YES와 yes는 글자 모양은 비슷하지만 대소문자가 다르므로 문자열 비교 결과는 False다. 이 문제는 값이 문자열인지 숫자인지, 그리고 변환 함수가 적용되었는지를 확인하는 초급 독해 연습이다. 정답은 보기의 모양이 아니라 실제 파이썬 실행 규칙이 만든 값이다. 특히 대소문자가 자동으로 같게 처리된다고 생각하는 부분을 조심해야 한다. 비슷한 코드를 만났을 때도 먼저 따옴표 여부, input() 결과의 자료형, int()나 str() 같은 변환 함수, print가 보여 주는 최종 값을 차례대로 확인하면 안전하게 판단할 수 있다. 이 흐름은 나중에 사용자 입력, 설정값, 파일에서 읽은 문자열 데이터를 처리할 때 그대로 이어진다.
data/lessons/python_foundation_beginner_v94_a1_part2.json	22	PYF94_A1_L01_INPUT_010	입력값 길이 세기	4	NO_ACTION	YES	OK_ALREADY_EXPLICIT	V318에서 조치 불필요였고 현재도 정답 표현 확인	text에는 문자열 code가 저장되고, code는 네 글자이므로 len(text)는 4를 반환한다. 이 문제는 값이 문자열인지 숫자인지, 그리고 변환 함수가 적용되었는지를 확인하는 초급 독해 연습이다. 정답은 보기의 모양이 아니라 실제 파이썬 실행 규칙이 만든 값이다. 특히 입력값 자체와 입력값의 길이를 혼동하는 부분을 조심해야 한다. 비슷한 코드를 만났을 때도 먼저 따옴표 여부, input() 결과의 자료형, int()나 str() 같은 변환 함수, print가 보여 주는 최종 값을 차례대로 확인하면 안전하게 판단할 수 있다. 이 흐름은 나중에 사용자 입력, 설정값, 파일에서 읽은 문자열 데이터를 처리할 때 그대로 이어진다.
data/lessons/python_foundation_beginner_v94_a1_part2.json	22	PYF94_A1_L01_INPUT_010	입력값 길이 세기	4	NO_ACTION	YES	OK_ALREADY_EXPLICIT	V318에서 조치 불필요였고 현재도 정답 표현 확인	text에는 문자열 code가 저장되고, code는 네 글자이므로 len(text)는 4를 반환한다. 이 문제는 값이 문자열인지 숫자인지, 그리고 변환 함수가 적용되었는지를 확인하는 초급 독해 연습이다. 정답은 보기의 모양이 아니라 실제 파이썬 실행 규칙이 만든 값이다. 특히 입력값 자체와 입력값의 길이를 혼동하는 부분을 조심해야 한다. 비슷한 코드를 만났을 때도 먼저 따옴표 여부, input() 결과의 자료형, int()나 str() 같은 변환 함수, print가 보여 주는 최종 값을 차례대로 확인하면 안전하게 판단할 수 있다. 이 흐름은 나중에 사용자 입력, 설정값, 파일에서 읽은 문자열 데이터를 처리할 때 그대로 이어진다.
data/lessons/python_foundation_beginner_v94_a1_part2.json	23	PYF94_A1_L01_INPUT_011	입력값을 쉼표로 나누기	3	NO_ACTION	YES	OK_ALREADY_EXPLICIT	V318에서 조치 불필요였고 현재도 정답 표현 확인	split(',')은 A, B, C 세 조각의 리스트를 만들고, len(items)는 그 원소 개수 3을 반환한다. 이 문제는 값이 문자열인지 숫자인지, 그리고 변환 함수가 적용되었는지를 확인하는 초급 독해 연습이다. 정답은 보기의 모양이 아니라 실제 파이썬 실행 규칙이 만든 값이다. 특히 쉼표가 있어도 문자열이 나뉘지 않는다고 생각하는 부분을 조심해야 한다. 비슷한 코드를 만났을 때도 먼저 따옴표 여부, input() 결과의 자료형, int()나 str() 같은 변환 함수, print가 보여 주는 최종 값을 차례대로 확인하면 안전하게 판단할 수 있다. 이 흐름은 나중에 사용자 입력, 설정값, 파일에서 읽은 문자열 데이터를 처리할 때 그대로 이어진다.
data/lessons/python_foundation_beginner_v94_a1_part2.json	24	PYF94_A1_L01_INPUT_012	입력값을 다른 변수로 복사하기	robot	NO_ACTION	YES	OK_ALREADY_EXPLICIT	V318에서 조치 불필요였고 현재도 정답 표현 확인	value에 입력 문자열 robot이 저장되고, copy = value에서 같은 값이 copy에도 저장된 뒤 출력된다. 이 문제는 값이 문자열인지 숫자인지, 그리고 변환 함수가 적용되었는지를 확인하는 초급 독해 연습이다. 정답은 보기의 모양이 아니라 실제 파이썬 실행 규칙이 만든 값이다. 특히 copy에 변수 이름 value가 들어간다고 생각하는 부분을 조심해야 한다. 비슷한 코드를 만났을 때도 먼저 따옴표 여부, input() 결과의 자료형, int()나 str() 같은 변환 함수, print가 보여 주는 최종 값을 차례대로 확인하면 안전하게 판단할 수 있다. 이 흐름은 나중에 사용자 입력, 설정값, 파일에서 읽은 문자열 데이터를 처리할 때 그대로 이어진다.
data/lessons/python_foundation_beginner_v94_a1_part2.json	24	PYF94_A1_L01_INPUT_012	입력값을 다른 변수로 복사하기	robot	NO_ACTION	YES	OK_ALREADY_EXPLICIT	V318에서 조치 불필요였고 현재도 정답 표현 확인	value에 입력 문자열 robot이 저장되고, copy = value에서 같은 값이 copy에도 저장된 뒤 출력된다. 이 문제는 값이 문자열인지 숫자인지, 그리고 변환 함수가 적용되었는지를 확인하는 초급 독해 연습이다. 정답은 보기의 모양이 아니라 실제 파이썬 실행 규칙이 만든 값이다. 특히 copy에 변수 이름 value가 들어간다고 생각하는 부분을 조심해야 한다. 비슷한 코드를 만났을 때도 먼저 따옴표 여부, input() 결과의 자료형, int()나 str() 같은 변환 함수, print가 보여 주는 최종 값을 차례대로 확인하면 안전하게 판단할 수 있다. 이 흐름은 나중에 사용자 입력, 설정값, 파일에서 읽은 문자열 데이터를 처리할 때 그대로 이어진다.
data/lessons/python_foundation_expansion_v10.json	1	PY10_L01_variable_001	변수에 값 담기	LiDAR	NO_ACTION	YES	OK_ALREADY_EXPLICIT	V318에서 조치 불필요였고 현재도 정답 표현 확인	변수는 값을 이름에 붙여 다시 사용할 수 있게 해 준다. name 변수에 문자열 LiDAR가 저장되어 있으므로 print(name)은 LiDAR를 출력한다. 변수 이름을 잘 붙이면 값의 의미가 드러나 코드 읽기가 쉬워진다.
data/lessons/python_foundation_expansion_v10.json	2	PY10_L01_reassign_001	변수 다시 대입 읽기	5	NO_ACTION	YES	OK_ALREADY_EXPLICIT	V318에서 조치 불필요였고 현재도 정답 표현 확인	변수는 새 값을 다시 저장할 수 있다. 처음 count는 3이고 count + 2를 계산한 5가 다시 count에 저장된다. 변수 다시 대입은 같은 이름이 새 값을 가리키게 만드는 동작이다. 이전 값이 계속 남는 것이 아니라 이후 코드에서는 새 값이 사용된다.
data/lessons/python_foundation_expansion_v10.json	8	PY10_L03_def_return_001	def와 return 읽기	5	NO_ACTION	YES	OK_ALREADY_EXPLICIT	V318에서 조치 불필요였고 현재도 정답 표현 확인	def는 함수를 정의하고 return은 계산 결과를 호출한 곳으로 돌려준다. add(2, 3)은 2+3을 계산해 5를 반환한다. 함수 호출식은 return 값을 하나의 값처럼 바꾸어 생각하면 print나 다른 계산에 이어 붙여 읽기 쉽다.
data/lessons/python_foundation_expansion_v10.json	20	PY10_L06_class_init_001	class와 __init__ 읽기	0	NO_ACTION	YES	OK_ALREADY_EXPLICIT	V318에서 조치 불필요였고 현재도 정답 표현 확인	__init__은 객체가 만들어질 때 자동으로 실행되는 초기화 메서드다. Counter 객체 생성 시 self.value를 0으로 설정한다. __init__에서 만든 속성은 이후 메서드들이 공유하는 객체의 초기 상태가 된다.
data/lessons/python_foundation_expansion_v10.json	38	PY10_L08_keyword_args_001	keyword argument 읽기	10	NO_ACTION	YES	OK_ALREADY_EXPLICIT	V318에서 조치 불필요였고 현재도 정답 표현 확인	키워드 인자는 함수 호출에서 이름을 붙여 값을 전달하는 방식이다. limit=10은 기본값 100을 덮어써서 최대 개수를 10으로 바꾼다. 위치가 아니라 이름으로 값을 전달하므로 인자가 많아져도 어떤 설정을 바꾸는지 비교적 명확하게 보인다.
data/lessons/python_foundation_expansion_v10.json	40	PY10_L08_id_index_001	id index 만들기	LiDAR	NO_ACTION	YES	OK_ALREADY_EXPLICIT	V318에서 조치 불필요였고 현재도 정답 표현 확인	id index는 id를 key로 삼아 row를 빠르게 찾기 위한 dict다. index['n1']은 해당 row를 반환하고 그 안의 label은 LiDAR다. 목록을 매번 반복 검색하지 않아도 되므로 카드나 노드가 많을 때 조회 속도를 높일 수 있다.
data/lessons/python_foundation_level2_v94_a2_part1.json	1	PYF94_A2_L02_IF_001	기본 if 참	pass	NO_ACTION	YES	OK_ALREADY_EXPLICIT	V318에서 조치 불필요였고 현재도 정답 표현 확인	score >= 60이 True이므로 들여쓰기된 print가 실행되어 pass가 출력된다. 이 문제는 Level 2에서 조건문이나 리스트 상태를 직접 추적하는 연습이다. 정답은 보기의 익숙한 단어가 아니라, 변수 값과 실행 흐름이 실제로 만든 결과다. 특히 조건이 참인지 계산하지 않고 보기에서 익숙한 단어를 고르는 부분을 조심해야 한다. 비슷한 코드를 만났을 때도 먼저 변수에 저장된 값, 비교식의 True/False 결과, 들여쓰기된 블록의 실행 여부, 리스트에 들어 있는 현재 값을 순서대로 확인하면 안전하게 판단할 수 있다. 이 독해 습관은 나중에 필터링, 검색 결과 처리, 사용자 입력 검증, 데이터 목록 처리 코드로 그대로 이어진다.
data/lessons/python_foundation_level2_v94_a2_part1.json	2	PYF94_A2_L02_IF_002	기본 if 거짓	출력 없음	NO_ACTION	YES	OK_ALREADY_EXPLICIT	V318에서 조치 불필요였고 현재도 정답 표현 확인	score >= 60이 False이므로 if 아래 print 줄은 실행되지 않는다. 이 문제는 Level 2에서 조건문이나 리스트 상태를 직접 추적하는 연습이다. 정답은 보기의 익숙한 단어가 아니라, 변수 값과 실행 흐름이 실제로 만든 결과다. 특히 조건이 거짓이어도 print가 무조건 실행된다고 생각하는 부분을 조심해야 한다. 비슷한 코드를 만났을 때도 먼저 변수에 저장된 값, 비교식의 True/False 결과, 들여쓰기된 블록의 실행 여부, 리스트에 들어 있는 현재 값을 순서대로 확인하면 안전하게 판단할 수 있다. 이 독해 습관은 나중에 필터링, 검색 결과 처리, 사용자 입력 검증, 데이터 목록 처리 코드로 그대로 이어진다. 따라서 화면에는 아무것도 출력되지 않는다. 보기 표현으로는 ‘출력 없음’이 맞다.
data/lessons/python_foundation_level2_v94_a2_part1.json	3	PYF94_A2_L02_IF_003	if else 선택	retry	NO_ACTION	YES	OK_ALREADY_EXPLICIT	V318에서 조치 불필요였고 현재도 정답 표현 확인	if 조건은 False이므로 pass는 출력되지 않고 else 블록의 retry가 출력된다. 이 문제는 Level 2에서 조건문이나 리스트 상태를 직접 추적하는 연습이다. 정답은 보기의 익숙한 단어가 아니라, 변수 값과 실행 흐름이 실제로 만든 결과다. 특히 if와 else가 둘 다 실행된다고 생각하는 부분을 조심해야 한다. 비슷한 코드를 만났을 때도 먼저 변수에 저장된 값, 비교식의 True/False 결과, 들여쓰기된 블록의 실행 여부, 리스트에 들어 있는 현재 값을 순서대로 확인하면 안전하게 판단할 수 있다. 이 독해 습관은 나중에 필터링, 검색 결과 처리, 사용자 입력 검증, 데이터 목록 처리 코드로 그대로 이어진다.
data/lessons/python_foundation_level2_v94_a2_part1.json	4	PYF94_A2_L02_IF_004	같음 비교	start	NO_ACTION	YES	OK_ALREADY_EXPLICIT	V318에서 조치 불필요였고 현재도 정답 표현 확인	"mode == ""easy""가 True이므로 if 안쪽의 start 출력이 실행된다. 이 문제는 Level 2에서 조건문이나 리스트 상태를 직접 추적하는 연습이다. 정답은 보기의 익숙한 단어가 아니라, 변수 값과 실행 흐름이 실제로 만든 결과다. 특히 =와 ==의 역할을 혼동하는 부분을 조심해야 한다. 비슷한 코드를 만났을 때도 먼저 변수에 저장된 값, 비교식의 True/False 결과, 들여쓰기된 블록의 실행 여부, 리스트에 들어 있는 현재 값을 순서대로 확인하면 안전하게 판단할 수 있다. 이 독해 습관은 나중에 필터링, 검색 결과 처리, 사용자 입력 검증, 데이터 목록 처리 코드로 그대로 이어진다."
data/lessons/python_foundation_level2_v94_a2_part1.json	4	PYF94_A2_L02_IF_004	같음 비교	start	NO_ACTION	YES	OK_ALREADY_EXPLICIT	V318에서 조치 불필요였고 현재도 정답 표현 확인	"mode == ""easy""가 True이므로 if 안쪽의 start 출력이 실행된다. 이 문제는 Level 2에서 조건문이나 리스트 상태를 직접 추적하는 연습이다. 정답은 보기의 익숙한 단어가 아니라, 변수 값과 실행 흐름이 실제로 만든 결과다. 특히 =와 ==의 역할을 혼동하는 부분을 조심해야 한다. 비슷한 코드를 만났을 때도 먼저 변수에 저장된 값, 비교식의 True/False 결과, 들여쓰기된 블록의 실행 여부, 리스트에 들어 있는 현재 값을 순서대로 확인하면 안전하게 판단할 수 있다. 이 독해 습관은 나중에 필터링, 검색 결과 처리, 사용자 입력 검증, 데이터 목록 처리 코드로 그대로 이어진다."
data/lessons/python_foundation_level2_v94_a2_part1.json	5	PYF94_A2_L02_IF_005	같지 않음 비교	robot	NO_ACTION	YES	OK_ALREADY_EXPLICIT	V318에서 조치 불필요였고 현재도 정답 표현 확인	bot은 human과 다르므로 조건이 True가 되고 robot이 출력된다. 이 문제는 Level 2에서 조건문이나 리스트 상태를 직접 추적하는 연습이다. 정답은 보기의 익숙한 단어가 아니라, 변수 값과 실행 흐름이 실제로 만든 결과다. 특히 !=를 같다는 뜻으로 잘못 읽는 부분을 조심해야 한다. 비슷한 코드를 만났을 때도 먼저 변수에 저장된 값, 비교식의 True/False 결과, 들여쓰기된 블록의 실행 여부, 리스트에 들어 있는 현재 값을 순서대로 확인하면 안전하게 판단할 수 있다. 이 독해 습관은 나중에 필터링, 검색 결과 처리, 사용자 입력 검증, 데이터 목록 처리 코드로 그대로 이어진다.
data/lessons/python_foundation_level2_v94_a2_part1.json	5	PYF94_A2_L02_IF_005	같지 않음 비교	robot	NO_ACTION	YES	OK_ALREADY_EXPLICIT	V318에서 조치 불필요였고 현재도 정답 표현 확인	bot은 human과 다르므로 조건이 True가 되고 robot이 출력된다. 이 문제는 Level 2에서 조건문이나 리스트 상태를 직접 추적하는 연습이다. 정답은 보기의 익숙한 단어가 아니라, 변수 값과 실행 흐름이 실제로 만든 결과다. 특히 !=를 같다는 뜻으로 잘못 읽는 부분을 조심해야 한다. 비슷한 코드를 만났을 때도 먼저 변수에 저장된 값, 비교식의 True/False 결과, 들여쓰기된 블록의 실행 여부, 리스트에 들어 있는 현재 값을 순서대로 확인하면 안전하게 판단할 수 있다. 이 독해 습관은 나중에 필터링, 검색 결과 처리, 사용자 입력 검증, 데이터 목록 처리 코드로 그대로 이어진다.
data/lessons/python_foundation_level2_v94_a2_part1.json	6	PYF94_A2_L02_IF_006	빈 문자열 조건	비어 있음	NO_ACTION	YES	OK_ALREADY_EXPLICIT	V318에서 조치 불필요였고 현재도 정답 표현 확인	빈 문자열은 조건문에서 False처럼 취급되므로 else 블록이 실행된다. 이 문제는 Level 2에서 조건문이나 리스트 상태를 직접 추적하는 연습이다. 정답은 보기의 익숙한 단어가 아니라, 변수 값과 실행 흐름이 실제로 만든 결과다. 특히 빈 문자열도 글자가 있다고 보고 True로 판단하는 부분을 조심해야 한다. 비슷한 코드를 만났을 때도 먼저 변수에 저장된 값, 비교식의 True/False 결과, 들여쓰기된 블록의 실행 여부, 리스트에 들어 있는 현재 값을 순서대로 확인하면 안전하게 판단할 수 있다. 이 독해 습관은 나중에 필터링, 검색 결과 처리, 사용자 입력 검증, 데이터 목록 처리 코드로 그대로 이어진다. 따라서 정답은 ‘비어 있음’이다.
data/lessons/python_foundation_level2_v94_a2_part1.json	7	PYF94_A2_L02_IF_007	값 있는 문자열 조건	있음	REVIEW_AND_PATCH	YES	OK_PATCHED	V319에서 보강했고 현재 정답 표현 확인	hi처럼 내용이 있는 문자열은 조건문에서 True처럼 취급되어 print가 실행된다. 이 문제는 Level 2에서 조건문이나 리스트 상태를 직접 추적하는 연습이다. 정답은 보기의 익숙한 단어가 아니라, 변수 값과 실행 흐름이 실제로 만든 결과다. 특히 문자열 값 자체와 조건식 결과를 구분하지 못하는 부분을 조심해야 한다. 비슷한 코드를 만났을 때도 먼저 변수에 저장된 값, 비교식의 True/False 결과, 들여쓰기된 블록의 실행 여부, 리스트에 들어 있는 현재 값을 순서대로 확인하면 안전하게 판단할 수 있다. 이 독해 습관은 나중에 필터링, 검색 결과 처리, 사용자 입력 검증, 데이터 목록 처리 코드로 그대로 이어진다. 따라서 출력은 ‘있음’이다.
data/lessons/python_foundation_level2_v94_a2_part1.json	8	PYF94_A2_L02_IF_008	and 조건	ok	NO_ACTION	YES	OK_ALREADY_EXPLICIT	V318에서 조치 불필요였고 현재도 정답 표현 확인	age >= 10도 True이고 score >= 80도 True이므로 and 전체 조건이 True가 된다. 이 문제는 Level 2에서 조건문이나 리스트 상태를 직접 추적하는 연습이다. 정답은 보기의 익숙한 단어가 아니라, 변수 값과 실행 흐름이 실제로 만든 결과다. 특히 and에서 한쪽만 보면 된다고 생각하는 부분을 조심해야 한다. 비슷한 코드를 만났을 때도 먼저 변수에 저장된 값, 비교식의 True/False 결과, 들여쓰기된 블록의 실행 여부, 리스트에 들어 있는 현재 값을 순서대로 확인하면 안전하게 판단할 수 있다. 이 독해 습관은 나중에 필터링, 검색 결과 처리, 사용자 입력 검증, 데이터 목록 처리 코드로 그대로 이어진다. 따라서 정답은 ‘ok’이다.
data/lessons/python_foundation_level2_v94_a2_part1.json	9	PYF94_A2_L02_IF_009	or 조건	open	NO_ACTION	YES	OK_ALREADY_EXPLICIT	V318에서 조치 불필요였고 현재도 정답 표현 확인	"첫 번째 비교식 role == ""admin""이 True이므로 or 전체 조건이 True가 되어 open이 출력된다. 이 문제는 Level 2에서 조건문이나 리스트 상태를 직접 추적하는 연습이다. 정답은 보기의 익숙한 단어가 아니라, 변수 값과 실행 흐름이 실제로 만든 결과다. 특히 or에서도 양쪽 조건이 모두 True여야 한다고 생각하는 부분을 조심해야 한다. 비슷한 코드를 만났을 때도 먼저 변수에 저장된 값, 비교식의 True/False 결과, 들여쓰기된 블록의 실행 여부, 리스트에 들어 있는 현재 값을 순서대로 확인하면 안전하게 판단할 수 있다. 이 독해 습관은 나중에 필터링, 검색 결과 처리, 사용자 입력 검증, 데이터 목록 처리 코드로 그대로 이어진다."
data/lessons/python_foundation_level2_v94_a2_part1.json	10	PYF94_A2_L02_IF_010	not 조건	todo	NO_ACTION	YES	OK_ALREADY_EXPLICIT	V318에서 조치 불필요였고 현재도 정답 표현 확인	is_done은 False이고 not False는 True이므로 if 안쪽의 todo가 출력된다. 이 문제는 Level 2에서 조건문이나 리스트 상태를 직접 추적하는 연습이다. 정답은 보기의 익숙한 단어가 아니라, 변수 값과 실행 흐름이 실제로 만든 결과다. 특히 not이 값을 그대로 둔다고 생각하는 부분을 조심해야 한다. 비슷한 코드를 만났을 때도 먼저 변수에 저장된 값, 비교식의 True/False 결과, 들여쓰기된 블록의 실행 여부, 리스트에 들어 있는 현재 값을 순서대로 확인하면 안전하게 판단할 수 있다. 이 독해 습관은 나중에 필터링, 검색 결과 처리, 사용자 입력 검증, 데이터 목록 처리 코드로 그대로 이어진다.
data/lessons/python_foundation_level2_v94_a2_part1.json	11	PYF94_A2_L02_IF_011	elif 흐름	B	NO_ACTION	YES	OK_ALREADY_EXPLICIT	V318에서 조치 불필요였고 현재도 정답 표현 확인	75는 90 이상은 아니지만 70 이상이므로 elif 블록이 실행되어 B가 출력된다. 이 문제는 Level 2에서 조건문이나 리스트 상태를 직접 추적하는 연습이다. 정답은 보기의 익숙한 단어가 아니라, 변수 값과 실행 흐름이 실제로 만든 결과다. 특히 elif와 else를 모두 실행한다고 생각하는 부분을 조심해야 한다. 비슷한 코드를 만났을 때도 먼저 변수에 저장된 값, 비교식의 True/False 결과, 들여쓰기된 블록의 실행 여부, 리스트에 들어 있는 현재 값을 순서대로 확인하면 안전하게 판단할 수 있다. 이 독해 습관은 나중에 필터링, 검색 결과 처리, 사용자 입력 검증, 데이터 목록 처리 코드로 그대로 이어진다.
data/lessons/python_foundation_level2_v94_a2_part1.json	12	PYF94_A2_L02_IF_012	조건 전 변수 변경	pass	NO_ACTION	YES	OK_ALREADY_EXPLICIT	V318에서 조치 불필요였고 현재도 정답 표현 확인	score = score + 20 이후 score는 70이므로 score >= 60 조건이 True가 된다. 이 문제는 Level 2에서 조건문이나 리스트 상태를 직접 추적하는 연습이다. 정답은 보기의 익숙한 단어가 아니라, 변수 값과 실행 흐름이 실제로 만든 결과다. 특히 처음 score 50만 보고 조건을 False로 판단하는 부분을 조심해야 한다. 비슷한 코드를 만났을 때도 먼저 변수에 저장된 값, 비교식의 True/False 결과, 들여쓰기된 블록의 실행 여부, 리스트에 들어 있는 현재 값을 순서대로 확인하면 안전하게 판단할 수 있다. 이 독해 습관은 나중에 필터링, 검색 결과 처리, 사용자 입력 검증, 데이터 목록 처리 코드로 그대로 이어진다. 따라서 정답은 ‘pass’이다.
data/lessons/python_foundation_level2_v94_a2_part1.json	13	PYF94_A2_L02_IF_013	문자열 대소문자 비교	check	NO_ACTION	YES	OK_ALREADY_EXPLICIT	V318에서 조치 불필요였고 현재도 정답 표현 확인	Yes와 yes는 대소문자가 다르므로 비교 결과가 False가 되어 else가 실행된다. 이 문제는 Level 2에서 조건문이나 리스트 상태를 직접 추적하는 연습이다. 정답은 보기의 익숙한 단어가 아니라, 변수 값과 실행 흐름이 실제로 만든 결과다. 특히 대소문자가 자동으로 같게 처리된다고 생각하는 부분을 조심해야 한다. 비슷한 코드를 만났을 때도 먼저 변수에 저장된 값, 비교식의 True/False 결과, 들여쓰기된 블록의 실행 여부, 리스트에 들어 있는 현재 값을 순서대로 확인하면 안전하게 판단할 수 있다. 이 독해 습관은 나중에 필터링, 검색 결과 처리, 사용자 입력 검증, 데이터 목록 처리 코드로 그대로 이어진다. 따라서 출력은 ‘check’이다.
data/lessons/python_foundation_level2_v94_a2_part1.json	14	PYF94_A2_L02_IF_014	문자열 숫자와 숫자 비교	different	NO_ACTION	YES	OK_ALREADY_EXPLICIT	V318에서 조치 불필요였고 현재도 정답 표현 확인	"""10""은 문자열이고 10은 숫자이므로 == 비교 결과는 False가 된다. 이 문제는 Level 2에서 조건문이나 리스트 상태를 직접 추적하는 연습이다. 정답은 보기의 익숙한 단어가 아니라, 변수 값과 실행 흐름이 실제로 만든 결과다. 특히 화면에 비슷해 보이면 같은 값이라고 판단하는 부분을 조심해야 한다. 비슷한 코드를 만났을 때도 먼저 변수에 저장된 값, 비교식의 True/False 결과, 들여쓰기된 블록의 실행 여부, 리스트에 들어 있는 현재 값을 순서대로 확인하면 안전하게 판단할 수 있다. 이 독해 습관은 나중에 필터링, 검색 결과 처리, 사용자 입력 검증, 데이터 목록 처리 코드로 그대로 이어진다. 따라서 정답은 ‘different’이다."
data/lessons/python_foundation_level2_v94_a2_part1.json	15	PYF94_A2_L02_IF_015	int 변환 후 비교	same	NO_ACTION	YES	OK_ALREADY_EXPLICIT	V318에서 조치 불필요였고 현재도 정답 표현 확인	"int(""10"")은 숫자 10을 만들기 때문에 value == 10 비교 결과가 True가 된다. 이 문제는 Level 2에서 조건문이나 리스트 상태를 직접 추적하는 연습이다. 정답은 보기의 익숙한 단어가 아니라, 변수 값과 실행 흐름이 실제로 만든 결과다. 특히 변환 전 문자열 상태와 변환 후 숫자 상태를 섞어 생각하는 부분을 조심해야 한다. 비슷한 코드를 만났을 때도 먼저 변수에 저장된 값, 비교식의 True/False 결과, 들여쓰기된 블록의 실행 여부, 리스트에 들어 있는 현재 값을 순서대로 확인하면 안전하게 판단할 수 있다. 이 독해 습관은 나중에 필터링, 검색 결과 처리, 사용자 입력 검증, 데이터 목록 처리 코드로 그대로 이어진다. 따라서 정답은 ‘same’이다."
data/lessons/python_foundation_level2_v94_a2_part1.json	16	PYF94_A2_L02_IF_016	들여쓰기 블록 구분	A 다음 B	NO_ACTION	YES	OK_ALREADY_EXPLICIT	V318에서 조치 불필요였고 현재도 정답 표현 확인	"ready가 True라서 A가 출력되고, 들여쓰기 밖의 print(""B"")도 이어서 실행된다. 이 문제는 Level 2에서 조건문이나 리스트 상태를 직접 추적하는 연습이다. 정답은 보기의 익숙한 단어가 아니라, 변수 값과 실행 흐름이 실제로 만든 결과다. 특히 들여쓰기 밖의 줄까지 if 안쪽으로 보는 부분을 조심해야 한다. 비슷한 코드를 만났을 때도 먼저 변수에 저장된 값, 비교식의 True/False 결과, 들여쓰기된 블록의 실행 여부, 리스트에 들어 있는 현재 값을 순서대로 확인하면 안전하게 판단할 수 있다. 이 독해 습관은 나중에 필터링, 검색 결과 처리, 사용자 입력 검증, 데이터 목록 처리 코드로 그대로 이어진다. 따라서 출력 순서는 ‘A 다음 B’이다."
data/lessons/python_foundation_level2_v94_a2_part1.json	17	PYF94_A2_L02_LIST_001	리스트 첫 값 읽기	A	NO_ACTION	YES	OK_ALREADY_EXPLICIT	V318에서 조치 불필요였고 현재도 정답 표현 확인	0번 인덱스는 리스트의 첫 번째 위치이므로 A가 출력된다. 이 문제는 Level 2에서 조건문이나 리스트 상태를 직접 추적하는 연습이다. 정답은 보기의 익숙한 단어가 아니라, 변수 값과 실행 흐름이 실제로 만든 결과다. 특히 인덱스 1을 첫 번째 위치로 생각하는 부분을 조심해야 한다. 비슷한 코드를 만났을 때도 먼저 변수에 저장된 값, 비교식의 True/False 결과, 들여쓰기된 블록의 실행 여부, 리스트에 들어 있는 현재 값을 순서대로 확인하면 안전하게 판단할 수 있다. 이 독해 습관은 나중에 필터링, 검색 결과 처리, 사용자 입력 검증, 데이터 목록 처리 코드로 그대로 이어진다.
data/lessons/python_foundation_level2_v94_a2_part1.json	18	PYF94_A2_L02_LIST_002	리스트 둘째 값 읽기	B	NO_ACTION	YES	OK_ALREADY_EXPLICIT	V318에서 조치 불필요였고 현재도 정답 표현 확인	파이썬 인덱스는 0부터 시작하므로 1번 위치에는 두 번째 값 B가 있다. 이 문제는 Level 2에서 조건문이나 리스트 상태를 직접 추적하는 연습이다. 정답은 보기의 익숙한 단어가 아니라, 변수 값과 실행 흐름이 실제로 만든 결과다. 특히 items[1]을 첫 번째 값으로 착각하는 부분을 조심해야 한다. 비슷한 코드를 만났을 때도 먼저 변수에 저장된 값, 비교식의 True/False 결과, 들여쓰기된 블록의 실행 여부, 리스트에 들어 있는 현재 값을 순서대로 확인하면 안전하게 판단할 수 있다. 이 독해 습관은 나중에 필터링, 검색 결과 처리, 사용자 입력 검증, 데이터 목록 처리 코드로 그대로 이어진다.
data/lessons/python_foundation_level2_v94_a2_part1.json	19	PYF94_A2_L02_LIST_003	append 후 길이	1	NO_ACTION	YES	OK_ALREADY_EXPLICIT	V318에서 조치 불필요였고 현재도 정답 표현 확인	"items.append(""A"")가 리스트에 값 하나를 추가하므로 리스트 길이는 1이 된다. 이 문제는 Level 2에서 조건문이나 리스트 상태를 직접 추적하는 연습이다. 정답은 보기의 익숙한 단어가 아니라, 변수 값과 실행 흐름이 실제로 만든 결과다. 특히 append를 해도 길이가 그대로라고 생각하는 부분을 조심해야 한다. 비슷한 코드를 만났을 때도 먼저 변수에 저장된 값, 비교식의 True/False 결과, 들여쓰기된 블록의 실행 여부, 리스트에 들어 있는 현재 값을 순서대로 확인하면 안전하게 판단할 수 있다. 이 독해 습관은 나중에 필터링, 검색 결과 처리, 사용자 입력 검증, 데이터 목록 처리 코드로 그대로 이어진다."
data/lessons/python_foundation_level2_v94_a2_part1.json	20	PYF94_A2_L02_LIST_004	append 두 번 후 위치 읽기	B	NO_ACTION	YES	OK_ALREADY_EXPLICIT	V318에서 조치 불필요였고 현재도 정답 표현 확인	A가 먼저 0번 위치에 들어가고 B가 다음 1번 위치에 들어가므로 items[1]은 B다. 이 문제는 Level 2에서 조건문이나 리스트 상태를 직접 추적하는 연습이다. 정답은 보기의 익숙한 단어가 아니라, 변수 값과 실행 흐름이 실제로 만든 결과다. 특히 append 순서와 인덱스 번호를 따로 생각하지 않는 부분을 조심해야 한다. 비슷한 코드를 만났을 때도 먼저 변수에 저장된 값, 비교식의 True/False 결과, 들여쓰기된 블록의 실행 여부, 리스트에 들어 있는 현재 값을 순서대로 확인하면 안전하게 판단할 수 있다. 이 독해 습관은 나중에 필터링, 검색 결과 처리, 사용자 입력 검증, 데이터 목록 처리 코드로 그대로 이어진다.
data/lessons/python_foundation_level2_v94_a2_part1.json	21	PYF94_A2_L02_LIST_005	len으로 원소 개수 세기	2	NO_ACTION	YES	OK_ALREADY_EXPLICIT	V318에서 조치 불필요였고 현재도 정답 표현 확인	리스트에는 red와 blue 두 개의 원소가 있으므로 len(items)는 2를 반환한다. 이 문제는 Level 2에서 조건문이나 리스트 상태를 직접 추적하는 연습이다. 정답은 보기의 익숙한 단어가 아니라, 변수 값과 실행 흐름이 실제로 만든 결과다. 특히 len이 첫 번째 값이나 마지막 값을 돌려준다고 생각하는 부분을 조심해야 한다. 비슷한 코드를 만났을 때도 먼저 변수에 저장된 값, 비교식의 True/False 결과, 들여쓰기된 블록의 실행 여부, 리스트에 들어 있는 현재 값을 순서대로 확인하면 안전하게 판단할 수 있다. 이 독해 습관은 나중에 필터링, 검색 결과 처리, 사용자 입력 검증, 데이터 목록 처리 코드로 그대로 이어진다.
data/lessons/python_foundation_level2_v94_a2_part1.json	21	PYF94_A2_L02_LIST_005	len으로 원소 개수 세기	2	NO_ACTION	YES	OK_ALREADY_EXPLICIT	V318에서 조치 불필요였고 현재도 정답 표현 확인	리스트에는 red와 blue 두 개의 원소가 있으므로 len(items)는 2를 반환한다. 이 문제는 Level 2에서 조건문이나 리스트 상태를 직접 추적하는 연습이다. 정답은 보기의 익숙한 단어가 아니라, 변수 값과 실행 흐름이 실제로 만든 결과다. 특히 len이 첫 번째 값이나 마지막 값을 돌려준다고 생각하는 부분을 조심해야 한다. 비슷한 코드를 만났을 때도 먼저 변수에 저장된 값, 비교식의 True/False 결과, 들여쓰기된 블록의 실행 여부, 리스트에 들어 있는 현재 값을 순서대로 확인하면 안전하게 판단할 수 있다. 이 독해 습관은 나중에 필터링, 검색 결과 처리, 사용자 입력 검증, 데이터 목록 처리 코드로 그대로 이어진다.
data/lessons/python_foundation_level2_v94_a2_part1.json	22	PYF94_A2_L02_LIST_006	마지막 값 음수 인덱스	C	NO_ACTION	YES	OK_ALREADY_EXPLICIT	V318에서 조치 불필요였고 현재도 정답 표현 확인	파이썬에서 -1 인덱스는 마지막 원소를 뜻하므로 C가 출력된다. 이 문제는 Level 2에서 조건문이나 리스트 상태를 직접 추적하는 연습이다. 정답은 보기의 익숙한 단어가 아니라, 변수 값과 실행 흐름이 실제로 만든 결과다. 특히 음수 인덱스가 무조건 오류라고 생각하는 부분을 조심해야 한다. 비슷한 코드를 만났을 때도 먼저 변수에 저장된 값, 비교식의 True/False 결과, 들여쓰기된 블록의 실행 여부, 리스트에 들어 있는 현재 값을 순서대로 확인하면 안전하게 판단할 수 있다. 이 독해 습관은 나중에 필터링, 검색 결과 처리, 사용자 입력 검증, 데이터 목록 처리 코드로 그대로 이어진다.
data/lessons/python_foundation_level2_v94_a2_part1.json	23	PYF94_A2_L02_LIST_007	리스트 값 바꾸기	Z	NO_ACTION	YES	OK_ALREADY_EXPLICIT	V318에서 조치 불필요였고 현재도 정답 표현 확인	"items[0] = ""Z""가 0번 위치의 값을 A에서 Z로 바꾸었기 때문에 Z가 출력된다. 이 문제는 Level 2에서 조건문이나 리스트 상태를 직접 추적하는 연습이다. 정답은 보기의 익숙한 단어가 아니라, 변수 값과 실행 흐름이 실제로 만든 결과다. 특히 리스트 내부 값은 바뀌지 않는다고 생각하는 부분을 조심해야 한다. 비슷한 코드를 만났을 때도 먼저 변수에 저장된 값, 비교식의 True/False 결과, 들여쓰기된 블록의 실행 여부, 리스트에 들어 있는 현재 값을 순서대로 확인하면 안전하게 판단할 수 있다. 이 독해 습관은 나중에 필터링, 검색 결과 처리, 사용자 입력 검증, 데이터 목록 처리 코드로 그대로 이어진다."
data/lessons/python_foundation_level2_v94_a2_part1.json	24	PYF94_A2_L02_LIST_008	빈 리스트 조건	없음	REVIEW_AND_PATCH	YES	OK_PATCHED	V319에서 보강했고 현재 정답 표현 확인	빈 리스트는 조건문에서 False처럼 처리되므로 if 블록이 아니라 else 블록이 실행된다. 이 문제는 Level 2에서 조건문이나 리스트 상태를 직접 추적하는 연습이다. 정답은 보기의 익숙한 단어가 아니라, 변수 값과 실행 흐름이 실제로 만든 결과다. 특히 빈 리스트도 리스트이므로 True라고 판단하는 부분을 조심해야 한다. 비슷한 코드를 만났을 때도 먼저 변수에 저장된 값, 비교식의 True/False 결과, 들여쓰기된 블록의 실행 여부, 리스트에 들어 있는 현재 값을 순서대로 확인하면 안전하게 판단할 수 있다. 이 독해 습관은 나중에 필터링, 검색 결과 처리, 사용자 입력 검증, 데이터 목록 처리 코드로 그대로 이어진다. 따라서 출력은 ‘없음’이다.
data/lessons/python_foundation_level2_v94_a2_part1.json	25	PYF94_A2_L02_LIST_009	값 있는 리스트 조건	있음	REVIEW_AND_PATCH	YES	OK_PATCHED	V319에서 보강했고 현재 정답 표현 확인	리스트에 값이 하나 들어 있으므로 조건식 if items는 True처럼 평가된다. 이 문제는 Level 2에서 조건문이나 리스트 상태를 직접 추적하는 연습이다. 정답은 보기의 익숙한 단어가 아니라, 변수 값과 실행 흐름이 실제로 만든 결과다. 특히 리스트 안의 값 대신 리스트 이름만 보고 판단하는 부분을 조심해야 한다. 비슷한 코드를 만났을 때도 먼저 변수에 저장된 값, 비교식의 True/False 결과, 들여쓰기된 블록의 실행 여부, 리스트에 들어 있는 현재 값을 순서대로 확인하면 안전하게 판단할 수 있다. 이 독해 습관은 나중에 필터링, 검색 결과 처리, 사용자 입력 검증, 데이터 목록 처리 코드로 그대로 이어진다. 따라서 출력은 ‘있음’이다.
data/lessons/python_foundation_level2_v94_a2_part1.json	26	PYF94_A2_L02_LIST_010	리스트 더하기	"[""A"", ""B""]"	NO_ACTION	YES	OK_ALREADY_EXPLICIT	V318에서 조치 불필요였고 현재도 정답 표현 확인	두 리스트를 +로 더하면 문자열처럼 글자를 붙이는 것이 아니라 원소를 이어 붙인 리스트가 된다. 이 문제는 Level 2에서 조건문이나 리스트 상태를 직접 추적하는 연습이다. 정답은 보기의 익숙한 단어가 아니라, 변수 값과 실행 흐름이 실제로 만든 결과다. 특히 리스트 더하기를 문자열 AB 출력으로 생각하는 부분을 조심해야 한다. 비슷한 코드를 만났을 때도 먼저 변수에 저장된 값, 비교식의 True/False 결과, 들여쓰기된 블록의 실행 여부, 리스트에 들어 있는 현재 값을 순서대로 확인하면 안전하게 판단할 수 있다. 이 독해 습관은 나중에 필터링, 검색 결과 처리, 사용자 입력 검증, 데이터 목록 처리 코드로 그대로 이어진다.
data/lessons/python_foundation_level2_v94_a2_part1.json	27	PYF94_A2_L02_LIST_011	append 반환값과 리스트 상태	"[""A""]"	NO_ACTION	YES	OK_ALREADY_EXPLICIT	V318에서 조치 불필요였고 현재도 정답 표현 확인	append가 items에 A를 추가했기 때문에 print(items)는 값이 추가된 리스트를 보여 준다. 이 문제는 Level 2에서 조건문이나 리스트 상태를 직접 추적하는 연습이다. 정답은 보기의 익숙한 단어가 아니라, 변수 값과 실행 흐름이 실제로 만든 결과다. 특히 append의 반환값과 리스트 자체의 변경을 혼동하는 부분을 조심해야 한다. 비슷한 코드를 만났을 때도 먼저 변수에 저장된 값, 비교식의 True/False 결과, 들여쓰기된 블록의 실행 여부, 리스트에 들어 있는 현재 값을 순서대로 확인하면 안전하게 판단할 수 있다. 이 독해 습관은 나중에 필터링, 검색 결과 처리, 사용자 입력 검증, 데이터 목록 처리 코드로 그대로 이어진다.
data/lessons/python_foundation_level2_v94_a2_part1.json	28	PYF94_A2_L02_LIST_012	split 결과 리스트 읽기	A	NO_ACTION	YES	OK_ALREADY_EXPLICIT	V318에서 조치 불필요였고 현재도 정답 표현 확인	text.split(',')은 A와 B 두 조각의 리스트를 만들고, 0번 값은 A다. 이 문제는 Level 2에서 조건문이나 리스트 상태를 직접 추적하는 연습이다. 정답은 보기의 익숙한 단어가 아니라, 변수 값과 실행 흐름이 실제로 만든 결과다. 특히 split 결과를 여전히 원래 문자열 하나로 보는 부분을 조심해야 한다. 비슷한 코드를 만났을 때도 먼저 변수에 저장된 값, 비교식의 True/False 결과, 들여쓰기된 블록의 실행 여부, 리스트에 들어 있는 현재 값을 순서대로 확인하면 안전하게 판단할 수 있다. 이 독해 습관은 나중에 필터링, 검색 결과 처리, 사용자 입력 검증, 데이터 목록 처리 코드로 그대로 이어진다.
data/lessons/python_foundation_level2_v94_a2_part1.json	29	PYF94_A2_L02_LIST_013	리스트 숫자 계산	4	NO_ACTION	YES	OK_ALREADY_EXPLICIT	V318에서 조치 불필요였고 현재도 정답 표현 확인	numbers[0]은 1이고 numbers[2]는 3이므로 두 숫자의 합은 4다. 이 문제는 Level 2에서 조건문이나 리스트 상태를 직접 추적하는 연습이다. 정답은 보기의 익숙한 단어가 아니라, 변수 값과 실행 흐름이 실제로 만든 결과다. 특히 인덱스 번호와 리스트 값을 섞어 계산하는 부분을 조심해야 한다. 비슷한 코드를 만났을 때도 먼저 변수에 저장된 값, 비교식의 True/False 결과, 들여쓰기된 블록의 실행 여부, 리스트에 들어 있는 현재 값을 순서대로 확인하면 안전하게 판단할 수 있다. 이 독해 습관은 나중에 필터링, 검색 결과 처리, 사용자 입력 검증, 데이터 목록 처리 코드로 그대로 이어진다.
data/lessons/python_foundation_level2_v94_a2_part1.json	30	PYF94_A2_L02_LIST_014	len으로 마지막 인덱스 만들기	C	NO_ACTION	YES	OK_ALREADY_EXPLICIT	V318에서 조치 불필요였고 현재도 정답 표현 확인	len(items)는 3이고 마지막 인덱스는 2이므로 items[2]인 C가 출력된다. 이 문제는 Level 2에서 조건문이나 리스트 상태를 직접 추적하는 연습이다. 정답은 보기의 익숙한 단어가 아니라, 변수 값과 실행 흐름이 실제로 만든 결과다. 특히 len 결과 3을 그대로 마지막 인덱스로 쓰는 부분을 조심해야 한다. 비슷한 코드를 만났을 때도 먼저 변수에 저장된 값, 비교식의 True/False 결과, 들여쓰기된 블록의 실행 여부, 리스트에 들어 있는 현재 값을 순서대로 확인하면 안전하게 판단할 수 있다. 이 독해 습관은 나중에 필터링, 검색 결과 처리, 사용자 입력 검증, 데이터 목록 처리 코드로 그대로 이어진다.
data/lessons/python_foundation_level2_v94_a2_part1.json	31	PYF94_A2_L02_LIST_015	변수 값을 리스트에 추가하기	Python	NO_ACTION	YES	OK_ALREADY_EXPLICIT	V318에서 조치 불필요였고 현재도 정답 표현 확인	append(name)은 변수 이름이 아니라 name이 가리키는 값 Python을 리스트에 추가한다. 이 문제는 Level 2에서 조건문이나 리스트 상태를 직접 추적하는 연습이다. 정답은 보기의 익숙한 단어가 아니라, 변수 값과 실행 흐름이 실제로 만든 결과다. 특히 리스트에 변수 이름 자체가 들어간다고 생각하는 부분을 조심해야 한다. 비슷한 코드를 만났을 때도 먼저 변수에 저장된 값, 비교식의 True/False 결과, 들여쓰기된 블록의 실행 여부, 리스트에 들어 있는 현재 값을 순서대로 확인하면 안전하게 판단할 수 있다. 이 독해 습관은 나중에 필터링, 검색 결과 처리, 사용자 입력 검증, 데이터 목록 처리 코드로 그대로 이어진다.
data/lessons/python_foundation_level2_v94_a2_part1.json	32	PYF94_A2_L02_LIST_016	리스트 전체 출력 형태	['A', 'B'] 전체가 출력된다	NO_ACTION	YES	OK_ALREADY_EXPLICIT	V318에서 조치 불필요였고 현재도 정답 표현 확인	print(items)는 첫 번째 값만 출력하지 않고 리스트 전체 구조를 보여 준다. 이 문제는 Level 2에서 조건문이나 리스트 상태를 직접 추적하는 연습이다. 정답은 보기의 익숙한 단어가 아니라, 변수 값과 실행 흐름이 실제로 만든 결과다. 특히 리스트 전체 출력과 원소 하나 출력을 혼동하는 부분을 조심해야 한다. 비슷한 코드를 만났을 때도 먼저 변수에 저장된 값, 비교식의 True/False 결과, 들여쓰기된 블록의 실행 여부, 리스트에 들어 있는 현재 값을 순서대로 확인하면 안전하게 판단할 수 있다. 이 독해 습관은 나중에 필터링, 검색 결과 처리, 사용자 입력 검증, 데이터 목록 처리 코드로 그대로 이어진다. 따라서 출력은 ‘['A', 'B'] 전체가 출력된다’이다.
data/lessons/python_foundation_level2_v94_a2_part2.json	1	PYF94_A2_L02_LOOP_001	리스트 반복 출력	A 다음 B	REVIEW_AND_PATCH	YES	OK_PATCHED	V319에서 보강했고 현재 정답 표현 확인	items의 첫 값 A가 먼저 item에 들어가 출력되고 다음 값 B가 이어서 출력된다. 이 문제는 Level 2에서 반복문 또는 문자열 메서드의 실행 흐름을 직접 추적하는 연습이다. 정답은 보기의 익숙한 모양이 아니라, 코드가 실제로 반복하며 만든 값이나 문자열 메서드가 반환한 결과다. 특히 리스트 전체가 한 번에 item에 들어간다고 생각하는 부분을 조심해야 한다. 비슷한 코드를 만났을 때도 먼저 반복 대상, 반복 변수의 순서, append나 누적 변수의 변화, split/strip/replace/lower/upper 같은 메서드가 만든 새 값을 차례대로 확인하면 안전하게 판단할 수 있다. 이 독해 습관은 파일에서 읽은 줄 처리, 사용자 입력 정리, 검색어 정규화, 데이터 목록 가공 코드로 그대로 이어진다. 따라서 출력 순서는 ‘A 다음 B’이다.
data/lessons/python_foundation_level2_v94_a2_part2.json	2	PYF94_A2_L02_LOOP_002	range 기본 시작값	0, 1, 2	NO_ACTION	YES	OK_ALREADY_EXPLICIT	V318에서 조치 불필요였고 현재도 정답 표현 확인	range(3)은 0부터 시작해 3 직전까지의 숫자 0, 1, 2를 만든다. 이 문제는 Level 2에서 반복문 또는 문자열 메서드의 실행 흐름을 직접 추적하는 연습이다. 정답은 보기의 익숙한 모양이 아니라, 코드가 실제로 반복하며 만든 값이나 문자열 메서드가 반환한 결과다. 특히 range(3)을 1부터 3까지로 착각하는 부분을 조심해야 한다. 비슷한 코드를 만났을 때도 먼저 반복 대상, 반복 변수의 순서, append나 누적 변수의 변화, split/strip/replace/lower/upper 같은 메서드가 만든 새 값을 차례대로 확인하면 안전하게 판단할 수 있다. 이 독해 습관은 파일에서 읽은 줄 처리, 사용자 입력 정리, 검색어 정규화, 데이터 목록 가공 코드로 그대로 이어진다.
data/lessons/python_foundation_level2_v94_a2_part2.json	3	PYF94_A2_L02_LOOP_003	range 시작과 끝	1, 2, 3	NO_ACTION	YES	OK_ALREADY_EXPLICIT	V318에서 조치 불필요였고 현재도 정답 표현 확인	range(1, 4)는 시작값 1을 포함하고 끝값 4는 포함하지 않으므로 1, 2, 3을 만든다. 이 문제는 Level 2에서 반복문 또는 문자열 메서드의 실행 흐름을 직접 추적하는 연습이다. 정답은 보기의 익숙한 모양이 아니라, 코드가 실제로 반복하며 만든 값이나 문자열 메서드가 반환한 결과다. 특히 끝값 4가 포함된다고 생각하는 부분을 조심해야 한다. 비슷한 코드를 만났을 때도 먼저 반복 대상, 반복 변수의 순서, append나 누적 변수의 변화, split/strip/replace/lower/upper 같은 메서드가 만든 새 값을 차례대로 확인하면 안전하게 판단할 수 있다. 이 독해 습관은 파일에서 읽은 줄 처리, 사용자 입력 정리, 검색어 정규화, 데이터 목록 가공 코드로 그대로 이어진다.
data/lessons/python_foundation_level2_v94_a2_part2.json	4	PYF94_A2_L02_LOOP_004	반복 중 append	['A', 'B']가 만들어진다	NO_ACTION	YES	OK_ALREADY_EXPLICIT	V318에서 조치 불필요였고 현재도 정답 표현 확인	첫 반복에서 A가 추가되고 둘째 반복에서 B가 추가되어 result는 A, B 순서의 리스트가 된다. 이 문제는 Level 2에서 반복문 또는 문자열 메서드의 실행 흐름을 직접 추적하는 연습이다. 정답은 보기의 익숙한 모양이 아니라, 코드가 실제로 반복하며 만든 값이나 문자열 메서드가 반환한 결과다. 특히 append가 리스트 앞에 추가된다고 생각하는 부분을 조심해야 한다. 비슷한 코드를 만났을 때도 먼저 반복 대상, 반복 변수의 순서, append나 누적 변수의 변화, split/strip/replace/lower/upper 같은 메서드가 만든 새 값을 차례대로 확인하면 안전하게 판단할 수 있다. 이 독해 습관은 파일에서 읽은 줄 처리, 사용자 입력 정리, 검색어 정규화, 데이터 목록 가공 코드로 그대로 이어진다. 따라서 출력은 ‘['A', 'B']가 만들어진다’이다.
data/lessons/python_foundation_level2_v94_a2_part2.json	5	PYF94_A2_L02_LOOP_005	반복 중 값 변환 append	[2, 3, 4]가 된다	REVIEW_ONLY	NO	KEPT_REVIEW_ONLY	LOW 후보 중 의미상 설명 가능성이 있어 자동 수정 제외, 수동 샘플 검토용으로 보존	n이 1, 2, 3일 때 각각 n + 1인 2, 3, 4가 result에 추가된다. 이 문제는 Level 2에서 반복문 또는 문자열 메서드의 실행 흐름을 직접 추적하는 연습이다. 정답은 보기의 익숙한 모양이 아니라, 코드가 실제로 반복하며 만든 값이나 문자열 메서드가 반환한 결과다. 특히 원래 n 값이 그대로 append된다고 생각하는 부분을 조심해야 한다. 비슷한 코드를 만났을 때도 먼저 반복 대상, 반복 변수의 순서, append나 누적 변수의 변화, split/strip/replace/lower/upper 같은 메서드가 만든 새 값을 차례대로 확인하면 안전하게 판단할 수 있다. 이 독해 습관은 파일에서 읽은 줄 처리, 사용자 입력 정리, 검색어 정규화, 데이터 목록 가공 코드로 그대로 이어진다.
data/lessons/python_foundation_level2_v94_a2_part2.json	6	PYF94_A2_L02_LOOP_006	누적 합계	6	NO_ACTION	YES	OK_ALREADY_EXPLICIT	V318에서 조치 불필요였고 현재도 정답 표현 확인	total은 0에서 시작해 1, 3, 6으로 변하고 마지막 값 6이 출력된다. 이 문제는 Level 2에서 반복문 또는 문자열 메서드의 실행 흐름을 직접 추적하는 연습이다. 정답은 보기의 익숙한 모양이 아니라, 코드가 실제로 반복하며 만든 값이나 문자열 메서드가 반환한 결과다. 특히 마지막 n 값만 출력된다고 생각하는 부분을 조심해야 한다. 비슷한 코드를 만났을 때도 먼저 반복 대상, 반복 변수의 순서, append나 누적 변수의 변화, split/strip/replace/lower/upper 같은 메서드가 만든 새 값을 차례대로 확인하면 안전하게 판단할 수 있다. 이 독해 습관은 파일에서 읽은 줄 처리, 사용자 입력 정리, 검색어 정규화, 데이터 목록 가공 코드로 그대로 이어진다.
data/lessons/python_foundation_level2_v94_a2_part2.json	6	PYF94_A2_L02_LOOP_006	누적 합계	6	NO_ACTION	YES	OK_ALREADY_EXPLICIT	V318에서 조치 불필요였고 현재도 정답 표현 확인	total은 0에서 시작해 1, 3, 6으로 변하고 마지막 값 6이 출력된다. 이 문제는 Level 2에서 반복문 또는 문자열 메서드의 실행 흐름을 직접 추적하는 연습이다. 정답은 보기의 익숙한 모양이 아니라, 코드가 실제로 반복하며 만든 값이나 문자열 메서드가 반환한 결과다. 특히 마지막 n 값만 출력된다고 생각하는 부분을 조심해야 한다. 비슷한 코드를 만났을 때도 먼저 반복 대상, 반복 변수의 순서, append나 누적 변수의 변화, split/strip/replace/lower/upper 같은 메서드가 만든 새 값을 차례대로 확인하면 안전하게 판단할 수 있다. 이 독해 습관은 파일에서 읽은 줄 처리, 사용자 입력 정리, 검색어 정규화, 데이터 목록 가공 코드로 그대로 이어진다.
data/lessons/python_foundation_level2_v94_a2_part2.json	7	PYF94_A2_L02_LOOP_007	반복 횟수 세기	3	NO_ACTION	YES	OK_ALREADY_EXPLICIT	V318에서 조치 불필요였고 현재도 정답 표현 확인	리스트에 값이 세 개 있으므로 반복이 세 번 실행되고 count는 3이 된다. 이 문제는 Level 2에서 반복문 또는 문자열 메서드의 실행 흐름을 직접 추적하는 연습이다. 정답은 보기의 익숙한 모양이 아니라, 코드가 실제로 반복하며 만든 값이나 문자열 메서드가 반환한 결과다. 특히 count가 한 번만 증가한다고 생각하는 부분을 조심해야 한다. 비슷한 코드를 만났을 때도 먼저 반복 대상, 반복 변수의 순서, append나 누적 변수의 변화, split/strip/replace/lower/upper 같은 메서드가 만든 새 값을 차례대로 확인하면 안전하게 판단할 수 있다. 이 독해 습관은 파일에서 읽은 줄 처리, 사용자 입력 정리, 검색어 정규화, 데이터 목록 가공 코드로 그대로 이어진다.
data/lessons/python_foundation_level2_v94_a2_part2.json	8	PYF94_A2_L02_LOOP_008	반복 후 바깥 출력	A, B, end	REVIEW_AND_PATCH	YES	OK_PATCHED	V319에서 보강했고 현재 정답 표현 확인	반복 안쪽에서 A와 B가 차례로 출력되고 반복이 끝난 뒤 바깥 print가 end를 출력한다. 이 문제는 Level 2에서 반복문 또는 문자열 메서드의 실행 흐름을 직접 추적하는 연습이다. 정답은 보기의 익숙한 모양이 아니라, 코드가 실제로 반복하며 만든 값이나 문자열 메서드가 반환한 결과다. 특히 들여쓰기 밖 출력도 반복마다 실행된다고 생각하는 부분을 조심해야 한다. 비슷한 코드를 만났을 때도 먼저 반복 대상, 반복 변수의 순서, append나 누적 변수의 변화, split/strip/replace/lower/upper 같은 메서드가 만든 새 값을 차례대로 확인하면 안전하게 판단할 수 있다. 이 독해 습관은 파일에서 읽은 줄 처리, 사용자 입력 정리, 검색어 정규화, 데이터 목록 가공 코드로 그대로 이어진다. 따라서 출력은 ‘A, B, end’이다.
data/lessons/python_foundation_level2_v94_a2_part2.json	9	PYF94_A2_L02_LOOP_009	문자열 반복	a 다음 b	NO_ACTION	YES	OK_ALREADY_EXPLICIT	V318에서 조치 불필요였고 현재도 정답 표현 확인	문자열 ab를 반복하면 첫 글자 a와 둘째 글자 b가 차례대로 나온다. 이 문제는 Level 2에서 반복문 또는 문자열 메서드의 실행 흐름을 직접 추적하는 연습이다. 정답은 보기의 익숙한 모양이 아니라, 코드가 실제로 반복하며 만든 값이나 문자열 메서드가 반환한 결과다. 특히 문자열 전체가 한 번에만 출력된다고 생각하는 부분을 조심해야 한다. 비슷한 코드를 만났을 때도 먼저 반복 대상, 반복 변수의 순서, append나 누적 변수의 변화, split/strip/replace/lower/upper 같은 메서드가 만든 새 값을 차례대로 확인하면 안전하게 판단할 수 있다. 이 독해 습관은 파일에서 읽은 줄 처리, 사용자 입력 정리, 검색어 정규화, 데이터 목록 가공 코드로 그대로 이어진다. 따라서 출력 순서는 ‘a 다음 b’이다.
data/lessons/python_foundation_level2_v94_a2_part2.json	10	PYF94_A2_L02_LOOP_010	조건과 반복 결합	[3, 4]만 남는다	REVIEW_AND_PATCH	YES	OK_PATCHED	V319에서 보강했고 현재 정답 표현 확인	n이 3과 4일 때만 n > 2가 True이므로 3, 4만 result에 추가된다. 이 문제는 Level 2에서 반복문 또는 문자열 메서드의 실행 흐름을 직접 추적하는 연습이다. 정답은 보기의 익숙한 모양이 아니라, 코드가 실제로 반복하며 만든 값이나 문자열 메서드가 반환한 결과다. 특히 조건과 상관없이 모든 값이 append된다고 생각하는 부분을 조심해야 한다. 비슷한 코드를 만났을 때도 먼저 반복 대상, 반복 변수의 순서, append나 누적 변수의 변화, split/strip/replace/lower/upper 같은 메서드가 만든 새 값을 차례대로 확인하면 안전하게 판단할 수 있다. 이 독해 습관은 파일에서 읽은 줄 처리, 사용자 입력 정리, 검색어 정규화, 데이터 목록 가공 코드로 그대로 이어진다. 따라서 결과는 ‘[3, 4]만 남는다’.
data/lessons/python_foundation_level2_v94_a2_part2.json	11	PYF94_A2_L02_LOOP_011	range 값 누적	6	NO_ACTION	YES	OK_ALREADY_EXPLICIT	V318에서 조치 불필요였고 현재도 정답 표현 확인	range(1, 4)는 1, 2, 3을 만들고 이 합은 6이다. 이 문제는 Level 2에서 반복문 또는 문자열 메서드의 실행 흐름을 직접 추적하는 연습이다. 정답은 보기의 익숙한 모양이 아니라, 코드가 실제로 반복하며 만든 값이나 문자열 메서드가 반환한 결과다. 특히 끝값 4까지 더해 10이라고 생각하는 부분을 조심해야 한다. 비슷한 코드를 만났을 때도 먼저 반복 대상, 반복 변수의 순서, append나 누적 변수의 변화, split/strip/replace/lower/upper 같은 메서드가 만든 새 값을 차례대로 확인하면 안전하게 판단할 수 있다. 이 독해 습관은 파일에서 읽은 줄 처리, 사용자 입력 정리, 검색어 정규화, 데이터 목록 가공 코드로 그대로 이어진다.
data/lessons/python_foundation_level2_v94_a2_part2.json	11	PYF94_A2_L02_LOOP_011	range 값 누적	6	NO_ACTION	YES	OK_ALREADY_EXPLICIT	V318에서 조치 불필요였고 현재도 정답 표현 확인	range(1, 4)는 1, 2, 3을 만들고 이 합은 6이다. 이 문제는 Level 2에서 반복문 또는 문자열 메서드의 실행 흐름을 직접 추적하는 연습이다. 정답은 보기의 익숙한 모양이 아니라, 코드가 실제로 반복하며 만든 값이나 문자열 메서드가 반환한 결과다. 특히 끝값 4까지 더해 10이라고 생각하는 부분을 조심해야 한다. 비슷한 코드를 만났을 때도 먼저 반복 대상, 반복 변수의 순서, append나 누적 변수의 변화, split/strip/replace/lower/upper 같은 메서드가 만든 새 값을 차례대로 확인하면 안전하게 판단할 수 있다. 이 독해 습관은 파일에서 읽은 줄 처리, 사용자 입력 정리, 검색어 정규화, 데이터 목록 가공 코드로 그대로 이어진다.
data/lessons/python_foundation_level2_v94_a2_part2.json	12	PYF94_A2_L02_LOOP_012	반복 변수 최종값	C	NO_ACTION	YES	OK_ALREADY_EXPLICIT	V318에서 조치 불필요였고 현재도 정답 표현 확인	last는 A, B, C 순서로 바뀌고 반복이 끝난 뒤 마지막 값 C가 남는다. 이 문제는 Level 2에서 반복문 또는 문자열 메서드의 실행 흐름을 직접 추적하는 연습이다. 정답은 보기의 익숙한 모양이 아니라, 코드가 실제로 반복하며 만든 값이나 문자열 메서드가 반환한 결과다. 특히 첫 번째 값이 계속 유지된다고 생각하는 부분을 조심해야 한다. 비슷한 코드를 만났을 때도 먼저 반복 대상, 반복 변수의 순서, append나 누적 변수의 변화, split/strip/replace/lower/upper 같은 메서드가 만든 새 값을 차례대로 확인하면 안전하게 판단할 수 있다. 이 독해 습관은 파일에서 읽은 줄 처리, 사용자 입력 정리, 검색어 정규화, 데이터 목록 가공 코드로 그대로 이어진다.
data/lessons/python_foundation_level2_v94_a2_part2.json	13	PYF94_A2_L02_LOOP_013	인덱스로 리스트 순회	A, B, C 순서로 나온다	NO_ACTION	YES	OK_ALREADY_EXPLICIT	V318에서 조치 불필요였고 현재도 정답 표현 확인	range(len(items))는 0, 1, 2를 만들고 items[i]는 해당 위치의 값을 꺼낸다. 이 문제는 Level 2에서 반복문 또는 문자열 메서드의 실행 흐름을 직접 추적하는 연습이다. 정답은 보기의 익숙한 모양이 아니라, 코드가 실제로 반복하며 만든 값이나 문자열 메서드가 반환한 결과다. 특히 인덱스 번호 자체가 출력된다고 생각하는 부분을 조심해야 한다. 비슷한 코드를 만났을 때도 먼저 반복 대상, 반복 변수의 순서, append나 누적 변수의 변화, split/strip/replace/lower/upper 같은 메서드가 만든 새 값을 차례대로 확인하면 안전하게 판단할 수 있다. 이 독해 습관은 파일에서 읽은 줄 처리, 사용자 입력 정리, 검색어 정규화, 데이터 목록 가공 코드로 그대로 이어진다. 따라서 출력은 ‘A, B, C 순서로 나온다’이다.
data/lessons/python_foundation_level2_v94_a2_part2.json	14	PYF94_A2_L02_LOOP_014	빈 리스트 반복	0	NO_ACTION	YES	OK_ALREADY_EXPLICIT	V318에서 조치 불필요였고 현재도 정답 표현 확인	빈 리스트에는 꺼낼 값이 없으므로 반복문 안쪽이 실행되지 않고 count는 0으로 남는다. 이 문제는 Level 2에서 반복문 또는 문자열 메서드의 실행 흐름을 직접 추적하는 연습이다. 정답은 보기의 익숙한 모양이 아니라, 코드가 실제로 반복하며 만든 값이나 문자열 메서드가 반환한 결과다. 특히 빈 리스트라도 반복이 한 번은 실행된다고 생각하는 부분을 조심해야 한다. 비슷한 코드를 만났을 때도 먼저 반복 대상, 반복 변수의 순서, append나 누적 변수의 변화, split/strip/replace/lower/upper 같은 메서드가 만든 새 값을 차례대로 확인하면 안전하게 판단할 수 있다. 이 독해 습관은 파일에서 읽은 줄 처리, 사용자 입력 정리, 검색어 정규화, 데이터 목록 가공 코드로 그대로 이어진다.
data/lessons/python_foundation_level2_v94_a2_part2.json	15	PYF94_A2_L02_LOOP_015	반복 중 문자열 만들기	AB	NO_ACTION	YES	OK_ALREADY_EXPLICIT	V318에서 조치 불필요였고 현재도 정답 표현 확인	처음 빈 문자열에 A가 붙고 다음 반복에서 B가 붙어 AB가 된다. 이 문제는 Level 2에서 반복문 또는 문자열 메서드의 실행 흐름을 직접 추적하는 연습이다. 정답은 보기의 익숙한 모양이 아니라, 코드가 실제로 반복하며 만든 값이나 문자열 메서드가 반환한 결과다. 특히 마지막 글자만 남는다고 생각하는 부분을 조심해야 한다. 비슷한 코드를 만났을 때도 먼저 반복 대상, 반복 변수의 순서, append나 누적 변수의 변화, split/strip/replace/lower/upper 같은 메서드가 만든 새 값을 차례대로 확인하면 안전하게 판단할 수 있다. 이 독해 습관은 파일에서 읽은 줄 처리, 사용자 입력 정리, 검색어 정규화, 데이터 목록 가공 코드로 그대로 이어진다.
data/lessons/python_foundation_level2_v94_a2_part2.json	16	PYF94_A2_L02_LOOP_016	반복 중 continue	[1, 3]	REVIEW_AND_PATCH	YES	OK_PATCHED	V319에서 보강했고 현재 정답 표현 확인	n이 2일 때 continue 때문에 append가 실행되지 않아 1과 3만 result에 들어간다. 이 문제는 Level 2에서 반복문 또는 문자열 메서드의 실행 흐름을 직접 추적하는 연습이다. 정답은 보기의 익숙한 모양이 아니라, 코드가 실제로 반복하며 만든 값이나 문자열 메서드가 반환한 결과다. 특히 continue가 반복 전체를 완전히 끝낸다고 생각하는 부분을 조심해야 한다. 비슷한 코드를 만났을 때도 먼저 반복 대상, 반복 변수의 순서, append나 누적 변수의 변화, split/strip/replace/lower/upper 같은 메서드가 만든 새 값을 차례대로 확인하면 안전하게 판단할 수 있다. 이 독해 습관은 파일에서 읽은 줄 처리, 사용자 입력 정리, 검색어 정규화, 데이터 목록 가공 코드로 그대로 이어진다. 따라서 출력은 ‘[1, 3]’이다.
data/lessons/python_foundation_level2_v94_a2_part2.json	17	PYF94_A2_L02_STR_001	쉼표 split	3	NO_ACTION	YES	OK_ALREADY_EXPLICIT	V318에서 조치 불필요였고 현재도 정답 표현 확인	split(',')은 A, B, C 세 조각의 리스트를 만들고 그 길이는 3이다. 이 문제는 Level 2에서 반복문 또는 문자열 메서드의 실행 흐름을 직접 추적하는 연습이다. 정답은 보기의 익숙한 모양이 아니라, 코드가 실제로 반복하며 만든 값이나 문자열 메서드가 반환한 결과다. 특히 split 결과가 여전히 문자열 하나라고 생각하는 부분을 조심해야 한다. 비슷한 코드를 만났을 때도 먼저 반복 대상, 반복 변수의 순서, append나 누적 변수의 변화, split/strip/replace/lower/upper 같은 메서드가 만든 새 값을 차례대로 확인하면 안전하게 판단할 수 있다. 이 독해 습관은 파일에서 읽은 줄 처리, 사용자 입력 정리, 검색어 정규화, 데이터 목록 가공 코드로 그대로 이어진다.
data/lessons/python_foundation_level2_v94_a2_part2.json	17	PYF94_A2_L02_STR_001	쉼표 split	3	NO_ACTION	YES	OK_ALREADY_EXPLICIT	V318에서 조치 불필요였고 현재도 정답 표현 확인	split(',')은 A, B, C 세 조각의 리스트를 만들고 그 길이는 3이다. 이 문제는 Level 2에서 반복문 또는 문자열 메서드의 실행 흐름을 직접 추적하는 연습이다. 정답은 보기의 익숙한 모양이 아니라, 코드가 실제로 반복하며 만든 값이나 문자열 메서드가 반환한 결과다. 특히 split 결과가 여전히 문자열 하나라고 생각하는 부분을 조심해야 한다. 비슷한 코드를 만났을 때도 먼저 반복 대상, 반복 변수의 순서, append나 누적 변수의 변화, split/strip/replace/lower/upper 같은 메서드가 만든 새 값을 차례대로 확인하면 안전하게 판단할 수 있다. 이 독해 습관은 파일에서 읽은 줄 처리, 사용자 입력 정리, 검색어 정규화, 데이터 목록 가공 코드로 그대로 이어진다.
data/lessons/python_foundation_level2_v94_a2_part2.json	18	PYF94_A2_L02_STR_002	공백 split	'blue'가 된다	NO_ACTION	YES	OK_ALREADY_EXPLICIT	V318에서 조치 불필요였고 현재도 정답 표현 확인	text.split()은 red와 blue 두 조각을 만들고 1번 인덱스는 blue이다. 이 문제는 Level 2에서 반복문 또는 문자열 메서드의 실행 흐름을 직접 추적하는 연습이다. 정답은 보기의 익숙한 모양이 아니라, 코드가 실제로 반복하며 만든 값이나 문자열 메서드가 반환한 결과다. 특히 split 후에도 원래 문자열 전체가 남는다고 생각하는 부분을 조심해야 한다. 비슷한 코드를 만났을 때도 먼저 반복 대상, 반복 변수의 순서, append나 누적 변수의 변화, split/strip/replace/lower/upper 같은 메서드가 만든 새 값을 차례대로 확인하면 안전하게 판단할 수 있다. 이 독해 습관은 파일에서 읽은 줄 처리, 사용자 입력 정리, 검색어 정규화, 데이터 목록 가공 코드로 그대로 이어진다. 따라서 출력 결과는 'blue'가 된다.
data/lessons/python_foundation_level2_v94_a2_part2.json	19	PYF94_A2_L02_STR_003	strip 앞뒤 공백 제거	hi	NO_ACTION	YES	OK_ALREADY_EXPLICIT	V318에서 조치 불필요였고 현재도 정답 표현 확인	strip()은 앞뒤 공백을 제거하므로 clean에는 hi가 저장된다. 이 문제는 Level 2에서 반복문 또는 문자열 메서드의 실행 흐름을 직접 추적하는 연습이다. 정답은 보기의 익숙한 모양이 아니라, 코드가 실제로 반복하며 만든 값이나 문자열 메서드가 반환한 결과다. 특히 strip이 중간 글자까지 지운다고 생각하는 부분을 조심해야 한다. 비슷한 코드를 만났을 때도 먼저 반복 대상, 반복 변수의 순서, append나 누적 변수의 변화, split/strip/replace/lower/upper 같은 메서드가 만든 새 값을 차례대로 확인하면 안전하게 판단할 수 있다. 이 독해 습관은 파일에서 읽은 줄 처리, 사용자 입력 정리, 검색어 정규화, 데이터 목록 가공 코드로 그대로 이어진다.
data/lessons/python_foundation_level2_v94_a2_part2.json	19	PYF94_A2_L02_STR_003	strip 앞뒤 공백 제거	hi	NO_ACTION	YES	OK_ALREADY_EXPLICIT	V318에서 조치 불필요였고 현재도 정답 표현 확인	strip()은 앞뒤 공백을 제거하므로 clean에는 hi가 저장된다. 이 문제는 Level 2에서 반복문 또는 문자열 메서드의 실행 흐름을 직접 추적하는 연습이다. 정답은 보기의 익숙한 모양이 아니라, 코드가 실제로 반복하며 만든 값이나 문자열 메서드가 반환한 결과다. 특히 strip이 중간 글자까지 지운다고 생각하는 부분을 조심해야 한다. 비슷한 코드를 만났을 때도 먼저 반복 대상, 반복 변수의 순서, append나 누적 변수의 변화, split/strip/replace/lower/upper 같은 메서드가 만든 새 값을 차례대로 확인하면 안전하게 판단할 수 있다. 이 독해 습관은 파일에서 읽은 줄 처리, 사용자 입력 정리, 검색어 정규화, 데이터 목록 가공 코드로 그대로 이어진다.
data/lessons/python_foundation_level2_v94_a2_part2.json	20	PYF94_A2_L02_STR_004	strip 후 비교	True	NO_ACTION	YES	OK_ALREADY_EXPLICIT	V318에서 조치 불필요였고 현재도 정답 표현 확인	strip 결과는 yes이고 기준 문자열 yes와 같으므로 비교 결과는 True이다. 이 문제는 Level 2에서 반복문 또는 문자열 메서드의 실행 흐름을 직접 추적하는 연습이다. 정답은 보기의 익숙한 모양이 아니라, 코드가 실제로 반복하며 만든 값이나 문자열 메서드가 반환한 결과다. 특히 공백이 제거된 뒤의 값이 아니라 원본으로 비교한다고 생각하는 부분을 조심해야 한다. 비슷한 코드를 만났을 때도 먼저 반복 대상, 반복 변수의 순서, append나 누적 변수의 변화, split/strip/replace/lower/upper 같은 메서드가 만든 새 값을 차례대로 확인하면 안전하게 판단할 수 있다. 이 독해 습관은 파일에서 읽은 줄 처리, 사용자 입력 정리, 검색어 정규화, 데이터 목록 가공 코드로 그대로 이어진다.
data/lessons/python_foundation_level2_v94_a2_part2.json	21	PYF94_A2_L02_STR_005	replace 하이픈 제거	AB	NO_ACTION	YES	OK_ALREADY_EXPLICIT	V318에서 조치 불필요였고 현재도 정답 표현 확인	replace('-', '')는 하이픈을 빈 문자열로 바꾸므로 A-B가 AB가 된다. 이 문제는 Level 2에서 반복문 또는 문자열 메서드의 실행 흐름을 직접 추적하는 연습이다. 정답은 보기의 익숙한 모양이 아니라, 코드가 실제로 반복하며 만든 값이나 문자열 메서드가 반환한 결과다. 특히 replace 결과를 변수에 저장하지 않아도 된다고 생각하는 부분을 조심해야 한다. 비슷한 코드를 만났을 때도 먼저 반복 대상, 반복 변수의 순서, append나 누적 변수의 변화, split/strip/replace/lower/upper 같은 메서드가 만든 새 값을 차례대로 확인하면 안전하게 판단할 수 있다. 이 독해 습관은 파일에서 읽은 줄 처리, 사용자 입력 정리, 검색어 정규화, 데이터 목록 가공 코드로 그대로 이어진다.
data/lessons/python_foundation_level2_v94_a2_part2.json	21	PYF94_A2_L02_STR_005	replace 하이픈 제거	AB	NO_ACTION	YES	OK_ALREADY_EXPLICIT	V318에서 조치 불필요였고 현재도 정답 표현 확인	replace('-', '')는 하이픈을 빈 문자열로 바꾸므로 A-B가 AB가 된다. 이 문제는 Level 2에서 반복문 또는 문자열 메서드의 실행 흐름을 직접 추적하는 연습이다. 정답은 보기의 익숙한 모양이 아니라, 코드가 실제로 반복하며 만든 값이나 문자열 메서드가 반환한 결과다. 특히 replace 결과를 변수에 저장하지 않아도 된다고 생각하는 부분을 조심해야 한다. 비슷한 코드를 만났을 때도 먼저 반복 대상, 반복 변수의 순서, append나 누적 변수의 변화, split/strip/replace/lower/upper 같은 메서드가 만든 새 값을 차례대로 확인하면 안전하게 판단할 수 있다. 이 독해 습관은 파일에서 읽은 줄 처리, 사용자 입력 정리, 검색어 정규화, 데이터 목록 가공 코드로 그대로 이어진다.
data/lessons/python_foundation_level2_v94_a2_part2.json	22	PYF94_A2_L02_STR_006	replace 단어 바꾸기	blue apple	NO_ACTION	YES	OK_ALREADY_EXPLICIT	V318에서 조치 불필요였고 현재도 정답 표현 확인	red가 blue로 바뀌어 blue apple이라는 새 문자열이 만들어진다. 이 문제는 Level 2에서 반복문 또는 문자열 메서드의 실행 흐름을 직접 추적하는 연습이다. 정답은 보기의 익숙한 모양이 아니라, 코드가 실제로 반복하며 만든 값이나 문자열 메서드가 반환한 결과다. 특히 원본 text가 출력된다고 생각하는 부분을 조심해야 한다. 비슷한 코드를 만났을 때도 먼저 반복 대상, 반복 변수의 순서, append나 누적 변수의 변화, split/strip/replace/lower/upper 같은 메서드가 만든 새 값을 차례대로 확인하면 안전하게 판단할 수 있다. 이 독해 습관은 파일에서 읽은 줄 처리, 사용자 입력 정리, 검색어 정규화, 데이터 목록 가공 코드로 그대로 이어진다.
data/lessons/python_foundation_level2_v94_a2_part2.json	23	PYF94_A2_L02_STR_007	lower 변환	yes	NO_ACTION	YES	OK_ALREADY_EXPLICIT	V318에서 조치 불필요였고 현재도 정답 표현 확인	lower()는 YES를 소문자 yes로 바꾼 새 문자열을 반환한다. 이 문제는 Level 2에서 반복문 또는 문자열 메서드의 실행 흐름을 직접 추적하는 연습이다. 정답은 보기의 익숙한 모양이 아니라, 코드가 실제로 반복하며 만든 값이나 문자열 메서드가 반환한 결과다. 특히 lower가 원본을 그대로 출력한다고 생각하는 부분을 조심해야 한다. 비슷한 코드를 만났을 때도 먼저 반복 대상, 반복 변수의 순서, append나 누적 변수의 변화, split/strip/replace/lower/upper 같은 메서드가 만든 새 값을 차례대로 확인하면 안전하게 판단할 수 있다. 이 독해 습관은 파일에서 읽은 줄 처리, 사용자 입력 정리, 검색어 정규화, 데이터 목록 가공 코드로 그대로 이어진다.
data/lessons/python_foundation_level2_v94_a2_part2.json	24	PYF94_A2_L02_STR_008	upper 변환	YES	NO_ACTION	YES	OK_ALREADY_EXPLICIT	V318에서 조치 불필요였고 현재도 정답 표현 확인	upper()는 yes를 대문자 YES로 바꾼 새 문자열을 반환한다. 이 문제는 Level 2에서 반복문 또는 문자열 메서드의 실행 흐름을 직접 추적하는 연습이다. 정답은 보기의 익숙한 모양이 아니라, 코드가 실제로 반복하며 만든 값이나 문자열 메서드가 반환한 결과다. 특히 upper가 첫 글자만 바꾼다고 생각하는 부분을 조심해야 한다. 비슷한 코드를 만났을 때도 먼저 반복 대상, 반복 변수의 순서, append나 누적 변수의 변화, split/strip/replace/lower/upper 같은 메서드가 만든 새 값을 차례대로 확인하면 안전하게 판단할 수 있다. 이 독해 습관은 파일에서 읽은 줄 처리, 사용자 입력 정리, 검색어 정규화, 데이터 목록 가공 코드로 그대로 이어진다.
data/lessons/python_foundation_level2_v94_a2_part2.json	25	PYF94_A2_L02_STR_009	lower 후 비교	True	REVIEW_AND_PATCH	YES	OK_PATCHED	V319에서 보강했고 현재 정답 표현 확인	answer.lower()가 YES를 yes로 바꾸기 때문에 기준 문자열 yes와 같아진다. 이 문제는 Level 2에서 반복문 또는 문자열 메서드의 실행 흐름을 직접 추적하는 연습이다. 정답은 보기의 익숙한 모양이 아니라, 코드가 실제로 반복하며 만든 값이나 문자열 메서드가 반환한 결과다. 특히 대소문자 차이가 비교 후에도 그대로 남는다고 생각하는 부분을 조심해야 한다. 비슷한 코드를 만났을 때도 먼저 반복 대상, 반복 변수의 순서, append나 누적 변수의 변화, split/strip/replace/lower/upper 같은 메서드가 만든 새 값을 차례대로 확인하면 안전하게 판단할 수 있다. 이 독해 습관은 파일에서 읽은 줄 처리, 사용자 입력 정리, 검색어 정규화, 데이터 목록 가공 코드로 그대로 이어진다. 따라서 출력은 ‘True’이다.
data/lessons/python_foundation_level2_v94_a2_part2.json	26	PYF94_A2_L02_STR_010	strip과 lower 함께 쓰기	yes	NO_ACTION	YES	OK_ALREADY_EXPLICIT	V318에서 조치 불필요였고 현재도 정답 표현 확인	strip()이 앞뒤 공백을 제거하고 lower()가 YES를 yes로 바꾼다. 이 문제는 Level 2에서 반복문 또는 문자열 메서드의 실행 흐름을 직접 추적하는 연습이다. 정답은 보기의 익숙한 모양이 아니라, 코드가 실제로 반복하며 만든 값이나 문자열 메서드가 반환한 결과다. 특히 메서드가 왼쪽부터 차례로 적용된다는 점을 놓치는 부분을 조심해야 한다. 비슷한 코드를 만났을 때도 먼저 반복 대상, 반복 변수의 순서, append나 누적 변수의 변화, split/strip/replace/lower/upper 같은 메서드가 만든 새 값을 차례대로 확인하면 안전하게 판단할 수 있다. 이 독해 습관은 파일에서 읽은 줄 처리, 사용자 입력 정리, 검색어 정규화, 데이터 목록 가공 코드로 그대로 이어진다.
data/lessons/python_foundation_level2_v94_a2_part2.json	27	PYF94_A2_L02_STR_011	split 후 반복	A 다음 B	NO_ACTION	YES	OK_ALREADY_EXPLICIT	V318에서 조치 불필요였고 현재도 정답 표현 확인	split 결과는 A와 B의 리스트이고 for문이 이를 차례로 출력한다. 이 문제는 Level 2에서 반복문 또는 문자열 메서드의 실행 흐름을 직접 추적하는 연습이다. 정답은 보기의 익숙한 모양이 아니라, 코드가 실제로 반복하며 만든 값이나 문자열 메서드가 반환한 결과다. 특히 split 결과를 반복 대상 리스트로 보지 못하는 부분을 조심해야 한다. 비슷한 코드를 만났을 때도 먼저 반복 대상, 반복 변수의 순서, append나 누적 변수의 변화, split/strip/replace/lower/upper 같은 메서드가 만든 새 값을 차례대로 확인하면 안전하게 판단할 수 있다. 이 독해 습관은 파일에서 읽은 줄 처리, 사용자 입력 정리, 검색어 정규화, 데이터 목록 가공 코드로 그대로 이어진다. 따라서 출력 순서는 ‘A 다음 B’이다.
data/lessons/python_foundation_level2_v94_a2_part2.json	28	PYF94_A2_L02_STR_012	split 후 append	3	NO_ACTION	YES	OK_ALREADY_EXPLICIT	V318에서 조치 불필요였고 현재도 정답 표현 확인	split 결과는 세 조각이고 세 번 append되므로 result의 길이는 3이다. 이 문제는 Level 2에서 반복문 또는 문자열 메서드의 실행 흐름을 직접 추적하는 연습이다. 정답은 보기의 익숙한 모양이 아니라, 코드가 실제로 반복하며 만든 값이나 문자열 메서드가 반환한 결과다. 특히 문자열 길이와 조각 개수를 혼동하는 부분을 조심해야 한다. 비슷한 코드를 만났을 때도 먼저 반복 대상, 반복 변수의 순서, append나 누적 변수의 변화, split/strip/replace/lower/upper 같은 메서드가 만든 새 값을 차례대로 확인하면 안전하게 판단할 수 있다. 이 독해 습관은 파일에서 읽은 줄 처리, 사용자 입력 정리, 검색어 정규화, 데이터 목록 가공 코드로 그대로 이어진다.
data/lessons/python_foundation_level2_v94_a2_part2.json	29	PYF94_A2_L02_STR_013	replace 후 split	C	NO_ACTION	YES	OK_ALREADY_EXPLICIT	V318에서 조치 불필요였고 현재도 정답 표현 확인	A-B-C가 A,B,C로 바뀐 뒤 쉼표 기준 split 결과의 2번 인덱스는 C이다. 이 문제는 Level 2에서 반복문 또는 문자열 메서드의 실행 흐름을 직접 추적하는 연습이다. 정답은 보기의 익숙한 모양이 아니라, 코드가 실제로 반복하며 만든 값이나 문자열 메서드가 반환한 결과다. 특히 replace와 split의 적용 순서를 거꾸로 생각하는 부분을 조심해야 한다. 비슷한 코드를 만났을 때도 먼저 반복 대상, 반복 변수의 순서, append나 누적 변수의 변화, split/strip/replace/lower/upper 같은 메서드가 만든 새 값을 차례대로 확인하면 안전하게 판단할 수 있다. 이 독해 습관은 파일에서 읽은 줄 처리, 사용자 입력 정리, 검색어 정규화, 데이터 목록 가공 코드로 그대로 이어진다.
data/lessons/python_foundation_level2_v94_a2_part2.json	30	PYF94_A2_L02_STR_014	원본 문자열 유지	YES	NO_ACTION	YES	OK_ALREADY_EXPLICIT	V318에서 조치 불필요였고 현재도 정답 표현 확인	lower() 결과는 lowered에 저장되었고 원본 text 변수에는 여전히 YES가 들어 있다. 이 문제는 Level 2에서 반복문 또는 문자열 메서드의 실행 흐름을 직접 추적하는 연습이다. 정답은 보기의 익숙한 모양이 아니라, 코드가 실제로 반복하며 만든 값이나 문자열 메서드가 반환한 결과다. 특히 문자열 메서드가 원본 변수를 자동으로 바꾼다고 생각하는 부분을 조심해야 한다. 비슷한 코드를 만났을 때도 먼저 반복 대상, 반복 변수의 순서, append나 누적 변수의 변화, split/strip/replace/lower/upper 같은 메서드가 만든 새 값을 차례대로 확인하면 안전하게 판단할 수 있다. 이 독해 습관은 파일에서 읽은 줄 처리, 사용자 입력 정리, 검색어 정규화, 데이터 목록 가공 코드로 그대로 이어진다.
data/lessons/python_foundation_level2_v94_a2_part2.json	31	PYF94_A2_L02_STR_015	문자열 길이와 split 개수	3 다음 2	REVIEW_AND_PATCH	YES	OK_PATCHED	V319에서 보강했고 현재 정답 표현 확인	문자열 A,B의 길이는 3이고 split 결과 리스트의 원소 개수는 2이다. 이 문제는 Level 2에서 반복문 또는 문자열 메서드의 실행 흐름을 직접 추적하는 연습이다. 정답은 보기의 익숙한 모양이 아니라, 코드가 실제로 반복하며 만든 값이나 문자열 메서드가 반환한 결과다. 특히 문자 수와 조각 개수를 같은 값으로 보는 부분을 조심해야 한다. 비슷한 코드를 만났을 때도 먼저 반복 대상, 반복 변수의 순서, append나 누적 변수의 변화, split/strip/replace/lower/upper 같은 메서드가 만든 새 값을 차례대로 확인하면 안전하게 판단할 수 있다. 이 독해 습관은 파일에서 읽은 줄 처리, 사용자 입력 정리, 검색어 정규화, 데이터 목록 가공 코드로 그대로 이어진다. 따라서 출력 순서는 ‘3 다음 2’이다.
data/lessons/python_foundation_level2_v94_a2_part2.json	32	PYF94_A2_L02_STR_016	replace 여러 번 적용	20260601	NO_ACTION	YES	OK_ALREADY_EXPLICIT	V318에서 조치 불필요였고 현재도 정답 표현 확인	replace('-', '')는 문자열 안의 하이픈들을 빈 문자열로 바꾸어 20260601을 만든다. 이 문제는 Level 2에서 반복문 또는 문자열 메서드의 실행 흐름을 직접 추적하는 연습이다. 정답은 보기의 익숙한 모양이 아니라, 코드가 실제로 반복하며 만든 값이나 문자열 메서드가 반환한 결과다. 특히 첫 번째 하이픈만 바뀐다고 생각하는 부분을 조심해야 한다. 비슷한 코드를 만났을 때도 먼저 반복 대상, 반복 변수의 순서, append나 누적 변수의 변화, split/strip/replace/lower/upper 같은 메서드가 만든 새 값을 차례대로 확인하면 안전하게 판단할 수 있다. 이 독해 습관은 파일에서 읽은 줄 처리, 사용자 입력 정리, 검색어 정규화, 데이터 목록 가공 코드로 그대로 이어진다.
data/lessons/python_foundation_level2_v94_a2_part2.json	32	PYF94_A2_L02_STR_016	replace 여러 번 적용	20260601	NO_ACTION	YES	OK_ALREADY_EXPLICIT	V318에서 조치 불필요였고 현재도 정답 표현 확인	replace('-', '')는 문자열 안의 하이픈들을 빈 문자열로 바꾸어 20260601을 만든다. 이 문제는 Level 2에서 반복문 또는 문자열 메서드의 실행 흐름을 직접 추적하는 연습이다. 정답은 보기의 익숙한 모양이 아니라, 코드가 실제로 반복하며 만든 값이나 문자열 메서드가 반환한 결과다. 특히 첫 번째 하이픈만 바뀐다고 생각하는 부분을 조심해야 한다. 비슷한 코드를 만났을 때도 먼저 반복 대상, 반복 변수의 순서, append나 누적 변수의 변화, split/strip/replace/lower/upper 같은 메서드가 만든 새 값을 차례대로 확인하면 안전하게 판단할 수 있다. 이 독해 습관은 파일에서 읽은 줄 처리, 사용자 입력 정리, 검색어 정규화, 데이터 목록 가공 코드로 그대로 이어진다.
data/lessons/python_foundation_level3_v95_a1_functions.json	4	PYF95_A1_FUNC_004_PARAM_STRING	문자열 parameter 사용하기	Hi Mina	NO_ACTION	YES	OK_ALREADY_EXPLICIT	V318에서 조치 불필요였고 현재도 정답 표현 확인	"greet(""Mina"")에서 name은 ""Mina""가 되므로 결과는 ""Hi Mina""다. 이 문제는 Level 3에서 함수 정의와 함수 호출을 분리해서 읽는 연습이다. def 줄은 코드를 묶어 이름을 붙이는 단계이고, 실제 실행은 함수 이름 뒤에 괄호를 붙여 호출하는 줄에서 일어난다. 정답을 고를 때는 함수 안으로 들어가기 전에 먼저 호출 줄의 argument 값을 확인하고, 그 값이 parameter 이름에 들어간다고 생각한 뒤 함수 본문을 한 줄씩 따라가야 한다. 또 print는 화면 출력이고 return은 호출한 자리로 값을 돌려주는 동작이라는 점을 구분해야 한다. 출력된 글자와 변수에 저장된 값이 서로 다를 수 있으므로 실제 실행 흐름을 기준으로 판단한다."
data/lessons/python_foundation_level3_v95_a1_functions.json	5	PYF95_A1_FUNC_005_TWO_ARGUMENTS	두 argument 더하기	7	NO_ACTION	YES	OK_ALREADY_EXPLICIT	V318에서 조치 불필요였고 현재도 정답 표현 확인	a는 2, b는 5가 되어 a + b는 7이다. 이 문제는 Level 3에서 함수 정의와 함수 호출을 분리해서 읽는 연습이다. def 줄은 코드를 묶어 이름을 붙이는 단계이고, 실제 실행은 함수 이름 뒤에 괄호를 붙여 호출하는 줄에서 일어난다. 정답을 고를 때는 함수 안으로 들어가기 전에 먼저 호출 줄의 argument 값을 확인하고, 그 값이 parameter 이름에 들어간다고 생각한 뒤 함수 본문을 한 줄씩 따라가야 한다. 또 print는 화면 출력이고 return은 호출한 자리로 값을 돌려주는 동작이라는 점을 구분해야 한다. 출력된 글자와 변수에 저장된 값이 서로 다를 수 있으므로 실제 실행 흐름을 기준으로 판단한다.
data/lessons/python_foundation_level3_v95_a1_functions.json	9	PYF95_A1_FUNC_009_LOCAL_TOTAL	함수 안 지역 변수 계산	1000	NO_ACTION	YES	OK_ALREADY_EXPLICIT	V318에서 조치 불필요였고 현재도 정답 표현 확인	price는 900이고 total은 1000이다. 이 문제는 Level 3에서 함수 정의와 함수 호출을 분리해서 읽는 연습이다. def 줄은 코드를 묶어 이름을 붙이는 단계이고, 실제 실행은 함수 이름 뒤에 괄호를 붙여 호출하는 줄에서 일어난다. 정답을 고를 때는 함수 안으로 들어가기 전에 먼저 호출 줄의 argument 값을 확인하고, 그 값이 parameter 이름에 들어간다고 생각한 뒤 함수 본문을 한 줄씩 따라가야 한다. 또 print는 화면 출력이고 return은 호출한 자리로 값을 돌려주는 동작이라는 점을 구분해야 한다. 출력된 글자와 변수에 저장된 값이 서로 다를 수 있으므로 실제 실행 흐름을 기준으로 판단한다.
data/lessons/python_foundation_level3_v95_a1_functions.json	10	PYF95_A1_FUNC_010_ARGUMENT_EXPRESSION	argument 자리에 계산식 넣기	9	NO_ACTION	YES	OK_ALREADY_EXPLICIT	V318에서 조치 불필요였고 현재도 정답 표현 확인	2 + 1이 먼저 3이 되고 triple은 9를 돌려준다. 이 문제는 Level 3에서 함수 정의와 함수 호출을 분리해서 읽는 연습이다. def 줄은 코드를 묶어 이름을 붙이는 단계이고, 실제 실행은 함수 이름 뒤에 괄호를 붙여 호출하는 줄에서 일어난다. 정답을 고를 때는 함수 안으로 들어가기 전에 먼저 호출 줄의 argument 값을 확인하고, 그 값이 parameter 이름에 들어간다고 생각한 뒤 함수 본문을 한 줄씩 따라가야 한다. 또 print는 화면 출력이고 return은 호출한 자리로 값을 돌려주는 동작이라는 점을 구분해야 한다. 출력된 글자와 변수에 저장된 값이 서로 다를 수 있으므로 실제 실행 흐름을 기준으로 판단한다.
data/lessons/python_foundation_level3_v95_a1_functions.json	11	PYF95_A1_FUNC_011_FUNCTION_IN_FUNCTION	함수 결과를 다른 함수 입력으로 쓰기	9	NO_ACTION	YES	OK_ALREADY_EXPLICIT	V318에서 조치 불필요였고 현재도 정답 표현 확인	double(4)는 8이고 add_one(8)은 9다. 이 문제는 Level 3에서 함수 정의와 함수 호출을 분리해서 읽는 연습이다. def 줄은 코드를 묶어 이름을 붙이는 단계이고, 실제 실행은 함수 이름 뒤에 괄호를 붙여 호출하는 줄에서 일어난다. 정답을 고를 때는 함수 안으로 들어가기 전에 먼저 호출 줄의 argument 값을 확인하고, 그 값이 parameter 이름에 들어간다고 생각한 뒤 함수 본문을 한 줄씩 따라가야 한다. 또 print는 화면 출력이고 return은 호출한 자리로 값을 돌려주는 동작이라는 점을 구분해야 한다. 출력된 글자와 변수에 저장된 값이 서로 다를 수 있으므로 실제 실행 흐름을 기준으로 판단한다.
data/lessons/python_foundation_level3_v95_a1_functions.json	15	PYF95_A1_FUNC_015_STRING_METHOD_RETURN	함수 안에서 문자열 정리하기	hi	NO_ACTION	YES	OK_ALREADY_EXPLICIT	V318에서 조치 불필요였고 현재도 정답 표현 확인	"strip 후 lower가 적용되어 ""hi""가 된다. 이 문제는 Level 3에서 함수 정의와 함수 호출을 분리해서 읽는 연습이다. def 줄은 코드를 묶어 이름을 붙이는 단계이고, 실제 실행은 함수 이름 뒤에 괄호를 붙여 호출하는 줄에서 일어난다. 정답을 고를 때는 함수 안으로 들어가기 전에 먼저 호출 줄의 argument 값을 확인하고, 그 값이 parameter 이름에 들어간다고 생각한 뒤 함수 본문을 한 줄씩 따라가야 한다. 또 print는 화면 출력이고 return은 호출한 자리로 값을 돌려주는 동작이라는 점을 구분해야 한다. 출력된 글자와 변수에 저장된 값이 서로 다를 수 있으므로 실제 실행 흐름을 기준으로 판단한다."
data/lessons/python_foundation_level3_v95_a1_functions.json	17	PYF95_A1_FUNC_017_APPEND_INSIDE_FUNCTION	함수 안에서 리스트에 값 추가하기	['start', 'done']	NO_ACTION	YES	OK_ALREADY_EXPLICIT	V318에서 조치 불필요였고 현재도 정답 표현 확인	append 뒤 리스트는 ['start', 'done']이다. 이 문제는 Level 3에서 함수 정의와 함수 호출을 분리해서 읽는 연습이다. def 줄은 코드를 묶어 이름을 붙이는 단계이고, 실제 실행은 함수 이름 뒤에 괄호를 붙여 호출하는 줄에서 일어난다. 정답을 고를 때는 함수 안으로 들어가기 전에 먼저 호출 줄의 argument 값을 확인하고, 그 값이 parameter 이름에 들어간다고 생각한 뒤 함수 본문을 한 줄씩 따라가야 한다. 또 print는 화면 출력이고 return은 호출한 자리로 값을 돌려주는 동작이라는 점을 구분해야 한다. 출력된 글자와 변수에 저장된 값이 서로 다를 수 있으므로 실제 실행 흐름을 기준으로 판단한다.
data/lessons/python_foundation_level3_v95_a1_functions.json	18	PYF95_A1_FUNC_018_MAKE_LIST_RETURN	함수에서 새 리스트 만들기	['x', 'y']	NO_ACTION	YES	OK_ALREADY_EXPLICIT	V318에서 조치 불필요였고 현재도 정답 표현 확인	a는 x, b는 y라서 pair는 ['x', 'y']다. 이 문제는 Level 3에서 함수 정의와 함수 호출을 분리해서 읽는 연습이다. def 줄은 코드를 묶어 이름을 붙이는 단계이고, 실제 실행은 함수 이름 뒤에 괄호를 붙여 호출하는 줄에서 일어난다. 정답을 고를 때는 함수 안으로 들어가기 전에 먼저 호출 줄의 argument 값을 확인하고, 그 값이 parameter 이름에 들어간다고 생각한 뒤 함수 본문을 한 줄씩 따라가야 한다. 또 print는 화면 출력이고 return은 호출한 자리로 값을 돌려주는 동작이라는 점을 구분해야 한다. 출력된 글자와 변수에 저장된 값이 서로 다를 수 있으므로 실제 실행 흐름을 기준으로 판단한다.
data/lessons/python_foundation_level3_v95_a1_functions.json	19	PYF95_A1_FUNC_019_COUNT_WITH_FOR	함수 안 for문으로 합계 만들기	6	NO_ACTION	YES	OK_ALREADY_EXPLICIT	V318에서 조치 불필요였고 현재도 정답 표현 확인	1, 2, 3이 누적되어 result는 6이 된다. 이 문제는 Level 3에서 함수 정의와 함수 호출을 분리해서 읽는 연습이다. def 줄은 코드를 묶어 이름을 붙이는 단계이고, 실제 실행은 함수 이름 뒤에 괄호를 붙여 호출하는 줄에서 일어난다. 정답을 고를 때는 함수 안으로 들어가기 전에 먼저 호출 줄의 argument 값을 확인하고, 그 값이 parameter 이름에 들어간다고 생각한 뒤 함수 본문을 한 줄씩 따라가야 한다. 또 print는 화면 출력이고 return은 호출한 자리로 값을 돌려주는 동작이라는 점을 구분해야 한다. 출력된 글자와 변수에 저장된 값이 서로 다를 수 있으므로 실제 실행 흐름을 기준으로 판단한다.
data/lessons/python_foundation_level3_v95_a2_dict_tuple_set.json	3	PYF95_A2_DTS_003_DICT_UPDATE_EXISTING	기존 key 값 바꾸기	3	NO_ACTION	YES	OK_ALREADY_EXPLICIT	V318에서 조치 불필요였고 현재도 정답 표현 확인	level key의 값이 2에서 3으로 바뀐다. 이 문제는 Level 3에서 자료구조의 모양과 접근 방식을 분리해서 읽는 연습이다. dict는 key로 value를 찾고, tuple은 순서가 있는 묶음이며, set은 중복 없는 값 모음이다. 정답을 고를 때는 코드가 값을 새로 만드는지, 기존 값을 바꾸는지, key로 꺼내는지, 반복문으로 key와 value를 함께 읽는지 확인해야 한다. 특히 대괄호 접근, get 기본값, keys와 values와 items의 차이, tuple unpacking, set의 중복 제거를 실제 실행 순서대로 따라간다.
data/lessons/python_foundation_level3_v95_a2_dict_tuple_set.json	5	PYF95_A2_DTS_005_DICT_GET_EXISTING	get으로 있는 key 읽기	Mina	NO_ACTION	YES	OK_ALREADY_EXPLICIT	V318에서 조치 불필요였고 현재도 정답 표현 확인	name key가 있으므로 기본값 unknown 대신 Mina가 나온다. 이 문제는 Level 3에서 자료구조의 모양과 접근 방식을 분리해서 읽는 연습이다. dict는 key로 value를 찾고, tuple은 순서가 있는 묶음이며, set은 중복 없는 값 모음이다. 정답을 고를 때는 코드가 값을 새로 만드는지, 기존 값을 바꾸는지, key로 꺼내는지, 반복문으로 key와 value를 함께 읽는지 확인해야 한다. 특히 대괄호 접근, get 기본값, keys와 values와 items의 차이, tuple unpacking, set의 중복 제거를 실제 실행 순서대로 따라간다.
data/lessons/python_foundation_level3_v95_a2_dict_tuple_set.json	16	PYF95_A2_DTS_016_DICT_COUNT_PATTERN	dict로 개수 세기	1	NO_ACTION	YES	OK_ALREADY_EXPLICIT	V318에서 조치 불필요였고 현재도 정답 표현 확인	apple key가 없어서 get은 0을 돌려주고 1을 더해 저장한다. 이 문제는 Level 3에서 자료구조의 모양과 접근 방식을 분리해서 읽는 연습이다. dict는 key로 value를 찾고, tuple은 순서가 있는 묶음이며, set은 중복 없는 값 모음이다. 정답을 고를 때는 코드가 값을 새로 만드는지, 기존 값을 바꾸는지, key로 꺼내는지, 반복문으로 key와 value를 함께 읽는지 확인해야 한다. 특히 대괄호 접근, get 기본값, keys와 values와 items의 차이, tuple unpacking, set의 중복 제거를 실제 실행 순서대로 따라간다.
data/lessons/python_foundation_level3_v95_a2_dict_tuple_set.json	18	PYF95_A2_DTS_018_TUPLE_SECOND	tuple 두 번째 값 읽기	7	NO_ACTION	YES	OK_ALREADY_EXPLICIT	V318에서 조치 불필요였고 현재도 정답 표현 확인	pair[1]은 두 번째 값인 7이다. 이 문제는 Level 3에서 자료구조의 모양과 접근 방식을 분리해서 읽는 연습이다. dict는 key로 value를 찾고, tuple은 순서가 있는 묶음이며, set은 중복 없는 값 모음이다. 정답을 고를 때는 코드가 값을 새로 만드는지, 기존 값을 바꾸는지, key로 꺼내는지, 반복문으로 key와 value를 함께 읽는지 확인해야 한다. 특히 대괄호 접근, get 기본값, keys와 values와 items의 차이, tuple unpacking, set의 중복 제거를 실제 실행 순서대로 따라간다.
data/lessons/python_foundation_level3_v95_a2_dict_tuple_set.json	19	PYF95_A2_DTS_019_TUPLE_UNPACK	tuple unpacking	7	NO_ACTION	YES	OK_ALREADY_EXPLICIT	V318에서 조치 불필요였고 현재도 정답 표현 확인	x는 3, y는 4가 되어 합은 7이다. 이 문제는 Level 3에서 자료구조의 모양과 접근 방식을 분리해서 읽는 연습이다. dict는 key로 value를 찾고, tuple은 순서가 있는 묶음이며, set은 중복 없는 값 모음이다. 정답을 고를 때는 코드가 값을 새로 만드는지, 기존 값을 바꾸는지, key로 꺼내는지, 반복문으로 key와 value를 함께 읽는지 확인해야 한다. 특히 대괄호 접근, get 기본값, keys와 values와 items의 차이, tuple unpacking, set의 중복 제거를 실제 실행 순서대로 따라간다.
data/lessons/python_foundation_level3_v95_a3_loop_tools.json	19	PYF95_A3_LOOP_019_REVERSED_STRING_JOIN	문자열 reversed와 join	cba	NO_ACTION	YES	OK_ALREADY_EXPLICIT	V318에서 조치 불필요였고 현재도 정답 표현 확인	abc를 거꾸로 읽으면 cba가 된다. 이 문제는 Level 3에서 반복 흐름과 반복 보조 도구를 실제 실행 순서대로 읽는 연습이다. while은 조건이 True인 동안 반복하고, break는 반복문을 끝내며, continue는 현재 반복의 남은 줄을 건너뛴다. sorted, reversed, enumerate, zip은 반복 순서나 반복 변수의 모양을 바꾸므로 현재 반복에서 변수에 어떤 값이 들어가는지 먼저 확인해야 한다.
data/lessons/python_foundation_level3_v95_a3_loop_tools.json	22	PYF95_A3_LOOP_022_ENUMERATE_SUM_INDEX	enumerate 번호 더하기	3	NO_ACTION	YES	OK_ALREADY_EXPLICIT	V318에서 조치 불필요였고 현재도 정답 표현 확인	i는 0, 1, 2가 되어 합은 3이다. 이 문제는 Level 3에서 반복 흐름과 반복 보조 도구를 실제 실행 순서대로 읽는 연습이다. while은 조건이 True인 동안 반복하고, break는 반복문을 끝내며, continue는 현재 반복의 남은 줄을 건너뛴다. sorted, reversed, enumerate, zip은 반복 순서나 반복 변수의 모양을 바꾸므로 현재 반복에서 변수에 어떤 값이 들어가는지 먼저 확인해야 한다.
data/lessons/python_foundation_level3_v95_a4_file_exception_path.json	5	PYF95_A4_FILE_005_WRITE_TEXT	파일에 문자열 쓰기	hi	NO_ACTION	YES	OK_ALREADY_EXPLICIT	V318에서 조치 불필요였고 현재도 정답 표현 확인	with open(..., 'w')로 파일을 열고 f.write('hi')를 실행하면 화면이 아니라 out.txt 파일 안에 hi가 저장된다. 그 다음 print('done')은 별도로 화면에 done을 출력한다. 이 카드는 파일에 쓰이는 내용과 화면에 출력되는 내용을 구분해서 읽는 연습이다. 즉, write는 파일 작업이고 print는 콘솔 출력이라는 차이를 확인해야 한다.
data/lessons/python_foundation_level3_v95_a4_file_exception_path.json	11	PYF95_A4_FILE_011_PATH_JOIN	Path로 경로 이어 붙이기	memo.txt	NO_ACTION	YES	OK_ALREADY_EXPLICIT	V318에서 조치 불필요였고 현재도 정답 표현 확인	path.name은 마지막 부품인 memo.txt다. 이 문제는 Level 3에서 파일 처리, 경로 처리, 예외 처리의 실행 흐름을 읽는 연습이다. open과 with는 파일을 여는 방식이고, read와 write는 내용을 읽거나 쓰는 동작이다. pathlib Path는 경로를 부품처럼 다루게 해 주며, try/except는 실패할 수 있는 코드의 정상 흐름과 오류 흐름을 나누어 준다. 정답은 코드가 파일을 읽는지 쓰는지, 오류가 발생하는지, except가 실행되는지, Path 속성이 어떤 부분을 가리키는지를 기준으로 고른다.
data/lessons/python_foundation_level3_v95_a4_file_exception_path.json	12	PYF95_A4_FILE_012_PATH_SUFFIX	Path 확장자 읽기	.json	NO_ACTION	YES	OK_ALREADY_EXPLICIT	V318에서 조치 불필요였고 현재도 정답 표현 확인	cards.json의 suffix는 .json이다. 이 문제는 Level 3에서 파일 처리, 경로 처리, 예외 처리의 실행 흐름을 읽는 연습이다. open과 with는 파일을 여는 방식이고, read와 write는 내용을 읽거나 쓰는 동작이다. pathlib Path는 경로를 부품처럼 다루게 해 주며, try/except는 실패할 수 있는 코드의 정상 흐름과 오류 흐름을 나누어 준다. 정답은 코드가 파일을 읽는지 쓰는지, 오류가 발생하는지, except가 실행되는지, Path 속성이 어떤 부분을 가리키는지를 기준으로 고른다.
data/lessons/python_foundation_level3_v95_a4_file_exception_path.json	13	PYF95_A4_FILE_013_PATH_STEM	Path stem 읽기	cards	NO_ACTION	YES	OK_ALREADY_EXPLICIT	V318에서 조치 불필요였고 현재도 정답 표현 확인	cards.json에서 확장자를 뺀 이름은 cards다. 이 문제는 Level 3에서 파일 처리, 경로 처리, 예외 처리의 실행 흐름을 읽는 연습이다. open과 with는 파일을 여는 방식이고, read와 write는 내용을 읽거나 쓰는 동작이다. pathlib Path는 경로를 부품처럼 다루게 해 주며, try/except는 실패할 수 있는 코드의 정상 흐름과 오류 흐름을 나누어 준다. 정답은 코드가 파일을 읽는지 쓰는지, 오류가 발생하는지, except가 실행되는지, Path 속성이 어떤 부분을 가리키는지를 기준으로 고른다.
data/lessons/python_foundation_level3_v95_a4_file_exception_path.json	14	PYF95_A4_FILE_014_PATH_PARENT	Path parent 읽기	data	NO_ACTION	YES	OK_ALREADY_EXPLICIT	V318에서 조치 불필요였고 현재도 정답 표현 확인	data/cards.json의 부모 경로는 data다. 이 문제는 Level 3에서 파일 처리, 경로 처리, 예외 처리의 실행 흐름을 읽는 연습이다. open과 with는 파일을 여는 방식이고, read와 write는 내용을 읽거나 쓰는 동작이다. pathlib Path는 경로를 부품처럼 다루게 해 주며, try/except는 실패할 수 있는 코드의 정상 흐름과 오류 흐름을 나누어 준다. 정답은 코드가 파일을 읽는지 쓰는지, 오류가 발생하는지, except가 실행되는지, Path 속성이 어떤 부분을 가리키는지를 기준으로 고른다.
data/lessons/python_foundation_level3_v95_a4_file_exception_path.json	15	PYF95_A4_FILE_015_PATH_READ_TEXT	Path.read_text 흐름	hello	NO_ACTION	YES	OK_ALREADY_EXPLICIT	V318에서 조치 불필요였고 현재도 정답 표현 확인	read_text는 memo.txt의 내용 hello를 읽는다. 이 문제는 Level 3에서 파일 처리, 경로 처리, 예외 처리의 실행 흐름을 읽는 연습이다. open과 with는 파일을 여는 방식이고, read와 write는 내용을 읽거나 쓰는 동작이다. pathlib Path는 경로를 부품처럼 다루게 해 주며, try/except는 실패할 수 있는 코드의 정상 흐름과 오류 흐름을 나누어 준다. 정답은 코드가 파일을 읽는지 쓰는지, 오류가 발생하는지, except가 실행되는지, Path 속성이 어떤 부분을 가리키는지를 기준으로 고른다.
data/lessons/python_foundation_level3_v95_a4_file_exception_path.json	16	PYF95_A4_FILE_016_PATH_WRITE_TEXT	Path.write_text 흐름	done	NO_ACTION	YES	OK_ALREADY_EXPLICIT	V318에서 조치 불필요였고 현재도 정답 표현 확인	Path('out.txt').write_text('hi', encoding='utf-8')는 문자열 hi를 파일에 저장한다. 이 호출 자체가 화면에 hi를 출력하는 것은 아니고, 이어지는 print('done')만 화면에 보인다. 따라서 파일 내용과 콘솔 출력의 역할을 나누어 읽어야 한다. write_text는 파일을 바꾸는 동작이고, 화면 출력은 print가 담당한다.
data/lessons/python_foundation_level3_v95_a4_file_exception_path.json	19	PYF95_A4_FILE_019_ZERO_DIVISION	ZeroDivisionError 잡기	zero	NO_ACTION	YES	OK_ALREADY_EXPLICIT	V318에서 조치 불필요였고 현재도 정답 표현 확인	10 / 0은 ZeroDivisionError를 일으켜 zero가 출력된다. 이 문제는 Level 3에서 파일 처리, 경로 처리, 예외 처리의 실행 흐름을 읽는 연습이다. open과 with는 파일을 여는 방식이고, read와 write는 내용을 읽거나 쓰는 동작이다. pathlib Path는 경로를 부품처럼 다루게 해 주며, try/except는 실패할 수 있는 코드의 정상 흐름과 오류 흐름을 나누어 준다. 정답은 코드가 파일을 읽는지 쓰는지, 오류가 발생하는지, except가 실행되는지, Path 속성이 어떤 부분을 가리키는지를 기준으로 고른다.
data/lessons/python_foundation_level4_v95_a5_oop_basics.json	2	PYF95_A5_OOP_002_CREATE_OBJECT	class로 object 만들기	Dog	NO_ACTION	YES	OK_ALREADY_EXPLICIT	V318에서 조치 불필요였고 현재도 정답 표현 확인	pet은 Dog class로 만든 object이므로 타입 이름은 Dog다. 이 문제는 Level 4에서 객체지향 기초 코드를 실행 순서대로 읽는 연습이다. class는 설계도이고 object는 class를 호출해서 만든 실제 값이다. self는 method가 실행되는 현재 object를 가리키며, __init__은 object가 만들어질 때 attribute를 준비하는 특별한 method다. 정답을 고를 때는 class 정의만 보고 바로 실행된다고 생각하지 말고, object 생성 줄, attribute 대입, method 호출, return 또는 print 흐름을 차례대로 따라가야 한다.
data/lessons/python_foundation_level4_v95_a5_oop_basics.json	4	PYF95_A5_OOP_004_CHANGE_ATTRIBUTE	attribute 값 바꾸기	90	NO_ACTION	YES	OK_ALREADY_EXPLICIT	V318에서 조치 불필요였고 현재도 정답 표현 확인	u.score가 80에서 90으로 바뀌었으므로 90이 출력된다. 이 문제는 Level 4에서 객체지향 기초 코드를 실행 순서대로 읽는 연습이다. class는 설계도이고 object는 class를 호출해서 만든 실제 값이다. self는 method가 실행되는 현재 object를 가리키며, __init__은 object가 만들어질 때 attribute를 준비하는 특별한 method다. 정답을 고를 때는 class 정의만 보고 바로 실행된다고 생각하지 말고, object 생성 줄, attribute 대입, method 호출, return 또는 print 흐름을 차례대로 따라가야 한다.
data/lessons/python_foundation_level4_v95_a5_oop_basics.json	5	PYF95_A5_OOP_005_INIT_NAME	__init__으로 name 저장	Mina	NO_ACTION	YES	OK_ALREADY_EXPLICIT	V318에서 조치 불필요였고 현재도 정답 표현 확인	User('Mina')에서 name은 Mina이고 self.name에 저장된다. 이 문제는 Level 4에서 객체지향 기초 코드를 실행 순서대로 읽는 연습이다. class는 설계도이고 object는 class를 호출해서 만든 실제 값이다. self는 method가 실행되는 현재 object를 가리키며, __init__은 object가 만들어질 때 attribute를 준비하는 특별한 method다. 정답을 고를 때는 class 정의만 보고 바로 실행된다고 생각하지 말고, object 생성 줄, attribute 대입, method 호출, return 또는 print 흐름을 차례대로 따라가야 한다.
data/lessons/python_foundation_level4_v95_a5_oop_basics.json	13	PYF95_A5_OOP_013_INIT_TWO_PARAMS	__init__ parameter 두 개	7	NO_ACTION	YES	OK_ALREADY_EXPLICIT	V318에서 조치 불필요였고 현재도 정답 표현 확인	x는 2, y는 5이므로 합은 7이다. 이 문제는 Level 4에서 객체지향 기초 코드를 실행 순서대로 읽는 연습이다. class는 설계도이고 object는 class를 호출해서 만든 실제 값이다. self는 method가 실행되는 현재 object를 가리키며, __init__은 object가 만들어질 때 attribute를 준비하는 특별한 method다. 정답을 고를 때는 class 정의만 보고 바로 실행된다고 생각하지 말고, object 생성 줄, attribute 대입, method 호출, return 또는 print 흐름을 차례대로 따라가야 한다.
data/lessons/python_foundation_level4_v95_a5_oop_basics.json	16	PYF95_A5_OOP_016_CLASS_VARIABLE_READ	class variable 읽기	v1	NO_ACTION	YES	OK_ALREADY_EXPLICIT	V318에서 조치 불필요였고 현재도 정답 표현 확인	Config.version은 class variable version의 값 v1이다. 이 문제는 Level 4에서 객체지향 기초 코드를 실행 순서대로 읽는 연습이다. class는 설계도이고 object는 class를 호출해서 만든 실제 값이다. self는 method가 실행되는 현재 object를 가리키며, __init__은 object가 만들어질 때 attribute를 준비하는 특별한 method다. 정답을 고를 때는 class 정의만 보고 바로 실행된다고 생각하지 말고, object 생성 줄, attribute 대입, method 호출, return 또는 print 흐름을 차례대로 따라가야 한다.
data/lessons/python_foundation_level4_v95_a5_oop_basics.json	23	PYF95_A5_OOP_023_METHOD_CALLS_METHOD	method가 다른 method를 호출	HI	NO_ACTION	YES	OK_ALREADY_EXPLICIT	V318에서 조치 불필요였고 현재도 정답 표현 확인	self.word()는 hi를 return하고 upper로 HI가 된다. 이 문제는 Level 4에서 객체지향 기초 코드를 실행 순서대로 읽는 연습이다. class는 설계도이고 object는 class를 호출해서 만든 실제 값이다. self는 method가 실행되는 현재 object를 가리키며, __init__은 object가 만들어질 때 attribute를 준비하는 특별한 method다. 정답을 고를 때는 class 정의만 보고 바로 실행된다고 생각하지 말고, object 생성 줄, attribute 대입, method 호출, return 또는 print 흐름을 차례대로 따라가야 한다.
data/lessons/python_foundation_level4_v95_a5_oop_basics.json	26	PYF95_A5_OOP_026_ATTRIBUTE_LIST	attribute가 리스트일 때	['apple']	NO_ACTION	YES	OK_ALREADY_EXPLICIT	V318에서 조치 불필요였고 현재도 정답 표현 확인	items는 빈 리스트에서 시작하고 apple이 추가된다. 이 문제는 Level 4에서 객체지향 기초 코드를 실행 순서대로 읽는 연습이다. class는 설계도이고 object는 class를 호출해서 만든 실제 값이다. self는 method가 실행되는 현재 object를 가리키며, __init__은 object가 만들어질 때 attribute를 준비하는 특별한 method다. 정답을 고를 때는 class 정의만 보고 바로 실행된다고 생각하지 말고, object 생성 줄, attribute 대입, method 호출, return 또는 print 흐름을 차례대로 따라가야 한다.
data/lessons/python_foundation_micro_gaps_v104_a1.json	3	PY104_L03_LIST_EXTEND_001	extend()로 여러 값을 한 번에 붙이기	[1, 2, 3, 4]	NO_ACTION	YES	OK_ALREADY_EXPLICIT	V318에서 조치 불필요였고 현재도 정답 표현 확인	extend()는 리스트 끝에 다른 iterable의 원소들을 하나씩 펼쳐서 붙인다. append([3, 4])라면 리스트 하나가 통째로 들어가 [1, 2, [3, 4]]가 되지만, extend([3, 4])는 3과 4를 각각 원소로 추가한다. 이 차이는 데이터를 합치는 코드에서 매우 중요하다. 여러 카드 목록, 파일 목록, 검색 결과를 하나의 리스트로 합칠 때 extend()를 보면 원본 리스트가 직접 바뀐다는 점도 함께 읽어야 한다.
data/lessons/python_foundation_micro_gaps_v104_a1.json	10	PY104_L04_PYTEST_TEST_FUNCTION_001	pytest는 test_ 함수 안의 assert를 실행한다	test_add	NO_ACTION	YES	OK_ALREADY_EXPLICIT	V318에서 조치 불필요였고 현재도 정답 표현 확인	pytest는 보통 test_로 시작하는 함수나 파일을 찾아 테스트로 실행한다. 이 예제에서 add는 실제 기능 함수이고, test_add는 add(2, 3)의 결과가 5인지 확인하는 테스트 함수다. assert가 통과하면 테스트는 성공하고, 기대값과 실제값이 다르면 실패한다. 초급 단계에서는 pytest 문법 전체보다 ‘작은 입력을 넣고 예상 결과를 assert로 확인한다’는 구조를 먼저 이해하면 된다.
data/lessons/python_function_scope_reading_notes_v96_a3.json	2	PYV96_A3_SCOPE_002_PARAM_ARG	argument가 parameter에 들어가기	8	NO_ACTION	YES	OK_ALREADY_EXPLICIT	V318에서 조치 불필요였고 현재도 정답 표현 확인	x는 4이고 x * 2는 8이다. 이 문제는 함수 안과 함수 밖의 흐름을 구분하는 복습 문제다. def는 함수를 준비하고, 함수 본문은 호출될 때 실행된다. argument는 parameter에 들어가고, return 값은 호출한 곳으로 돌아간다. 같은 변수 이름이 함수 안팎에 있어도 어느 범위의 값인지 따로 추적해야 한다.
data/lessons/python_function_scope_reading_notes_v96_a3.json	3	PYV96_A3_SCOPE_003_RETURN_ASSIGN	return 값을 변수에 저장	5	NO_ACTION	YES	OK_ALREADY_EXPLICIT	V318에서 조치 불필요였고 현재도 정답 표현 확인	add(2, 3)의 return 값 5가 result에 저장된다. 이 문제는 함수 안과 함수 밖의 흐름을 구분하는 복습 문제다. def는 함수를 준비하고, 함수 본문은 호출될 때 실행된다. argument는 parameter에 들어가고, return 값은 호출한 곳으로 돌아간다. 같은 변수 이름이 함수 안팎에 있어도 어느 범위의 값인지 따로 추적해야 한다.
data/lessons/python_function_scope_reading_notes_v96_a3.json	6	PYV96_A3_SCOPE_006_RETURN_TO_CHANGE	return으로 바깥 값 갱신	11	NO_ACTION	YES	OK_ALREADY_EXPLICIT	V318에서 조치 불필요였고 현재도 정답 표현 확인	change(10)은 11을 return하고 그 값이 x에 저장된다. 이 문제는 함수 안과 함수 밖의 흐름을 구분하는 복습 문제다. def는 함수를 준비하고, 함수 본문은 호출될 때 실행된다. argument는 parameter에 들어가고, return 값은 호출한 곳으로 돌아간다. 같은 변수 이름이 함수 안팎에 있어도 어느 범위의 값인지 따로 추적해야 한다.
data/lessons/python_grouped_concepts_v15.json	2	PY15_L07_entity_relation_attribute_001	Entity / Relation / Attribute 비교	Relation	NO_ACTION	YES	OK_ALREADY_EXPLICIT	V318에서 조치 불필요였고 현재도 정답 표현 확인	entity는 노드가 되는 대상이고, relation은 두 entity 사이의 의미 있는 연결이다. attribute는 entity나 relation에 붙는 속성값이다.
data/lessons/python_grouped_concepts_v15.json	4	PY15_L08_owl_shacl_sparql_001	OWL / SHACL / SPARQL 비교	SPARQL	NO_ACTION	YES	OK_ALREADY_EXPLICIT	V318에서 조치 불필요였고 현재도 정답 표현 확인	OWL은 온톨로지 의미를 표현하고, SHACL은 그래프 데이터의 제약을 검사한다. SPARQL은 RDF나 Linked Data를 조회하는 질의 언어다. 세 도구는 역할이 다르므로 의미 표현, 제약 검증, 조회를 구분해서 이해해야 한다.
data/lessons/python_grouped_concepts_v15.json	24	PY15_L08_queue_worker_scheduler_001	Queue / Worker / Scheduler 비교	Scheduler	NO_ACTION	YES	OK_ALREADY_EXPLICIT	V318에서 조치 불필요였고 현재도 정답 표현 확인	queue는 처리할 일을 쌓아 두는 공간이고, worker는 일을 꺼내 처리한다. scheduler는 cron처럼 정해진 시각이나 주기로 작업을 실행한다. 세 역할을 분리하면 언제 시작할지, 무엇을 쌓을지, 누가 처리할지를 명확히 설계할 수 있다.
data/lessons/python_grouped_concepts_v15.json	25	PY15_L08_cache_ttl_retry_timeout_001	Cache / TTL / Retry / Timeout 비교	TTL	NO_ACTION	YES	OK_ALREADY_EXPLICIT	V318에서 조치 불필요였고 현재도 정답 표현 확인	cache는 결과를 임시 저장하고, TTL은 그 저장값의 유효 시간을 뜻한다. retry와 timeout은 실패하거나 오래 걸리는 요청을 제어하는 운영 장치다. 네 개념을 구분하면 빠른 응답, 최신성, 재시도, 대기 제한을 따로 설계할 수 있다.
data/lessons/python_grouped_concepts_v15.json	27	PY15_L08_alias_redirect_canonical_001	Alias / Redirect / Canonical 비교	Canonical	NO_ACTION	YES	OK_ALREADY_EXPLICIT	V318에서 조치 불필요였고 현재도 정답 표현 확인	alias는 같은 대상을 부르는 다른 이름이고, canonical은 대표 이름이다. redirect는 예전 이름을 대표 이름으로 연결해 중복을 줄이는 장치다. 대표값을 정해 두면 검색, 링크, 근거 연결에서 같은 대상을 여러 개로 나누지 않게 된다.
data/lessons/python_grouped_concepts_v15.json	30	PY15_L09_sensor_actuator_controller_001	Sensor / Actuator / Controller 비교	Actuator	NO_ACTION	YES	OK_ALREADY_EXPLICIT	V318에서 조치 불필요였고 현재도 정답 표현 확인	sensor는 상태를 측정하고, controller는 그 정보를 바탕으로 판단한다. actuator는 판단 결과를 실제 움직임이나 출력으로 바꾸는 장치다. 자율시스템을 읽을 때 세 역할을 구분하면 입력, 판단, 출력 흐름을 파악하기 쉽다.
data/lessons/python_grouped_concepts_v15.json	31	PY15_L09_feedback_calibration_latency_001	Feedback / Calibration / Latency 비교	Calibration	NO_ACTION	YES	OK_ALREADY_EXPLICIT	V318에서 조치 불필요였고 현재도 정답 표현 확인	calibration은 센서/카메라/IMU/레이더 오차를 줄이기 위한 보정 과정이다. Feedback은 결과를 되돌려 조정하는 흐름이고, calibration은 기준에 맞게 보정하는 과정이며, latency는 지연 시간이다. 세 단어의 역할을 구분해 읽어야 한다.
data/lessons/python_grouped_concepts_v15.json	32	PY15_L09_noise_drift_sync_001	Noise / Drift / Synchronization 비교	Drift	NO_ACTION	YES	OK_ALREADY_EXPLICIT	V318에서 조치 불필요였고 현재도 정답 표현 확인	IMU/GNSS/센서 데이터에서는 noise와 drift를 구분해 보는 것이 중요하다. Noise는 무작위 흔들림, drift는 시간이 지나며 기준이 밀리는 현상, synchronization은 시간이나 상태를 맞추는 과정이다. 센서와 로그를 읽을 때 구분해야 한다.
data/lessons/python_libraries_missing_topics_v11.json	9	PY11_L09_pid_001	PID 제어 코드 목적 읽기	1.0	NO_ACTION	YES	OK_ALREADY_EXPLICIT	V318에서 조치 불필요였고 현재도 정답 표현 확인	PID 제어의 P 항은 현재 오차에 비례해 보정값을 만든다. 오차가 2이고 kp가 0.5이면 출력은 1.0이 된다. PID 제어 코드는 목표값과 현재값의 차이를 줄이기 위해 비례, 적분, 미분 항을 조합한다. 로봇, 제어, 온도 조절 같은 시스템에서 자주 나온다.
data/lessons/python_libraries_missing_topics_v11.json	17	PY11_L07_defaultdict_001	collections.defaultdict 읽기	"[""RAG""]"	NO_ACTION	YES	OK_ALREADY_EXPLICIT	V318에서 조치 불필요였고 현재도 정답 표현 확인	defaultdict는 없는 key를 읽을 때 기본값을 자동으로 만들어 준다. 없는 key AI에 빈 리스트가 생기고 그 안에 RAG가 추가된다. 그룹별 목록을 모을 때 key 존재 여부를 매번 검사하지 않아도 되어 코드가 짧아진다.
data/lessons/python_libraries_missing_topics_v11.json	20	PY11_L06_statistics_mean_001	statistics.mean 읽기	2	NO_ACTION	YES	OK_ALREADY_EXPLICIT	V318에서 조치 불필요였고 현재도 정답 표현 확인	statistics.mean은 숫자 목록의 평균을 계산하는 표준 라이브러리 함수다. 1, 2, 3의 합을 개수로 나누어 평균 2를 만든다. 평균은 전체 합계를 항목 수로 나눈 값이므로 리스트 안 숫자들이 모두 계산 가능한 값이어야 한다.
data/lessons/python_realworld_expansion_v8.json	27	PY8_L08_cost_estimate_001	API 비용 추정 코드 읽기	20.0	NO_ACTION	YES	OK_ALREADY_EXPLICIT	V318에서 조치 불필요였고 현재도 정답 표현 확인	cost estimate는 사용량과 단가를 곱해 예상 비용을 계산한다. 1000개를 개당 0.02로 처리하면 총 비용은 20.0이 된다. 실제 운영에서는 요청 수, 토큰 수, 저장 용량처럼 비용을 만드는 입력값을 나누어 기록해야 한다.
data/lessons/python_realworld_expansion_v8.json	33	PY8_L06_safe_int_001	safe_int 방어 함수 읽기	10	NO_ACTION	YES	OK_ALREADY_EXPLICIT	V318에서 조치 불필요였고 현재도 정답 표현 확인	safe_int는 문자열을 정수로 바꾸되 실패해도 앱이 멈추지 않게 하는 함수다. int('abc')가 실패하면 except에서 기본값 10을 반환한다. 사용자 입력이나 저장값은 깨질 수 있으므로 변환 실패를 예상하고 기본값을 정해 두는 것이 안전하다.
